Copyright 1986-2021 Xilinx, Inc. All Rights Reserved.
---------------------------------------------------------------------------------------
| Tool Version : Vivado v.2021.1 (lin64) Build 3247384 Thu Jun 10 19:36:07 MDT 2021
| Date         : Tue Mar 24 09:04:33 2026
| Host         : dsic-h3c-server03 running 64-bit CentOS Linux release 7.9.2009 (Core)
| Command      : report_ram_utilization -file ram_usage.rpt
| Design       : Top
| Device       : xcvu9p-flga2104-2-i
| Speed File   : -2
---------------------------------------------------------------------------------------

RAM Usage Information

Table of Contents
-----------------
1. Summary
2. Memory Description
3. Memory Utilization - Inferred
4. Memory Performance - Inferred
5. Block Ram / URAM Memory Power - Inferred

1. Summary
----------

+--------------------------+------------+-----------+-------+-----------+
| Memory Type              | Total Used | Available | Util% | Inferred% |
+--------------------------+------------+-----------+-------+-----------+
| URAM                     |        254 |       960 | 26.46 |    100.00 |
|  URAM288                 |        254 |           |       |    100.00 |
| BlockRAM                 |      155.5 |      2160 |  7.20 |    100.00 |
|  RAMB36E2                |        148 |           |       |    100.00 |
|  RAMB18E2                |         15 |           |       |    100.00 |
| LUTMs as Distributed RAM |        296 |    591840 |  0.05 |    100.00 |
|  LUTMs as RAM32M16       |        296 |           |       |    100.00 |
+--------------------------+------------+-----------+-------+-----------+
*  Each RAMB18 is calculated as 0.5 BlockRAM
**  Tables 2, 3, 4 and 5 cover RAMs inferred by Vivado Synthesis using XPMs or RTL inference


2. Memory Description
---------------------

+-----------------------------------------------------------------------+------------+-------------+------------------------+------------------------+
| Memory Name                                                           | Array Size | Memory Type | Port 1 Dimension / Map | Port 2 Dimension / Map |
+-----------------------------------------------------------------------+------------+-------------+------------------------+------------------------+
| atten/softmax/memInst/mem/mem_ext/Memory                              |    3407872 | RAM_SDP     | 47331x72               | 47331x72               |
|  atten/softmax/memInst/mem/mem_ext/Memory_reg_uram_0                  |     294912 |             |  A:A:64x72             |  B:B:64x72             |
|  atten/softmax/memInst/mem/mem_ext/Memory_reg_uram_1                  |     294912 |             |  A:A:64x72             |  B:B:64x72             |
|  atten/softmax/memInst/mem/mem_ext/Memory_reg_uram_2                  |     294912 |             |  A:A:64x72             |  B:B:64x72             |
|  atten/softmax/memInst/mem/mem_ext/Memory_reg_uram_3                  |     294912 |             |  A:A:64x72             |  B:B:64x72             |
|  atten/softmax/memInst/mem/mem_ext/Memory_reg_uram_4                  |     294912 |             |  A:A:64x72             |  B:B:64x72             |
|  atten/softmax/memInst/mem/mem_ext/Memory_reg_uram_5                  |     294912 |             |  A:A:64x72             |  B:B:64x72             |
|  atten/softmax/memInst/mem/mem_ext/Memory_reg_uram_6                  |     294912 |             |  A:A:64x72             |  B:B:64x72             |
|  atten/softmax/memInst/mem/mem_ext/Memory_reg_uram_7                  |     294912 |             |  A:A:64x72             |  B:B:64x72             |
|  atten/softmax/memInst/mem/mem_ext/Memory_reg_uram_8                  |     294912 |             |  A:A:64x72             |  B:B:64x72             |
|  atten/softmax/memInst/mem/mem_ext/Memory_reg_uram_9                  |     294912 |             |  A:A:64x72             |  B:B:64x72             |
|  atten/softmax/memInst/mem/mem_ext/Memory_reg_uram_10                 |     294912 |             |  A:A:64x72             |  B:B:64x72             |
|  atten/softmax/memInst/mem/mem_ext/Memory_reg_uram_11                 |     163840 |             |  A:A:64x40             |  B:B:64x40             |
| atten/dm2/dmInst/vCache/mem_ext/Memory                                |    1703936 | RAM_SDP     | 23665x72               | 23665x72               |
|  atten/dm2/dmInst/vCache/mem_ext/Memory_reg_uram_0                    |     239616 |             |  A:A:3328x72           |  B:B:3328x72           |
|  atten/dm2/dmInst/vCache/mem_ext/Memory_reg_uram_1                    |     239616 |             |  A:A:3328x72           |  B:B:3328x72           |
|  atten/dm2/dmInst/vCache/mem_ext/Memory_reg_uram_2                    |     239616 |             |  A:A:3328x72           |  B:B:3328x72           |
|  atten/dm2/dmInst/vCache/mem_ext/Memory_reg_uram_3                    |     239616 |             |  A:A:3328x72           |  B:B:3328x72           |
|  atten/dm2/dmInst/vCache/mem_ext/Memory_reg_uram_4                    |     239616 |             |  A:A:3328x72           |  B:B:3328x72           |
|  atten/dm2/dmInst/vCache/mem_ext/Memory_reg_uram_5                    |     239616 |             |  A:A:3328x72           |  B:B:3328x72           |
|  atten/dm2/dmInst/vCache/mem_ext/Memory_reg_uram_6                    |     239616 |             |  A:A:3328x72           |  B:B:3328x72           |
|  atten/dm2/dmInst/vCache/mem_ext/Memory_reg_uram_7                    |      26624 |             |  A:A:3328x8            |  B:B:3328x8            |
| layernorm/inputMem_ext/Memory                                         |     786432 | RAM_SDP     | 21845x36               | 21845x36               |
|  layernorm/inputMem_ext/Memory_reg_1_bram_0                           |      36864 |             |  A:A:64x36             |  B:B:1024x36           |
|  layernorm/inputMem_ext/Memory_reg_1_bram_1                           |      36864 |             |  A:A:64x36             |  B:B:1024x36           |
|  layernorm/inputMem_ext/Memory_reg_1_bram_2                           |      36864 |             |  A:A:64x36             |  B:B:1024x36           |
|  layernorm/inputMem_ext/Memory_reg_1_bram_3                           |      36864 |             |  A:A:64x36             |  B:B:1024x36           |
|  layernorm/inputMem_ext/Memory_reg_1_bram_4                           |      36864 |             |  A:A:64x36             |  B:B:1024x36           |
|  layernorm/inputMem_ext/Memory_reg_1_bram_5                           |      36864 |             |  A:A:64x36             |  B:B:1024x36           |
|  layernorm/inputMem_ext/Memory_reg_1_bram_6                           |      36864 |             |  A:A:64x36             |  B:B:1024x36           |
|  layernorm/inputMem_ext/Memory_reg_1_bram_7                           |      36864 |             |  A:A:64x36             |  B:B:1024x36           |
|  layernorm/inputMem_ext/Memory_reg_1_bram_8                           |      36864 |             |  A:A:64x36             |  B:B:1024x36           |
|  layernorm/inputMem_ext/Memory_reg_1_bram_9                           |      36864 |             |  A:A:64x36             |  B:B:1024x36           |
|  layernorm/inputMem_ext/Memory_reg_1_bram_10                          |      36864 |             |  A:A:64x36             |  B:B:1024x36           |
|  layernorm/inputMem_ext/Memory_reg_1_bram_11                          |      36864 |             |  A:A:64x36             |  B:B:1024x36           |
|  layernorm/inputMem_ext/Memory_reg_1_bram_12                          |      36864 |             |  A:A:64x36             |  B:B:1024x36           |
|  layernorm/inputMem_ext/Memory_reg_1_bram_13                          |      36864 |             |  A:A:64x36             |  B:B:1024x36           |
|  layernorm/inputMem_ext/Memory_reg_1_bram_14                          |      36864 |             |  A:A:64x36             |  B:B:1024x36           |
|  layernorm/inputMem_ext/Memory_reg_1_bram_15                          |      36864 |             |  A:A:64x36             |  B:B:1024x36           |
|  layernorm/inputMem_ext/Memory_reg_1_bram_16                          |      36864 |             |  A:A:64x36             |  B:B:1024x36           |
|  layernorm/inputMem_ext/Memory_reg_1_bram_17                          |      36864 |             |  A:A:64x36             |  B:B:1024x36           |
|  layernorm/inputMem_ext/Memory_reg_1_bram_18                          |      36864 |             |  A:A:64x36             |  B:B:1024x36           |
|  layernorm/inputMem_ext/Memory_reg_1_bram_19                          |      36864 |             |  A:A:64x36             |  B:B:1024x36           |
|  layernorm/inputMem_ext/Memory_reg_1_bram_20                          |      36864 |             |  A:A:64x18             |  B:B:2048x18           |
|  layernorm/inputMem_ext/Memory_reg_1_bram_21                          |      12288 |             |  A:A:64x6              |  B:B:2048x6            |
|  layernorm/inputMem_ext/Memory_reg_2_bram_0                           |      36864 |             |  A:A:64x36             |  B:B:1024x36           |
|  layernorm/inputMem_ext/Memory_reg_2_bram_1                           |      36864 |             |  A:A:64x36             |  B:B:1024x36           |
|  layernorm/inputMem_ext/Memory_reg_2_bram_2                           |      36864 |             |  A:A:64x36             |  B:B:1024x36           |
|  layernorm/inputMem_ext/Memory_reg_2_bram_3                           |      36864 |             |  A:A:64x36             |  B:B:1024x36           |
|  layernorm/inputMem_ext/Memory_reg_2_bram_4                           |      36864 |             |  A:A:64x36             |  B:B:1024x36           |
|  layernorm/inputMem_ext/Memory_reg_2_bram_5                           |      36864 |             |  A:A:64x36             |  B:B:1024x36           |
|  layernorm/inputMem_ext/Memory_reg_2_bram_6                           |      36864 |             |  A:A:64x36             |  B:B:1024x36           |
|  layernorm/inputMem_ext/Memory_reg_2_bram_7                           |      36864 |             |  A:A:64x36             |  B:B:1024x36           |
|  layernorm/inputMem_ext/Memory_reg_2_bram_8                           |      36864 |             |  A:A:64x36             |  B:B:1024x36           |
|  layernorm/inputMem_ext/Memory_reg_2_bram_9                           |      36864 |             |  A:A:64x36             |  B:B:1024x36           |
|  layernorm/inputMem_ext/Memory_reg_2_bram_10                          |      36864 |             |  A:A:64x36             |  B:B:1024x36           |
|  layernorm/inputMem_ext/Memory_reg_2_bram_11                          |      36864 |             |  A:A:64x36             |  B:B:1024x36           |
|  layernorm/inputMem_ext/Memory_reg_2_bram_12                          |      36864 |             |  A:A:64x36             |  B:B:1024x36           |
|  layernorm/inputMem_ext/Memory_reg_2_bram_13                          |      36864 |             |  A:A:64x36             |  B:B:1024x36           |
|  layernorm/inputMem_ext/Memory_reg_2_bram_14                          |      36864 |             |  A:A:64x36             |  B:B:1024x36           |
|  layernorm/inputMem_ext/Memory_reg_2_bram_15                          |      36864 |             |  A:A:64x36             |  B:B:1024x36           |
|  layernorm/inputMem_ext/Memory_reg_2_bram_16                          |      36864 |             |  A:A:64x36             |  B:B:1024x36           |
|  layernorm/inputMem_ext/Memory_reg_2_bram_17                          |      36864 |             |  A:A:64x36             |  B:B:1024x36           |
|  layernorm/inputMem_ext/Memory_reg_2_bram_18                          |      36864 |             |  A:A:64x36             |  B:B:1024x36           |
|  layernorm/inputMem_ext/Memory_reg_2_bram_19                          |      36864 |             |  A:A:64x36             |  B:B:1024x36           |
| layernorm2/inputMem_ext/Memory                                        |     786432 | RAM_SDP     | 21845x36               | 21845x36               |
|  layernorm2/inputMem_ext/Memory_reg_1_bram_0                          |      36864 |             |  A:A:1024x36           |  B:B:1024x36           |
|  layernorm2/inputMem_ext/Memory_reg_1_bram_1                          |      36864 |             |  A:A:1024x36           |  B:B:1024x36           |
|  layernorm2/inputMem_ext/Memory_reg_1_bram_2                          |      36864 |             |  A:A:1024x36           |  B:B:1024x36           |
|  layernorm2/inputMem_ext/Memory_reg_1_bram_3                          |      36864 |             |  A:A:1024x36           |  B:B:1024x36           |
|  layernorm2/inputMem_ext/Memory_reg_1_bram_4                          |      36864 |             |  A:A:1024x36           |  B:B:1024x36           |
|  layernorm2/inputMem_ext/Memory_reg_1_bram_5                          |      36864 |             |  A:A:1024x36           |  B:B:1024x36           |
|  layernorm2/inputMem_ext/Memory_reg_1_bram_6                          |      36864 |             |  A:A:1024x36           |  B:B:1024x36           |
|  layernorm2/inputMem_ext/Memory_reg_1_bram_7                          |      36864 |             |  A:A:1024x36           |  B:B:1024x36           |
|  layernorm2/inputMem_ext/Memory_reg_1_bram_8                          |      36864 |             |  A:A:1024x36           |  B:B:1024x36           |
|  layernorm2/inputMem_ext/Memory_reg_1_bram_9                          |      36864 |             |  A:A:1024x36           |  B:B:1024x36           |
|  layernorm2/inputMem_ext/Memory_reg_1_bram_10                         |      36864 |             |  A:A:1024x36           |  B:B:1024x36           |
|  layernorm2/inputMem_ext/Memory_reg_1_bram_11                         |      36864 |             |  A:A:1024x36           |  B:B:1024x36           |
|  layernorm2/inputMem_ext/Memory_reg_1_bram_12                         |      36864 |             |  A:A:1024x36           |  B:B:1024x36           |
|  layernorm2/inputMem_ext/Memory_reg_1_bram_13                         |      36864 |             |  A:A:1024x36           |  B:B:1024x36           |
|  layernorm2/inputMem_ext/Memory_reg_1_bram_14                         |      36864 |             |  A:A:1024x36           |  B:B:1024x36           |
|  layernorm2/inputMem_ext/Memory_reg_1_bram_15                         |      36864 |             |  A:A:1024x36           |  B:B:1024x36           |
|  layernorm2/inputMem_ext/Memory_reg_1_bram_16                         |      36864 |             |  A:A:1024x36           |  B:B:1024x36           |
|  layernorm2/inputMem_ext/Memory_reg_1_bram_17                         |      36864 |             |  A:A:1024x36           |  B:B:1024x36           |
|  layernorm2/inputMem_ext/Memory_reg_1_bram_18                         |      36864 |             |  A:A:1024x36           |  B:B:1024x36           |
|  layernorm2/inputMem_ext/Memory_reg_1_bram_19                         |      36864 |             |  A:A:1024x36           |  B:B:1024x36           |
|  layernorm2/inputMem_ext/Memory_reg_1_bram_20                         |      36864 |             |  A:A:2048x18           |  B:B:2048x18           |
|  layernorm2/inputMem_ext/Memory_reg_1_bram_21                         |      12288 |             |  A:A:2048x6            |  B:B:2048x6            |
|  layernorm2/inputMem_ext/Memory_reg_2_bram_0                          |      36864 |             |  A:A:1024x36           |  B:B:1024x36           |
|  layernorm2/inputMem_ext/Memory_reg_2_bram_1                          |      36864 |             |  A:A:1024x36           |  B:B:1024x36           |
|  layernorm2/inputMem_ext/Memory_reg_2_bram_2                          |      36864 |             |  A:A:1024x36           |  B:B:1024x36           |
|  layernorm2/inputMem_ext/Memory_reg_2_bram_3                          |      36864 |             |  A:A:1024x36           |  B:B:1024x36           |
|  layernorm2/inputMem_ext/Memory_reg_2_bram_4                          |      36864 |             |  A:A:1024x36           |  B:B:1024x36           |
|  layernorm2/inputMem_ext/Memory_reg_2_bram_5                          |      36864 |             |  A:A:1024x36           |  B:B:1024x36           |
|  layernorm2/inputMem_ext/Memory_reg_2_bram_6                          |      36864 |             |  A:A:1024x36           |  B:B:1024x36           |
|  layernorm2/inputMem_ext/Memory_reg_2_bram_7                          |      36864 |             |  A:A:1024x36           |  B:B:1024x36           |
|  layernorm2/inputMem_ext/Memory_reg_2_bram_8                          |      36864 |             |  A:A:1024x36           |  B:B:1024x36           |
|  layernorm2/inputMem_ext/Memory_reg_2_bram_9                          |      36864 |             |  A:A:1024x36           |  B:B:1024x36           |
|  layernorm2/inputMem_ext/Memory_reg_2_bram_10                         |      36864 |             |  A:A:1024x36           |  B:B:1024x36           |
|  layernorm2/inputMem_ext/Memory_reg_2_bram_11                         |      36864 |             |  A:A:1024x36           |  B:B:1024x36           |
|  layernorm2/inputMem_ext/Memory_reg_2_bram_12                         |      36864 |             |  A:A:1024x36           |  B:B:1024x36           |
|  layernorm2/inputMem_ext/Memory_reg_2_bram_13                         |      36864 |             |  A:A:1024x36           |  B:B:1024x36           |
|  layernorm2/inputMem_ext/Memory_reg_2_bram_14                         |      36864 |             |  A:A:1024x36           |  B:B:1024x36           |
|  layernorm2/inputMem_ext/Memory_reg_2_bram_15                         |      36864 |             |  A:A:1024x36           |  B:B:1024x36           |
|  layernorm2/inputMem_ext/Memory_reg_2_bram_16                         |      36864 |             |  A:A:1024x36           |  B:B:1024x36           |
|  layernorm2/inputMem_ext/Memory_reg_2_bram_17                         |      36864 |             |  A:A:1024x36           |  B:B:1024x36           |
|  layernorm2/inputMem_ext/Memory_reg_2_bram_18                         |      36864 |             |  A:A:1024x36           |  B:B:1024x36           |
|  layernorm2/inputMem_ext/Memory_reg_2_bram_19                         |      36864 |             |  A:A:1024x36           |  B:B:1024x36           |
| resadd/mem/mem_list_0/mem_ext/Memory                                  |     786432 | RAM_SDP     | 10922x72               | 10922x72               |
|  resadd/mem/mem_list_0/mem_ext/Memory_reg_uram_0                      |     147456 |             |  A:A:2048x72           |  B:B:2048x72           |
|  resadd/mem/mem_list_0/mem_ext/Memory_reg_uram_1                      |     147456 |             |  A:A:2048x72           |  B:B:2048x72           |
|  resadd/mem/mem_list_0/mem_ext/Memory_reg_uram_2                      |     147456 |             |  A:A:2048x72           |  B:B:2048x72           |
|  resadd/mem/mem_list_0/mem_ext/Memory_reg_uram_3                      |     147456 |             |  A:A:2048x72           |  B:B:2048x72           |
|  resadd/mem/mem_list_0/mem_ext/Memory_reg_uram_4                      |     147456 |             |  A:A:2048x72           |  B:B:2048x72           |
|  resadd/mem/mem_list_0/mem_ext/Memory_reg_uram_5                      |      49152 |             |  A:A:2048x24           |  B:B:2048x24           |
| resadd/mem/mem_list_1/mem_ext/Memory                                  |     786432 | RAM_SDP     | 10922x72               | 10922x72               |
|  resadd/mem/mem_list_1/mem_ext/Memory_reg_uram_0                      |     147456 |             |  A:A:2048x72           |  B:B:2048x72           |
|  resadd/mem/mem_list_1/mem_ext/Memory_reg_uram_1                      |     147456 |             |  A:A:2048x72           |  B:B:2048x72           |
|  resadd/mem/mem_list_1/mem_ext/Memory_reg_uram_2                      |     147456 |             |  A:A:2048x72           |  B:B:2048x72           |
|  resadd/mem/mem_list_1/mem_ext/Memory_reg_uram_3                      |     147456 |             |  A:A:2048x72           |  B:B:2048x72           |
|  resadd/mem/mem_list_1/mem_ext/Memory_reg_uram_4                      |     147456 |             |  A:A:2048x72           |  B:B:2048x72           |
|  resadd/mem/mem_list_1/mem_ext/Memory_reg_uram_5                      |      49152 |             |  A:A:2048x24           |  B:B:2048x24           |
| resadd/mem/mem_list_2/mem_ext/Memory                                  |     786432 | RAM_SDP     | 10922x72               | 10922x72               |
|  resadd/mem/mem_list_2/mem_ext/Memory_reg_uram_0                      |     147456 |             |  A:A:2048x72           |  B:B:2048x72           |
|  resadd/mem/mem_list_2/mem_ext/Memory_reg_uram_1                      |     147456 |             |  A:A:2048x72           |  B:B:2048x72           |
|  resadd/mem/mem_list_2/mem_ext/Memory_reg_uram_2                      |     147456 |             |  A:A:2048x72           |  B:B:2048x72           |
|  resadd/mem/mem_list_2/mem_ext/Memory_reg_uram_3                      |     147456 |             |  A:A:2048x72           |  B:B:2048x72           |
|  resadd/mem/mem_list_2/mem_ext/Memory_reg_uram_4                      |     147456 |             |  A:A:2048x72           |  B:B:2048x72           |
|  resadd/mem/mem_list_2/mem_ext/Memory_reg_uram_5                      |      49152 |             |  A:A:2048x24           |  B:B:2048x24           |
| resadd2/mem/mem0_ext/Memory                                           |     786432 | RAM_SDP     | 10922x72               | 10922x72               |
|  resadd2/mem/mem0_ext/Memory_reg_uram_0                               |     147456 |             |  A:A:2048x72           |  B:B:2048x72           |
|  resadd2/mem/mem0_ext/Memory_reg_uram_1                               |     147456 |             |  A:A:2048x72           |  B:B:2048x72           |
|  resadd2/mem/mem0_ext/Memory_reg_uram_2                               |     147456 |             |  A:A:2048x72           |  B:B:2048x72           |
|  resadd2/mem/mem0_ext/Memory_reg_uram_3                               |     147456 |             |  A:A:2048x72           |  B:B:2048x72           |
|  resadd2/mem/mem0_ext/Memory_reg_uram_4                               |     147456 |             |  A:A:2048x72           |  B:B:2048x72           |
|  resadd2/mem/mem0_ext/Memory_reg_uram_5                               |      49152 |             |  A:A:2048x24           |  B:B:2048x24           |
| resadd2/mem/mem1_ext/Memory                                           |     786432 | RAM_SDP     | 10922x72               | 10922x72               |
|  resadd2/mem/mem1_ext/Memory_reg_uram_0                               |     147456 |             |  A:A:2048x72           |  B:B:2048x72           |
|  resadd2/mem/mem1_ext/Memory_reg_uram_1                               |     147456 |             |  A:A:2048x72           |  B:B:2048x72           |
|  resadd2/mem/mem1_ext/Memory_reg_uram_2                               |     147456 |             |  A:A:2048x72           |  B:B:2048x72           |
|  resadd2/mem/mem1_ext/Memory_reg_uram_3                               |     147456 |             |  A:A:2048x72           |  B:B:2048x72           |
|  resadd2/mem/mem1_ext/Memory_reg_uram_4                               |     147456 |             |  A:A:2048x72           |  B:B:2048x72           |
|  resadd2/mem/mem1_ext/Memory_reg_uram_5                               |      49152 |             |  A:A:2048x24           |  B:B:2048x24           |
| atten/dm1/cu_inst/kCache/mem_ext/Memory                               |     425984 | RAM_SDP     | 11832x36               | 11832x36               |
|  atten/dm1/cu_inst/kCache/mem_ext/Memory_reg_bram_0                   |      29952 |             |  A:A:1024x36           |  B:B:1024x36           |
|  atten/dm1/cu_inst/kCache/mem_ext/Memory_reg_bram_1                   |      29952 |             |  A:A:1024x36           |  B:B:1024x36           |
|  atten/dm1/cu_inst/kCache/mem_ext/Memory_reg_bram_2                   |      29952 |             |  A:A:1024x36           |  B:B:1024x36           |
|  atten/dm1/cu_inst/kCache/mem_ext/Memory_reg_bram_3                   |      29952 |             |  A:A:1024x36           |  B:B:1024x36           |
|  atten/dm1/cu_inst/kCache/mem_ext/Memory_reg_bram_4                   |      29952 |             |  A:A:1024x36           |  B:B:1024x36           |
|  atten/dm1/cu_inst/kCache/mem_ext/Memory_reg_bram_5                   |      29952 |             |  A:A:1024x36           |  B:B:1024x36           |
|  atten/dm1/cu_inst/kCache/mem_ext/Memory_reg_bram_6                   |      29952 |             |  A:A:1024x36           |  B:B:1024x36           |
|  atten/dm1/cu_inst/kCache/mem_ext/Memory_reg_bram_7                   |      29952 |             |  A:A:1024x36           |  B:B:1024x36           |
|  atten/dm1/cu_inst/kCache/mem_ext/Memory_reg_bram_8                   |      29952 |             |  A:A:1024x36           |  B:B:1024x36           |
|  atten/dm1/cu_inst/kCache/mem_ext/Memory_reg_bram_9                   |      29952 |             |  A:A:1024x36           |  B:B:1024x36           |
|  atten/dm1/cu_inst/kCache/mem_ext/Memory_reg_bram_10                  |      29952 |             |  A:A:1024x36           |  B:B:1024x36           |
|  atten/dm1/cu_inst/kCache/mem_ext/Memory_reg_bram_11                  |      29952 |             |  A:A:1024x36           |  B:B:1024x36           |
|  atten/dm1/cu_inst/kCache/mem_ext/Memory_reg_bram_12                  |      29952 |             |  A:A:1024x36           |  B:B:1024x36           |
|  atten/dm1/cu_inst/kCache/mem_ext/Memory_reg_bram_13                  |      29952 |             |  A:A:1024x36           |  B:B:1024x36           |
|  atten/dm1/cu_inst/kCache/mem_ext/Memory_reg_bram_14                  |       6656 |             |  A:A:1024x8            |  B:B:1024x8            |
| ffndown/lw_inst/weight_mem/weight_banks_0_0_ext/Memory                |     294912 | RAM_SDP     | 4096x72                | 4096x72                |
|  ffndown/lw_inst/weight_mem/weight_banks_0_0_ext/Memory_reg_uram_0    |     294912 |             |  A:A:4096x72           |  B:B:4096x72           |
| ffndown/lw_inst/weight_mem/weight_banks_0_1_ext/Memory                |     294912 | RAM_SDP     | 4096x72                | 4096x72                |
|  ffndown/lw_inst/weight_mem/weight_banks_0_1_ext/Memory_reg_uram_0    |     294912 |             |  A:A:4096x72           |  B:B:4096x72           |
| ffndown/lw_inst/weight_mem/weight_banks_0_2_ext/Memory                |     294912 | RAM_SDP     | 4096x72                | 4096x72                |
|  ffndown/lw_inst/weight_mem/weight_banks_0_2_ext/Memory_reg_uram_0    |     294912 |             |  A:A:4096x72           |  B:B:4096x72           |
| ffndown/lw_inst/weight_mem/weight_banks_0_3_ext/Memory                |     294912 | RAM_SDP     | 4096x72                | 4096x72                |
|  ffndown/lw_inst/weight_mem/weight_banks_0_3_ext/Memory_reg_uram_0    |     294912 |             |  A:A:4096x72           |  B:B:4096x72           |
| ffndown/lw_inst/weight_mem/weight_banks_10_0_ext/Memory               |     294912 | RAM_SDP     | 4096x72                | 4096x72                |
|  ffndown/lw_inst/weight_mem/weight_banks_10_0_ext/Memory_reg_uram_0   |     294912 |             |  A:A:4096x72           |  B:B:4096x72           |
| ffndown/lw_inst/weight_mem/weight_banks_10_1_ext/Memory               |     294912 | RAM_SDP     | 4096x72                | 4096x72                |
|  ffndown/lw_inst/weight_mem/weight_banks_10_1_ext/Memory_reg_uram_0   |     294912 |             |  A:A:4096x72           |  B:B:4096x72           |
| ffndown/lw_inst/weight_mem/weight_banks_10_2_ext/Memory               |     294912 | RAM_SDP     | 4096x72                | 4096x72                |
|  ffndown/lw_inst/weight_mem/weight_banks_10_2_ext/Memory_reg_uram_0   |     294912 |             |  A:A:4096x72           |  B:B:4096x72           |
| ffndown/lw_inst/weight_mem/weight_banks_10_3_ext/Memory               |     294912 | RAM_SDP     | 4096x72                | 4096x72                |
|  ffndown/lw_inst/weight_mem/weight_banks_10_3_ext/Memory_reg_uram_0   |     294912 |             |  A:A:4096x72           |  B:B:4096x72           |
| ffndown/lw_inst/weight_mem/weight_banks_11_0_ext/Memory               |     294912 | RAM_SDP     | 4096x72                | 4096x72                |
|  ffndown/lw_inst/weight_mem/weight_banks_11_0_ext/Memory_reg_uram_0   |     294912 |             |  A:A:4096x72           |  B:B:4096x72           |
| ffndown/lw_inst/weight_mem/weight_banks_11_1_ext/Memory               |     294912 | RAM_SDP     | 4096x72                | 4096x72                |
|  ffndown/lw_inst/weight_mem/weight_banks_11_1_ext/Memory_reg_uram_0   |     294912 |             |  A:A:4096x72           |  B:B:4096x72           |
| ffndown/lw_inst/weight_mem/weight_banks_11_2_ext/Memory               |     294912 | RAM_SDP     | 4096x72                | 4096x72                |
|  ffndown/lw_inst/weight_mem/weight_banks_11_2_ext/Memory_reg_uram_0   |     294912 |             |  A:A:4096x72           |  B:B:4096x72           |
| ffndown/lw_inst/weight_mem/weight_banks_11_3_ext/Memory               |     294912 | RAM_SDP     | 4096x72                | 4096x72                |
|  ffndown/lw_inst/weight_mem/weight_banks_11_3_ext/Memory_reg_uram_0   |     294912 |             |  A:A:4096x72           |  B:B:4096x72           |
| ffndown/lw_inst/weight_mem/weight_banks_12_0_ext/Memory               |     294912 | RAM_SDP     | 4096x72                | 4096x72                |
|  ffndown/lw_inst/weight_mem/weight_banks_12_0_ext/Memory_reg_uram_0   |     294912 |             |  A:A:4096x72           |  B:B:4096x72           |
| ffndown/lw_inst/weight_mem/weight_banks_12_1_ext/Memory               |     294912 | RAM_SDP     | 4096x72                | 4096x72                |
|  ffndown/lw_inst/weight_mem/weight_banks_12_1_ext/Memory_reg_uram_0   |     294912 |             |  A:A:4096x72           |  B:B:4096x72           |
| ffndown/lw_inst/weight_mem/weight_banks_12_2_ext/Memory               |     294912 | RAM_SDP     | 4096x72                | 4096x72                |
|  ffndown/lw_inst/weight_mem/weight_banks_12_2_ext/Memory_reg_uram_0   |     294912 |             |  A:A:4096x72           |  B:B:4096x72           |
| ffndown/lw_inst/weight_mem/weight_banks_12_3_ext/Memory               |     294912 | RAM_SDP     | 4096x72                | 4096x72                |
|  ffndown/lw_inst/weight_mem/weight_banks_12_3_ext/Memory_reg_uram_0   |     294912 |             |  A:A:4096x72           |  B:B:4096x72           |
| ffndown/lw_inst/weight_mem/weight_banks_13_0_ext/Memory               |     294912 | RAM_SDP     | 4096x72                | 4096x72                |
|  ffndown/lw_inst/weight_mem/weight_banks_13_0_ext/Memory_reg_uram_0   |     294912 |             |  A:A:4096x72           |  B:B:4096x72           |
| ffndown/lw_inst/weight_mem/weight_banks_13_1_ext/Memory               |     294912 | RAM_SDP     | 4096x72                | 4096x72                |
|  ffndown/lw_inst/weight_mem/weight_banks_13_1_ext/Memory_reg_uram_0   |     294912 |             |  A:A:4096x72           |  B:B:4096x72           |
| ffndown/lw_inst/weight_mem/weight_banks_13_2_ext/Memory               |     294912 | RAM_SDP     | 4096x72                | 4096x72                |
|  ffndown/lw_inst/weight_mem/weight_banks_13_2_ext/Memory_reg_uram_0   |     294912 |             |  A:A:4096x72           |  B:B:4096x72           |
| ffndown/lw_inst/weight_mem/weight_banks_13_3_ext/Memory               |     294912 | RAM_SDP     | 4096x72                | 4096x72                |
|  ffndown/lw_inst/weight_mem/weight_banks_13_3_ext/Memory_reg_uram_0   |     294912 |             |  A:A:4096x72           |  B:B:4096x72           |
| ffndown/lw_inst/weight_mem/weight_banks_14_0_ext/Memory               |     294912 | RAM_SDP     | 4096x72                | 4096x72                |
|  ffndown/lw_inst/weight_mem/weight_banks_14_0_ext/Memory_reg_uram_0   |     294912 |             |  A:A:4096x72           |  B:B:4096x72           |
| ffndown/lw_inst/weight_mem/weight_banks_14_1_ext/Memory               |     294912 | RAM_SDP     | 4096x72                | 4096x72                |
|  ffndown/lw_inst/weight_mem/weight_banks_14_1_ext/Memory_reg_uram_0   |     294912 |             |  A:A:4096x72           |  B:B:4096x72           |
| ffndown/lw_inst/weight_mem/weight_banks_14_2_ext/Memory               |     294912 | RAM_SDP     | 4096x72                | 4096x72                |
|  ffndown/lw_inst/weight_mem/weight_banks_14_2_ext/Memory_reg_uram_0   |     294912 |             |  A:A:4096x72           |  B:B:4096x72           |
| ffndown/lw_inst/weight_mem/weight_banks_14_3_ext/Memory               |     294912 | RAM_SDP     | 4096x72                | 4096x72                |
|  ffndown/lw_inst/weight_mem/weight_banks_14_3_ext/Memory_reg_uram_0   |     294912 |             |  A:A:4096x72           |  B:B:4096x72           |
| ffndown/lw_inst/weight_mem/weight_banks_15_0_ext/Memory               |     294912 | RAM_SDP     | 4096x72                | 4096x72                |
|  ffndown/lw_inst/weight_mem/weight_banks_15_0_ext/Memory_reg_uram_0   |     294912 |             |  A:A:4096x72           |  B:B:4096x72           |
| ffndown/lw_inst/weight_mem/weight_banks_15_1_ext/Memory               |     294912 | RAM_SDP     | 4096x72                | 4096x72                |
|  ffndown/lw_inst/weight_mem/weight_banks_15_1_ext/Memory_reg_uram_0   |     294912 |             |  A:A:4096x72           |  B:B:4096x72           |
| ffndown/lw_inst/weight_mem/weight_banks_15_2_ext/Memory               |     294912 | RAM_SDP     | 4096x72                | 4096x72                |
|  ffndown/lw_inst/weight_mem/weight_banks_15_2_ext/Memory_reg_uram_0   |     294912 |             |  A:A:4096x72           |  B:B:4096x72           |
| ffndown/lw_inst/weight_mem/weight_banks_15_3_ext/Memory               |     294912 | RAM_SDP     | 4096x72                | 4096x72                |
|  ffndown/lw_inst/weight_mem/weight_banks_15_3_ext/Memory_reg_uram_0   |     294912 |             |  A:A:4096x72           |  B:B:4096x72           |
| ffndown/lw_inst/weight_mem/weight_banks_16_0_ext/Memory               |     294912 | RAM_SDP     | 4096x72                | 4096x72                |
|  ffndown/lw_inst/weight_mem/weight_banks_16_0_ext/Memory_reg_uram_0   |     294912 |             |  A:A:4096x72           |  B:B:4096x72           |
| ffndown/lw_inst/weight_mem/weight_banks_16_1_ext/Memory               |     294912 | RAM_SDP     | 4096x72                | 4096x72                |
|  ffndown/lw_inst/weight_mem/weight_banks_16_1_ext/Memory_reg_uram_0   |     294912 |             |  A:A:4096x72           |  B:B:4096x72           |
| ffndown/lw_inst/weight_mem/weight_banks_16_2_ext/Memory               |     294912 | RAM_SDP     | 4096x72                | 4096x72                |
|  ffndown/lw_inst/weight_mem/weight_banks_16_2_ext/Memory_reg_uram_0   |     294912 |             |  A:A:4096x72           |  B:B:4096x72           |
| ffndown/lw_inst/weight_mem/weight_banks_16_3_ext/Memory               |     294912 | RAM_SDP     | 4096x72                | 4096x72                |
|  ffndown/lw_inst/weight_mem/weight_banks_16_3_ext/Memory_reg_uram_0   |     294912 |             |  A:A:4096x72           |  B:B:4096x72           |
| ffndown/lw_inst/weight_mem/weight_banks_1_0_ext/Memory                |     294912 | RAM_SDP     | 4096x72                | 4096x72                |
|  ffndown/lw_inst/weight_mem/weight_banks_1_0_ext/Memory_reg_uram_0    |     294912 |             |  A:A:4096x72           |  B:B:4096x72           |
| ffndown/lw_inst/weight_mem/weight_banks_1_1_ext/Memory                |     294912 | RAM_SDP     | 4096x72                | 4096x72                |
|  ffndown/lw_inst/weight_mem/weight_banks_1_1_ext/Memory_reg_uram_0    |     294912 |             |  A:A:4096x72           |  B:B:4096x72           |
| ffndown/lw_inst/weight_mem/weight_banks_1_2_ext/Memory                |     294912 | RAM_SDP     | 4096x72                | 4096x72                |
|  ffndown/lw_inst/weight_mem/weight_banks_1_2_ext/Memory_reg_uram_0    |     294912 |             |  A:A:4096x72           |  B:B:4096x72           |
| ffndown/lw_inst/weight_mem/weight_banks_1_3_ext/Memory                |     294912 | RAM_SDP     | 4096x72                | 4096x72                |
|  ffndown/lw_inst/weight_mem/weight_banks_1_3_ext/Memory_reg_uram_0    |     294912 |             |  A:A:4096x72           |  B:B:4096x72           |
| ffndown/lw_inst/weight_mem/weight_banks_2_0_ext/Memory                |     294912 | RAM_SDP     | 4096x72                | 4096x72                |
|  ffndown/lw_inst/weight_mem/weight_banks_2_0_ext/Memory_reg_uram_0    |     294912 |             |  A:A:4096x72           |  B:B:4096x72           |
| ffndown/lw_inst/weight_mem/weight_banks_2_1_ext/Memory                |     294912 | RAM_SDP     | 4096x72                | 4096x72                |
|  ffndown/lw_inst/weight_mem/weight_banks_2_1_ext/Memory_reg_uram_0    |     294912 |             |  A:A:4096x72           |  B:B:4096x72           |
| ffndown/lw_inst/weight_mem/weight_banks_2_2_ext/Memory                |     294912 | RAM_SDP     | 4096x72                | 4096x72                |
|  ffndown/lw_inst/weight_mem/weight_banks_2_2_ext/Memory_reg_uram_0    |     294912 |             |  A:A:4096x72           |  B:B:4096x72           |
| ffndown/lw_inst/weight_mem/weight_banks_2_3_ext/Memory                |     294912 | RAM_SDP     | 4096x72                | 4096x72                |
|  ffndown/lw_inst/weight_mem/weight_banks_2_3_ext/Memory_reg_uram_0    |     294912 |             |  A:A:4096x72           |  B:B:4096x72           |
| ffndown/lw_inst/weight_mem/weight_banks_3_0_ext/Memory                |     294912 | RAM_SDP     | 4096x72                | 4096x72                |
|  ffndown/lw_inst/weight_mem/weight_banks_3_0_ext/Memory_reg_uram_0    |     294912 |             |  A:A:4096x72           |  B:B:4096x72           |
| ffndown/lw_inst/weight_mem/weight_banks_3_1_ext/Memory                |     294912 | RAM_SDP     | 4096x72                | 4096x72                |
|  ffndown/lw_inst/weight_mem/weight_banks_3_1_ext/Memory_reg_uram_0    |     294912 |             |  A:A:4096x72           |  B:B:4096x72           |
| ffndown/lw_inst/weight_mem/weight_banks_3_2_ext/Memory                |     294912 | RAM_SDP     | 4096x72                | 4096x72                |
|  ffndown/lw_inst/weight_mem/weight_banks_3_2_ext/Memory_reg_uram_0    |     294912 |             |  A:A:4096x72           |  B:B:4096x72           |
| ffndown/lw_inst/weight_mem/weight_banks_3_3_ext/Memory                |     294912 | RAM_SDP     | 4096x72                | 4096x72                |
|  ffndown/lw_inst/weight_mem/weight_banks_3_3_ext/Memory_reg_uram_0    |     294912 |             |  A:A:4096x72           |  B:B:4096x72           |
| ffndown/lw_inst/weight_mem/weight_banks_4_0_ext/Memory                |     294912 | RAM_SDP     | 4096x72                | 4096x72                |
|  ffndown/lw_inst/weight_mem/weight_banks_4_0_ext/Memory_reg_uram_0    |     294912 |             |  A:A:4096x72           |  B:B:4096x72           |
| ffndown/lw_inst/weight_mem/weight_banks_4_1_ext/Memory                |     294912 | RAM_SDP     | 4096x72                | 4096x72                |
|  ffndown/lw_inst/weight_mem/weight_banks_4_1_ext/Memory_reg_uram_0    |     294912 |             |  A:A:4096x72           |  B:B:4096x72           |
| ffndown/lw_inst/weight_mem/weight_banks_4_2_ext/Memory                |     294912 | RAM_SDP     | 4096x72                | 4096x72                |
|  ffndown/lw_inst/weight_mem/weight_banks_4_2_ext/Memory_reg_uram_0    |     294912 |             |  A:A:4096x72           |  B:B:4096x72           |
| ffndown/lw_inst/weight_mem/weight_banks_4_3_ext/Memory                |     294912 | RAM_SDP     | 4096x72                | 4096x72                |
|  ffndown/lw_inst/weight_mem/weight_banks_4_3_ext/Memory_reg_uram_0    |     294912 |             |  A:A:4096x72           |  B:B:4096x72           |
| ffndown/lw_inst/weight_mem/weight_banks_5_0_ext/Memory                |     294912 | RAM_SDP     | 4096x72                | 4096x72                |
|  ffndown/lw_inst/weight_mem/weight_banks_5_0_ext/Memory_reg_uram_0    |     294912 |             |  A:A:4096x72           |  B:B:4096x72           |
| ffndown/lw_inst/weight_mem/weight_banks_5_1_ext/Memory                |     294912 | RAM_SDP     | 4096x72                | 4096x72                |
|  ffndown/lw_inst/weight_mem/weight_banks_5_1_ext/Memory_reg_uram_0    |     294912 |             |  A:A:4096x72           |  B:B:4096x72           |
| ffndown/lw_inst/weight_mem/weight_banks_5_2_ext/Memory                |     294912 | RAM_SDP     | 4096x72                | 4096x72                |
|  ffndown/lw_inst/weight_mem/weight_banks_5_2_ext/Memory_reg_uram_0    |     294912 |             |  A:A:4096x72           |  B:B:4096x72           |
| ffndown/lw_inst/weight_mem/weight_banks_5_3_ext/Memory                |     294912 | RAM_SDP     | 4096x72                | 4096x72                |
|  ffndown/lw_inst/weight_mem/weight_banks_5_3_ext/Memory_reg_uram_0    |     294912 |             |  A:A:4096x72           |  B:B:4096x72           |
| ffndown/lw_inst/weight_mem/weight_banks_6_0_ext/Memory                |     294912 | RAM_SDP     | 4096x72                | 4096x72                |
|  ffndown/lw_inst/weight_mem/weight_banks_6_0_ext/Memory_reg_uram_0    |     294912 |             |  A:A:4096x72           |  B:B:4096x72           |
| ffndown/lw_inst/weight_mem/weight_banks_6_1_ext/Memory                |     294912 | RAM_SDP     | 4096x72                | 4096x72                |
|  ffndown/lw_inst/weight_mem/weight_banks_6_1_ext/Memory_reg_uram_0    |     294912 |             |  A:A:4096x72           |  B:B:4096x72           |
| ffndown/lw_inst/weight_mem/weight_banks_6_2_ext/Memory                |     294912 | RAM_SDP     | 4096x72                | 4096x72                |
|  ffndown/lw_inst/weight_mem/weight_banks_6_2_ext/Memory_reg_uram_0    |     294912 |             |  A:A:4096x72           |  B:B:4096x72           |
| ffndown/lw_inst/weight_mem/weight_banks_6_3_ext/Memory                |     294912 | RAM_SDP     | 4096x72                | 4096x72                |
|  ffndown/lw_inst/weight_mem/weight_banks_6_3_ext/Memory_reg_uram_0    |     294912 |             |  A:A:4096x72           |  B:B:4096x72           |
| ffndown/lw_inst/weight_mem/weight_banks_7_0_ext/Memory                |     294912 | RAM_SDP     | 4096x72                | 4096x72                |
|  ffndown/lw_inst/weight_mem/weight_banks_7_0_ext/Memory_reg_uram_0    |     294912 |             |  A:A:4096x72           |  B:B:4096x72           |
| ffndown/lw_inst/weight_mem/weight_banks_7_1_ext/Memory                |     294912 | RAM_SDP     | 4096x72                | 4096x72                |
|  ffndown/lw_inst/weight_mem/weight_banks_7_1_ext/Memory_reg_uram_0    |     294912 |             |  A:A:4096x72           |  B:B:4096x72           |
| ffndown/lw_inst/weight_mem/weight_banks_7_2_ext/Memory                |     294912 | RAM_SDP     | 4096x72                | 4096x72                |
|  ffndown/lw_inst/weight_mem/weight_banks_7_2_ext/Memory_reg_uram_0    |     294912 |             |  A:A:4096x72           |  B:B:4096x72           |
| ffndown/lw_inst/weight_mem/weight_banks_7_3_ext/Memory                |     294912 | RAM_SDP     | 4096x72                | 4096x72                |
|  ffndown/lw_inst/weight_mem/weight_banks_7_3_ext/Memory_reg_uram_0    |     294912 |             |  A:A:4096x72           |  B:B:4096x72           |
| ffndown/lw_inst/weight_mem/weight_banks_8_0_ext/Memory                |     294912 | RAM_SDP     | 4096x72                | 4096x72                |
|  ffndown/lw_inst/weight_mem/weight_banks_8_0_ext/Memory_reg_uram_0    |     294912 |             |  A:A:4096x72           |  B:B:4096x72           |
| ffndown/lw_inst/weight_mem/weight_banks_8_1_ext/Memory                |     294912 | RAM_SDP     | 4096x72                | 4096x72                |
|  ffndown/lw_inst/weight_mem/weight_banks_8_1_ext/Memory_reg_uram_0    |     294912 |             |  A:A:4096x72           |  B:B:4096x72           |
| ffndown/lw_inst/weight_mem/weight_banks_8_2_ext/Memory                |     294912 | RAM_SDP     | 4096x72                | 4096x72                |
|  ffndown/lw_inst/weight_mem/weight_banks_8_2_ext/Memory_reg_uram_0    |     294912 |             |  A:A:4096x72           |  B:B:4096x72           |
| ffndown/lw_inst/weight_mem/weight_banks_8_3_ext/Memory                |     294912 | RAM_SDP     | 4096x72                | 4096x72                |
|  ffndown/lw_inst/weight_mem/weight_banks_8_3_ext/Memory_reg_uram_0    |     294912 |             |  A:A:4096x72           |  B:B:4096x72           |
| ffndown/lw_inst/weight_mem/weight_banks_9_0_ext/Memory                |     294912 | RAM_SDP     | 4096x72                | 4096x72                |
|  ffndown/lw_inst/weight_mem/weight_banks_9_0_ext/Memory_reg_uram_0    |     294912 |             |  A:A:4096x72           |  B:B:4096x72           |
| ffndown/lw_inst/weight_mem/weight_banks_9_1_ext/Memory                |     294912 | RAM_SDP     | 4096x72                | 4096x72                |
|  ffndown/lw_inst/weight_mem/weight_banks_9_1_ext/Memory_reg_uram_0    |     294912 |             |  A:A:4096x72           |  B:B:4096x72           |
| ffndown/lw_inst/weight_mem/weight_banks_9_2_ext/Memory                |     294912 | RAM_SDP     | 4096x72                | 4096x72                |
|  ffndown/lw_inst/weight_mem/weight_banks_9_2_ext/Memory_reg_uram_0    |     294912 |             |  A:A:4096x72           |  B:B:4096x72           |
| ffndown/lw_inst/weight_mem/weight_banks_9_3_ext/Memory                |     294912 | RAM_SDP     | 4096x72                | 4096x72                |
|  ffndown/lw_inst/weight_mem/weight_banks_9_3_ext/Memory_reg_uram_0    |     294912 |             |  A:A:4096x72           |  B:B:4096x72           |
| ffnup/lw_inst/weight_mem/weight_banks_0_0_ext/Memory                  |     294912 | RAM_SDP     | 4096x72                | 4096x72                |
|  ffnup/lw_inst/weight_mem/weight_banks_0_0_ext/Memory_reg_uram_0      |     294912 |             |  A:A:4096x72           |  B:B:4096x72           |
| ffnup/lw_inst/weight_mem/weight_banks_0_1_ext/Memory                  |     294912 | RAM_SDP     | 4096x72                | 4096x72                |
|  ffnup/lw_inst/weight_mem/weight_banks_0_1_ext/Memory_reg_uram_0      |     294912 |             |  A:A:4096x72           |  B:B:4096x72           |
| ffnup/lw_inst/weight_mem/weight_banks_0_2_ext/Memory                  |     294912 | RAM_SDP     | 4096x72                | 4096x72                |
|  ffnup/lw_inst/weight_mem/weight_banks_0_2_ext/Memory_reg_uram_0      |     294912 |             |  A:A:4096x72           |  B:B:4096x72           |
| ffnup/lw_inst/weight_mem/weight_banks_0_3_ext/Memory                  |     294912 | RAM_SDP     | 4096x72                | 4096x72                |
|  ffnup/lw_inst/weight_mem/weight_banks_0_3_ext/Memory_reg_uram_0      |     294912 |             |  A:A:4096x72           |  B:B:4096x72           |
| ffnup/lw_inst/weight_mem/weight_banks_10_0_ext/Memory                 |     294912 | RAM_SDP     | 4096x72                | 4096x72                |
|  ffnup/lw_inst/weight_mem/weight_banks_10_0_ext/Memory_reg_uram_0     |     294912 |             |  A:A:4096x72           |  B:B:4096x72           |
| ffnup/lw_inst/weight_mem/weight_banks_10_1_ext/Memory                 |     294912 | RAM_SDP     | 4096x72                | 4096x72                |
|  ffnup/lw_inst/weight_mem/weight_banks_10_1_ext/Memory_reg_uram_0     |     294912 |             |  A:A:4096x72           |  B:B:4096x72           |
| ffnup/lw_inst/weight_mem/weight_banks_10_2_ext/Memory                 |     294912 | RAM_SDP     | 4096x72                | 4096x72                |
|  ffnup/lw_inst/weight_mem/weight_banks_10_2_ext/Memory_reg_uram_0     |     294912 |             |  A:A:4096x72           |  B:B:4096x72           |
| ffnup/lw_inst/weight_mem/weight_banks_10_3_ext/Memory                 |     294912 | RAM_SDP     | 4096x72                | 4096x72                |
|  ffnup/lw_inst/weight_mem/weight_banks_10_3_ext/Memory_reg_uram_0     |     294912 |             |  A:A:4096x72           |  B:B:4096x72           |
| ffnup/lw_inst/weight_mem/weight_banks_11_0_ext/Memory                 |     294912 | RAM_SDP     | 4096x72                | 4096x72                |
|  ffnup/lw_inst/weight_mem/weight_banks_11_0_ext/Memory_reg_uram_0     |     294912 |             |  A:A:4096x72           |  B:B:4096x72           |
| ffnup/lw_inst/weight_mem/weight_banks_11_1_ext/Memory                 |     294912 | RAM_SDP     | 4096x72                | 4096x72                |
|  ffnup/lw_inst/weight_mem/weight_banks_11_1_ext/Memory_reg_uram_0     |     294912 |             |  A:A:4096x72           |  B:B:4096x72           |
| ffnup/lw_inst/weight_mem/weight_banks_11_2_ext/Memory                 |     294912 | RAM_SDP     | 4096x72                | 4096x72                |
|  ffnup/lw_inst/weight_mem/weight_banks_11_2_ext/Memory_reg_uram_0     |     294912 |             |  A:A:4096x72           |  B:B:4096x72           |
| ffnup/lw_inst/weight_mem/weight_banks_11_3_ext/Memory                 |     294912 | RAM_SDP     | 4096x72                | 4096x72                |
|  ffnup/lw_inst/weight_mem/weight_banks_11_3_ext/Memory_reg_uram_0     |     294912 |             |  A:A:4096x72           |  B:B:4096x72           |
| ffnup/lw_inst/weight_mem/weight_banks_12_0_ext/Memory                 |     294912 | RAM_SDP     | 4096x72                | 4096x72                |
|  ffnup/lw_inst/weight_mem/weight_banks_12_0_ext/Memory_reg_uram_0     |     294912 |             |  A:A:4096x72           |  B:B:4096x72           |
| ffnup/lw_inst/weight_mem/weight_banks_12_1_ext/Memory                 |     294912 | RAM_SDP     | 4096x72                | 4096x72                |
|  ffnup/lw_inst/weight_mem/weight_banks_12_1_ext/Memory_reg_uram_0     |     294912 |             |  A:A:4096x72           |  B:B:4096x72           |
| ffnup/lw_inst/weight_mem/weight_banks_12_2_ext/Memory                 |     294912 | RAM_SDP     | 4096x72                | 4096x72                |
|  ffnup/lw_inst/weight_mem/weight_banks_12_2_ext/Memory_reg_uram_0     |     294912 |             |  A:A:4096x72           |  B:B:4096x72           |
| ffnup/lw_inst/weight_mem/weight_banks_12_3_ext/Memory                 |     294912 | RAM_SDP     | 4096x72                | 4096x72                |
|  ffnup/lw_inst/weight_mem/weight_banks_12_3_ext/Memory_reg_uram_0     |     294912 |             |  A:A:4096x72           |  B:B:4096x72           |
| ffnup/lw_inst/weight_mem/weight_banks_13_0_ext/Memory                 |     294912 | RAM_SDP     | 4096x72                | 4096x72                |
|  ffnup/lw_inst/weight_mem/weight_banks_13_0_ext/Memory_reg_uram_0     |     294912 |             |  A:A:4096x72           |  B:B:4096x72           |
| ffnup/lw_inst/weight_mem/weight_banks_13_1_ext/Memory                 |     294912 | RAM_SDP     | 4096x72                | 4096x72                |
|  ffnup/lw_inst/weight_mem/weight_banks_13_1_ext/Memory_reg_uram_0     |     294912 |             |  A:A:4096x72           |  B:B:4096x72           |
| ffnup/lw_inst/weight_mem/weight_banks_13_2_ext/Memory                 |     294912 | RAM_SDP     | 4096x72                | 4096x72                |
|  ffnup/lw_inst/weight_mem/weight_banks_13_2_ext/Memory_reg_uram_0     |     294912 |             |  A:A:4096x72           |  B:B:4096x72           |
| ffnup/lw_inst/weight_mem/weight_banks_13_3_ext/Memory                 |     294912 | RAM_SDP     | 4096x72                | 4096x72                |
|  ffnup/lw_inst/weight_mem/weight_banks_13_3_ext/Memory_reg_uram_0     |     294912 |             |  A:A:4096x72           |  B:B:4096x72           |
| ffnup/lw_inst/weight_mem/weight_banks_14_0_ext/Memory                 |     294912 | RAM_SDP     | 4096x72                | 4096x72                |
|  ffnup/lw_inst/weight_mem/weight_banks_14_0_ext/Memory_reg_uram_0     |     294912 |             |  A:A:4096x72           |  B:B:4096x72           |
| ffnup/lw_inst/weight_mem/weight_banks_14_1_ext/Memory                 |     294912 | RAM_SDP     | 4096x72                | 4096x72                |
|  ffnup/lw_inst/weight_mem/weight_banks_14_1_ext/Memory_reg_uram_0     |     294912 |             |  A:A:4096x72           |  B:B:4096x72           |
| ffnup/lw_inst/weight_mem/weight_banks_14_2_ext/Memory                 |     294912 | RAM_SDP     | 4096x72                | 4096x72                |
|  ffnup/lw_inst/weight_mem/weight_banks_14_2_ext/Memory_reg_uram_0     |     294912 |             |  A:A:4096x72           |  B:B:4096x72           |
| ffnup/lw_inst/weight_mem/weight_banks_14_3_ext/Memory                 |     294912 | RAM_SDP     | 4096x72                | 4096x72                |
|  ffnup/lw_inst/weight_mem/weight_banks_14_3_ext/Memory_reg_uram_0     |     294912 |             |  A:A:4096x72           |  B:B:4096x72           |
| ffnup/lw_inst/weight_mem/weight_banks_15_0_ext/Memory                 |     294912 | RAM_SDP     | 4096x72                | 4096x72                |
|  ffnup/lw_inst/weight_mem/weight_banks_15_0_ext/Memory_reg_uram_0     |     294912 |             |  A:A:4096x72           |  B:B:4096x72           |
| ffnup/lw_inst/weight_mem/weight_banks_15_1_ext/Memory                 |     294912 | RAM_SDP     | 4096x72                | 4096x72                |
|  ffnup/lw_inst/weight_mem/weight_banks_15_1_ext/Memory_reg_uram_0     |     294912 |             |  A:A:4096x72           |  B:B:4096x72           |
| ffnup/lw_inst/weight_mem/weight_banks_15_2_ext/Memory                 |     294912 | RAM_SDP     | 4096x72                | 4096x72                |
|  ffnup/lw_inst/weight_mem/weight_banks_15_2_ext/Memory_reg_uram_0     |     294912 |             |  A:A:4096x72           |  B:B:4096x72           |
| ffnup/lw_inst/weight_mem/weight_banks_15_3_ext/Memory                 |     294912 | RAM_SDP     | 4096x72                | 4096x72                |
|  ffnup/lw_inst/weight_mem/weight_banks_15_3_ext/Memory_reg_uram_0     |     294912 |             |  A:A:4096x72           |  B:B:4096x72           |
| ffnup/lw_inst/weight_mem/weight_banks_16_0_ext/Memory                 |     294912 | RAM_SDP     | 4096x72                | 4096x72                |
|  ffnup/lw_inst/weight_mem/weight_banks_16_0_ext/Memory_reg_uram_0     |     294912 |             |  A:A:4096x72           |  B:B:4096x72           |
| ffnup/lw_inst/weight_mem/weight_banks_16_1_ext/Memory                 |     294912 | RAM_SDP     | 4096x72                | 4096x72                |
|  ffnup/lw_inst/weight_mem/weight_banks_16_1_ext/Memory_reg_uram_0     |     294912 |             |  A:A:4096x72           |  B:B:4096x72           |
| ffnup/lw_inst/weight_mem/weight_banks_16_2_ext/Memory                 |     294912 | RAM_SDP     | 4096x72                | 4096x72                |
|  ffnup/lw_inst/weight_mem/weight_banks_16_2_ext/Memory_reg_uram_0     |     294912 |             |  A:A:4096x72           |  B:B:4096x72           |
| ffnup/lw_inst/weight_mem/weight_banks_16_3_ext/Memory                 |     294912 | RAM_SDP     | 4096x72                | 4096x72                |
|  ffnup/lw_inst/weight_mem/weight_banks_16_3_ext/Memory_reg_uram_0     |     294912 |             |  A:A:4096x72           |  B:B:4096x72           |
| ffnup/lw_inst/weight_mem/weight_banks_1_0_ext/Memory                  |     294912 | RAM_SDP     | 4096x72                | 4096x72                |
|  ffnup/lw_inst/weight_mem/weight_banks_1_0_ext/Memory_reg_uram_0      |     294912 |             |  A:A:4096x72           |  B:B:4096x72           |
| ffnup/lw_inst/weight_mem/weight_banks_1_1_ext/Memory                  |     294912 | RAM_SDP     | 4096x72                | 4096x72                |
|  ffnup/lw_inst/weight_mem/weight_banks_1_1_ext/Memory_reg_uram_0      |     294912 |             |  A:A:4096x72           |  B:B:4096x72           |
| ffnup/lw_inst/weight_mem/weight_banks_1_2_ext/Memory                  |     294912 | RAM_SDP     | 4096x72                | 4096x72                |
|  ffnup/lw_inst/weight_mem/weight_banks_1_2_ext/Memory_reg_uram_0      |     294912 |             |  A:A:4096x72           |  B:B:4096x72           |
| ffnup/lw_inst/weight_mem/weight_banks_1_3_ext/Memory                  |     294912 | RAM_SDP     | 4096x72                | 4096x72                |
|  ffnup/lw_inst/weight_mem/weight_banks_1_3_ext/Memory_reg_uram_0      |     294912 |             |  A:A:4096x72           |  B:B:4096x72           |
| ffnup/lw_inst/weight_mem/weight_banks_2_0_ext/Memory                  |     294912 | RAM_SDP     | 4096x72                | 4096x72                |
|  ffnup/lw_inst/weight_mem/weight_banks_2_0_ext/Memory_reg_uram_0      |     294912 |             |  A:A:4096x72           |  B:B:4096x72           |
| ffnup/lw_inst/weight_mem/weight_banks_2_1_ext/Memory                  |     294912 | RAM_SDP     | 4096x72                | 4096x72                |
|  ffnup/lw_inst/weight_mem/weight_banks_2_1_ext/Memory_reg_uram_0      |     294912 |             |  A:A:4096x72           |  B:B:4096x72           |
| ffnup/lw_inst/weight_mem/weight_banks_2_2_ext/Memory                  |     294912 | RAM_SDP     | 4096x72                | 4096x72                |
|  ffnup/lw_inst/weight_mem/weight_banks_2_2_ext/Memory_reg_uram_0      |     294912 |             |  A:A:4096x72           |  B:B:4096x72           |
| ffnup/lw_inst/weight_mem/weight_banks_2_3_ext/Memory                  |     294912 | RAM_SDP     | 4096x72                | 4096x72                |
|  ffnup/lw_inst/weight_mem/weight_banks_2_3_ext/Memory_reg_uram_0      |     294912 |             |  A:A:4096x72           |  B:B:4096x72           |
| ffnup/lw_inst/weight_mem/weight_banks_3_0_ext/Memory                  |     294912 | RAM_SDP     | 4096x72                | 4096x72                |
|  ffnup/lw_inst/weight_mem/weight_banks_3_0_ext/Memory_reg_uram_0      |     294912 |             |  A:A:4096x72           |  B:B:4096x72           |
| ffnup/lw_inst/weight_mem/weight_banks_3_1_ext/Memory                  |     294912 | RAM_SDP     | 4096x72                | 4096x72                |
|  ffnup/lw_inst/weight_mem/weight_banks_3_1_ext/Memory_reg_uram_0      |     294912 |             |  A:A:4096x72           |  B:B:4096x72           |
| ffnup/lw_inst/weight_mem/weight_banks_3_2_ext/Memory                  |     294912 | RAM_SDP     | 4096x72                | 4096x72                |
|  ffnup/lw_inst/weight_mem/weight_banks_3_2_ext/Memory_reg_uram_0      |     294912 |             |  A:A:4096x72           |  B:B:4096x72           |
| ffnup/lw_inst/weight_mem/weight_banks_3_3_ext/Memory                  |     294912 | RAM_SDP     | 4096x72                | 4096x72                |
|  ffnup/lw_inst/weight_mem/weight_banks_3_3_ext/Memory_reg_uram_0      |     294912 |             |  A:A:4096x72           |  B:B:4096x72           |
| ffnup/lw_inst/weight_mem/weight_banks_4_0_ext/Memory                  |     294912 | RAM_SDP     | 4096x72                | 4096x72                |
|  ffnup/lw_inst/weight_mem/weight_banks_4_0_ext/Memory_reg_uram_0      |     294912 |             |  A:A:4096x72           |  B:B:4096x72           |
| ffnup/lw_inst/weight_mem/weight_banks_4_1_ext/Memory                  |     294912 | RAM_SDP     | 4096x72                | 4096x72                |
|  ffnup/lw_inst/weight_mem/weight_banks_4_1_ext/Memory_reg_uram_0      |     294912 |             |  A:A:4096x72           |  B:B:4096x72           |
| ffnup/lw_inst/weight_mem/weight_banks_4_2_ext/Memory                  |     294912 | RAM_SDP     | 4096x72                | 4096x72                |
|  ffnup/lw_inst/weight_mem/weight_banks_4_2_ext/Memory_reg_uram_0      |     294912 |             |  A:A:4096x72           |  B:B:4096x72           |
| ffnup/lw_inst/weight_mem/weight_banks_4_3_ext/Memory                  |     294912 | RAM_SDP     | 4096x72                | 4096x72                |
|  ffnup/lw_inst/weight_mem/weight_banks_4_3_ext/Memory_reg_uram_0      |     294912 |             |  A:A:4096x72           |  B:B:4096x72           |
| ffnup/lw_inst/weight_mem/weight_banks_5_0_ext/Memory                  |     294912 | RAM_SDP     | 4096x72                | 4096x72                |
|  ffnup/lw_inst/weight_mem/weight_banks_5_0_ext/Memory_reg_uram_0      |     294912 |             |  A:A:4096x72           |  B:B:4096x72           |
| ffnup/lw_inst/weight_mem/weight_banks_5_1_ext/Memory                  |     294912 | RAM_SDP     | 4096x72                | 4096x72                |
|  ffnup/lw_inst/weight_mem/weight_banks_5_1_ext/Memory_reg_uram_0      |     294912 |             |  A:A:4096x72           |  B:B:4096x72           |
| ffnup/lw_inst/weight_mem/weight_banks_5_2_ext/Memory                  |     294912 | RAM_SDP     | 4096x72                | 4096x72                |
|  ffnup/lw_inst/weight_mem/weight_banks_5_2_ext/Memory_reg_uram_0      |     294912 |             |  A:A:4096x72           |  B:B:4096x72           |
| ffnup/lw_inst/weight_mem/weight_banks_5_3_ext/Memory                  |     294912 | RAM_SDP     | 4096x72                | 4096x72                |
|  ffnup/lw_inst/weight_mem/weight_banks_5_3_ext/Memory_reg_uram_0      |     294912 |             |  A:A:4096x72           |  B:B:4096x72           |
| ffnup/lw_inst/weight_mem/weight_banks_6_0_ext/Memory                  |     294912 | RAM_SDP     | 4096x72                | 4096x72                |
|  ffnup/lw_inst/weight_mem/weight_banks_6_0_ext/Memory_reg_uram_0      |     294912 |             |  A:A:4096x72           |  B:B:4096x72           |
| ffnup/lw_inst/weight_mem/weight_banks_6_1_ext/Memory                  |     294912 | RAM_SDP     | 4096x72                | 4096x72                |
|  ffnup/lw_inst/weight_mem/weight_banks_6_1_ext/Memory_reg_uram_0      |     294912 |             |  A:A:4096x72           |  B:B:4096x72           |
| ffnup/lw_inst/weight_mem/weight_banks_6_2_ext/Memory                  |     294912 | RAM_SDP     | 4096x72                | 4096x72                |
|  ffnup/lw_inst/weight_mem/weight_banks_6_2_ext/Memory_reg_uram_0      |     294912 |             |  A:A:4096x72           |  B:B:4096x72           |
| ffnup/lw_inst/weight_mem/weight_banks_6_3_ext/Memory                  |     294912 | RAM_SDP     | 4096x72                | 4096x72                |
|  ffnup/lw_inst/weight_mem/weight_banks_6_3_ext/Memory_reg_uram_0      |     294912 |             |  A:A:4096x72           |  B:B:4096x72           |
| ffnup/lw_inst/weight_mem/weight_banks_7_0_ext/Memory                  |     294912 | RAM_SDP     | 4096x72                | 4096x72                |
|  ffnup/lw_inst/weight_mem/weight_banks_7_0_ext/Memory_reg_uram_0      |     294912 |             |  A:A:4096x72           |  B:B:4096x72           |
| ffnup/lw_inst/weight_mem/weight_banks_7_1_ext/Memory                  |     294912 | RAM_SDP     | 4096x72                | 4096x72                |
|  ffnup/lw_inst/weight_mem/weight_banks_7_1_ext/Memory_reg_uram_0      |     294912 |             |  A:A:4096x72           |  B:B:4096x72           |
| ffnup/lw_inst/weight_mem/weight_banks_7_2_ext/Memory                  |     294912 | RAM_SDP     | 4096x72                | 4096x72                |
|  ffnup/lw_inst/weight_mem/weight_banks_7_2_ext/Memory_reg_uram_0      |     294912 |             |  A:A:4096x72           |  B:B:4096x72           |
| ffnup/lw_inst/weight_mem/weight_banks_7_3_ext/Memory                  |     294912 | RAM_SDP     | 4096x72                | 4096x72                |
|  ffnup/lw_inst/weight_mem/weight_banks_7_3_ext/Memory_reg_uram_0      |     294912 |             |  A:A:4096x72           |  B:B:4096x72           |
| ffnup/lw_inst/weight_mem/weight_banks_8_0_ext/Memory                  |     294912 | RAM_SDP     | 4096x72                | 4096x72                |
|  ffnup/lw_inst/weight_mem/weight_banks_8_0_ext/Memory_reg_uram_0      |     294912 |             |  A:A:4096x72           |  B:B:4096x72           |
| ffnup/lw_inst/weight_mem/weight_banks_8_1_ext/Memory                  |     294912 | RAM_SDP     | 4096x72                | 4096x72                |
|  ffnup/lw_inst/weight_mem/weight_banks_8_1_ext/Memory_reg_uram_0      |     294912 |             |  A:A:4096x72           |  B:B:4096x72           |
| ffnup/lw_inst/weight_mem/weight_banks_8_2_ext/Memory                  |     294912 | RAM_SDP     | 4096x72                | 4096x72                |
|  ffnup/lw_inst/weight_mem/weight_banks_8_2_ext/Memory_reg_uram_0      |     294912 |             |  A:A:4096x72           |  B:B:4096x72           |
| ffnup/lw_inst/weight_mem/weight_banks_8_3_ext/Memory                  |     294912 | RAM_SDP     | 4096x72                | 4096x72                |
|  ffnup/lw_inst/weight_mem/weight_banks_8_3_ext/Memory_reg_uram_0      |     294912 |             |  A:A:4096x72           |  B:B:4096x72           |
| ffnup/lw_inst/weight_mem/weight_banks_9_0_ext/Memory                  |     294912 | RAM_SDP     | 4096x72                | 4096x72                |
|  ffnup/lw_inst/weight_mem/weight_banks_9_0_ext/Memory_reg_uram_0      |     294912 |             |  A:A:4096x72           |  B:B:4096x72           |
| ffnup/lw_inst/weight_mem/weight_banks_9_1_ext/Memory                  |     294912 | RAM_SDP     | 4096x72                | 4096x72                |
|  ffnup/lw_inst/weight_mem/weight_banks_9_1_ext/Memory_reg_uram_0      |     294912 |             |  A:A:4096x72           |  B:B:4096x72           |
| ffnup/lw_inst/weight_mem/weight_banks_9_2_ext/Memory                  |     294912 | RAM_SDP     | 4096x72                | 4096x72                |
|  ffnup/lw_inst/weight_mem/weight_banks_9_2_ext/Memory_reg_uram_0      |     294912 |             |  A:A:4096x72           |  B:B:4096x72           |
| ffnup/lw_inst/weight_mem/weight_banks_9_3_ext/Memory                  |     294912 | RAM_SDP     | 4096x72                | 4096x72                |
|  ffnup/lw_inst/weight_mem/weight_banks_9_3_ext/Memory_reg_uram_0      |     294912 |             |  A:A:4096x72           |  B:B:4096x72           |
| outlinear/lw_inst/weight_mem/weight_banks_0_0_ext/Memory              |     294912 | RAM_SDP     | 4096x72                | 4096x72                |
|  outlinear/lw_inst/weight_mem/weight_banks_0_0_ext/Memory_reg_uram_0  |     294912 |             |  A:A:4096x72           |  B:B:4096x72           |
| outlinear/lw_inst/weight_mem/weight_banks_0_1_ext/Memory              |     294912 | RAM_SDP     | 4096x72                | 4096x72                |
|  outlinear/lw_inst/weight_mem/weight_banks_0_1_ext/Memory_reg_uram_0  |     294912 |             |  A:A:4096x72           |  B:B:4096x72           |
| outlinear/lw_inst/weight_mem/weight_banks_0_2_ext/Memory              |     294912 | RAM_SDP     | 4096x72                | 4096x72                |
|  outlinear/lw_inst/weight_mem/weight_banks_0_2_ext/Memory_reg_uram_0  |     294912 |             |  A:A:4096x72           |  B:B:4096x72           |
| outlinear/lw_inst/weight_mem/weight_banks_0_3_ext/Memory              |     294912 | RAM_SDP     | 4096x72                | 4096x72                |
|  outlinear/lw_inst/weight_mem/weight_banks_0_3_ext/Memory_reg_uram_0  |     294912 |             |  A:A:4096x72           |  B:B:4096x72           |
| outlinear/lw_inst/weight_mem/weight_banks_1_0_ext/Memory              |     294912 | RAM_SDP     | 4096x72                | 4096x72                |
|  outlinear/lw_inst/weight_mem/weight_banks_1_0_ext/Memory_reg_uram_0  |     294912 |             |  A:A:4096x72           |  B:B:4096x72           |
| outlinear/lw_inst/weight_mem/weight_banks_1_1_ext/Memory              |     294912 | RAM_SDP     | 4096x72                | 4096x72                |
|  outlinear/lw_inst/weight_mem/weight_banks_1_1_ext/Memory_reg_uram_0  |     294912 |             |  A:A:4096x72           |  B:B:4096x72           |
| outlinear/lw_inst/weight_mem/weight_banks_1_2_ext/Memory              |     294912 | RAM_SDP     | 4096x72                | 4096x72                |
|  outlinear/lw_inst/weight_mem/weight_banks_1_2_ext/Memory_reg_uram_0  |     294912 |             |  A:A:4096x72           |  B:B:4096x72           |
| outlinear/lw_inst/weight_mem/weight_banks_1_3_ext/Memory              |     294912 | RAM_SDP     | 4096x72                | 4096x72                |
|  outlinear/lw_inst/weight_mem/weight_banks_1_3_ext/Memory_reg_uram_0  |     294912 |             |  A:A:4096x72           |  B:B:4096x72           |
| outlinear/lw_inst/weight_mem/weight_banks_2_0_ext/Memory              |     294912 | RAM_SDP     | 4096x72                | 4096x72                |
|  outlinear/lw_inst/weight_mem/weight_banks_2_0_ext/Memory_reg_uram_0  |     294912 |             |  A:A:4096x72           |  B:B:4096x72           |
| outlinear/lw_inst/weight_mem/weight_banks_2_1_ext/Memory              |     294912 | RAM_SDP     | 4096x72                | 4096x72                |
|  outlinear/lw_inst/weight_mem/weight_banks_2_1_ext/Memory_reg_uram_0  |     294912 |             |  A:A:4096x72           |  B:B:4096x72           |
| outlinear/lw_inst/weight_mem/weight_banks_2_2_ext/Memory              |     294912 | RAM_SDP     | 4096x72                | 4096x72                |
|  outlinear/lw_inst/weight_mem/weight_banks_2_2_ext/Memory_reg_uram_0  |     294912 |             |  A:A:4096x72           |  B:B:4096x72           |
| outlinear/lw_inst/weight_mem/weight_banks_2_3_ext/Memory              |     294912 | RAM_SDP     | 4096x72                | 4096x72                |
|  outlinear/lw_inst/weight_mem/weight_banks_2_3_ext/Memory_reg_uram_0  |     294912 |             |  A:A:4096x72           |  B:B:4096x72           |
| outlinear/lw_inst/weight_mem/weight_banks_3_0_ext/Memory              |     294912 | RAM_SDP     | 4096x72                | 4096x72                |
|  outlinear/lw_inst/weight_mem/weight_banks_3_0_ext/Memory_reg_uram_0  |     294912 |             |  A:A:4096x72           |  B:B:4096x72           |
| outlinear/lw_inst/weight_mem/weight_banks_3_1_ext/Memory              |     294912 | RAM_SDP     | 4096x72                | 4096x72                |
|  outlinear/lw_inst/weight_mem/weight_banks_3_1_ext/Memory_reg_uram_0  |     294912 |             |  A:A:4096x72           |  B:B:4096x72           |
| outlinear/lw_inst/weight_mem/weight_banks_3_2_ext/Memory              |     294912 | RAM_SDP     | 4096x72                | 4096x72                |
|  outlinear/lw_inst/weight_mem/weight_banks_3_2_ext/Memory_reg_uram_0  |     294912 |             |  A:A:4096x72           |  B:B:4096x72           |
| outlinear/lw_inst/weight_mem/weight_banks_3_3_ext/Memory              |     294912 | RAM_SDP     | 4096x72                | 4096x72                |
|  outlinear/lw_inst/weight_mem/weight_banks_3_3_ext/Memory_reg_uram_0  |     294912 |             |  A:A:4096x72           |  B:B:4096x72           |
| outlinear/lw_inst/weight_mem/weight_banks_4_0_ext/Memory              |     294912 | RAM_SDP     | 4096x72                | 4096x72                |
|  outlinear/lw_inst/weight_mem/weight_banks_4_0_ext/Memory_reg_uram_0  |     294912 |             |  A:A:4096x72           |  B:B:4096x72           |
| outlinear/lw_inst/weight_mem/weight_banks_4_1_ext/Memory              |     294912 | RAM_SDP     | 4096x72                | 4096x72                |
|  outlinear/lw_inst/weight_mem/weight_banks_4_1_ext/Memory_reg_uram_0  |     294912 |             |  A:A:4096x72           |  B:B:4096x72           |
| outlinear/lw_inst/weight_mem/weight_banks_4_2_ext/Memory              |     294912 | RAM_SDP     | 4096x72                | 4096x72                |
|  outlinear/lw_inst/weight_mem/weight_banks_4_2_ext/Memory_reg_uram_0  |     294912 |             |  A:A:4096x72           |  B:B:4096x72           |
| outlinear/lw_inst/weight_mem/weight_banks_4_3_ext/Memory              |     294912 | RAM_SDP     | 4096x72                | 4096x72                |
|  outlinear/lw_inst/weight_mem/weight_banks_4_3_ext/Memory_reg_uram_0  |     294912 |             |  A:A:4096x72           |  B:B:4096x72           |
| qkvlinear/lw_inst/weight_mem/weight_banks_0_0_ext/Memory              |     294912 | RAM_SDP     | 4096x72                | 4096x72                |
|  qkvlinear/lw_inst/weight_mem/weight_banks_0_0_ext/Memory_reg_uram_0  |     294912 |             |  A:A:4096x72           |  B:B:4096x72           |
| qkvlinear/lw_inst/weight_mem/weight_banks_0_1_ext/Memory              |     294912 | RAM_SDP     | 4096x72                | 4096x72                |
|  qkvlinear/lw_inst/weight_mem/weight_banks_0_1_ext/Memory_reg_uram_0  |     294912 |             |  A:A:4096x72           |  B:B:4096x72           |
| qkvlinear/lw_inst/weight_mem/weight_banks_0_2_ext/Memory              |     294912 | RAM_SDP     | 4096x72                | 4096x72                |
|  qkvlinear/lw_inst/weight_mem/weight_banks_0_2_ext/Memory_reg_uram_0  |     294912 |             |  A:A:4096x72           |  B:B:4096x72           |
| qkvlinear/lw_inst/weight_mem/weight_banks_0_3_ext/Memory              |     294912 | RAM_SDP     | 4096x72                | 4096x72                |
|  qkvlinear/lw_inst/weight_mem/weight_banks_0_3_ext/Memory_reg_uram_0  |     294912 |             |  A:A:4096x72           |  B:B:4096x72           |
| qkvlinear/lw_inst/weight_mem/weight_banks_10_0_ext/Memory             |     294912 | RAM_SDP     | 4096x72                | 4096x72                |
|  qkvlinear/lw_inst/weight_mem/weight_banks_10_0_ext/Memory_reg_uram_0 |     294912 |             |  A:A:4096x72           |  B:B:4096x72           |
| qkvlinear/lw_inst/weight_mem/weight_banks_10_1_ext/Memory             |     294912 | RAM_SDP     | 4096x72                | 4096x72                |
|  qkvlinear/lw_inst/weight_mem/weight_banks_10_1_ext/Memory_reg_uram_0 |     294912 |             |  A:A:4096x72           |  B:B:4096x72           |
| qkvlinear/lw_inst/weight_mem/weight_banks_10_2_ext/Memory             |     294912 | RAM_SDP     | 4096x72                | 4096x72                |
|  qkvlinear/lw_inst/weight_mem/weight_banks_10_2_ext/Memory_reg_uram_0 |     294912 |             |  A:A:4096x72           |  B:B:4096x72           |
| qkvlinear/lw_inst/weight_mem/weight_banks_10_3_ext/Memory             |     294912 | RAM_SDP     | 4096x72                | 4096x72                |
|  qkvlinear/lw_inst/weight_mem/weight_banks_10_3_ext/Memory_reg_uram_0 |     294912 |             |  A:A:4096x72           |  B:B:4096x72           |
| qkvlinear/lw_inst/weight_mem/weight_banks_11_0_ext/Memory             |     294912 | RAM_SDP     | 4096x72                | 4096x72                |
|  qkvlinear/lw_inst/weight_mem/weight_banks_11_0_ext/Memory_reg_uram_0 |     294912 |             |  A:A:4096x72           |  B:B:4096x72           |
| qkvlinear/lw_inst/weight_mem/weight_banks_11_1_ext/Memory             |     294912 | RAM_SDP     | 4096x72                | 4096x72                |
|  qkvlinear/lw_inst/weight_mem/weight_banks_11_1_ext/Memory_reg_uram_0 |     294912 |             |  A:A:4096x72           |  B:B:4096x72           |
| qkvlinear/lw_inst/weight_mem/weight_banks_11_2_ext/Memory             |     294912 | RAM_SDP     | 4096x72                | 4096x72                |
|  qkvlinear/lw_inst/weight_mem/weight_banks_11_2_ext/Memory_reg_uram_0 |     294912 |             |  A:A:4096x72           |  B:B:4096x72           |
| qkvlinear/lw_inst/weight_mem/weight_banks_11_3_ext/Memory             |     294912 | RAM_SDP     | 4096x72                | 4096x72                |
|  qkvlinear/lw_inst/weight_mem/weight_banks_11_3_ext/Memory_reg_uram_0 |     294912 |             |  A:A:4096x72           |  B:B:4096x72           |
| qkvlinear/lw_inst/weight_mem/weight_banks_1_0_ext/Memory              |     294912 | RAM_SDP     | 4096x72                | 4096x72                |
|  qkvlinear/lw_inst/weight_mem/weight_banks_1_0_ext/Memory_reg_uram_0  |     294912 |             |  A:A:4096x72           |  B:B:4096x72           |
| qkvlinear/lw_inst/weight_mem/weight_banks_1_1_ext/Memory              |     294912 | RAM_SDP     | 4096x72                | 4096x72                |
|  qkvlinear/lw_inst/weight_mem/weight_banks_1_1_ext/Memory_reg_uram_0  |     294912 |             |  A:A:4096x72           |  B:B:4096x72           |
| qkvlinear/lw_inst/weight_mem/weight_banks_1_2_ext/Memory              |     294912 | RAM_SDP     | 4096x72                | 4096x72                |
|  qkvlinear/lw_inst/weight_mem/weight_banks_1_2_ext/Memory_reg_uram_0  |     294912 |             |  A:A:4096x72           |  B:B:4096x72           |
| qkvlinear/lw_inst/weight_mem/weight_banks_1_3_ext/Memory              |     294912 | RAM_SDP     | 4096x72                | 4096x72                |
|  qkvlinear/lw_inst/weight_mem/weight_banks_1_3_ext/Memory_reg_uram_0  |     294912 |             |  A:A:4096x72           |  B:B:4096x72           |
| qkvlinear/lw_inst/weight_mem/weight_banks_2_0_ext/Memory              |     294912 | RAM_SDP     | 4096x72                | 4096x72                |
|  qkvlinear/lw_inst/weight_mem/weight_banks_2_0_ext/Memory_reg_uram_0  |     294912 |             |  A:A:4096x72           |  B:B:4096x72           |
| qkvlinear/lw_inst/weight_mem/weight_banks_2_1_ext/Memory              |     294912 | RAM_SDP     | 4096x72                | 4096x72                |
|  qkvlinear/lw_inst/weight_mem/weight_banks_2_1_ext/Memory_reg_uram_0  |     294912 |             |  A:A:4096x72           |  B:B:4096x72           |
| qkvlinear/lw_inst/weight_mem/weight_banks_2_2_ext/Memory              |     294912 | RAM_SDP     | 4096x72                | 4096x72                |
|  qkvlinear/lw_inst/weight_mem/weight_banks_2_2_ext/Memory_reg_uram_0  |     294912 |             |  A:A:4096x72           |  B:B:4096x72           |
| qkvlinear/lw_inst/weight_mem/weight_banks_2_3_ext/Memory              |     294912 | RAM_SDP     | 4096x72                | 4096x72                |
|  qkvlinear/lw_inst/weight_mem/weight_banks_2_3_ext/Memory_reg_uram_0  |     294912 |             |  A:A:4096x72           |  B:B:4096x72           |
| qkvlinear/lw_inst/weight_mem/weight_banks_3_0_ext/Memory              |     294912 | RAM_SDP     | 4096x72                | 4096x72                |
|  qkvlinear/lw_inst/weight_mem/weight_banks_3_0_ext/Memory_reg_uram_0  |     294912 |             |  A:A:4096x72           |  B:B:4096x72           |
| qkvlinear/lw_inst/weight_mem/weight_banks_3_1_ext/Memory              |     294912 | RAM_SDP     | 4096x72                | 4096x72                |
|  qkvlinear/lw_inst/weight_mem/weight_banks_3_1_ext/Memory_reg_uram_0  |     294912 |             |  A:A:4096x72           |  B:B:4096x72           |
| qkvlinear/lw_inst/weight_mem/weight_banks_3_2_ext/Memory              |     294912 | RAM_SDP     | 4096x72                | 4096x72                |
|  qkvlinear/lw_inst/weight_mem/weight_banks_3_2_ext/Memory_reg_uram_0  |     294912 |             |  A:A:4096x72           |  B:B:4096x72           |
| qkvlinear/lw_inst/weight_mem/weight_banks_3_3_ext/Memory              |     294912 | RAM_SDP     | 4096x72                | 4096x72                |
|  qkvlinear/lw_inst/weight_mem/weight_banks_3_3_ext/Memory_reg_uram_0  |     294912 |             |  A:A:4096x72           |  B:B:4096x72           |
| qkvlinear/lw_inst/weight_mem/weight_banks_4_0_ext/Memory              |     294912 | RAM_SDP     | 4096x72                | 4096x72                |
|  qkvlinear/lw_inst/weight_mem/weight_banks_4_0_ext/Memory_reg_uram_0  |     294912 |             |  A:A:4096x72           |  B:B:4096x72           |
| qkvlinear/lw_inst/weight_mem/weight_banks_4_1_ext/Memory              |     294912 | RAM_SDP     | 4096x72                | 4096x72                |
|  qkvlinear/lw_inst/weight_mem/weight_banks_4_1_ext/Memory_reg_uram_0  |     294912 |             |  A:A:4096x72           |  B:B:4096x72           |
| qkvlinear/lw_inst/weight_mem/weight_banks_4_2_ext/Memory              |     294912 | RAM_SDP     | 4096x72                | 4096x72                |
|  qkvlinear/lw_inst/weight_mem/weight_banks_4_2_ext/Memory_reg_uram_0  |     294912 |             |  A:A:4096x72           |  B:B:4096x72           |
| qkvlinear/lw_inst/weight_mem/weight_banks_4_3_ext/Memory              |     294912 | RAM_SDP     | 4096x72                | 4096x72                |
|  qkvlinear/lw_inst/weight_mem/weight_banks_4_3_ext/Memory_reg_uram_0  |     294912 |             |  A:A:4096x72           |  B:B:4096x72           |
| qkvlinear/lw_inst/weight_mem/weight_banks_5_0_ext/Memory              |     294912 | RAM_SDP     | 4096x72                | 4096x72                |
|  qkvlinear/lw_inst/weight_mem/weight_banks_5_0_ext/Memory_reg_uram_0  |     294912 |             |  A:A:4096x72           |  B:B:4096x72           |
| qkvlinear/lw_inst/weight_mem/weight_banks_5_1_ext/Memory              |     294912 | RAM_SDP     | 4096x72                | 4096x72                |
|  qkvlinear/lw_inst/weight_mem/weight_banks_5_1_ext/Memory_reg_uram_0  |     294912 |             |  A:A:4096x72           |  B:B:4096x72           |
| qkvlinear/lw_inst/weight_mem/weight_banks_5_2_ext/Memory              |     294912 | RAM_SDP     | 4096x72                | 4096x72                |
|  qkvlinear/lw_inst/weight_mem/weight_banks_5_2_ext/Memory_reg_uram_0  |     294912 |             |  A:A:4096x72           |  B:B:4096x72           |
| qkvlinear/lw_inst/weight_mem/weight_banks_5_3_ext/Memory              |     294912 | RAM_SDP     | 4096x72                | 4096x72                |
|  qkvlinear/lw_inst/weight_mem/weight_banks_5_3_ext/Memory_reg_uram_0  |     294912 |             |  A:A:4096x72           |  B:B:4096x72           |
| qkvlinear/lw_inst/weight_mem/weight_banks_6_0_ext/Memory              |     294912 | RAM_SDP     | 4096x72                | 4096x72                |
|  qkvlinear/lw_inst/weight_mem/weight_banks_6_0_ext/Memory_reg_uram_0  |     294912 |             |  A:A:4096x72           |  B:B:4096x72           |
| qkvlinear/lw_inst/weight_mem/weight_banks_6_1_ext/Memory              |     294912 | RAM_SDP     | 4096x72                | 4096x72                |
|  qkvlinear/lw_inst/weight_mem/weight_banks_6_1_ext/Memory_reg_uram_0  |     294912 |             |  A:A:4096x72           |  B:B:4096x72           |
| qkvlinear/lw_inst/weight_mem/weight_banks_6_2_ext/Memory              |     294912 | RAM_SDP     | 4096x72                | 4096x72                |
|  qkvlinear/lw_inst/weight_mem/weight_banks_6_2_ext/Memory_reg_uram_0  |     294912 |             |  A:A:4096x72           |  B:B:4096x72           |
| qkvlinear/lw_inst/weight_mem/weight_banks_6_3_ext/Memory              |     294912 | RAM_SDP     | 4096x72                | 4096x72                |
|  qkvlinear/lw_inst/weight_mem/weight_banks_6_3_ext/Memory_reg_uram_0  |     294912 |             |  A:A:4096x72           |  B:B:4096x72           |
| qkvlinear/lw_inst/weight_mem/weight_banks_7_0_ext/Memory              |     294912 | RAM_SDP     | 4096x72                | 4096x72                |
|  qkvlinear/lw_inst/weight_mem/weight_banks_7_0_ext/Memory_reg_uram_0  |     294912 |             |  A:A:4096x72           |  B:B:4096x72           |
| qkvlinear/lw_inst/weight_mem/weight_banks_7_1_ext/Memory              |     294912 | RAM_SDP     | 4096x72                | 4096x72                |
|  qkvlinear/lw_inst/weight_mem/weight_banks_7_1_ext/Memory_reg_uram_0  |     294912 |             |  A:A:4096x72           |  B:B:4096x72           |
| qkvlinear/lw_inst/weight_mem/weight_banks_7_2_ext/Memory              |     294912 | RAM_SDP     | 4096x72                | 4096x72                |
|  qkvlinear/lw_inst/weight_mem/weight_banks_7_2_ext/Memory_reg_uram_0  |     294912 |             |  A:A:4096x72           |  B:B:4096x72           |
| qkvlinear/lw_inst/weight_mem/weight_banks_7_3_ext/Memory              |     294912 | RAM_SDP     | 4096x72                | 4096x72                |
|  qkvlinear/lw_inst/weight_mem/weight_banks_7_3_ext/Memory_reg_uram_0  |     294912 |             |  A:A:4096x72           |  B:B:4096x72           |
| qkvlinear/lw_inst/weight_mem/weight_banks_8_0_ext/Memory              |     294912 | RAM_SDP     | 4096x72                | 4096x72                |
|  qkvlinear/lw_inst/weight_mem/weight_banks_8_0_ext/Memory_reg_uram_0  |     294912 |             |  A:A:4096x72           |  B:B:4096x72           |
| qkvlinear/lw_inst/weight_mem/weight_banks_8_1_ext/Memory              |     294912 | RAM_SDP     | 4096x72                | 4096x72                |
|  qkvlinear/lw_inst/weight_mem/weight_banks_8_1_ext/Memory_reg_uram_0  |     294912 |             |  A:A:4096x72           |  B:B:4096x72           |
| qkvlinear/lw_inst/weight_mem/weight_banks_8_2_ext/Memory              |     294912 | RAM_SDP     | 4096x72                | 4096x72                |
|  qkvlinear/lw_inst/weight_mem/weight_banks_8_2_ext/Memory_reg_uram_0  |     294912 |             |  A:A:4096x72           |  B:B:4096x72           |
| qkvlinear/lw_inst/weight_mem/weight_banks_8_3_ext/Memory              |     294912 | RAM_SDP     | 4096x72                | 4096x72                |
|  qkvlinear/lw_inst/weight_mem/weight_banks_8_3_ext/Memory_reg_uram_0  |     294912 |             |  A:A:4096x72           |  B:B:4096x72           |
| qkvlinear/lw_inst/weight_mem/weight_banks_9_0_ext/Memory              |     294912 | RAM_SDP     | 4096x72                | 4096x72                |
|  qkvlinear/lw_inst/weight_mem/weight_banks_9_0_ext/Memory_reg_uram_0  |     294912 |             |  A:A:4096x72           |  B:B:4096x72           |
| qkvlinear/lw_inst/weight_mem/weight_banks_9_1_ext/Memory              |     294912 | RAM_SDP     | 4096x72                | 4096x72                |
|  qkvlinear/lw_inst/weight_mem/weight_banks_9_1_ext/Memory_reg_uram_0  |     294912 |             |  A:A:4096x72           |  B:B:4096x72           |
| qkvlinear/lw_inst/weight_mem/weight_banks_9_2_ext/Memory              |     294912 | RAM_SDP     | 4096x72                | 4096x72                |
|  qkvlinear/lw_inst/weight_mem/weight_banks_9_2_ext/Memory_reg_uram_0  |     294912 |             |  A:A:4096x72           |  B:B:4096x72           |
| qkvlinear/lw_inst/weight_mem/weight_banks_9_3_ext/Memory              |     294912 | RAM_SDP     | 4096x72                | 4096x72                |
|  qkvlinear/lw_inst/weight_mem/weight_banks_9_3_ext/Memory_reg_uram_0  |     294912 |             |  A:A:4096x72           |  B:B:4096x72           |
| ffndown/mem_inst/mem0_ext/Memory                                      |     196608 | RAM_SDP     | 6144x32                | 5461x36                |
|  ffndown/mem_inst/mem0_ext/Memory_reg_bram_0                          |      36864 |             |  A:A:1024x32           |  B:B:1024x36           |
|  ffndown/mem_inst/mem0_ext/Memory_reg_bram_1                          |      36864 |             |  A:A:1024x32           |  B:B:1024x36           |
|  ffndown/mem_inst/mem0_ext/Memory_reg_bram_2                          |      36864 |             |  A:A:1024x31           |  B:B:1024x36           |
|  ffndown/mem_inst/mem0_ext/Memory_reg_bram_3                          |      36864 |             |  A:A:1024x31           |  B:B:1024x36           |
|  ffndown/mem_inst/mem0_ext/Memory_reg_bram_4                          |      36864 |             |  A:A:2048x16           |  B:B:2048x18           |
|  ffndown/mem_inst/mem0_ext/Memory_reg_bram_5                          |      12288 |             |  A:A:2048x5            |  B:B:2048x6            |
| ffndown/mem_inst/mem1_ext/Memory                                      |     196608 | RAM_SDP     | 6144x32                | 5461x36                |
|  ffndown/mem_inst/mem1_ext/Memory_reg_bram_0                          |      36864 |             |  A:A:1024x32           |  B:B:1024x36           |
|  ffndown/mem_inst/mem1_ext/Memory_reg_bram_1                          |      36864 |             |  A:A:1024x32           |  B:B:1024x36           |
|  ffndown/mem_inst/mem1_ext/Memory_reg_bram_2                          |      36864 |             |  A:A:1024x31           |  B:B:1024x36           |
|  ffndown/mem_inst/mem1_ext/Memory_reg_bram_3                          |      36864 |             |  A:A:1024x31           |  B:B:1024x36           |
|  ffndown/mem_inst/mem1_ext/Memory_reg_bram_4                          |      36864 |             |  A:A:2048x16           |  B:B:2048x18           |
|  ffndown/mem_inst/mem1_ext/Memory_reg_bram_5                          |      12288 |             |  A:A:2048x5            |  B:B:2048x6            |
| ffnup/mem_inst/mem0_ext/Memory                                        |     196608 | RAM_SDP     | 5461x36                | 5461x36                |
|  ffnup/mem_inst/mem0_ext/Memory_reg_bram_0                            |      36864 |             |  A:A:1024x36           |  B:B:1024x36           |
|  ffnup/mem_inst/mem0_ext/Memory_reg_bram_1                            |      36864 |             |  A:A:1024x36           |  B:B:1024x36           |
|  ffnup/mem_inst/mem0_ext/Memory_reg_bram_2                            |      36864 |             |  A:A:1024x36           |  B:B:1024x36           |
|  ffnup/mem_inst/mem0_ext/Memory_reg_bram_3                            |      36864 |             |  A:A:1024x36           |  B:B:1024x36           |
|  ffnup/mem_inst/mem0_ext/Memory_reg_bram_4                            |      36864 |             |  A:A:2048x18           |  B:B:2048x18           |
|  ffnup/mem_inst/mem0_ext/Memory_reg_bram_5                            |      12288 |             |  A:A:2048x6            |  B:B:2048x6            |
| ffnup/mem_inst/mem1_ext/Memory                                        |     196608 | RAM_SDP     | 5461x36                | 5461x36                |
|  ffnup/mem_inst/mem1_ext/Memory_reg_bram_0                            |      36864 |             |  A:A:1024x36           |  B:B:1024x36           |
|  ffnup/mem_inst/mem1_ext/Memory_reg_bram_1                            |      36864 |             |  A:A:1024x36           |  B:B:1024x36           |
|  ffnup/mem_inst/mem1_ext/Memory_reg_bram_2                            |      36864 |             |  A:A:1024x36           |  B:B:1024x36           |
|  ffnup/mem_inst/mem1_ext/Memory_reg_bram_3                            |      36864 |             |  A:A:1024x36           |  B:B:1024x36           |
|  ffnup/mem_inst/mem1_ext/Memory_reg_bram_4                            |      36864 |             |  A:A:2048x18           |  B:B:2048x18           |
|  ffnup/mem_inst/mem1_ext/Memory_reg_bram_5                            |      12288 |             |  A:A:2048x6            |  B:B:2048x6            |
| outlinear/mem_inst/mem0_ext/Memory                                    |     196608 | RAM_SDP     | 5461x36                | 5461x36                |
|  outlinear/mem_inst/mem0_ext/Memory_reg_bram_0                        |      36864 |             |  A:A:1024x36           |  B:B:1024x36           |
|  outlinear/mem_inst/mem0_ext/Memory_reg_bram_1                        |      36864 |             |  A:A:1024x36           |  B:B:1024x36           |
|  outlinear/mem_inst/mem0_ext/Memory_reg_bram_2                        |      36864 |             |  A:A:1024x36           |  B:B:1024x36           |
|  outlinear/mem_inst/mem0_ext/Memory_reg_bram_3                        |      36864 |             |  A:A:1024x36           |  B:B:1024x36           |
|  outlinear/mem_inst/mem0_ext/Memory_reg_bram_4                        |      36864 |             |  A:A:2048x18           |  B:B:2048x18           |
|  outlinear/mem_inst/mem0_ext/Memory_reg_bram_5                        |      12288 |             |  A:A:2048x6            |  B:B:2048x6            |
| outlinear/mem_inst/mem1_ext/Memory                                    |     196608 | RAM_SDP     | 5461x36                | 5461x36                |
|  outlinear/mem_inst/mem1_ext/Memory_reg_bram_0                        |      36864 |             |  A:A:1024x36           |  B:B:1024x36           |
|  outlinear/mem_inst/mem1_ext/Memory_reg_bram_1                        |      36864 |             |  A:A:1024x36           |  B:B:1024x36           |
|  outlinear/mem_inst/mem1_ext/Memory_reg_bram_2                        |      36864 |             |  A:A:1024x36           |  B:B:1024x36           |
|  outlinear/mem_inst/mem1_ext/Memory_reg_bram_3                        |      36864 |             |  A:A:1024x36           |  B:B:1024x36           |
|  outlinear/mem_inst/mem1_ext/Memory_reg_bram_4                        |      36864 |             |  A:A:2048x18           |  B:B:2048x18           |
|  outlinear/mem_inst/mem1_ext/Memory_reg_bram_5                        |      12288 |             |  A:A:2048x6            |  B:B:2048x6            |
| qkvlinear/mem_inst/mem0_ext/Memory                                    |     196608 | RAM_SDP     | 5461x36                | 5461x36                |
|  qkvlinear/mem_inst/mem0_ext/Memory_reg_bram_0                        |      36864 |             |  A:A:1024x36           |  B:B:1024x36           |
|  qkvlinear/mem_inst/mem0_ext/Memory_reg_bram_1                        |      36864 |             |  A:A:1024x36           |  B:B:1024x36           |
|  qkvlinear/mem_inst/mem0_ext/Memory_reg_bram_2                        |      36864 |             |  A:A:1024x36           |  B:B:1024x36           |
|  qkvlinear/mem_inst/mem0_ext/Memory_reg_bram_3                        |      36864 |             |  A:A:1024x36           |  B:B:1024x36           |
|  qkvlinear/mem_inst/mem0_ext/Memory_reg_bram_4                        |      36864 |             |  A:A:2048x18           |  B:B:2048x18           |
|  qkvlinear/mem_inst/mem0_ext/Memory_reg_bram_5                        |      12288 |             |  A:A:2048x6            |  B:B:2048x6            |
| qkvlinear/mem_inst/mem1_ext/Memory                                    |     196608 | RAM_SDP     | 5461x36                | 5461x36                |
|  qkvlinear/mem_inst/mem1_ext/Memory_reg_bram_0                        |      36864 |             |  A:A:1024x36           |  B:B:1024x36           |
|  qkvlinear/mem_inst/mem1_ext/Memory_reg_bram_1                        |      36864 |             |  A:A:1024x36           |  B:B:1024x36           |
|  qkvlinear/mem_inst/mem1_ext/Memory_reg_bram_2                        |      36864 |             |  A:A:1024x36           |  B:B:1024x36           |
|  qkvlinear/mem_inst/mem1_ext/Memory_reg_bram_3                        |      36864 |             |  A:A:1024x36           |  B:B:1024x36           |
|  qkvlinear/mem_inst/mem1_ext/Memory_reg_bram_4                        |      36864 |             |  A:A:2048x18           |  B:B:2048x18           |
|  qkvlinear/mem_inst/mem1_ext/Memory_reg_bram_5                        |      12288 |             |  A:A:2048x6            |  B:B:2048x6            |
| atten/dm1/mem_inst/mem/mem_ext/Memory                                 |      65536 | RAM_SDP     | 3640x18                | 3640x18                |
|  atten/dm1/mem_inst/mem/mem_ext/Memory_reg_bram_0                     |      36864 |             |  A:A:2048x18           |  B:B:2048x18           |
|  atten/dm1/mem_inst/mem/mem_ext/Memory_reg_bram_1                     |      28672 |             |  A:A:2048x14           |  B:B:2048x14           |
| atten/dm2/vmemInst/mem/mem_ext/Memory                                 |      32768 | RAM_SDP     | 910x36                 | 910x36                 |
|  atten/dm2/vmemInst/mem/mem_ext/Memory_reg_0                          |      36864 |             |  B:B:64x72             |  A:A:64x72             |
|  atten/dm2/vmemInst/mem/mem_ext/Memory_reg_1                          |      36864 |             |  B:B:64x72             |  A:A:64x72             |
|  atten/dm2/vmemInst/mem/mem_ext/Memory_reg_2                          |      36864 |             |  B:B:64x72             |  A:A:64x72             |
|  atten/dm2/vmemInst/mem/mem_ext/Memory_reg_3                          |      36864 |             |  B:B:64x72             |  A:A:64x72             |
|  atten/dm2/vmemInst/mem/mem_ext/Memory_reg_4                          |      36864 |             |  B:B:64x72             |  A:A:64x72             |
|  atten/dm2/vmemInst/mem/mem_ext/Memory_reg_5                          |      36864 |             |  B:B:64x72             |  A:A:64x72             |
|  atten/dm2/vmemInst/mem/mem_ext/Memory_reg_6                          |      36864 |             |  B:B:64x72             |  A:A:64x72             |
|  atten/dm2/vmemInst/mem/mem_ext/Memory_reg_7                          |       4096 |             |                        |  A:A:64x8              |
| atten/vcache/mem_inst/mem_list_0/mem_ext/Memory                       |      16384 | RAM_SDP     | 1024x16                | 1024x16                |
|  atten/vcache/mem_inst/mem_list_0/mem_ext/Memory_reg_bram_0           |      16384 |             |  A:A:1024x16           |  B:B:1024x16           |
| atten/vcache/mem_inst/mem_list_1/mem_ext/Memory                       |      16384 | RAM_SDP     | 1024x16                | 1024x16                |
|  atten/vcache/mem_inst/mem_list_1/mem_ext/Memory_reg_bram_0           |      16384 |             |  A:A:1024x16           |  B:B:1024x16           |
| atten/vcache/mem_inst/mem_list_2/mem_ext/Memory                       |      16384 | RAM_SDP     | 1024x16                | 1024x16                |
|  atten/vcache/mem_inst/mem_list_2/mem_ext/Memory_reg_bram_0           |      16384 |             |  A:A:1024x16           |  B:B:1024x16           |
| atten/dm2/ctxmemInst/mem/mem_ext/Memory                               |      13312 | RAM_SDP     | 369x36                 | 369x36                 |
|  atten/dm2/ctxmemInst/mem/mem_ext/Memory_reg_0                        |      36864 |             |  B:B:64x72             |  A:A:64x72             |
|  atten/dm2/ctxmemInst/mem/mem_ext/Memory_reg_1                        |      36864 |             |  B:B:64x72             |  A:A:64x72             |
|  atten/dm2/ctxmemInst/mem/mem_ext/Memory_reg_2                        |      32768 |             |  B:B:64x64             |  A:A:64x64             |
+-----------------------------------------------------------------------+------------+-------------+------------------------+------------------------+


3. Memory Utilization - Inferred
--------------------------------

+-----------------------------------------------------------------------+-----------+----------------+-----------+-----------+---------+---------------+---------------+---------+---------------+---------------+---------+---------------+---------------+---------+---------------+---------------+
| Memory Name                                                           | Primitive | Available Bits | Used Bits | Bit Util% | A Depth | A Depth Avail | A Depth Util% | A Width | A Width Avail | A Width Util% | B Depth | B Depth Avail | B Depth Util% | B Width | B Width Avail | B Width Util% |
+-----------------------------------------------------------------------+-----------+----------------+-----------+-----------+---------+---------------+---------------+---------+---------------+---------------+---------+---------------+---------------+---------+---------------+---------------+
| atten/softmax/memInst/mem/mem_ext/Memory                              |           |                |           |           |         |               |               |         |               |               |         |               |               |         |               |               |
|  atten/softmax/memInst/mem/mem_ext/Memory_reg_uram_0                  | URAM288   |         294912 |      4608 |      1.56 |      64 |          4096 |          1.56 |      72 |            72 |        100.00 |      64 |          4096 |          1.56 |      72 |            72 |        100.00 |
|  atten/softmax/memInst/mem/mem_ext/Memory_reg_uram_1                  | URAM288   |         294912 |      4608 |      1.56 |      64 |          4096 |          1.56 |      72 |            72 |        100.00 |      64 |          4096 |          1.56 |      72 |            72 |        100.00 |
|  atten/softmax/memInst/mem/mem_ext/Memory_reg_uram_2                  | URAM288   |         294912 |      4608 |      1.56 |      64 |          4096 |          1.56 |      72 |            72 |        100.00 |      64 |          4096 |          1.56 |      72 |            72 |        100.00 |
|  atten/softmax/memInst/mem/mem_ext/Memory_reg_uram_3                  | URAM288   |         294912 |      4608 |      1.56 |      64 |          4096 |          1.56 |      72 |            72 |        100.00 |      64 |          4096 |          1.56 |      72 |            72 |        100.00 |
|  atten/softmax/memInst/mem/mem_ext/Memory_reg_uram_4                  | URAM288   |         294912 |      4608 |      1.56 |      64 |          4096 |          1.56 |      72 |            72 |        100.00 |      64 |          4096 |          1.56 |      72 |            72 |        100.00 |
|  atten/softmax/memInst/mem/mem_ext/Memory_reg_uram_5                  | URAM288   |         294912 |      4608 |      1.56 |      64 |          4096 |          1.56 |      72 |            72 |        100.00 |      64 |          4096 |          1.56 |      72 |            72 |        100.00 |
|  atten/softmax/memInst/mem/mem_ext/Memory_reg_uram_6                  | URAM288   |         294912 |      4608 |      1.56 |      64 |          4096 |          1.56 |      72 |            72 |        100.00 |      64 |          4096 |          1.56 |      72 |            72 |        100.00 |
|  atten/softmax/memInst/mem/mem_ext/Memory_reg_uram_7                  | URAM288   |         294912 |      4608 |      1.56 |      64 |          4096 |          1.56 |      72 |            72 |        100.00 |      64 |          4096 |          1.56 |      72 |            72 |        100.00 |
|  atten/softmax/memInst/mem/mem_ext/Memory_reg_uram_8                  | URAM288   |         294912 |      4608 |      1.56 |      64 |          4096 |          1.56 |      72 |            72 |        100.00 |      64 |          4096 |          1.56 |      72 |            72 |        100.00 |
|  atten/softmax/memInst/mem/mem_ext/Memory_reg_uram_9                  | URAM288   |         294912 |      4608 |      1.56 |      64 |          4096 |          1.56 |      72 |            72 |        100.00 |      64 |          4096 |          1.56 |      72 |            72 |        100.00 |
|  atten/softmax/memInst/mem/mem_ext/Memory_reg_uram_10                 | URAM288   |         294912 |      4608 |      1.56 |      64 |          4096 |          1.56 |      72 |            72 |        100.00 |      64 |          4096 |          1.56 |      72 |            72 |        100.00 |
|  atten/softmax/memInst/mem/mem_ext/Memory_reg_uram_11                 | URAM288   |         294912 |      2560 |      0.87 |      64 |          4096 |          1.56 |      40 |            72 |         55.56 |      64 |          4096 |          1.56 |      40 |            72 |         55.56 |
| atten/dm2/dmInst/vCache/mem_ext/Memory                                |           |                |           |           |         |               |               |         |               |               |         |               |               |         |               |               |
|  atten/dm2/dmInst/vCache/mem_ext/Memory_reg_uram_0                    | URAM288   |         294912 |    239616 |     81.25 |    3328 |          4096 |         81.25 |      72 |            72 |        100.00 |    3328 |          4096 |         81.25 |      72 |            72 |        100.00 |
|  atten/dm2/dmInst/vCache/mem_ext/Memory_reg_uram_1                    | URAM288   |         294912 |    239616 |     81.25 |    3328 |          4096 |         81.25 |      72 |            72 |        100.00 |    3328 |          4096 |         81.25 |      72 |            72 |        100.00 |
|  atten/dm2/dmInst/vCache/mem_ext/Memory_reg_uram_2                    | URAM288   |         294912 |    239616 |     81.25 |    3328 |          4096 |         81.25 |      72 |            72 |        100.00 |    3328 |          4096 |         81.25 |      72 |            72 |        100.00 |
|  atten/dm2/dmInst/vCache/mem_ext/Memory_reg_uram_3                    | URAM288   |         294912 |    239616 |     81.25 |    3328 |          4096 |         81.25 |      72 |            72 |        100.00 |    3328 |          4096 |         81.25 |      72 |            72 |        100.00 |
|  atten/dm2/dmInst/vCache/mem_ext/Memory_reg_uram_4                    | URAM288   |         294912 |    239616 |     81.25 |    3328 |          4096 |         81.25 |      72 |            72 |        100.00 |    3328 |          4096 |         81.25 |      72 |            72 |        100.00 |
|  atten/dm2/dmInst/vCache/mem_ext/Memory_reg_uram_5                    | URAM288   |         294912 |    239616 |     81.25 |    3328 |          4096 |         81.25 |      72 |            72 |        100.00 |    3328 |          4096 |         81.25 |      72 |            72 |        100.00 |
|  atten/dm2/dmInst/vCache/mem_ext/Memory_reg_uram_6                    | URAM288   |         294912 |    239616 |     81.25 |    3328 |          4096 |         81.25 |      72 |            72 |        100.00 |    3328 |          4096 |         81.25 |      72 |            72 |        100.00 |
|  atten/dm2/dmInst/vCache/mem_ext/Memory_reg_uram_7                    | URAM288   |         294912 |     26624 |      9.03 |    3328 |          4096 |         81.25 |       8 |            72 |         11.11 |    3328 |          4096 |         81.25 |       8 |            72 |         11.11 |
| layernorm/inputMem_ext/Memory                                         |           |                |           |           |         |               |               |         |               |               |         |               |               |         |               |               |
|  layernorm/inputMem_ext/Memory_reg_1_bram_0                           | RAMB36E2  |          36864 |     36864 |    100.00 |      64 |          1024 |          6.25 |      36 |            36 |        100.00 |    1024 |          1024 |        100.00 |      36 |            36 |        100.00 |
|  layernorm/inputMem_ext/Memory_reg_1_bram_1                           | RAMB36E2  |          36864 |     36864 |    100.00 |      64 |          1024 |          6.25 |      36 |            36 |        100.00 |    1024 |          1024 |        100.00 |      36 |            36 |        100.00 |
|  layernorm/inputMem_ext/Memory_reg_1_bram_2                           | RAMB36E2  |          36864 |     36864 |    100.00 |      64 |          1024 |          6.25 |      36 |            36 |        100.00 |    1024 |          1024 |        100.00 |      36 |            36 |        100.00 |
|  layernorm/inputMem_ext/Memory_reg_1_bram_3                           | RAMB36E2  |          36864 |     36864 |    100.00 |      64 |          1024 |          6.25 |      36 |            36 |        100.00 |    1024 |          1024 |        100.00 |      36 |            36 |        100.00 |
|  layernorm/inputMem_ext/Memory_reg_1_bram_4                           | RAMB36E2  |          36864 |     36864 |    100.00 |      64 |          1024 |          6.25 |      36 |            36 |        100.00 |    1024 |          1024 |        100.00 |      36 |            36 |        100.00 |
|  layernorm/inputMem_ext/Memory_reg_1_bram_5                           | RAMB36E2  |          36864 |     36864 |    100.00 |      64 |          1024 |          6.25 |      36 |            36 |        100.00 |    1024 |          1024 |        100.00 |      36 |            36 |        100.00 |
|  layernorm/inputMem_ext/Memory_reg_1_bram_6                           | RAMB36E2  |          36864 |     36864 |    100.00 |      64 |          1024 |          6.25 |      36 |            36 |        100.00 |    1024 |          1024 |        100.00 |      36 |            36 |        100.00 |
|  layernorm/inputMem_ext/Memory_reg_1_bram_7                           | RAMB36E2  |          36864 |     36864 |    100.00 |      64 |          1024 |          6.25 |      36 |            36 |        100.00 |    1024 |          1024 |        100.00 |      36 |            36 |        100.00 |
|  layernorm/inputMem_ext/Memory_reg_1_bram_8                           | RAMB36E2  |          36864 |     36864 |    100.00 |      64 |          1024 |          6.25 |      36 |            36 |        100.00 |    1024 |          1024 |        100.00 |      36 |            36 |        100.00 |
|  layernorm/inputMem_ext/Memory_reg_1_bram_9                           | RAMB36E2  |          36864 |     36864 |    100.00 |      64 |          1024 |          6.25 |      36 |            36 |        100.00 |    1024 |          1024 |        100.00 |      36 |            36 |        100.00 |
|  layernorm/inputMem_ext/Memory_reg_1_bram_10                          | RAMB36E2  |          36864 |     36864 |    100.00 |      64 |          1024 |          6.25 |      36 |            36 |        100.00 |    1024 |          1024 |        100.00 |      36 |            36 |        100.00 |
|  layernorm/inputMem_ext/Memory_reg_1_bram_11                          | RAMB36E2  |          36864 |     36864 |    100.00 |      64 |          1024 |          6.25 |      36 |            36 |        100.00 |    1024 |          1024 |        100.00 |      36 |            36 |        100.00 |
|  layernorm/inputMem_ext/Memory_reg_1_bram_12                          | RAMB36E2  |          36864 |     36864 |    100.00 |      64 |          1024 |          6.25 |      36 |            36 |        100.00 |    1024 |          1024 |        100.00 |      36 |            36 |        100.00 |
|  layernorm/inputMem_ext/Memory_reg_1_bram_13                          | RAMB36E2  |          36864 |     36864 |    100.00 |      64 |          1024 |          6.25 |      36 |            36 |        100.00 |    1024 |          1024 |        100.00 |      36 |            36 |        100.00 |
|  layernorm/inputMem_ext/Memory_reg_1_bram_14                          | RAMB36E2  |          36864 |     36864 |    100.00 |      64 |          1024 |          6.25 |      36 |            36 |        100.00 |    1024 |          1024 |        100.00 |      36 |            36 |        100.00 |
|  layernorm/inputMem_ext/Memory_reg_1_bram_15                          | RAMB36E2  |          36864 |     36864 |    100.00 |      64 |          1024 |          6.25 |      36 |            36 |        100.00 |    1024 |          1024 |        100.00 |      36 |            36 |        100.00 |
|  layernorm/inputMem_ext/Memory_reg_1_bram_16                          | RAMB36E2  |          36864 |     36864 |    100.00 |      64 |          1024 |          6.25 |      36 |            36 |        100.00 |    1024 |          1024 |        100.00 |      36 |            36 |        100.00 |
|  layernorm/inputMem_ext/Memory_reg_1_bram_17                          | RAMB36E2  |          36864 |     36864 |    100.00 |      64 |          1024 |          6.25 |      36 |            36 |        100.00 |    1024 |          1024 |        100.00 |      36 |            36 |        100.00 |
|  layernorm/inputMem_ext/Memory_reg_1_bram_18                          | RAMB36E2  |          36864 |     36864 |    100.00 |      64 |          1024 |          6.25 |      36 |            36 |        100.00 |    1024 |          1024 |        100.00 |      36 |            36 |        100.00 |
|  layernorm/inputMem_ext/Memory_reg_1_bram_19                          | RAMB36E2  |          36864 |     36864 |    100.00 |      64 |          1024 |          6.25 |      36 |            36 |        100.00 |    1024 |          1024 |        100.00 |      36 |            36 |        100.00 |
|  layernorm/inputMem_ext/Memory_reg_1_bram_20                          | RAMB36E2  |          36864 |     36864 |    100.00 |      64 |          2048 |          3.12 |      18 |            18 |        100.00 |    2048 |          2048 |        100.00 |      18 |            18 |        100.00 |
|  layernorm/inputMem_ext/Memory_reg_1_bram_21                          | RAMB18E2  |          18432 |     12288 |     66.67 |      64 |          2048 |          3.12 |       6 |             9 |         66.67 |    2048 |          2048 |        100.00 |       6 |             9 |         66.67 |
|  layernorm/inputMem_ext/Memory_reg_2_bram_0                           | RAMB36E2  |          36864 |     36864 |    100.00 |      64 |          1024 |          6.25 |      36 |            36 |        100.00 |    1024 |          1024 |        100.00 |      36 |            36 |        100.00 |
|  layernorm/inputMem_ext/Memory_reg_2_bram_1                           | RAMB36E2  |          36864 |     36864 |    100.00 |      64 |          1024 |          6.25 |      36 |            36 |        100.00 |    1024 |          1024 |        100.00 |      36 |            36 |        100.00 |
|  layernorm/inputMem_ext/Memory_reg_2_bram_2                           | RAMB36E2  |          36864 |     36864 |    100.00 |      64 |          1024 |          6.25 |      36 |            36 |        100.00 |    1024 |          1024 |        100.00 |      36 |            36 |        100.00 |
|  layernorm/inputMem_ext/Memory_reg_2_bram_3                           | RAMB36E2  |          36864 |     36864 |    100.00 |      64 |          1024 |          6.25 |      36 |            36 |        100.00 |    1024 |          1024 |        100.00 |      36 |            36 |        100.00 |
|  layernorm/inputMem_ext/Memory_reg_2_bram_4                           | RAMB36E2  |          36864 |     36864 |    100.00 |      64 |          1024 |          6.25 |      36 |            36 |        100.00 |    1024 |          1024 |        100.00 |      36 |            36 |        100.00 |
|  layernorm/inputMem_ext/Memory_reg_2_bram_5                           | RAMB36E2  |          36864 |     36864 |    100.00 |      64 |          1024 |          6.25 |      36 |            36 |        100.00 |    1024 |          1024 |        100.00 |      36 |            36 |        100.00 |
|  layernorm/inputMem_ext/Memory_reg_2_bram_6                           | RAMB36E2  |          36864 |     36864 |    100.00 |      64 |          1024 |          6.25 |      36 |            36 |        100.00 |    1024 |          1024 |        100.00 |      36 |            36 |        100.00 |
|  layernorm/inputMem_ext/Memory_reg_2_bram_7                           | RAMB36E2  |          36864 |     36864 |    100.00 |      64 |          1024 |          6.25 |      36 |            36 |        100.00 |    1024 |          1024 |        100.00 |      36 |            36 |        100.00 |
|  layernorm/inputMem_ext/Memory_reg_2_bram_8                           | RAMB36E2  |          36864 |     36864 |    100.00 |      64 |          1024 |          6.25 |      36 |            36 |        100.00 |    1024 |          1024 |        100.00 |      36 |            36 |        100.00 |
|  layernorm/inputMem_ext/Memory_reg_2_bram_9                           | RAMB36E2  |          36864 |     36864 |    100.00 |      64 |          1024 |          6.25 |      36 |            36 |        100.00 |    1024 |          1024 |        100.00 |      36 |            36 |        100.00 |
|  layernorm/inputMem_ext/Memory_reg_2_bram_10                          | RAMB36E2  |          36864 |     36864 |    100.00 |      64 |          1024 |          6.25 |      36 |            36 |        100.00 |    1024 |          1024 |        100.00 |      36 |            36 |        100.00 |
|  layernorm/inputMem_ext/Memory_reg_2_bram_11                          | RAMB36E2  |          36864 |     36864 |    100.00 |      64 |          1024 |          6.25 |      36 |            36 |        100.00 |    1024 |          1024 |        100.00 |      36 |            36 |        100.00 |
|  layernorm/inputMem_ext/Memory_reg_2_bram_12                          | RAMB36E2  |          36864 |     36864 |    100.00 |      64 |          1024 |          6.25 |      36 |            36 |        100.00 |    1024 |          1024 |        100.00 |      36 |            36 |        100.00 |
|  layernorm/inputMem_ext/Memory_reg_2_bram_13                          | RAMB36E2  |          36864 |     36864 |    100.00 |      64 |          1024 |          6.25 |      36 |            36 |        100.00 |    1024 |          1024 |        100.00 |      36 |            36 |        100.00 |
|  layernorm/inputMem_ext/Memory_reg_2_bram_14                          | RAMB36E2  |          36864 |     36864 |    100.00 |      64 |          1024 |          6.25 |      36 |            36 |        100.00 |    1024 |          1024 |        100.00 |      36 |            36 |        100.00 |
|  layernorm/inputMem_ext/Memory_reg_2_bram_15                          | RAMB36E2  |          36864 |     36864 |    100.00 |      64 |          1024 |          6.25 |      36 |            36 |        100.00 |    1024 |          1024 |        100.00 |      36 |            36 |        100.00 |
|  layernorm/inputMem_ext/Memory_reg_2_bram_16                          | RAMB36E2  |          36864 |     36864 |    100.00 |      64 |          1024 |          6.25 |      36 |            36 |        100.00 |    1024 |          1024 |        100.00 |      36 |            36 |        100.00 |
|  layernorm/inputMem_ext/Memory_reg_2_bram_17                          | RAMB36E2  |          36864 |     36864 |    100.00 |      64 |          1024 |          6.25 |      36 |            36 |        100.00 |    1024 |          1024 |        100.00 |      36 |            36 |        100.00 |
|  layernorm/inputMem_ext/Memory_reg_2_bram_18                          | RAMB36E2  |          36864 |     36864 |    100.00 |      64 |          1024 |          6.25 |      36 |            36 |        100.00 |    1024 |          1024 |        100.00 |      36 |            36 |        100.00 |
|  layernorm/inputMem_ext/Memory_reg_2_bram_19                          | RAMB36E2  |          36864 |     36864 |    100.00 |      64 |          1024 |          6.25 |      36 |            36 |        100.00 |    1024 |          1024 |        100.00 |      36 |            36 |        100.00 |
| layernorm2/inputMem_ext/Memory                                        |           |                |           |           |         |               |               |         |               |               |         |               |               |         |               |               |
|  layernorm2/inputMem_ext/Memory_reg_1_bram_0                          | RAMB36E2  |          36864 |     36864 |    100.00 |    1024 |          1024 |        100.00 |      36 |            36 |        100.00 |    1024 |          1024 |        100.00 |      36 |            36 |        100.00 |
|  layernorm2/inputMem_ext/Memory_reg_1_bram_1                          | RAMB36E2  |          36864 |     36864 |    100.00 |    1024 |          1024 |        100.00 |      36 |            36 |        100.00 |    1024 |          1024 |        100.00 |      36 |            36 |        100.00 |
|  layernorm2/inputMem_ext/Memory_reg_1_bram_2                          | RAMB36E2  |          36864 |     36864 |    100.00 |    1024 |          1024 |        100.00 |      36 |            36 |        100.00 |    1024 |          1024 |        100.00 |      36 |            36 |        100.00 |
|  layernorm2/inputMem_ext/Memory_reg_1_bram_3                          | RAMB36E2  |          36864 |     36864 |    100.00 |    1024 |          1024 |        100.00 |      36 |            36 |        100.00 |    1024 |          1024 |        100.00 |      36 |            36 |        100.00 |
|  layernorm2/inputMem_ext/Memory_reg_1_bram_4                          | RAMB36E2  |          36864 |     36864 |    100.00 |    1024 |          1024 |        100.00 |      36 |            36 |        100.00 |    1024 |          1024 |        100.00 |      36 |            36 |        100.00 |
|  layernorm2/inputMem_ext/Memory_reg_1_bram_5                          | RAMB36E2  |          36864 |     36864 |    100.00 |    1024 |          1024 |        100.00 |      36 |            36 |        100.00 |    1024 |          1024 |        100.00 |      36 |            36 |        100.00 |
|  layernorm2/inputMem_ext/Memory_reg_1_bram_6                          | RAMB36E2  |          36864 |     36864 |    100.00 |    1024 |          1024 |        100.00 |      36 |            36 |        100.00 |    1024 |          1024 |        100.00 |      36 |            36 |        100.00 |
|  layernorm2/inputMem_ext/Memory_reg_1_bram_7                          | RAMB36E2  |          36864 |     36864 |    100.00 |    1024 |          1024 |        100.00 |      36 |            36 |        100.00 |    1024 |          1024 |        100.00 |      36 |            36 |        100.00 |
|  layernorm2/inputMem_ext/Memory_reg_1_bram_8                          | RAMB36E2  |          36864 |     36864 |    100.00 |    1024 |          1024 |        100.00 |      36 |            36 |        100.00 |    1024 |          1024 |        100.00 |      36 |            36 |        100.00 |
|  layernorm2/inputMem_ext/Memory_reg_1_bram_9                          | RAMB36E2  |          36864 |     36864 |    100.00 |    1024 |          1024 |        100.00 |      36 |            36 |        100.00 |    1024 |          1024 |        100.00 |      36 |            36 |        100.00 |
|  layernorm2/inputMem_ext/Memory_reg_1_bram_10                         | RAMB36E2  |          36864 |     36864 |    100.00 |    1024 |          1024 |        100.00 |      36 |            36 |        100.00 |    1024 |          1024 |        100.00 |      36 |            36 |        100.00 |
|  layernorm2/inputMem_ext/Memory_reg_1_bram_11                         | RAMB36E2  |          36864 |     36864 |    100.00 |    1024 |          1024 |        100.00 |      36 |            36 |        100.00 |    1024 |          1024 |        100.00 |      36 |            36 |        100.00 |
|  layernorm2/inputMem_ext/Memory_reg_1_bram_12                         | RAMB36E2  |          36864 |     36864 |    100.00 |    1024 |          1024 |        100.00 |      36 |            36 |        100.00 |    1024 |          1024 |        100.00 |      36 |            36 |        100.00 |
|  layernorm2/inputMem_ext/Memory_reg_1_bram_13                         | RAMB36E2  |          36864 |     36864 |    100.00 |    1024 |          1024 |        100.00 |      36 |            36 |        100.00 |    1024 |          1024 |        100.00 |      36 |            36 |        100.00 |
|  layernorm2/inputMem_ext/Memory_reg_1_bram_14                         | RAMB36E2  |          36864 |     36864 |    100.00 |    1024 |          1024 |        100.00 |      36 |            36 |        100.00 |    1024 |          1024 |        100.00 |      36 |            36 |        100.00 |
|  layernorm2/inputMem_ext/Memory_reg_1_bram_15                         | RAMB36E2  |          36864 |     36864 |    100.00 |    1024 |          1024 |        100.00 |      36 |            36 |        100.00 |    1024 |          1024 |        100.00 |      36 |            36 |        100.00 |
|  layernorm2/inputMem_ext/Memory_reg_1_bram_16                         | RAMB36E2  |          36864 |     36864 |    100.00 |    1024 |          1024 |        100.00 |      36 |            36 |        100.00 |    1024 |          1024 |        100.00 |      36 |            36 |        100.00 |
|  layernorm2/inputMem_ext/Memory_reg_1_bram_17                         | RAMB36E2  |          36864 |     36864 |    100.00 |    1024 |          1024 |        100.00 |      36 |            36 |        100.00 |    1024 |          1024 |        100.00 |      36 |            36 |        100.00 |
|  layernorm2/inputMem_ext/Memory_reg_1_bram_18                         | RAMB36E2  |          36864 |     36864 |    100.00 |    1024 |          1024 |        100.00 |      36 |            36 |        100.00 |    1024 |          1024 |        100.00 |      36 |            36 |        100.00 |
|  layernorm2/inputMem_ext/Memory_reg_1_bram_19                         | RAMB36E2  |          36864 |     36864 |    100.00 |    1024 |          1024 |        100.00 |      36 |            36 |        100.00 |    1024 |          1024 |        100.00 |      36 |            36 |        100.00 |
|  layernorm2/inputMem_ext/Memory_reg_1_bram_20                         | RAMB36E2  |          36864 |     36864 |    100.00 |    2048 |          2048 |        100.00 |      18 |            18 |        100.00 |    2048 |          2048 |        100.00 |      18 |            18 |        100.00 |
|  layernorm2/inputMem_ext/Memory_reg_1_bram_21                         | RAMB18E2  |          18432 |     12288 |     66.67 |    2048 |          2048 |        100.00 |       6 |             9 |         66.67 |    2048 |          2048 |        100.00 |       6 |             9 |         66.67 |
|  layernorm2/inputMem_ext/Memory_reg_2_bram_0                          | RAMB36E2  |          36864 |     36864 |    100.00 |    1024 |          1024 |        100.00 |      36 |            36 |        100.00 |    1024 |          1024 |        100.00 |      36 |            36 |        100.00 |
|  layernorm2/inputMem_ext/Memory_reg_2_bram_1                          | RAMB36E2  |          36864 |     36864 |    100.00 |    1024 |          1024 |        100.00 |      36 |            36 |        100.00 |    1024 |          1024 |        100.00 |      36 |            36 |        100.00 |
|  layernorm2/inputMem_ext/Memory_reg_2_bram_2                          | RAMB36E2  |          36864 |     36864 |    100.00 |    1024 |          1024 |        100.00 |      36 |            36 |        100.00 |    1024 |          1024 |        100.00 |      36 |            36 |        100.00 |
|  layernorm2/inputMem_ext/Memory_reg_2_bram_3                          | RAMB36E2  |          36864 |     36864 |    100.00 |    1024 |          1024 |        100.00 |      36 |            36 |        100.00 |    1024 |          1024 |        100.00 |      36 |            36 |        100.00 |
|  layernorm2/inputMem_ext/Memory_reg_2_bram_4                          | RAMB36E2  |          36864 |     36864 |    100.00 |    1024 |          1024 |        100.00 |      36 |            36 |        100.00 |    1024 |          1024 |        100.00 |      36 |            36 |        100.00 |
|  layernorm2/inputMem_ext/Memory_reg_2_bram_5                          | RAMB36E2  |          36864 |     36864 |    100.00 |    1024 |          1024 |        100.00 |      36 |            36 |        100.00 |    1024 |          1024 |        100.00 |      36 |            36 |        100.00 |
|  layernorm2/inputMem_ext/Memory_reg_2_bram_6                          | RAMB36E2  |          36864 |     36864 |    100.00 |    1024 |          1024 |        100.00 |      36 |            36 |        100.00 |    1024 |          1024 |        100.00 |      36 |            36 |        100.00 |
|  layernorm2/inputMem_ext/Memory_reg_2_bram_7                          | RAMB36E2  |          36864 |     36864 |    100.00 |    1024 |          1024 |        100.00 |      36 |            36 |        100.00 |    1024 |          1024 |        100.00 |      36 |            36 |        100.00 |
|  layernorm2/inputMem_ext/Memory_reg_2_bram_8                          | RAMB36E2  |          36864 |     36864 |    100.00 |    1024 |          1024 |        100.00 |      36 |            36 |        100.00 |    1024 |          1024 |        100.00 |      36 |            36 |        100.00 |
|  layernorm2/inputMem_ext/Memory_reg_2_bram_9                          | RAMB36E2  |          36864 |     36864 |    100.00 |    1024 |          1024 |        100.00 |      36 |            36 |        100.00 |    1024 |          1024 |        100.00 |      36 |            36 |        100.00 |
|  layernorm2/inputMem_ext/Memory_reg_2_bram_10                         | RAMB36E2  |          36864 |     36864 |    100.00 |    1024 |          1024 |        100.00 |      36 |            36 |        100.00 |    1024 |          1024 |        100.00 |      36 |            36 |        100.00 |
|  layernorm2/inputMem_ext/Memory_reg_2_bram_11                         | RAMB36E2  |          36864 |     36864 |    100.00 |    1024 |          1024 |        100.00 |      36 |            36 |        100.00 |    1024 |          1024 |        100.00 |      36 |            36 |        100.00 |
|  layernorm2/inputMem_ext/Memory_reg_2_bram_12                         | RAMB36E2  |          36864 |     36864 |    100.00 |    1024 |          1024 |        100.00 |      36 |            36 |        100.00 |    1024 |          1024 |        100.00 |      36 |            36 |        100.00 |
|  layernorm2/inputMem_ext/Memory_reg_2_bram_13                         | RAMB36E2  |          36864 |     36864 |    100.00 |    1024 |          1024 |        100.00 |      36 |            36 |        100.00 |    1024 |          1024 |        100.00 |      36 |            36 |        100.00 |
|  layernorm2/inputMem_ext/Memory_reg_2_bram_14                         | RAMB36E2  |          36864 |     36864 |    100.00 |    1024 |          1024 |        100.00 |      36 |            36 |        100.00 |    1024 |          1024 |        100.00 |      36 |            36 |        100.00 |
|  layernorm2/inputMem_ext/Memory_reg_2_bram_15                         | RAMB36E2  |          36864 |     36864 |    100.00 |    1024 |          1024 |        100.00 |      36 |            36 |        100.00 |    1024 |          1024 |        100.00 |      36 |            36 |        100.00 |
|  layernorm2/inputMem_ext/Memory_reg_2_bram_16                         | RAMB36E2  |          36864 |     36864 |    100.00 |    1024 |          1024 |        100.00 |      36 |            36 |        100.00 |    1024 |          1024 |        100.00 |      36 |            36 |        100.00 |
|  layernorm2/inputMem_ext/Memory_reg_2_bram_17                         | RAMB36E2  |          36864 |     36864 |    100.00 |    1024 |          1024 |        100.00 |      36 |            36 |        100.00 |    1024 |          1024 |        100.00 |      36 |            36 |        100.00 |
|  layernorm2/inputMem_ext/Memory_reg_2_bram_18                         | RAMB36E2  |          36864 |     36864 |    100.00 |    1024 |          1024 |        100.00 |      36 |            36 |        100.00 |    1024 |          1024 |        100.00 |      36 |            36 |        100.00 |
|  layernorm2/inputMem_ext/Memory_reg_2_bram_19                         | RAMB36E2  |          36864 |     36864 |    100.00 |    1024 |          1024 |        100.00 |      36 |            36 |        100.00 |    1024 |          1024 |        100.00 |      36 |            36 |        100.00 |
| resadd/mem/mem_list_0/mem_ext/Memory                                  |           |                |           |           |         |               |               |         |               |               |         |               |               |         |               |               |
|  resadd/mem/mem_list_0/mem_ext/Memory_reg_uram_0                      | URAM288   |         294912 |    147456 |     50.00 |    2048 |          4096 |         50.00 |      72 |            72 |        100.00 |    2048 |          4096 |         50.00 |      72 |            72 |        100.00 |
|  resadd/mem/mem_list_0/mem_ext/Memory_reg_uram_1                      | URAM288   |         294912 |    147456 |     50.00 |    2048 |          4096 |         50.00 |      72 |            72 |        100.00 |    2048 |          4096 |         50.00 |      72 |            72 |        100.00 |
|  resadd/mem/mem_list_0/mem_ext/Memory_reg_uram_2                      | URAM288   |         294912 |    147456 |     50.00 |    2048 |          4096 |         50.00 |      72 |            72 |        100.00 |    2048 |          4096 |         50.00 |      72 |            72 |        100.00 |
|  resadd/mem/mem_list_0/mem_ext/Memory_reg_uram_3                      | URAM288   |         294912 |    147456 |     50.00 |    2048 |          4096 |         50.00 |      72 |            72 |        100.00 |    2048 |          4096 |         50.00 |      72 |            72 |        100.00 |
|  resadd/mem/mem_list_0/mem_ext/Memory_reg_uram_4                      | URAM288   |         294912 |    147456 |     50.00 |    2048 |          4096 |         50.00 |      72 |            72 |        100.00 |    2048 |          4096 |         50.00 |      72 |            72 |        100.00 |
|  resadd/mem/mem_list_0/mem_ext/Memory_reg_uram_5                      | URAM288   |         294912 |     49152 |     16.67 |    2048 |          4096 |         50.00 |      24 |            72 |         33.33 |    2048 |          4096 |         50.00 |      24 |            72 |         33.33 |
| resadd/mem/mem_list_1/mem_ext/Memory                                  |           |                |           |           |         |               |               |         |               |               |         |               |               |         |               |               |
|  resadd/mem/mem_list_1/mem_ext/Memory_reg_uram_0                      | URAM288   |         294912 |    147456 |     50.00 |    2048 |          4096 |         50.00 |      72 |            72 |        100.00 |    2048 |          4096 |         50.00 |      72 |            72 |        100.00 |
|  resadd/mem/mem_list_1/mem_ext/Memory_reg_uram_1                      | URAM288   |         294912 |    147456 |     50.00 |    2048 |          4096 |         50.00 |      72 |            72 |        100.00 |    2048 |          4096 |         50.00 |      72 |            72 |        100.00 |
|  resadd/mem/mem_list_1/mem_ext/Memory_reg_uram_2                      | URAM288   |         294912 |    147456 |     50.00 |    2048 |          4096 |         50.00 |      72 |            72 |        100.00 |    2048 |          4096 |         50.00 |      72 |            72 |        100.00 |
|  resadd/mem/mem_list_1/mem_ext/Memory_reg_uram_3                      | URAM288   |         294912 |    147456 |     50.00 |    2048 |          4096 |         50.00 |      72 |            72 |        100.00 |    2048 |          4096 |         50.00 |      72 |            72 |        100.00 |
|  resadd/mem/mem_list_1/mem_ext/Memory_reg_uram_4                      | URAM288   |         294912 |    147456 |     50.00 |    2048 |          4096 |         50.00 |      72 |            72 |        100.00 |    2048 |          4096 |         50.00 |      72 |            72 |        100.00 |
|  resadd/mem/mem_list_1/mem_ext/Memory_reg_uram_5                      | URAM288   |         294912 |     49152 |     16.67 |    2048 |          4096 |         50.00 |      24 |            72 |         33.33 |    2048 |          4096 |         50.00 |      24 |            72 |         33.33 |
| resadd/mem/mem_list_2/mem_ext/Memory                                  |           |                |           |           |         |               |               |         |               |               |         |               |               |         |               |               |
|  resadd/mem/mem_list_2/mem_ext/Memory_reg_uram_0                      | URAM288   |         294912 |    147456 |     50.00 |    2048 |          4096 |         50.00 |      72 |            72 |        100.00 |    2048 |          4096 |         50.00 |      72 |            72 |        100.00 |
|  resadd/mem/mem_list_2/mem_ext/Memory_reg_uram_1                      | URAM288   |         294912 |    147456 |     50.00 |    2048 |          4096 |         50.00 |      72 |            72 |        100.00 |    2048 |          4096 |         50.00 |      72 |            72 |        100.00 |
|  resadd/mem/mem_list_2/mem_ext/Memory_reg_uram_2                      | URAM288   |         294912 |    147456 |     50.00 |    2048 |          4096 |         50.00 |      72 |            72 |        100.00 |    2048 |          4096 |         50.00 |      72 |            72 |        100.00 |
|  resadd/mem/mem_list_2/mem_ext/Memory_reg_uram_3                      | URAM288   |         294912 |    147456 |     50.00 |    2048 |          4096 |         50.00 |      72 |            72 |        100.00 |    2048 |          4096 |         50.00 |      72 |            72 |        100.00 |
|  resadd/mem/mem_list_2/mem_ext/Memory_reg_uram_4                      | URAM288   |         294912 |    147456 |     50.00 |    2048 |          4096 |         50.00 |      72 |            72 |        100.00 |    2048 |          4096 |         50.00 |      72 |            72 |        100.00 |
|  resadd/mem/mem_list_2/mem_ext/Memory_reg_uram_5                      | URAM288   |         294912 |     49152 |     16.67 |    2048 |          4096 |         50.00 |      24 |            72 |         33.33 |    2048 |          4096 |         50.00 |      24 |            72 |         33.33 |
| resadd2/mem/mem0_ext/Memory                                           |           |                |           |           |         |               |               |         |               |               |         |               |               |         |               |               |
|  resadd2/mem/mem0_ext/Memory_reg_uram_0                               | URAM288   |         294912 |    147456 |     50.00 |    2048 |          4096 |         50.00 |      72 |            72 |        100.00 |    2048 |          4096 |         50.00 |      72 |            72 |        100.00 |
|  resadd2/mem/mem0_ext/Memory_reg_uram_1                               | URAM288   |         294912 |    147456 |     50.00 |    2048 |          4096 |         50.00 |      72 |            72 |        100.00 |    2048 |          4096 |         50.00 |      72 |            72 |        100.00 |
|  resadd2/mem/mem0_ext/Memory_reg_uram_2                               | URAM288   |         294912 |    147456 |     50.00 |    2048 |          4096 |         50.00 |      72 |            72 |        100.00 |    2048 |          4096 |         50.00 |      72 |            72 |        100.00 |
|  resadd2/mem/mem0_ext/Memory_reg_uram_3                               | URAM288   |         294912 |    147456 |     50.00 |    2048 |          4096 |         50.00 |      72 |            72 |        100.00 |    2048 |          4096 |         50.00 |      72 |            72 |        100.00 |
|  resadd2/mem/mem0_ext/Memory_reg_uram_4                               | URAM288   |         294912 |    147456 |     50.00 |    2048 |          4096 |         50.00 |      72 |            72 |        100.00 |    2048 |          4096 |         50.00 |      72 |            72 |        100.00 |
|  resadd2/mem/mem0_ext/Memory_reg_uram_5                               | URAM288   |         294912 |     49152 |     16.67 |    2048 |          4096 |         50.00 |      24 |            72 |         33.33 |    2048 |          4096 |         50.00 |      24 |            72 |         33.33 |
| resadd2/mem/mem1_ext/Memory                                           |           |                |           |           |         |               |               |         |               |               |         |               |               |         |               |               |
|  resadd2/mem/mem1_ext/Memory_reg_uram_0                               | URAM288   |         294912 |    147456 |     50.00 |    2048 |          4096 |         50.00 |      72 |            72 |        100.00 |    2048 |          4096 |         50.00 |      72 |            72 |        100.00 |
|  resadd2/mem/mem1_ext/Memory_reg_uram_1                               | URAM288   |         294912 |    147456 |     50.00 |    2048 |          4096 |         50.00 |      72 |            72 |        100.00 |    2048 |          4096 |         50.00 |      72 |            72 |        100.00 |
|  resadd2/mem/mem1_ext/Memory_reg_uram_2                               | URAM288   |         294912 |    147456 |     50.00 |    2048 |          4096 |         50.00 |      72 |            72 |        100.00 |    2048 |          4096 |         50.00 |      72 |            72 |        100.00 |
|  resadd2/mem/mem1_ext/Memory_reg_uram_3                               | URAM288   |         294912 |    147456 |     50.00 |    2048 |          4096 |         50.00 |      72 |            72 |        100.00 |    2048 |          4096 |         50.00 |      72 |            72 |        100.00 |
|  resadd2/mem/mem1_ext/Memory_reg_uram_4                               | URAM288   |         294912 |    147456 |     50.00 |    2048 |          4096 |         50.00 |      72 |            72 |        100.00 |    2048 |          4096 |         50.00 |      72 |            72 |        100.00 |
|  resadd2/mem/mem1_ext/Memory_reg_uram_5                               | URAM288   |         294912 |     49152 |     16.67 |    2048 |          4096 |         50.00 |      24 |            72 |         33.33 |    2048 |          4096 |         50.00 |      24 |            72 |         33.33 |
| atten/dm1/cu_inst/kCache/mem_ext/Memory                               |           |                |           |           |         |               |               |         |               |               |         |               |               |         |               |               |
|  atten/dm1/cu_inst/kCache/mem_ext/Memory_reg_bram_0                   | RAMB36E2  |          36864 |     36864 |    100.00 |    1024 |          1024 |        100.00 |      36 |            36 |        100.00 |    1024 |          1024 |        100.00 |      36 |            36 |        100.00 |
|  atten/dm1/cu_inst/kCache/mem_ext/Memory_reg_bram_1                   | RAMB36E2  |          36864 |     36864 |    100.00 |    1024 |          1024 |        100.00 |      36 |            36 |        100.00 |    1024 |          1024 |        100.00 |      36 |            36 |        100.00 |
|  atten/dm1/cu_inst/kCache/mem_ext/Memory_reg_bram_2                   | RAMB36E2  |          36864 |     36864 |    100.00 |    1024 |          1024 |        100.00 |      36 |            36 |        100.00 |    1024 |          1024 |        100.00 |      36 |            36 |        100.00 |
|  atten/dm1/cu_inst/kCache/mem_ext/Memory_reg_bram_3                   | RAMB36E2  |          36864 |     36864 |    100.00 |    1024 |          1024 |        100.00 |      36 |            36 |        100.00 |    1024 |          1024 |        100.00 |      36 |            36 |        100.00 |
|  atten/dm1/cu_inst/kCache/mem_ext/Memory_reg_bram_4                   | RAMB36E2  |          36864 |     36864 |    100.00 |    1024 |          1024 |        100.00 |      36 |            36 |        100.00 |    1024 |          1024 |        100.00 |      36 |            36 |        100.00 |
|  atten/dm1/cu_inst/kCache/mem_ext/Memory_reg_bram_5                   | RAMB36E2  |          36864 |     36864 |    100.00 |    1024 |          1024 |        100.00 |      36 |            36 |        100.00 |    1024 |          1024 |        100.00 |      36 |            36 |        100.00 |
|  atten/dm1/cu_inst/kCache/mem_ext/Memory_reg_bram_6                   | RAMB36E2  |          36864 |     36864 |    100.00 |    1024 |          1024 |        100.00 |      36 |            36 |        100.00 |    1024 |          1024 |        100.00 |      36 |            36 |        100.00 |
|  atten/dm1/cu_inst/kCache/mem_ext/Memory_reg_bram_7                   | RAMB36E2  |          36864 |     36864 |    100.00 |    1024 |          1024 |        100.00 |      36 |            36 |        100.00 |    1024 |          1024 |        100.00 |      36 |            36 |        100.00 |
|  atten/dm1/cu_inst/kCache/mem_ext/Memory_reg_bram_8                   | RAMB36E2  |          36864 |     36864 |    100.00 |    1024 |          1024 |        100.00 |      36 |            36 |        100.00 |    1024 |          1024 |        100.00 |      36 |            36 |        100.00 |
|  atten/dm1/cu_inst/kCache/mem_ext/Memory_reg_bram_9                   | RAMB36E2  |          36864 |     36864 |    100.00 |    1024 |          1024 |        100.00 |      36 |            36 |        100.00 |    1024 |          1024 |        100.00 |      36 |            36 |        100.00 |
|  atten/dm1/cu_inst/kCache/mem_ext/Memory_reg_bram_10                  | RAMB36E2  |          36864 |     36864 |    100.00 |    1024 |          1024 |        100.00 |      36 |            36 |        100.00 |    1024 |          1024 |        100.00 |      36 |            36 |        100.00 |
|  atten/dm1/cu_inst/kCache/mem_ext/Memory_reg_bram_11                  | RAMB36E2  |          36864 |     36864 |    100.00 |    1024 |          1024 |        100.00 |      36 |            36 |        100.00 |    1024 |          1024 |        100.00 |      36 |            36 |        100.00 |
|  atten/dm1/cu_inst/kCache/mem_ext/Memory_reg_bram_12                  | RAMB36E2  |          36864 |     36864 |    100.00 |    1024 |          1024 |        100.00 |      36 |            36 |        100.00 |    1024 |          1024 |        100.00 |      36 |            36 |        100.00 |
|  atten/dm1/cu_inst/kCache/mem_ext/Memory_reg_bram_13                  | RAMB36E2  |          36864 |     36864 |    100.00 |    1024 |          1024 |        100.00 |      36 |            36 |        100.00 |    1024 |          1024 |        100.00 |      36 |            36 |        100.00 |
|  atten/dm1/cu_inst/kCache/mem_ext/Memory_reg_bram_14                  | RAMB18E2  |          18432 |      8192 |     44.44 |    1024 |          1024 |        100.00 |       8 |            18 |         44.44 |    1024 |          1024 |        100.00 |       8 |            18 |         44.44 |
| ffndown/lw_inst/weight_mem/weight_banks_0_0_ext/Memory                |           |                |           |           |         |               |               |         |               |               |         |               |               |         |               |               |
|  ffndown/lw_inst/weight_mem/weight_banks_0_0_ext/Memory_reg_uram_0    | URAM288   |         294912 |    294912 |    100.00 |    4096 |          4096 |        100.00 |      72 |            72 |        100.00 |    4096 |          4096 |        100.00 |      72 |            72 |        100.00 |
| ffndown/lw_inst/weight_mem/weight_banks_0_1_ext/Memory                |           |                |           |           |         |               |               |         |               |               |         |               |               |         |               |               |
|  ffndown/lw_inst/weight_mem/weight_banks_0_1_ext/Memory_reg_uram_0    | URAM288   |         294912 |    294912 |    100.00 |    4096 |          4096 |        100.00 |      72 |            72 |        100.00 |    4096 |          4096 |        100.00 |      72 |            72 |        100.00 |
| ffndown/lw_inst/weight_mem/weight_banks_0_2_ext/Memory                |           |                |           |           |         |               |               |         |               |               |         |               |               |         |               |               |
|  ffndown/lw_inst/weight_mem/weight_banks_0_2_ext/Memory_reg_uram_0    | URAM288   |         294912 |    294912 |    100.00 |    4096 |          4096 |        100.00 |      72 |            72 |        100.00 |    4096 |          4096 |        100.00 |      72 |            72 |        100.00 |
| ffndown/lw_inst/weight_mem/weight_banks_0_3_ext/Memory                |           |                |           |           |         |               |               |         |               |               |         |               |               |         |               |               |
|  ffndown/lw_inst/weight_mem/weight_banks_0_3_ext/Memory_reg_uram_0    | URAM288   |         294912 |    294912 |    100.00 |    4096 |          4096 |        100.00 |      72 |            72 |        100.00 |    4096 |          4096 |        100.00 |      72 |            72 |        100.00 |
| ffndown/lw_inst/weight_mem/weight_banks_10_0_ext/Memory               |           |                |           |           |         |               |               |         |               |               |         |               |               |         |               |               |
|  ffndown/lw_inst/weight_mem/weight_banks_10_0_ext/Memory_reg_uram_0   | URAM288   |         294912 |    294912 |    100.00 |    4096 |          4096 |        100.00 |      72 |            72 |        100.00 |    4096 |          4096 |        100.00 |      72 |            72 |        100.00 |
| ffndown/lw_inst/weight_mem/weight_banks_10_1_ext/Memory               |           |                |           |           |         |               |               |         |               |               |         |               |               |         |               |               |
|  ffndown/lw_inst/weight_mem/weight_banks_10_1_ext/Memory_reg_uram_0   | URAM288   |         294912 |    294912 |    100.00 |    4096 |          4096 |        100.00 |      72 |            72 |        100.00 |    4096 |          4096 |        100.00 |      72 |            72 |        100.00 |
| ffndown/lw_inst/weight_mem/weight_banks_10_2_ext/Memory               |           |                |           |           |         |               |               |         |               |               |         |               |               |         |               |               |
|  ffndown/lw_inst/weight_mem/weight_banks_10_2_ext/Memory_reg_uram_0   | URAM288   |         294912 |    294912 |    100.00 |    4096 |          4096 |        100.00 |      72 |            72 |        100.00 |    4096 |          4096 |        100.00 |      72 |            72 |        100.00 |
| ffndown/lw_inst/weight_mem/weight_banks_10_3_ext/Memory               |           |                |           |           |         |               |               |         |               |               |         |               |               |         |               |               |
|  ffndown/lw_inst/weight_mem/weight_banks_10_3_ext/Memory_reg_uram_0   | URAM288   |         294912 |    294912 |    100.00 |    4096 |          4096 |        100.00 |      72 |            72 |        100.00 |    4096 |          4096 |        100.00 |      72 |            72 |        100.00 |
| ffndown/lw_inst/weight_mem/weight_banks_11_0_ext/Memory               |           |                |           |           |         |               |               |         |               |               |         |               |               |         |               |               |
|  ffndown/lw_inst/weight_mem/weight_banks_11_0_ext/Memory_reg_uram_0   | URAM288   |         294912 |    294912 |    100.00 |    4096 |          4096 |        100.00 |      72 |            72 |        100.00 |    4096 |          4096 |        100.00 |      72 |            72 |        100.00 |
| ffndown/lw_inst/weight_mem/weight_banks_11_1_ext/Memory               |           |                |           |           |         |               |               |         |               |               |         |               |               |         |               |               |
|  ffndown/lw_inst/weight_mem/weight_banks_11_1_ext/Memory_reg_uram_0   | URAM288   |         294912 |    294912 |    100.00 |    4096 |          4096 |        100.00 |      72 |            72 |        100.00 |    4096 |          4096 |        100.00 |      72 |            72 |        100.00 |
| ffndown/lw_inst/weight_mem/weight_banks_11_2_ext/Memory               |           |                |           |           |         |               |               |         |               |               |         |               |               |         |               |               |
|  ffndown/lw_inst/weight_mem/weight_banks_11_2_ext/Memory_reg_uram_0   | URAM288   |         294912 |    294912 |    100.00 |    4096 |          4096 |        100.00 |      72 |            72 |        100.00 |    4096 |          4096 |        100.00 |      72 |            72 |        100.00 |
| ffndown/lw_inst/weight_mem/weight_banks_11_3_ext/Memory               |           |                |           |           |         |               |               |         |               |               |         |               |               |         |               |               |
|  ffndown/lw_inst/weight_mem/weight_banks_11_3_ext/Memory_reg_uram_0   | URAM288   |         294912 |    294912 |    100.00 |    4096 |          4096 |        100.00 |      72 |            72 |        100.00 |    4096 |          4096 |        100.00 |      72 |            72 |        100.00 |
| ffndown/lw_inst/weight_mem/weight_banks_12_0_ext/Memory               |           |                |           |           |         |               |               |         |               |               |         |               |               |         |               |               |
|  ffndown/lw_inst/weight_mem/weight_banks_12_0_ext/Memory_reg_uram_0   | URAM288   |         294912 |    294912 |    100.00 |    4096 |          4096 |        100.00 |      72 |            72 |        100.00 |    4096 |          4096 |        100.00 |      72 |            72 |        100.00 |
| ffndown/lw_inst/weight_mem/weight_banks_12_1_ext/Memory               |           |                |           |           |         |               |               |         |               |               |         |               |               |         |               |               |
|  ffndown/lw_inst/weight_mem/weight_banks_12_1_ext/Memory_reg_uram_0   | URAM288   |         294912 |    294912 |    100.00 |    4096 |          4096 |        100.00 |      72 |            72 |        100.00 |    4096 |          4096 |        100.00 |      72 |            72 |        100.00 |
| ffndown/lw_inst/weight_mem/weight_banks_12_2_ext/Memory               |           |                |           |           |         |               |               |         |               |               |         |               |               |         |               |               |
|  ffndown/lw_inst/weight_mem/weight_banks_12_2_ext/Memory_reg_uram_0   | URAM288   |         294912 |    294912 |    100.00 |    4096 |          4096 |        100.00 |      72 |            72 |        100.00 |    4096 |          4096 |        100.00 |      72 |            72 |        100.00 |
| ffndown/lw_inst/weight_mem/weight_banks_12_3_ext/Memory               |           |                |           |           |         |               |               |         |               |               |         |               |               |         |               |               |
|  ffndown/lw_inst/weight_mem/weight_banks_12_3_ext/Memory_reg_uram_0   | URAM288   |         294912 |    294912 |    100.00 |    4096 |          4096 |        100.00 |      72 |            72 |        100.00 |    4096 |          4096 |        100.00 |      72 |            72 |        100.00 |
| ffndown/lw_inst/weight_mem/weight_banks_13_0_ext/Memory               |           |                |           |           |         |               |               |         |               |               |         |               |               |         |               |               |
|  ffndown/lw_inst/weight_mem/weight_banks_13_0_ext/Memory_reg_uram_0   | URAM288   |         294912 |    294912 |    100.00 |    4096 |          4096 |        100.00 |      72 |            72 |        100.00 |    4096 |          4096 |        100.00 |      72 |            72 |        100.00 |
| ffndown/lw_inst/weight_mem/weight_banks_13_1_ext/Memory               |           |                |           |           |         |               |               |         |               |               |         |               |               |         |               |               |
|  ffndown/lw_inst/weight_mem/weight_banks_13_1_ext/Memory_reg_uram_0   | URAM288   |         294912 |    294912 |    100.00 |    4096 |          4096 |        100.00 |      72 |            72 |        100.00 |    4096 |          4096 |        100.00 |      72 |            72 |        100.00 |
| ffndown/lw_inst/weight_mem/weight_banks_13_2_ext/Memory               |           |                |           |           |         |               |               |         |               |               |         |               |               |         |               |               |
|  ffndown/lw_inst/weight_mem/weight_banks_13_2_ext/Memory_reg_uram_0   | URAM288   |         294912 |    294912 |    100.00 |    4096 |          4096 |        100.00 |      72 |            72 |        100.00 |    4096 |          4096 |        100.00 |      72 |            72 |        100.00 |
| ffndown/lw_inst/weight_mem/weight_banks_13_3_ext/Memory               |           |                |           |           |         |               |               |         |               |               |         |               |               |         |               |               |
|  ffndown/lw_inst/weight_mem/weight_banks_13_3_ext/Memory_reg_uram_0   | URAM288   |         294912 |    294912 |    100.00 |    4096 |          4096 |        100.00 |      72 |            72 |        100.00 |    4096 |          4096 |        100.00 |      72 |            72 |        100.00 |
| ffndown/lw_inst/weight_mem/weight_banks_14_0_ext/Memory               |           |                |           |           |         |               |               |         |               |               |         |               |               |         |               |               |
|  ffndown/lw_inst/weight_mem/weight_banks_14_0_ext/Memory_reg_uram_0   | URAM288   |         294912 |    294912 |    100.00 |    4096 |          4096 |        100.00 |      72 |            72 |        100.00 |    4096 |          4096 |        100.00 |      72 |            72 |        100.00 |
| ffndown/lw_inst/weight_mem/weight_banks_14_1_ext/Memory               |           |                |           |           |         |               |               |         |               |               |         |               |               |         |               |               |
|  ffndown/lw_inst/weight_mem/weight_banks_14_1_ext/Memory_reg_uram_0   | URAM288   |         294912 |    294912 |    100.00 |    4096 |          4096 |        100.00 |      72 |            72 |        100.00 |    4096 |          4096 |        100.00 |      72 |            72 |        100.00 |
| ffndown/lw_inst/weight_mem/weight_banks_14_2_ext/Memory               |           |                |           |           |         |               |               |         |               |               |         |               |               |         |               |               |
|  ffndown/lw_inst/weight_mem/weight_banks_14_2_ext/Memory_reg_uram_0   | URAM288   |         294912 |    294912 |    100.00 |    4096 |          4096 |        100.00 |      72 |            72 |        100.00 |    4096 |          4096 |        100.00 |      72 |            72 |        100.00 |
| ffndown/lw_inst/weight_mem/weight_banks_14_3_ext/Memory               |           |                |           |           |         |               |               |         |               |               |         |               |               |         |               |               |
|  ffndown/lw_inst/weight_mem/weight_banks_14_3_ext/Memory_reg_uram_0   | URAM288   |         294912 |    294912 |    100.00 |    4096 |          4096 |        100.00 |      72 |            72 |        100.00 |    4096 |          4096 |        100.00 |      72 |            72 |        100.00 |
| ffndown/lw_inst/weight_mem/weight_banks_15_0_ext/Memory               |           |                |           |           |         |               |               |         |               |               |         |               |               |         |               |               |
|  ffndown/lw_inst/weight_mem/weight_banks_15_0_ext/Memory_reg_uram_0   | URAM288   |         294912 |    294912 |    100.00 |    4096 |          4096 |        100.00 |      72 |            72 |        100.00 |    4096 |          4096 |        100.00 |      72 |            72 |        100.00 |
| ffndown/lw_inst/weight_mem/weight_banks_15_1_ext/Memory               |           |                |           |           |         |               |               |         |               |               |         |               |               |         |               |               |
|  ffndown/lw_inst/weight_mem/weight_banks_15_1_ext/Memory_reg_uram_0   | URAM288   |         294912 |    294912 |    100.00 |    4096 |          4096 |        100.00 |      72 |            72 |        100.00 |    4096 |          4096 |        100.00 |      72 |            72 |        100.00 |
| ffndown/lw_inst/weight_mem/weight_banks_15_2_ext/Memory               |           |                |           |           |         |               |               |         |               |               |         |               |               |         |               |               |
|  ffndown/lw_inst/weight_mem/weight_banks_15_2_ext/Memory_reg_uram_0   | URAM288   |         294912 |    294912 |    100.00 |    4096 |          4096 |        100.00 |      72 |            72 |        100.00 |    4096 |          4096 |        100.00 |      72 |            72 |        100.00 |
| ffndown/lw_inst/weight_mem/weight_banks_15_3_ext/Memory               |           |                |           |           |         |               |               |         |               |               |         |               |               |         |               |               |
|  ffndown/lw_inst/weight_mem/weight_banks_15_3_ext/Memory_reg_uram_0   | URAM288   |         294912 |    294912 |    100.00 |    4096 |          4096 |        100.00 |      72 |            72 |        100.00 |    4096 |          4096 |        100.00 |      72 |            72 |        100.00 |
| ffndown/lw_inst/weight_mem/weight_banks_16_0_ext/Memory               |           |                |           |           |         |               |               |         |               |               |         |               |               |         |               |               |
|  ffndown/lw_inst/weight_mem/weight_banks_16_0_ext/Memory_reg_uram_0   | URAM288   |         294912 |    294912 |    100.00 |    4096 |          4096 |        100.00 |      72 |            72 |        100.00 |    4096 |          4096 |        100.00 |      72 |            72 |        100.00 |
| ffndown/lw_inst/weight_mem/weight_banks_16_1_ext/Memory               |           |                |           |           |         |               |               |         |               |               |         |               |               |         |               |               |
|  ffndown/lw_inst/weight_mem/weight_banks_16_1_ext/Memory_reg_uram_0   | URAM288   |         294912 |    294912 |    100.00 |    4096 |          4096 |        100.00 |      72 |            72 |        100.00 |    4096 |          4096 |        100.00 |      72 |            72 |        100.00 |
| ffndown/lw_inst/weight_mem/weight_banks_16_2_ext/Memory               |           |                |           |           |         |               |               |         |               |               |         |               |               |         |               |               |
|  ffndown/lw_inst/weight_mem/weight_banks_16_2_ext/Memory_reg_uram_0   | URAM288   |         294912 |    294912 |    100.00 |    4096 |          4096 |        100.00 |      72 |            72 |        100.00 |    4096 |          4096 |        100.00 |      72 |            72 |        100.00 |
| ffndown/lw_inst/weight_mem/weight_banks_16_3_ext/Memory               |           |                |           |           |         |               |               |         |               |               |         |               |               |         |               |               |
|  ffndown/lw_inst/weight_mem/weight_banks_16_3_ext/Memory_reg_uram_0   | URAM288   |         294912 |    294912 |    100.00 |    4096 |          4096 |        100.00 |      72 |            72 |        100.00 |    4096 |          4096 |        100.00 |      72 |            72 |        100.00 |
| ffndown/lw_inst/weight_mem/weight_banks_1_0_ext/Memory                |           |                |           |           |         |               |               |         |               |               |         |               |               |         |               |               |
|  ffndown/lw_inst/weight_mem/weight_banks_1_0_ext/Memory_reg_uram_0    | URAM288   |         294912 |    294912 |    100.00 |    4096 |          4096 |        100.00 |      72 |            72 |        100.00 |    4096 |          4096 |        100.00 |      72 |            72 |        100.00 |
| ffndown/lw_inst/weight_mem/weight_banks_1_1_ext/Memory                |           |                |           |           |         |               |               |         |               |               |         |               |               |         |               |               |
|  ffndown/lw_inst/weight_mem/weight_banks_1_1_ext/Memory_reg_uram_0    | URAM288   |         294912 |    294912 |    100.00 |    4096 |          4096 |        100.00 |      72 |            72 |        100.00 |    4096 |          4096 |        100.00 |      72 |            72 |        100.00 |
| ffndown/lw_inst/weight_mem/weight_banks_1_2_ext/Memory                |           |                |           |           |         |               |               |         |               |               |         |               |               |         |               |               |
|  ffndown/lw_inst/weight_mem/weight_banks_1_2_ext/Memory_reg_uram_0    | URAM288   |         294912 |    294912 |    100.00 |    4096 |          4096 |        100.00 |      72 |            72 |        100.00 |    4096 |          4096 |        100.00 |      72 |            72 |        100.00 |
| ffndown/lw_inst/weight_mem/weight_banks_1_3_ext/Memory                |           |                |           |           |         |               |               |         |               |               |         |               |               |         |               |               |
|  ffndown/lw_inst/weight_mem/weight_banks_1_3_ext/Memory_reg_uram_0    | URAM288   |         294912 |    294912 |    100.00 |    4096 |          4096 |        100.00 |      72 |            72 |        100.00 |    4096 |          4096 |        100.00 |      72 |            72 |        100.00 |
| ffndown/lw_inst/weight_mem/weight_banks_2_0_ext/Memory                |           |                |           |           |         |               |               |         |               |               |         |               |               |         |               |               |
|  ffndown/lw_inst/weight_mem/weight_banks_2_0_ext/Memory_reg_uram_0    | URAM288   |         294912 |    294912 |    100.00 |    4096 |          4096 |        100.00 |      72 |            72 |        100.00 |    4096 |          4096 |        100.00 |      72 |            72 |        100.00 |
| ffndown/lw_inst/weight_mem/weight_banks_2_1_ext/Memory                |           |                |           |           |         |               |               |         |               |               |         |               |               |         |               |               |
|  ffndown/lw_inst/weight_mem/weight_banks_2_1_ext/Memory_reg_uram_0    | URAM288   |         294912 |    294912 |    100.00 |    4096 |          4096 |        100.00 |      72 |            72 |        100.00 |    4096 |          4096 |        100.00 |      72 |            72 |        100.00 |
| ffndown/lw_inst/weight_mem/weight_banks_2_2_ext/Memory                |           |                |           |           |         |               |               |         |               |               |         |               |               |         |               |               |
|  ffndown/lw_inst/weight_mem/weight_banks_2_2_ext/Memory_reg_uram_0    | URAM288   |         294912 |    294912 |    100.00 |    4096 |          4096 |        100.00 |      72 |            72 |        100.00 |    4096 |          4096 |        100.00 |      72 |            72 |        100.00 |
| ffndown/lw_inst/weight_mem/weight_banks_2_3_ext/Memory                |           |                |           |           |         |               |               |         |               |               |         |               |               |         |               |               |
|  ffndown/lw_inst/weight_mem/weight_banks_2_3_ext/Memory_reg_uram_0    | URAM288   |         294912 |    294912 |    100.00 |    4096 |          4096 |        100.00 |      72 |            72 |        100.00 |    4096 |          4096 |        100.00 |      72 |            72 |        100.00 |
| ffndown/lw_inst/weight_mem/weight_banks_3_0_ext/Memory                |           |                |           |           |         |               |               |         |               |               |         |               |               |         |               |               |
|  ffndown/lw_inst/weight_mem/weight_banks_3_0_ext/Memory_reg_uram_0    | URAM288   |         294912 |    294912 |    100.00 |    4096 |          4096 |        100.00 |      72 |            72 |        100.00 |    4096 |          4096 |        100.00 |      72 |            72 |        100.00 |
| ffndown/lw_inst/weight_mem/weight_banks_3_1_ext/Memory                |           |                |           |           |         |               |               |         |               |               |         |               |               |         |               |               |
|  ffndown/lw_inst/weight_mem/weight_banks_3_1_ext/Memory_reg_uram_0    | URAM288   |         294912 |    294912 |    100.00 |    4096 |          4096 |        100.00 |      72 |            72 |        100.00 |    4096 |          4096 |        100.00 |      72 |            72 |        100.00 |
| ffndown/lw_inst/weight_mem/weight_banks_3_2_ext/Memory                |           |                |           |           |         |               |               |         |               |               |         |               |               |         |               |               |
|  ffndown/lw_inst/weight_mem/weight_banks_3_2_ext/Memory_reg_uram_0    | URAM288   |         294912 |    294912 |    100.00 |    4096 |          4096 |        100.00 |      72 |            72 |        100.00 |    4096 |          4096 |        100.00 |      72 |            72 |        100.00 |
| ffndown/lw_inst/weight_mem/weight_banks_3_3_ext/Memory                |           |                |           |           |         |               |               |         |               |               |         |               |               |         |               |               |
|  ffndown/lw_inst/weight_mem/weight_banks_3_3_ext/Memory_reg_uram_0    | URAM288   |         294912 |    294912 |    100.00 |    4096 |          4096 |        100.00 |      72 |            72 |        100.00 |    4096 |          4096 |        100.00 |      72 |            72 |        100.00 |
| ffndown/lw_inst/weight_mem/weight_banks_4_0_ext/Memory                |           |                |           |           |         |               |               |         |               |               |         |               |               |         |               |               |
|  ffndown/lw_inst/weight_mem/weight_banks_4_0_ext/Memory_reg_uram_0    | URAM288   |         294912 |    294912 |    100.00 |    4096 |          4096 |        100.00 |      72 |            72 |        100.00 |    4096 |          4096 |        100.00 |      72 |            72 |        100.00 |
| ffndown/lw_inst/weight_mem/weight_banks_4_1_ext/Memory                |           |                |           |           |         |               |               |         |               |               |         |               |               |         |               |               |
|  ffndown/lw_inst/weight_mem/weight_banks_4_1_ext/Memory_reg_uram_0    | URAM288   |         294912 |    294912 |    100.00 |    4096 |          4096 |        100.00 |      72 |            72 |        100.00 |    4096 |          4096 |        100.00 |      72 |            72 |        100.00 |
| ffndown/lw_inst/weight_mem/weight_banks_4_2_ext/Memory                |           |                |           |           |         |               |               |         |               |               |         |               |               |         |               |               |
|  ffndown/lw_inst/weight_mem/weight_banks_4_2_ext/Memory_reg_uram_0    | URAM288   |         294912 |    294912 |    100.00 |    4096 |          4096 |        100.00 |      72 |            72 |        100.00 |    4096 |          4096 |        100.00 |      72 |            72 |        100.00 |
| ffndown/lw_inst/weight_mem/weight_banks_4_3_ext/Memory                |           |                |           |           |         |               |               |         |               |               |         |               |               |         |               |               |
|  ffndown/lw_inst/weight_mem/weight_banks_4_3_ext/Memory_reg_uram_0    | URAM288   |         294912 |    294912 |    100.00 |    4096 |          4096 |        100.00 |      72 |            72 |        100.00 |    4096 |          4096 |        100.00 |      72 |            72 |        100.00 |
| ffndown/lw_inst/weight_mem/weight_banks_5_0_ext/Memory                |           |                |           |           |         |               |               |         |               |               |         |               |               |         |               |               |
|  ffndown/lw_inst/weight_mem/weight_banks_5_0_ext/Memory_reg_uram_0    | URAM288   |         294912 |    294912 |    100.00 |    4096 |          4096 |        100.00 |      72 |            72 |        100.00 |    4096 |          4096 |        100.00 |      72 |            72 |        100.00 |
| ffndown/lw_inst/weight_mem/weight_banks_5_1_ext/Memory                |           |                |           |           |         |               |               |         |               |               |         |               |               |         |               |               |
|  ffndown/lw_inst/weight_mem/weight_banks_5_1_ext/Memory_reg_uram_0    | URAM288   |         294912 |    294912 |    100.00 |    4096 |          4096 |        100.00 |      72 |            72 |        100.00 |    4096 |          4096 |        100.00 |      72 |            72 |        100.00 |
| ffndown/lw_inst/weight_mem/weight_banks_5_2_ext/Memory                |           |                |           |           |         |               |               |         |               |               |         |               |               |         |               |               |
|  ffndown/lw_inst/weight_mem/weight_banks_5_2_ext/Memory_reg_uram_0    | URAM288   |         294912 |    294912 |    100.00 |    4096 |          4096 |        100.00 |      72 |            72 |        100.00 |    4096 |          4096 |        100.00 |      72 |            72 |        100.00 |
| ffndown/lw_inst/weight_mem/weight_banks_5_3_ext/Memory                |           |                |           |           |         |               |               |         |               |               |         |               |               |         |               |               |
|  ffndown/lw_inst/weight_mem/weight_banks_5_3_ext/Memory_reg_uram_0    | URAM288   |         294912 |    294912 |    100.00 |    4096 |          4096 |        100.00 |      72 |            72 |        100.00 |    4096 |          4096 |        100.00 |      72 |            72 |        100.00 |
| ffndown/lw_inst/weight_mem/weight_banks_6_0_ext/Memory                |           |                |           |           |         |               |               |         |               |               |         |               |               |         |               |               |
|  ffndown/lw_inst/weight_mem/weight_banks_6_0_ext/Memory_reg_uram_0    | URAM288   |         294912 |    294912 |    100.00 |    4096 |          4096 |        100.00 |      72 |            72 |        100.00 |    4096 |          4096 |        100.00 |      72 |            72 |        100.00 |
| ffndown/lw_inst/weight_mem/weight_banks_6_1_ext/Memory                |           |                |           |           |         |               |               |         |               |               |         |               |               |         |               |               |
|  ffndown/lw_inst/weight_mem/weight_banks_6_1_ext/Memory_reg_uram_0    | URAM288   |         294912 |    294912 |    100.00 |    4096 |          4096 |        100.00 |      72 |            72 |        100.00 |    4096 |          4096 |        100.00 |      72 |            72 |        100.00 |
| ffndown/lw_inst/weight_mem/weight_banks_6_2_ext/Memory                |           |                |           |           |         |               |               |         |               |               |         |               |               |         |               |               |
|  ffndown/lw_inst/weight_mem/weight_banks_6_2_ext/Memory_reg_uram_0    | URAM288   |         294912 |    294912 |    100.00 |    4096 |          4096 |        100.00 |      72 |            72 |        100.00 |    4096 |          4096 |        100.00 |      72 |            72 |        100.00 |
| ffndown/lw_inst/weight_mem/weight_banks_6_3_ext/Memory                |           |                |           |           |         |               |               |         |               |               |         |               |               |         |               |               |
|  ffndown/lw_inst/weight_mem/weight_banks_6_3_ext/Memory_reg_uram_0    | URAM288   |         294912 |    294912 |    100.00 |    4096 |          4096 |        100.00 |      72 |            72 |        100.00 |    4096 |          4096 |        100.00 |      72 |            72 |        100.00 |
| ffndown/lw_inst/weight_mem/weight_banks_7_0_ext/Memory                |           |                |           |           |         |               |               |         |               |               |         |               |               |         |               |               |
|  ffndown/lw_inst/weight_mem/weight_banks_7_0_ext/Memory_reg_uram_0    | URAM288   |         294912 |    294912 |    100.00 |    4096 |          4096 |        100.00 |      72 |            72 |        100.00 |    4096 |          4096 |        100.00 |      72 |            72 |        100.00 |
| ffndown/lw_inst/weight_mem/weight_banks_7_1_ext/Memory                |           |                |           |           |         |               |               |         |               |               |         |               |               |         |               |               |
|  ffndown/lw_inst/weight_mem/weight_banks_7_1_ext/Memory_reg_uram_0    | URAM288   |         294912 |    294912 |    100.00 |    4096 |          4096 |        100.00 |      72 |            72 |        100.00 |    4096 |          4096 |        100.00 |      72 |            72 |        100.00 |
| ffndown/lw_inst/weight_mem/weight_banks_7_2_ext/Memory                |           |                |           |           |         |               |               |         |               |               |         |               |               |         |               |               |
|  ffndown/lw_inst/weight_mem/weight_banks_7_2_ext/Memory_reg_uram_0    | URAM288   |         294912 |    294912 |    100.00 |    4096 |          4096 |        100.00 |      72 |            72 |        100.00 |    4096 |          4096 |        100.00 |      72 |            72 |        100.00 |
| ffndown/lw_inst/weight_mem/weight_banks_7_3_ext/Memory                |           |                |           |           |         |               |               |         |               |               |         |               |               |         |               |               |
|  ffndown/lw_inst/weight_mem/weight_banks_7_3_ext/Memory_reg_uram_0    | URAM288   |         294912 |    294912 |    100.00 |    4096 |          4096 |        100.00 |      72 |            72 |        100.00 |    4096 |          4096 |        100.00 |      72 |            72 |        100.00 |
| ffndown/lw_inst/weight_mem/weight_banks_8_0_ext/Memory                |           |                |           |           |         |               |               |         |               |               |         |               |               |         |               |               |
|  ffndown/lw_inst/weight_mem/weight_banks_8_0_ext/Memory_reg_uram_0    | URAM288   |         294912 |    294912 |    100.00 |    4096 |          4096 |        100.00 |      72 |            72 |        100.00 |    4096 |          4096 |        100.00 |      72 |            72 |        100.00 |
| ffndown/lw_inst/weight_mem/weight_banks_8_1_ext/Memory                |           |                |           |           |         |               |               |         |               |               |         |               |               |         |               |               |
|  ffndown/lw_inst/weight_mem/weight_banks_8_1_ext/Memory_reg_uram_0    | URAM288   |         294912 |    294912 |    100.00 |    4096 |          4096 |        100.00 |      72 |            72 |        100.00 |    4096 |          4096 |        100.00 |      72 |            72 |        100.00 |
| ffndown/lw_inst/weight_mem/weight_banks_8_2_ext/Memory                |           |                |           |           |         |               |               |         |               |               |         |               |               |         |               |               |
|  ffndown/lw_inst/weight_mem/weight_banks_8_2_ext/Memory_reg_uram_0    | URAM288   |         294912 |    294912 |    100.00 |    4096 |          4096 |        100.00 |      72 |            72 |        100.00 |    4096 |          4096 |        100.00 |      72 |            72 |        100.00 |
| ffndown/lw_inst/weight_mem/weight_banks_8_3_ext/Memory                |           |                |           |           |         |               |               |         |               |               |         |               |               |         |               |               |
|  ffndown/lw_inst/weight_mem/weight_banks_8_3_ext/Memory_reg_uram_0    | URAM288   |         294912 |    294912 |    100.00 |    4096 |          4096 |        100.00 |      72 |            72 |        100.00 |    4096 |          4096 |        100.00 |      72 |            72 |        100.00 |
| ffndown/lw_inst/weight_mem/weight_banks_9_0_ext/Memory                |           |                |           |           |         |               |               |         |               |               |         |               |               |         |               |               |
|  ffndown/lw_inst/weight_mem/weight_banks_9_0_ext/Memory_reg_uram_0    | URAM288   |         294912 |    294912 |    100.00 |    4096 |          4096 |        100.00 |      72 |            72 |        100.00 |    4096 |          4096 |        100.00 |      72 |            72 |        100.00 |
| ffndown/lw_inst/weight_mem/weight_banks_9_1_ext/Memory                |           |                |           |           |         |               |               |         |               |               |         |               |               |         |               |               |
|  ffndown/lw_inst/weight_mem/weight_banks_9_1_ext/Memory_reg_uram_0    | URAM288   |         294912 |    294912 |    100.00 |    4096 |          4096 |        100.00 |      72 |            72 |        100.00 |    4096 |          4096 |        100.00 |      72 |            72 |        100.00 |
| ffndown/lw_inst/weight_mem/weight_banks_9_2_ext/Memory                |           |                |           |           |         |               |               |         |               |               |         |               |               |         |               |               |
|  ffndown/lw_inst/weight_mem/weight_banks_9_2_ext/Memory_reg_uram_0    | URAM288   |         294912 |    294912 |    100.00 |    4096 |          4096 |        100.00 |      72 |            72 |        100.00 |    4096 |          4096 |        100.00 |      72 |            72 |        100.00 |
| ffndown/lw_inst/weight_mem/weight_banks_9_3_ext/Memory                |           |                |           |           |         |               |               |         |               |               |         |               |               |         |               |               |
|  ffndown/lw_inst/weight_mem/weight_banks_9_3_ext/Memory_reg_uram_0    | URAM288   |         294912 |    294912 |    100.00 |    4096 |          4096 |        100.00 |      72 |            72 |        100.00 |    4096 |          4096 |        100.00 |      72 |            72 |        100.00 |
| ffnup/lw_inst/weight_mem/weight_banks_0_0_ext/Memory                  |           |                |           |           |         |               |               |         |               |               |         |               |               |         |               |               |
|  ffnup/lw_inst/weight_mem/weight_banks_0_0_ext/Memory_reg_uram_0      | URAM288   |         294912 |    294912 |    100.00 |    4096 |          4096 |        100.00 |      72 |            72 |        100.00 |    4096 |          4096 |        100.00 |      72 |            72 |        100.00 |
| ffnup/lw_inst/weight_mem/weight_banks_0_1_ext/Memory                  |           |                |           |           |         |               |               |         |               |               |         |               |               |         |               |               |
|  ffnup/lw_inst/weight_mem/weight_banks_0_1_ext/Memory_reg_uram_0      | URAM288   |         294912 |    294912 |    100.00 |    4096 |          4096 |        100.00 |      72 |            72 |        100.00 |    4096 |          4096 |        100.00 |      72 |            72 |        100.00 |
| ffnup/lw_inst/weight_mem/weight_banks_0_2_ext/Memory                  |           |                |           |           |         |               |               |         |               |               |         |               |               |         |               |               |
|  ffnup/lw_inst/weight_mem/weight_banks_0_2_ext/Memory_reg_uram_0      | URAM288   |         294912 |    294912 |    100.00 |    4096 |          4096 |        100.00 |      72 |            72 |        100.00 |    4096 |          4096 |        100.00 |      72 |            72 |        100.00 |
| ffnup/lw_inst/weight_mem/weight_banks_0_3_ext/Memory                  |           |                |           |           |         |               |               |         |               |               |         |               |               |         |               |               |
|  ffnup/lw_inst/weight_mem/weight_banks_0_3_ext/Memory_reg_uram_0      | URAM288   |         294912 |    294912 |    100.00 |    4096 |          4096 |        100.00 |      72 |            72 |        100.00 |    4096 |          4096 |        100.00 |      72 |            72 |        100.00 |
| ffnup/lw_inst/weight_mem/weight_banks_10_0_ext/Memory                 |           |                |           |           |         |               |               |         |               |               |         |               |               |         |               |               |
|  ffnup/lw_inst/weight_mem/weight_banks_10_0_ext/Memory_reg_uram_0     | URAM288   |         294912 |    294912 |    100.00 |    4096 |          4096 |        100.00 |      72 |            72 |        100.00 |    4096 |          4096 |        100.00 |      72 |            72 |        100.00 |
| ffnup/lw_inst/weight_mem/weight_banks_10_1_ext/Memory                 |           |                |           |           |         |               |               |         |               |               |         |               |               |         |               |               |
|  ffnup/lw_inst/weight_mem/weight_banks_10_1_ext/Memory_reg_uram_0     | URAM288   |         294912 |    294912 |    100.00 |    4096 |          4096 |        100.00 |      72 |            72 |        100.00 |    4096 |          4096 |        100.00 |      72 |            72 |        100.00 |
| ffnup/lw_inst/weight_mem/weight_banks_10_2_ext/Memory                 |           |                |           |           |         |               |               |         |               |               |         |               |               |         |               |               |
|  ffnup/lw_inst/weight_mem/weight_banks_10_2_ext/Memory_reg_uram_0     | URAM288   |         294912 |    294912 |    100.00 |    4096 |          4096 |        100.00 |      72 |            72 |        100.00 |    4096 |          4096 |        100.00 |      72 |            72 |        100.00 |
| ffnup/lw_inst/weight_mem/weight_banks_10_3_ext/Memory                 |           |                |           |           |         |               |               |         |               |               |         |               |               |         |               |               |
|  ffnup/lw_inst/weight_mem/weight_banks_10_3_ext/Memory_reg_uram_0     | URAM288   |         294912 |    294912 |    100.00 |    4096 |          4096 |        100.00 |      72 |            72 |        100.00 |    4096 |          4096 |        100.00 |      72 |            72 |        100.00 |
| ffnup/lw_inst/weight_mem/weight_banks_11_0_ext/Memory                 |           |                |           |           |         |               |               |         |               |               |         |               |               |         |               |               |
|  ffnup/lw_inst/weight_mem/weight_banks_11_0_ext/Memory_reg_uram_0     | URAM288   |         294912 |    294912 |    100.00 |    4096 |          4096 |        100.00 |      72 |            72 |        100.00 |    4096 |          4096 |        100.00 |      72 |            72 |        100.00 |
| ffnup/lw_inst/weight_mem/weight_banks_11_1_ext/Memory                 |           |                |           |           |         |               |               |         |               |               |         |               |               |         |               |               |
|  ffnup/lw_inst/weight_mem/weight_banks_11_1_ext/Memory_reg_uram_0     | URAM288   |         294912 |    294912 |    100.00 |    4096 |          4096 |        100.00 |      72 |            72 |        100.00 |    4096 |          4096 |        100.00 |      72 |            72 |        100.00 |
| ffnup/lw_inst/weight_mem/weight_banks_11_2_ext/Memory                 |           |                |           |           |         |               |               |         |               |               |         |               |               |         |               |               |
|  ffnup/lw_inst/weight_mem/weight_banks_11_2_ext/Memory_reg_uram_0     | URAM288   |         294912 |    294912 |    100.00 |    4096 |          4096 |        100.00 |      72 |            72 |        100.00 |    4096 |          4096 |        100.00 |      72 |            72 |        100.00 |
| ffnup/lw_inst/weight_mem/weight_banks_11_3_ext/Memory                 |           |                |           |           |         |               |               |         |               |               |         |               |               |         |               |               |
|  ffnup/lw_inst/weight_mem/weight_banks_11_3_ext/Memory_reg_uram_0     | URAM288   |         294912 |    294912 |    100.00 |    4096 |          4096 |        100.00 |      72 |            72 |        100.00 |    4096 |          4096 |        100.00 |      72 |            72 |        100.00 |
| ffnup/lw_inst/weight_mem/weight_banks_12_0_ext/Memory                 |           |                |           |           |         |               |               |         |               |               |         |               |               |         |               |               |
|  ffnup/lw_inst/weight_mem/weight_banks_12_0_ext/Memory_reg_uram_0     | URAM288   |         294912 |    294912 |    100.00 |    4096 |          4096 |        100.00 |      72 |            72 |        100.00 |    4096 |          4096 |        100.00 |      72 |            72 |        100.00 |
| ffnup/lw_inst/weight_mem/weight_banks_12_1_ext/Memory                 |           |                |           |           |         |               |               |         |               |               |         |               |               |         |               |               |
|  ffnup/lw_inst/weight_mem/weight_banks_12_1_ext/Memory_reg_uram_0     | URAM288   |         294912 |    294912 |    100.00 |    4096 |          4096 |        100.00 |      72 |            72 |        100.00 |    4096 |          4096 |        100.00 |      72 |            72 |        100.00 |
| ffnup/lw_inst/weight_mem/weight_banks_12_2_ext/Memory                 |           |                |           |           |         |               |               |         |               |               |         |               |               |         |               |               |
|  ffnup/lw_inst/weight_mem/weight_banks_12_2_ext/Memory_reg_uram_0     | URAM288   |         294912 |    294912 |    100.00 |    4096 |          4096 |        100.00 |      72 |            72 |        100.00 |    4096 |          4096 |        100.00 |      72 |            72 |        100.00 |
| ffnup/lw_inst/weight_mem/weight_banks_12_3_ext/Memory                 |           |                |           |           |         |               |               |         |               |               |         |               |               |         |               |               |
|  ffnup/lw_inst/weight_mem/weight_banks_12_3_ext/Memory_reg_uram_0     | URAM288   |         294912 |    294912 |    100.00 |    4096 |          4096 |        100.00 |      72 |            72 |        100.00 |    4096 |          4096 |        100.00 |      72 |            72 |        100.00 |
| ffnup/lw_inst/weight_mem/weight_banks_13_0_ext/Memory                 |           |                |           |           |         |               |               |         |               |               |         |               |               |         |               |               |
|  ffnup/lw_inst/weight_mem/weight_banks_13_0_ext/Memory_reg_uram_0     | URAM288   |         294912 |    294912 |    100.00 |    4096 |          4096 |        100.00 |      72 |            72 |        100.00 |    4096 |          4096 |        100.00 |      72 |            72 |        100.00 |
| ffnup/lw_inst/weight_mem/weight_banks_13_1_ext/Memory                 |           |                |           |           |         |               |               |         |               |               |         |               |               |         |               |               |
|  ffnup/lw_inst/weight_mem/weight_banks_13_1_ext/Memory_reg_uram_0     | URAM288   |         294912 |    294912 |    100.00 |    4096 |          4096 |        100.00 |      72 |            72 |        100.00 |    4096 |          4096 |        100.00 |      72 |            72 |        100.00 |
| ffnup/lw_inst/weight_mem/weight_banks_13_2_ext/Memory                 |           |                |           |           |         |               |               |         |               |               |         |               |               |         |               |               |
|  ffnup/lw_inst/weight_mem/weight_banks_13_2_ext/Memory_reg_uram_0     | URAM288   |         294912 |    294912 |    100.00 |    4096 |          4096 |        100.00 |      72 |            72 |        100.00 |    4096 |          4096 |        100.00 |      72 |            72 |        100.00 |
| ffnup/lw_inst/weight_mem/weight_banks_13_3_ext/Memory                 |           |                |           |           |         |               |               |         |               |               |         |               |               |         |               |               |
|  ffnup/lw_inst/weight_mem/weight_banks_13_3_ext/Memory_reg_uram_0     | URAM288   |         294912 |    294912 |    100.00 |    4096 |          4096 |        100.00 |      72 |            72 |        100.00 |    4096 |          4096 |        100.00 |      72 |            72 |        100.00 |
| ffnup/lw_inst/weight_mem/weight_banks_14_0_ext/Memory                 |           |                |           |           |         |               |               |         |               |               |         |               |               |         |               |               |
|  ffnup/lw_inst/weight_mem/weight_banks_14_0_ext/Memory_reg_uram_0     | URAM288   |         294912 |    294912 |    100.00 |    4096 |          4096 |        100.00 |      72 |            72 |        100.00 |    4096 |          4096 |        100.00 |      72 |            72 |        100.00 |
| ffnup/lw_inst/weight_mem/weight_banks_14_1_ext/Memory                 |           |                |           |           |         |               |               |         |               |               |         |               |               |         |               |               |
|  ffnup/lw_inst/weight_mem/weight_banks_14_1_ext/Memory_reg_uram_0     | URAM288   |         294912 |    294912 |    100.00 |    4096 |          4096 |        100.00 |      72 |            72 |        100.00 |    4096 |          4096 |        100.00 |      72 |            72 |        100.00 |
| ffnup/lw_inst/weight_mem/weight_banks_14_2_ext/Memory                 |           |                |           |           |         |               |               |         |               |               |         |               |               |         |               |               |
|  ffnup/lw_inst/weight_mem/weight_banks_14_2_ext/Memory_reg_uram_0     | URAM288   |         294912 |    294912 |    100.00 |    4096 |          4096 |        100.00 |      72 |            72 |        100.00 |    4096 |          4096 |        100.00 |      72 |            72 |        100.00 |
| ffnup/lw_inst/weight_mem/weight_banks_14_3_ext/Memory                 |           |                |           |           |         |               |               |         |               |               |         |               |               |         |               |               |
|  ffnup/lw_inst/weight_mem/weight_banks_14_3_ext/Memory_reg_uram_0     | URAM288   |         294912 |    294912 |    100.00 |    4096 |          4096 |        100.00 |      72 |            72 |        100.00 |    4096 |          4096 |        100.00 |      72 |            72 |        100.00 |
| ffnup/lw_inst/weight_mem/weight_banks_15_0_ext/Memory                 |           |                |           |           |         |               |               |         |               |               |         |               |               |         |               |               |
|  ffnup/lw_inst/weight_mem/weight_banks_15_0_ext/Memory_reg_uram_0     | URAM288   |         294912 |    294912 |    100.00 |    4096 |          4096 |        100.00 |      72 |            72 |        100.00 |    4096 |          4096 |        100.00 |      72 |            72 |        100.00 |
| ffnup/lw_inst/weight_mem/weight_banks_15_1_ext/Memory                 |           |                |           |           |         |               |               |         |               |               |         |               |               |         |               |               |
|  ffnup/lw_inst/weight_mem/weight_banks_15_1_ext/Memory_reg_uram_0     | URAM288   |         294912 |    294912 |    100.00 |    4096 |          4096 |        100.00 |      72 |            72 |        100.00 |    4096 |          4096 |        100.00 |      72 |            72 |        100.00 |
| ffnup/lw_inst/weight_mem/weight_banks_15_2_ext/Memory                 |           |                |           |           |         |               |               |         |               |               |         |               |               |         |               |               |
|  ffnup/lw_inst/weight_mem/weight_banks_15_2_ext/Memory_reg_uram_0     | URAM288   |         294912 |    294912 |    100.00 |    4096 |          4096 |        100.00 |      72 |            72 |        100.00 |    4096 |          4096 |        100.00 |      72 |            72 |        100.00 |
| ffnup/lw_inst/weight_mem/weight_banks_15_3_ext/Memory                 |           |                |           |           |         |               |               |         |               |               |         |               |               |         |               |               |
|  ffnup/lw_inst/weight_mem/weight_banks_15_3_ext/Memory_reg_uram_0     | URAM288   |         294912 |    294912 |    100.00 |    4096 |          4096 |        100.00 |      72 |            72 |        100.00 |    4096 |          4096 |        100.00 |      72 |            72 |        100.00 |
| ffnup/lw_inst/weight_mem/weight_banks_16_0_ext/Memory                 |           |                |           |           |         |               |               |         |               |               |         |               |               |         |               |               |
|  ffnup/lw_inst/weight_mem/weight_banks_16_0_ext/Memory_reg_uram_0     | URAM288   |         294912 |    294912 |    100.00 |    4096 |          4096 |        100.00 |      72 |            72 |        100.00 |    4096 |          4096 |        100.00 |      72 |            72 |        100.00 |
| ffnup/lw_inst/weight_mem/weight_banks_16_1_ext/Memory                 |           |                |           |           |         |               |               |         |               |               |         |               |               |         |               |               |
|  ffnup/lw_inst/weight_mem/weight_banks_16_1_ext/Memory_reg_uram_0     | URAM288   |         294912 |    294912 |    100.00 |    4096 |          4096 |        100.00 |      72 |            72 |        100.00 |    4096 |          4096 |        100.00 |      72 |            72 |        100.00 |
| ffnup/lw_inst/weight_mem/weight_banks_16_2_ext/Memory                 |           |                |           |           |         |               |               |         |               |               |         |               |               |         |               |               |
|  ffnup/lw_inst/weight_mem/weight_banks_16_2_ext/Memory_reg_uram_0     | URAM288   |         294912 |    294912 |    100.00 |    4096 |          4096 |        100.00 |      72 |            72 |        100.00 |    4096 |          4096 |        100.00 |      72 |            72 |        100.00 |
| ffnup/lw_inst/weight_mem/weight_banks_16_3_ext/Memory                 |           |                |           |           |         |               |               |         |               |               |         |               |               |         |               |               |
|  ffnup/lw_inst/weight_mem/weight_banks_16_3_ext/Memory_reg_uram_0     | URAM288   |         294912 |    294912 |    100.00 |    4096 |          4096 |        100.00 |      72 |            72 |        100.00 |    4096 |          4096 |        100.00 |      72 |            72 |        100.00 |
| ffnup/lw_inst/weight_mem/weight_banks_1_0_ext/Memory                  |           |                |           |           |         |               |               |         |               |               |         |               |               |         |               |               |
|  ffnup/lw_inst/weight_mem/weight_banks_1_0_ext/Memory_reg_uram_0      | URAM288   |         294912 |    294912 |    100.00 |    4096 |          4096 |        100.00 |      72 |            72 |        100.00 |    4096 |          4096 |        100.00 |      72 |            72 |        100.00 |
| ffnup/lw_inst/weight_mem/weight_banks_1_1_ext/Memory                  |           |                |           |           |         |               |               |         |               |               |         |               |               |         |               |               |
|  ffnup/lw_inst/weight_mem/weight_banks_1_1_ext/Memory_reg_uram_0      | URAM288   |         294912 |    294912 |    100.00 |    4096 |          4096 |        100.00 |      72 |            72 |        100.00 |    4096 |          4096 |        100.00 |      72 |            72 |        100.00 |
| ffnup/lw_inst/weight_mem/weight_banks_1_2_ext/Memory                  |           |                |           |           |         |               |               |         |               |               |         |               |               |         |               |               |
|  ffnup/lw_inst/weight_mem/weight_banks_1_2_ext/Memory_reg_uram_0      | URAM288   |         294912 |    294912 |    100.00 |    4096 |          4096 |        100.00 |      72 |            72 |        100.00 |    4096 |          4096 |        100.00 |      72 |            72 |        100.00 |
| ffnup/lw_inst/weight_mem/weight_banks_1_3_ext/Memory                  |           |                |           |           |         |               |               |         |               |               |         |               |               |         |               |               |
|  ffnup/lw_inst/weight_mem/weight_banks_1_3_ext/Memory_reg_uram_0      | URAM288   |         294912 |    294912 |    100.00 |    4096 |          4096 |        100.00 |      72 |            72 |        100.00 |    4096 |          4096 |        100.00 |      72 |            72 |        100.00 |
| ffnup/lw_inst/weight_mem/weight_banks_2_0_ext/Memory                  |           |                |           |           |         |               |               |         |               |               |         |               |               |         |               |               |
|  ffnup/lw_inst/weight_mem/weight_banks_2_0_ext/Memory_reg_uram_0      | URAM288   |         294912 |    294912 |    100.00 |    4096 |          4096 |        100.00 |      72 |            72 |        100.00 |    4096 |          4096 |        100.00 |      72 |            72 |        100.00 |
| ffnup/lw_inst/weight_mem/weight_banks_2_1_ext/Memory                  |           |                |           |           |         |               |               |         |               |               |         |               |               |         |               |               |
|  ffnup/lw_inst/weight_mem/weight_banks_2_1_ext/Memory_reg_uram_0      | URAM288   |         294912 |    294912 |    100.00 |    4096 |          4096 |        100.00 |      72 |            72 |        100.00 |    4096 |          4096 |        100.00 |      72 |            72 |        100.00 |
| ffnup/lw_inst/weight_mem/weight_banks_2_2_ext/Memory                  |           |                |           |           |         |               |               |         |               |               |         |               |               |         |               |               |
|  ffnup/lw_inst/weight_mem/weight_banks_2_2_ext/Memory_reg_uram_0      | URAM288   |         294912 |    294912 |    100.00 |    4096 |          4096 |        100.00 |      72 |            72 |        100.00 |    4096 |          4096 |        100.00 |      72 |            72 |        100.00 |
| ffnup/lw_inst/weight_mem/weight_banks_2_3_ext/Memory                  |           |                |           |           |         |               |               |         |               |               |         |               |               |         |               |               |
|  ffnup/lw_inst/weight_mem/weight_banks_2_3_ext/Memory_reg_uram_0      | URAM288   |         294912 |    294912 |    100.00 |    4096 |          4096 |        100.00 |      72 |            72 |        100.00 |    4096 |          4096 |        100.00 |      72 |            72 |        100.00 |
| ffnup/lw_inst/weight_mem/weight_banks_3_0_ext/Memory                  |           |                |           |           |         |               |               |         |               |               |         |               |               |         |               |               |
|  ffnup/lw_inst/weight_mem/weight_banks_3_0_ext/Memory_reg_uram_0      | URAM288   |         294912 |    294912 |    100.00 |    4096 |          4096 |        100.00 |      72 |            72 |        100.00 |    4096 |          4096 |        100.00 |      72 |            72 |        100.00 |
| ffnup/lw_inst/weight_mem/weight_banks_3_1_ext/Memory                  |           |                |           |           |         |               |               |         |               |               |         |               |               |         |               |               |
|  ffnup/lw_inst/weight_mem/weight_banks_3_1_ext/Memory_reg_uram_0      | URAM288   |         294912 |    294912 |    100.00 |    4096 |          4096 |        100.00 |      72 |            72 |        100.00 |    4096 |          4096 |        100.00 |      72 |            72 |        100.00 |
| ffnup/lw_inst/weight_mem/weight_banks_3_2_ext/Memory                  |           |                |           |           |         |               |               |         |               |               |         |               |               |         |               |               |
|  ffnup/lw_inst/weight_mem/weight_banks_3_2_ext/Memory_reg_uram_0      | URAM288   |         294912 |    294912 |    100.00 |    4096 |          4096 |        100.00 |      72 |            72 |        100.00 |    4096 |          4096 |        100.00 |      72 |            72 |        100.00 |
| ffnup/lw_inst/weight_mem/weight_banks_3_3_ext/Memory                  |           |                |           |           |         |               |               |         |               |               |         |               |               |         |               |               |
|  ffnup/lw_inst/weight_mem/weight_banks_3_3_ext/Memory_reg_uram_0      | URAM288   |         294912 |    294912 |    100.00 |    4096 |          4096 |        100.00 |      72 |            72 |        100.00 |    4096 |          4096 |        100.00 |      72 |            72 |        100.00 |
| ffnup/lw_inst/weight_mem/weight_banks_4_0_ext/Memory                  |           |                |           |           |         |               |               |         |               |               |         |               |               |         |               |               |
|  ffnup/lw_inst/weight_mem/weight_banks_4_0_ext/Memory_reg_uram_0      | URAM288   |         294912 |    294912 |    100.00 |    4096 |          4096 |        100.00 |      72 |            72 |        100.00 |    4096 |          4096 |        100.00 |      72 |            72 |        100.00 |
| ffnup/lw_inst/weight_mem/weight_banks_4_1_ext/Memory                  |           |                |           |           |         |               |               |         |               |               |         |               |               |         |               |               |
|  ffnup/lw_inst/weight_mem/weight_banks_4_1_ext/Memory_reg_uram_0      | URAM288   |         294912 |    294912 |    100.00 |    4096 |          4096 |        100.00 |      72 |            72 |        100.00 |    4096 |          4096 |        100.00 |      72 |            72 |        100.00 |
| ffnup/lw_inst/weight_mem/weight_banks_4_2_ext/Memory                  |           |                |           |           |         |               |               |         |               |               |         |               |               |         |               |               |
|  ffnup/lw_inst/weight_mem/weight_banks_4_2_ext/Memory_reg_uram_0      | URAM288   |         294912 |    294912 |    100.00 |    4096 |          4096 |        100.00 |      72 |            72 |        100.00 |    4096 |          4096 |        100.00 |      72 |            72 |        100.00 |
| ffnup/lw_inst/weight_mem/weight_banks_4_3_ext/Memory                  |           |                |           |           |         |               |               |         |               |               |         |               |               |         |               |               |
|  ffnup/lw_inst/weight_mem/weight_banks_4_3_ext/Memory_reg_uram_0      | URAM288   |         294912 |    294912 |    100.00 |    4096 |          4096 |        100.00 |      72 |            72 |        100.00 |    4096 |          4096 |        100.00 |      72 |            72 |        100.00 |
| ffnup/lw_inst/weight_mem/weight_banks_5_0_ext/Memory                  |           |                |           |           |         |               |               |         |               |               |         |               |               |         |               |               |
|  ffnup/lw_inst/weight_mem/weight_banks_5_0_ext/Memory_reg_uram_0      | URAM288   |         294912 |    294912 |    100.00 |    4096 |          4096 |        100.00 |      72 |            72 |        100.00 |    4096 |          4096 |        100.00 |      72 |            72 |        100.00 |
| ffnup/lw_inst/weight_mem/weight_banks_5_1_ext/Memory                  |           |                |           |           |         |               |               |         |               |               |         |               |               |         |               |               |
|  ffnup/lw_inst/weight_mem/weight_banks_5_1_ext/Memory_reg_uram_0      | URAM288   |         294912 |    294912 |    100.00 |    4096 |          4096 |        100.00 |      72 |            72 |        100.00 |    4096 |          4096 |        100.00 |      72 |            72 |        100.00 |
| ffnup/lw_inst/weight_mem/weight_banks_5_2_ext/Memory                  |           |                |           |           |         |               |               |         |               |               |         |               |               |         |               |               |
|  ffnup/lw_inst/weight_mem/weight_banks_5_2_ext/Memory_reg_uram_0      | URAM288   |         294912 |    294912 |    100.00 |    4096 |          4096 |        100.00 |      72 |            72 |        100.00 |    4096 |          4096 |        100.00 |      72 |            72 |        100.00 |
| ffnup/lw_inst/weight_mem/weight_banks_5_3_ext/Memory                  |           |                |           |           |         |               |               |         |               |               |         |               |               |         |               |               |
|  ffnup/lw_inst/weight_mem/weight_banks_5_3_ext/Memory_reg_uram_0      | URAM288   |         294912 |    294912 |    100.00 |    4096 |          4096 |        100.00 |      72 |            72 |        100.00 |    4096 |          4096 |        100.00 |      72 |            72 |        100.00 |
| ffnup/lw_inst/weight_mem/weight_banks_6_0_ext/Memory                  |           |                |           |           |         |               |               |         |               |               |         |               |               |         |               |               |
|  ffnup/lw_inst/weight_mem/weight_banks_6_0_ext/Memory_reg_uram_0      | URAM288   |         294912 |    294912 |    100.00 |    4096 |          4096 |        100.00 |      72 |            72 |        100.00 |    4096 |          4096 |        100.00 |      72 |            72 |        100.00 |
| ffnup/lw_inst/weight_mem/weight_banks_6_1_ext/Memory                  |           |                |           |           |         |               |               |         |               |               |         |               |               |         |               |               |
|  ffnup/lw_inst/weight_mem/weight_banks_6_1_ext/Memory_reg_uram_0      | URAM288   |         294912 |    294912 |    100.00 |    4096 |          4096 |        100.00 |      72 |            72 |        100.00 |    4096 |          4096 |        100.00 |      72 |            72 |        100.00 |
| ffnup/lw_inst/weight_mem/weight_banks_6_2_ext/Memory                  |           |                |           |           |         |               |               |         |               |               |         |               |               |         |               |               |
|  ffnup/lw_inst/weight_mem/weight_banks_6_2_ext/Memory_reg_uram_0      | URAM288   |         294912 |    294912 |    100.00 |    4096 |          4096 |        100.00 |      72 |            72 |        100.00 |    4096 |          4096 |        100.00 |      72 |            72 |        100.00 |
| ffnup/lw_inst/weight_mem/weight_banks_6_3_ext/Memory                  |           |                |           |           |         |               |               |         |               |               |         |               |               |         |               |               |
|  ffnup/lw_inst/weight_mem/weight_banks_6_3_ext/Memory_reg_uram_0      | URAM288   |         294912 |    294912 |    100.00 |    4096 |          4096 |        100.00 |      72 |            72 |        100.00 |    4096 |          4096 |        100.00 |      72 |            72 |        100.00 |
| ffnup/lw_inst/weight_mem/weight_banks_7_0_ext/Memory                  |           |                |           |           |         |               |               |         |               |               |         |               |               |         |               |               |
|  ffnup/lw_inst/weight_mem/weight_banks_7_0_ext/Memory_reg_uram_0      | URAM288   |         294912 |    294912 |    100.00 |    4096 |          4096 |        100.00 |      72 |            72 |        100.00 |    4096 |          4096 |        100.00 |      72 |            72 |        100.00 |
| ffnup/lw_inst/weight_mem/weight_banks_7_1_ext/Memory                  |           |                |           |           |         |               |               |         |               |               |         |               |               |         |               |               |
|  ffnup/lw_inst/weight_mem/weight_banks_7_1_ext/Memory_reg_uram_0      | URAM288   |         294912 |    294912 |    100.00 |    4096 |          4096 |        100.00 |      72 |            72 |        100.00 |    4096 |          4096 |        100.00 |      72 |            72 |        100.00 |
| ffnup/lw_inst/weight_mem/weight_banks_7_2_ext/Memory                  |           |                |           |           |         |               |               |         |               |               |         |               |               |         |               |               |
|  ffnup/lw_inst/weight_mem/weight_banks_7_2_ext/Memory_reg_uram_0      | URAM288   |         294912 |    294912 |    100.00 |    4096 |          4096 |        100.00 |      72 |            72 |        100.00 |    4096 |          4096 |        100.00 |      72 |            72 |        100.00 |
| ffnup/lw_inst/weight_mem/weight_banks_7_3_ext/Memory                  |           |                |           |           |         |               |               |         |               |               |         |               |               |         |               |               |
|  ffnup/lw_inst/weight_mem/weight_banks_7_3_ext/Memory_reg_uram_0      | URAM288   |         294912 |    294912 |    100.00 |    4096 |          4096 |        100.00 |      72 |            72 |        100.00 |    4096 |          4096 |        100.00 |      72 |            72 |        100.00 |
| ffnup/lw_inst/weight_mem/weight_banks_8_0_ext/Memory                  |           |                |           |           |         |               |               |         |               |               |         |               |               |         |               |               |
|  ffnup/lw_inst/weight_mem/weight_banks_8_0_ext/Memory_reg_uram_0      | URAM288   |         294912 |    294912 |    100.00 |    4096 |          4096 |        100.00 |      72 |            72 |        100.00 |    4096 |          4096 |        100.00 |      72 |            72 |        100.00 |
| ffnup/lw_inst/weight_mem/weight_banks_8_1_ext/Memory                  |           |                |           |           |         |               |               |         |               |               |         |               |               |         |               |               |
|  ffnup/lw_inst/weight_mem/weight_banks_8_1_ext/Memory_reg_uram_0      | URAM288   |         294912 |    294912 |    100.00 |    4096 |          4096 |        100.00 |      72 |            72 |        100.00 |    4096 |          4096 |        100.00 |      72 |            72 |        100.00 |
| ffnup/lw_inst/weight_mem/weight_banks_8_2_ext/Memory                  |           |                |           |           |         |               |               |         |               |               |         |               |               |         |               |               |
|  ffnup/lw_inst/weight_mem/weight_banks_8_2_ext/Memory_reg_uram_0      | URAM288   |         294912 |    294912 |    100.00 |    4096 |          4096 |        100.00 |      72 |            72 |        100.00 |    4096 |          4096 |        100.00 |      72 |            72 |        100.00 |
| ffnup/lw_inst/weight_mem/weight_banks_8_3_ext/Memory                  |           |                |           |           |         |               |               |         |               |               |         |               |               |         |               |               |
|  ffnup/lw_inst/weight_mem/weight_banks_8_3_ext/Memory_reg_uram_0      | URAM288   |         294912 |    294912 |    100.00 |    4096 |          4096 |        100.00 |      72 |            72 |        100.00 |    4096 |          4096 |        100.00 |      72 |            72 |        100.00 |
| ffnup/lw_inst/weight_mem/weight_banks_9_0_ext/Memory                  |           |                |           |           |         |               |               |         |               |               |         |               |               |         |               |               |
|  ffnup/lw_inst/weight_mem/weight_banks_9_0_ext/Memory_reg_uram_0      | URAM288   |         294912 |    294912 |    100.00 |    4096 |          4096 |        100.00 |      72 |            72 |        100.00 |    4096 |          4096 |        100.00 |      72 |            72 |        100.00 |
| ffnup/lw_inst/weight_mem/weight_banks_9_1_ext/Memory                  |           |                |           |           |         |               |               |         |               |               |         |               |               |         |               |               |
|  ffnup/lw_inst/weight_mem/weight_banks_9_1_ext/Memory_reg_uram_0      | URAM288   |         294912 |    294912 |    100.00 |    4096 |          4096 |        100.00 |      72 |            72 |        100.00 |    4096 |          4096 |        100.00 |      72 |            72 |        100.00 |
| ffnup/lw_inst/weight_mem/weight_banks_9_2_ext/Memory                  |           |                |           |           |         |               |               |         |               |               |         |               |               |         |               |               |
|  ffnup/lw_inst/weight_mem/weight_banks_9_2_ext/Memory_reg_uram_0      | URAM288   |         294912 |    294912 |    100.00 |    4096 |          4096 |        100.00 |      72 |            72 |        100.00 |    4096 |          4096 |        100.00 |      72 |            72 |        100.00 |
| ffnup/lw_inst/weight_mem/weight_banks_9_3_ext/Memory                  |           |                |           |           |         |               |               |         |               |               |         |               |               |         |               |               |
|  ffnup/lw_inst/weight_mem/weight_banks_9_3_ext/Memory_reg_uram_0      | URAM288   |         294912 |    294912 |    100.00 |    4096 |          4096 |        100.00 |      72 |            72 |        100.00 |    4096 |          4096 |        100.00 |      72 |            72 |        100.00 |
| outlinear/lw_inst/weight_mem/weight_banks_0_0_ext/Memory              |           |                |           |           |         |               |               |         |               |               |         |               |               |         |               |               |
|  outlinear/lw_inst/weight_mem/weight_banks_0_0_ext/Memory_reg_uram_0  | URAM288   |         294912 |    294912 |    100.00 |    4096 |          4096 |        100.00 |      72 |            72 |        100.00 |    4096 |          4096 |        100.00 |      72 |            72 |        100.00 |
| outlinear/lw_inst/weight_mem/weight_banks_0_1_ext/Memory              |           |                |           |           |         |               |               |         |               |               |         |               |               |         |               |               |
|  outlinear/lw_inst/weight_mem/weight_banks_0_1_ext/Memory_reg_uram_0  | URAM288   |         294912 |    294912 |    100.00 |    4096 |          4096 |        100.00 |      72 |            72 |        100.00 |    4096 |          4096 |        100.00 |      72 |            72 |        100.00 |
| outlinear/lw_inst/weight_mem/weight_banks_0_2_ext/Memory              |           |                |           |           |         |               |               |         |               |               |         |               |               |         |               |               |
|  outlinear/lw_inst/weight_mem/weight_banks_0_2_ext/Memory_reg_uram_0  | URAM288   |         294912 |    294912 |    100.00 |    4096 |          4096 |        100.00 |      72 |            72 |        100.00 |    4096 |          4096 |        100.00 |      72 |            72 |        100.00 |
| outlinear/lw_inst/weight_mem/weight_banks_0_3_ext/Memory              |           |                |           |           |         |               |               |         |               |               |         |               |               |         |               |               |
|  outlinear/lw_inst/weight_mem/weight_banks_0_3_ext/Memory_reg_uram_0  | URAM288   |         294912 |    294912 |    100.00 |    4096 |          4096 |        100.00 |      72 |            72 |        100.00 |    4096 |          4096 |        100.00 |      72 |            72 |        100.00 |
| outlinear/lw_inst/weight_mem/weight_banks_1_0_ext/Memory              |           |                |           |           |         |               |               |         |               |               |         |               |               |         |               |               |
|  outlinear/lw_inst/weight_mem/weight_banks_1_0_ext/Memory_reg_uram_0  | URAM288   |         294912 |    294912 |    100.00 |    4096 |          4096 |        100.00 |      72 |            72 |        100.00 |    4096 |          4096 |        100.00 |      72 |            72 |        100.00 |
| outlinear/lw_inst/weight_mem/weight_banks_1_1_ext/Memory              |           |                |           |           |         |               |               |         |               |               |         |               |               |         |               |               |
|  outlinear/lw_inst/weight_mem/weight_banks_1_1_ext/Memory_reg_uram_0  | URAM288   |         294912 |    294912 |    100.00 |    4096 |          4096 |        100.00 |      72 |            72 |        100.00 |    4096 |          4096 |        100.00 |      72 |            72 |        100.00 |
| outlinear/lw_inst/weight_mem/weight_banks_1_2_ext/Memory              |           |                |           |           |         |               |               |         |               |               |         |               |               |         |               |               |
|  outlinear/lw_inst/weight_mem/weight_banks_1_2_ext/Memory_reg_uram_0  | URAM288   |         294912 |    294912 |    100.00 |    4096 |          4096 |        100.00 |      72 |            72 |        100.00 |    4096 |          4096 |        100.00 |      72 |            72 |        100.00 |
| outlinear/lw_inst/weight_mem/weight_banks_1_3_ext/Memory              |           |                |           |           |         |               |               |         |               |               |         |               |               |         |               |               |
|  outlinear/lw_inst/weight_mem/weight_banks_1_3_ext/Memory_reg_uram_0  | URAM288   |         294912 |    294912 |    100.00 |    4096 |          4096 |        100.00 |      72 |            72 |        100.00 |    4096 |          4096 |        100.00 |      72 |            72 |        100.00 |
| outlinear/lw_inst/weight_mem/weight_banks_2_0_ext/Memory              |           |                |           |           |         |               |               |         |               |               |         |               |               |         |               |               |
|  outlinear/lw_inst/weight_mem/weight_banks_2_0_ext/Memory_reg_uram_0  | URAM288   |         294912 |    294912 |    100.00 |    4096 |          4096 |        100.00 |      72 |            72 |        100.00 |    4096 |          4096 |        100.00 |      72 |            72 |        100.00 |
| outlinear/lw_inst/weight_mem/weight_banks_2_1_ext/Memory              |           |                |           |           |         |               |               |         |               |               |         |               |               |         |               |               |
|  outlinear/lw_inst/weight_mem/weight_banks_2_1_ext/Memory_reg_uram_0  | URAM288   |         294912 |    294912 |    100.00 |    4096 |          4096 |        100.00 |      72 |            72 |        100.00 |    4096 |          4096 |        100.00 |      72 |            72 |        100.00 |
| outlinear/lw_inst/weight_mem/weight_banks_2_2_ext/Memory              |           |                |           |           |         |               |               |         |               |               |         |               |               |         |               |               |
|  outlinear/lw_inst/weight_mem/weight_banks_2_2_ext/Memory_reg_uram_0  | URAM288   |         294912 |    294912 |    100.00 |    4096 |          4096 |        100.00 |      72 |            72 |        100.00 |    4096 |          4096 |        100.00 |      72 |            72 |        100.00 |
| outlinear/lw_inst/weight_mem/weight_banks_2_3_ext/Memory              |           |                |           |           |         |               |               |         |               |               |         |               |               |         |               |               |
|  outlinear/lw_inst/weight_mem/weight_banks_2_3_ext/Memory_reg_uram_0  | URAM288   |         294912 |    294912 |    100.00 |    4096 |          4096 |        100.00 |      72 |            72 |        100.00 |    4096 |          4096 |        100.00 |      72 |            72 |        100.00 |
| outlinear/lw_inst/weight_mem/weight_banks_3_0_ext/Memory              |           |                |           |           |         |               |               |         |               |               |         |               |               |         |               |               |
|  outlinear/lw_inst/weight_mem/weight_banks_3_0_ext/Memory_reg_uram_0  | URAM288   |         294912 |    294912 |    100.00 |    4096 |          4096 |        100.00 |      72 |            72 |        100.00 |    4096 |          4096 |        100.00 |      72 |            72 |        100.00 |
| outlinear/lw_inst/weight_mem/weight_banks_3_1_ext/Memory              |           |                |           |           |         |               |               |         |               |               |         |               |               |         |               |               |
|  outlinear/lw_inst/weight_mem/weight_banks_3_1_ext/Memory_reg_uram_0  | URAM288   |         294912 |    294912 |    100.00 |    4096 |          4096 |        100.00 |      72 |            72 |        100.00 |    4096 |          4096 |        100.00 |      72 |            72 |        100.00 |
| outlinear/lw_inst/weight_mem/weight_banks_3_2_ext/Memory              |           |                |           |           |         |               |               |         |               |               |         |               |               |         |               |               |
|  outlinear/lw_inst/weight_mem/weight_banks_3_2_ext/Memory_reg_uram_0  | URAM288   |         294912 |    294912 |    100.00 |    4096 |          4096 |        100.00 |      72 |            72 |        100.00 |    4096 |          4096 |        100.00 |      72 |            72 |        100.00 |
| outlinear/lw_inst/weight_mem/weight_banks_3_3_ext/Memory              |           |                |           |           |         |               |               |         |               |               |         |               |               |         |               |               |
|  outlinear/lw_inst/weight_mem/weight_banks_3_3_ext/Memory_reg_uram_0  | URAM288   |         294912 |    294912 |    100.00 |    4096 |          4096 |        100.00 |      72 |            72 |        100.00 |    4096 |          4096 |        100.00 |      72 |            72 |        100.00 |
| outlinear/lw_inst/weight_mem/weight_banks_4_0_ext/Memory              |           |                |           |           |         |               |               |         |               |               |         |               |               |         |               |               |
|  outlinear/lw_inst/weight_mem/weight_banks_4_0_ext/Memory_reg_uram_0  | URAM288   |         294912 |    294912 |    100.00 |    4096 |          4096 |        100.00 |      72 |            72 |        100.00 |    4096 |          4096 |        100.00 |      72 |            72 |        100.00 |
| outlinear/lw_inst/weight_mem/weight_banks_4_1_ext/Memory              |           |                |           |           |         |               |               |         |               |               |         |               |               |         |               |               |
|  outlinear/lw_inst/weight_mem/weight_banks_4_1_ext/Memory_reg_uram_0  | URAM288   |         294912 |    294912 |    100.00 |    4096 |          4096 |        100.00 |      72 |            72 |        100.00 |    4096 |          4096 |        100.00 |      72 |            72 |        100.00 |
| outlinear/lw_inst/weight_mem/weight_banks_4_2_ext/Memory              |           |                |           |           |         |               |               |         |               |               |         |               |               |         |               |               |
|  outlinear/lw_inst/weight_mem/weight_banks_4_2_ext/Memory_reg_uram_0  | URAM288   |         294912 |    294912 |    100.00 |    4096 |          4096 |        100.00 |      72 |            72 |        100.00 |    4096 |          4096 |        100.00 |      72 |            72 |        100.00 |
| outlinear/lw_inst/weight_mem/weight_banks_4_3_ext/Memory              |           |                |           |           |         |               |               |         |               |               |         |               |               |         |               |               |
|  outlinear/lw_inst/weight_mem/weight_banks_4_3_ext/Memory_reg_uram_0  | URAM288   |         294912 |    294912 |    100.00 |    4096 |          4096 |        100.00 |      72 |            72 |        100.00 |    4096 |          4096 |        100.00 |      72 |            72 |        100.00 |
| qkvlinear/lw_inst/weight_mem/weight_banks_0_0_ext/Memory              |           |                |           |           |         |               |               |         |               |               |         |               |               |         |               |               |
|  qkvlinear/lw_inst/weight_mem/weight_banks_0_0_ext/Memory_reg_uram_0  | URAM288   |         294912 |    294912 |    100.00 |    4096 |          4096 |        100.00 |      72 |            72 |        100.00 |    4096 |          4096 |        100.00 |      72 |            72 |        100.00 |
| qkvlinear/lw_inst/weight_mem/weight_banks_0_1_ext/Memory              |           |                |           |           |         |               |               |         |               |               |         |               |               |         |               |               |
|  qkvlinear/lw_inst/weight_mem/weight_banks_0_1_ext/Memory_reg_uram_0  | URAM288   |         294912 |    294912 |    100.00 |    4096 |          4096 |        100.00 |      72 |            72 |        100.00 |    4096 |          4096 |        100.00 |      72 |            72 |        100.00 |
| qkvlinear/lw_inst/weight_mem/weight_banks_0_2_ext/Memory              |           |                |           |           |         |               |               |         |               |               |         |               |               |         |               |               |
|  qkvlinear/lw_inst/weight_mem/weight_banks_0_2_ext/Memory_reg_uram_0  | URAM288   |         294912 |    294912 |    100.00 |    4096 |          4096 |        100.00 |      72 |            72 |        100.00 |    4096 |          4096 |        100.00 |      72 |            72 |        100.00 |
| qkvlinear/lw_inst/weight_mem/weight_banks_0_3_ext/Memory              |           |                |           |           |         |               |               |         |               |               |         |               |               |         |               |               |
|  qkvlinear/lw_inst/weight_mem/weight_banks_0_3_ext/Memory_reg_uram_0  | URAM288   |         294912 |    294912 |    100.00 |    4096 |          4096 |        100.00 |      72 |            72 |        100.00 |    4096 |          4096 |        100.00 |      72 |            72 |        100.00 |
| qkvlinear/lw_inst/weight_mem/weight_banks_10_0_ext/Memory             |           |                |           |           |         |               |               |         |               |               |         |               |               |         |               |               |
|  qkvlinear/lw_inst/weight_mem/weight_banks_10_0_ext/Memory_reg_uram_0 | URAM288   |         294912 |    294912 |    100.00 |    4096 |          4096 |        100.00 |      72 |            72 |        100.00 |    4096 |          4096 |        100.00 |      72 |            72 |        100.00 |
| qkvlinear/lw_inst/weight_mem/weight_banks_10_1_ext/Memory             |           |                |           |           |         |               |               |         |               |               |         |               |               |         |               |               |
|  qkvlinear/lw_inst/weight_mem/weight_banks_10_1_ext/Memory_reg_uram_0 | URAM288   |         294912 |    294912 |    100.00 |    4096 |          4096 |        100.00 |      72 |            72 |        100.00 |    4096 |          4096 |        100.00 |      72 |            72 |        100.00 |
| qkvlinear/lw_inst/weight_mem/weight_banks_10_2_ext/Memory             |           |                |           |           |         |               |               |         |               |               |         |               |               |         |               |               |
|  qkvlinear/lw_inst/weight_mem/weight_banks_10_2_ext/Memory_reg_uram_0 | URAM288   |         294912 |    294912 |    100.00 |    4096 |          4096 |        100.00 |      72 |            72 |        100.00 |    4096 |          4096 |        100.00 |      72 |            72 |        100.00 |
| qkvlinear/lw_inst/weight_mem/weight_banks_10_3_ext/Memory             |           |                |           |           |         |               |               |         |               |               |         |               |               |         |               |               |
|  qkvlinear/lw_inst/weight_mem/weight_banks_10_3_ext/Memory_reg_uram_0 | URAM288   |         294912 |    294912 |    100.00 |    4096 |          4096 |        100.00 |      72 |            72 |        100.00 |    4096 |          4096 |        100.00 |      72 |            72 |        100.00 |
| qkvlinear/lw_inst/weight_mem/weight_banks_11_0_ext/Memory             |           |                |           |           |         |               |               |         |               |               |         |               |               |         |               |               |
|  qkvlinear/lw_inst/weight_mem/weight_banks_11_0_ext/Memory_reg_uram_0 | URAM288   |         294912 |    294912 |    100.00 |    4096 |          4096 |        100.00 |      72 |            72 |        100.00 |    4096 |          4096 |        100.00 |      72 |            72 |        100.00 |
| qkvlinear/lw_inst/weight_mem/weight_banks_11_1_ext/Memory             |           |                |           |           |         |               |               |         |               |               |         |               |               |         |               |               |
|  qkvlinear/lw_inst/weight_mem/weight_banks_11_1_ext/Memory_reg_uram_0 | URAM288   |         294912 |    294912 |    100.00 |    4096 |          4096 |        100.00 |      72 |            72 |        100.00 |    4096 |          4096 |        100.00 |      72 |            72 |        100.00 |
| qkvlinear/lw_inst/weight_mem/weight_banks_11_2_ext/Memory             |           |                |           |           |         |               |               |         |               |               |         |               |               |         |               |               |
|  qkvlinear/lw_inst/weight_mem/weight_banks_11_2_ext/Memory_reg_uram_0 | URAM288   |         294912 |    294912 |    100.00 |    4096 |          4096 |        100.00 |      72 |            72 |        100.00 |    4096 |          4096 |        100.00 |      72 |            72 |        100.00 |
| qkvlinear/lw_inst/weight_mem/weight_banks_11_3_ext/Memory             |           |                |           |           |         |               |               |         |               |               |         |               |               |         |               |               |
|  qkvlinear/lw_inst/weight_mem/weight_banks_11_3_ext/Memory_reg_uram_0 | URAM288   |         294912 |    294912 |    100.00 |    4096 |          4096 |        100.00 |      72 |            72 |        100.00 |    4096 |          4096 |        100.00 |      72 |            72 |        100.00 |
| qkvlinear/lw_inst/weight_mem/weight_banks_1_0_ext/Memory              |           |                |           |           |         |               |               |         |               |               |         |               |               |         |               |               |
|  qkvlinear/lw_inst/weight_mem/weight_banks_1_0_ext/Memory_reg_uram_0  | URAM288   |         294912 |    294912 |    100.00 |    4096 |          4096 |        100.00 |      72 |            72 |        100.00 |    4096 |          4096 |        100.00 |      72 |            72 |        100.00 |
| qkvlinear/lw_inst/weight_mem/weight_banks_1_1_ext/Memory              |           |                |           |           |         |               |               |         |               |               |         |               |               |         |               |               |
|  qkvlinear/lw_inst/weight_mem/weight_banks_1_1_ext/Memory_reg_uram_0  | URAM288   |         294912 |    294912 |    100.00 |    4096 |          4096 |        100.00 |      72 |            72 |        100.00 |    4096 |          4096 |        100.00 |      72 |            72 |        100.00 |
| qkvlinear/lw_inst/weight_mem/weight_banks_1_2_ext/Memory              |           |                |           |           |         |               |               |         |               |               |         |               |               |         |               |               |
|  qkvlinear/lw_inst/weight_mem/weight_banks_1_2_ext/Memory_reg_uram_0  | URAM288   |         294912 |    294912 |    100.00 |    4096 |          4096 |        100.00 |      72 |            72 |        100.00 |    4096 |          4096 |        100.00 |      72 |            72 |        100.00 |
| qkvlinear/lw_inst/weight_mem/weight_banks_1_3_ext/Memory              |           |                |           |           |         |               |               |         |               |               |         |               |               |         |               |               |
|  qkvlinear/lw_inst/weight_mem/weight_banks_1_3_ext/Memory_reg_uram_0  | URAM288   |         294912 |    294912 |    100.00 |    4096 |          4096 |        100.00 |      72 |            72 |        100.00 |    4096 |          4096 |        100.00 |      72 |            72 |        100.00 |
| qkvlinear/lw_inst/weight_mem/weight_banks_2_0_ext/Memory              |           |                |           |           |         |               |               |         |               |               |         |               |               |         |               |               |
|  qkvlinear/lw_inst/weight_mem/weight_banks_2_0_ext/Memory_reg_uram_0  | URAM288   |         294912 |    294912 |    100.00 |    4096 |          4096 |        100.00 |      72 |            72 |        100.00 |    4096 |          4096 |        100.00 |      72 |            72 |        100.00 |
| qkvlinear/lw_inst/weight_mem/weight_banks_2_1_ext/Memory              |           |                |           |           |         |               |               |         |               |               |         |               |               |         |               |               |
|  qkvlinear/lw_inst/weight_mem/weight_banks_2_1_ext/Memory_reg_uram_0  | URAM288   |         294912 |    294912 |    100.00 |    4096 |          4096 |        100.00 |      72 |            72 |        100.00 |    4096 |          4096 |        100.00 |      72 |            72 |        100.00 |
| qkvlinear/lw_inst/weight_mem/weight_banks_2_2_ext/Memory              |           |                |           |           |         |               |               |         |               |               |         |               |               |         |               |               |
|  qkvlinear/lw_inst/weight_mem/weight_banks_2_2_ext/Memory_reg_uram_0  | URAM288   |         294912 |    294912 |    100.00 |    4096 |          4096 |        100.00 |      72 |            72 |        100.00 |    4096 |          4096 |        100.00 |      72 |            72 |        100.00 |
| qkvlinear/lw_inst/weight_mem/weight_banks_2_3_ext/Memory              |           |                |           |           |         |               |               |         |               |               |         |               |               |         |               |               |
|  qkvlinear/lw_inst/weight_mem/weight_banks_2_3_ext/Memory_reg_uram_0  | URAM288   |         294912 |    294912 |    100.00 |    4096 |          4096 |        100.00 |      72 |            72 |        100.00 |    4096 |          4096 |        100.00 |      72 |            72 |        100.00 |
| qkvlinear/lw_inst/weight_mem/weight_banks_3_0_ext/Memory              |           |                |           |           |         |               |               |         |               |               |         |               |               |         |               |               |
|  qkvlinear/lw_inst/weight_mem/weight_banks_3_0_ext/Memory_reg_uram_0  | URAM288   |         294912 |    294912 |    100.00 |    4096 |          4096 |        100.00 |      72 |            72 |        100.00 |    4096 |          4096 |        100.00 |      72 |            72 |        100.00 |
| qkvlinear/lw_inst/weight_mem/weight_banks_3_1_ext/Memory              |           |                |           |           |         |               |               |         |               |               |         |               |               |         |               |               |
|  qkvlinear/lw_inst/weight_mem/weight_banks_3_1_ext/Memory_reg_uram_0  | URAM288   |         294912 |    294912 |    100.00 |    4096 |          4096 |        100.00 |      72 |            72 |        100.00 |    4096 |          4096 |        100.00 |      72 |            72 |        100.00 |
| qkvlinear/lw_inst/weight_mem/weight_banks_3_2_ext/Memory              |           |                |           |           |         |               |               |         |               |               |         |               |               |         |               |               |
|  qkvlinear/lw_inst/weight_mem/weight_banks_3_2_ext/Memory_reg_uram_0  | URAM288   |         294912 |    294912 |    100.00 |    4096 |          4096 |        100.00 |      72 |            72 |        100.00 |    4096 |          4096 |        100.00 |      72 |            72 |        100.00 |
| qkvlinear/lw_inst/weight_mem/weight_banks_3_3_ext/Memory              |           |                |           |           |         |               |               |         |               |               |         |               |               |         |               |               |
|  qkvlinear/lw_inst/weight_mem/weight_banks_3_3_ext/Memory_reg_uram_0  | URAM288   |         294912 |    294912 |    100.00 |    4096 |          4096 |        100.00 |      72 |            72 |        100.00 |    4096 |          4096 |        100.00 |      72 |            72 |        100.00 |
| qkvlinear/lw_inst/weight_mem/weight_banks_4_0_ext/Memory              |           |                |           |           |         |               |               |         |               |               |         |               |               |         |               |               |
|  qkvlinear/lw_inst/weight_mem/weight_banks_4_0_ext/Memory_reg_uram_0  | URAM288   |         294912 |    294912 |    100.00 |    4096 |          4096 |        100.00 |      72 |            72 |        100.00 |    4096 |          4096 |        100.00 |      72 |            72 |        100.00 |
| qkvlinear/lw_inst/weight_mem/weight_banks_4_1_ext/Memory              |           |                |           |           |         |               |               |         |               |               |         |               |               |         |               |               |
|  qkvlinear/lw_inst/weight_mem/weight_banks_4_1_ext/Memory_reg_uram_0  | URAM288   |         294912 |    294912 |    100.00 |    4096 |          4096 |        100.00 |      72 |            72 |        100.00 |    4096 |          4096 |        100.00 |      72 |            72 |        100.00 |
| qkvlinear/lw_inst/weight_mem/weight_banks_4_2_ext/Memory              |           |                |           |           |         |               |               |         |               |               |         |               |               |         |               |               |
|  qkvlinear/lw_inst/weight_mem/weight_banks_4_2_ext/Memory_reg_uram_0  | URAM288   |         294912 |    294912 |    100.00 |    4096 |          4096 |        100.00 |      72 |            72 |        100.00 |    4096 |          4096 |        100.00 |      72 |            72 |        100.00 |
| qkvlinear/lw_inst/weight_mem/weight_banks_4_3_ext/Memory              |           |                |           |           |         |               |               |         |               |               |         |               |               |         |               |               |
|  qkvlinear/lw_inst/weight_mem/weight_banks_4_3_ext/Memory_reg_uram_0  | URAM288   |         294912 |    294912 |    100.00 |    4096 |          4096 |        100.00 |      72 |            72 |        100.00 |    4096 |          4096 |        100.00 |      72 |            72 |        100.00 |
| qkvlinear/lw_inst/weight_mem/weight_banks_5_0_ext/Memory              |           |                |           |           |         |               |               |         |               |               |         |               |               |         |               |               |
|  qkvlinear/lw_inst/weight_mem/weight_banks_5_0_ext/Memory_reg_uram_0  | URAM288   |         294912 |    294912 |    100.00 |    4096 |          4096 |        100.00 |      72 |            72 |        100.00 |    4096 |          4096 |        100.00 |      72 |            72 |        100.00 |
| qkvlinear/lw_inst/weight_mem/weight_banks_5_1_ext/Memory              |           |                |           |           |         |               |               |         |               |               |         |               |               |         |               |               |
|  qkvlinear/lw_inst/weight_mem/weight_banks_5_1_ext/Memory_reg_uram_0  | URAM288   |         294912 |    294912 |    100.00 |    4096 |          4096 |        100.00 |      72 |            72 |        100.00 |    4096 |          4096 |        100.00 |      72 |            72 |        100.00 |
| qkvlinear/lw_inst/weight_mem/weight_banks_5_2_ext/Memory              |           |                |           |           |         |               |               |         |               |               |         |               |               |         |               |               |
|  qkvlinear/lw_inst/weight_mem/weight_banks_5_2_ext/Memory_reg_uram_0  | URAM288   |         294912 |    294912 |    100.00 |    4096 |          4096 |        100.00 |      72 |            72 |        100.00 |    4096 |          4096 |        100.00 |      72 |            72 |        100.00 |
| qkvlinear/lw_inst/weight_mem/weight_banks_5_3_ext/Memory              |           |                |           |           |         |               |               |         |               |               |         |               |               |         |               |               |
|  qkvlinear/lw_inst/weight_mem/weight_banks_5_3_ext/Memory_reg_uram_0  | URAM288   |         294912 |    294912 |    100.00 |    4096 |          4096 |        100.00 |      72 |            72 |        100.00 |    4096 |          4096 |        100.00 |      72 |            72 |        100.00 |
| qkvlinear/lw_inst/weight_mem/weight_banks_6_0_ext/Memory              |           |                |           |           |         |               |               |         |               |               |         |               |               |         |               |               |
|  qkvlinear/lw_inst/weight_mem/weight_banks_6_0_ext/Memory_reg_uram_0  | URAM288   |         294912 |    294912 |    100.00 |    4096 |          4096 |        100.00 |      72 |            72 |        100.00 |    4096 |          4096 |        100.00 |      72 |            72 |        100.00 |
| qkvlinear/lw_inst/weight_mem/weight_banks_6_1_ext/Memory              |           |                |           |           |         |               |               |         |               |               |         |               |               |         |               |               |
|  qkvlinear/lw_inst/weight_mem/weight_banks_6_1_ext/Memory_reg_uram_0  | URAM288   |         294912 |    294912 |    100.00 |    4096 |          4096 |        100.00 |      72 |            72 |        100.00 |    4096 |          4096 |        100.00 |      72 |            72 |        100.00 |
| qkvlinear/lw_inst/weight_mem/weight_banks_6_2_ext/Memory              |           |                |           |           |         |               |               |         |               |               |         |               |               |         |               |               |
|  qkvlinear/lw_inst/weight_mem/weight_banks_6_2_ext/Memory_reg_uram_0  | URAM288   |         294912 |    294912 |    100.00 |    4096 |          4096 |        100.00 |      72 |            72 |        100.00 |    4096 |          4096 |        100.00 |      72 |            72 |        100.00 |
| qkvlinear/lw_inst/weight_mem/weight_banks_6_3_ext/Memory              |           |                |           |           |         |               |               |         |               |               |         |               |               |         |               |               |
|  qkvlinear/lw_inst/weight_mem/weight_banks_6_3_ext/Memory_reg_uram_0  | URAM288   |         294912 |    294912 |    100.00 |    4096 |          4096 |        100.00 |      72 |            72 |        100.00 |    4096 |          4096 |        100.00 |      72 |            72 |        100.00 |
| qkvlinear/lw_inst/weight_mem/weight_banks_7_0_ext/Memory              |           |                |           |           |         |               |               |         |               |               |         |               |               |         |               |               |
|  qkvlinear/lw_inst/weight_mem/weight_banks_7_0_ext/Memory_reg_uram_0  | URAM288   |         294912 |    294912 |    100.00 |    4096 |          4096 |        100.00 |      72 |            72 |        100.00 |    4096 |          4096 |        100.00 |      72 |            72 |        100.00 |
| qkvlinear/lw_inst/weight_mem/weight_banks_7_1_ext/Memory              |           |                |           |           |         |               |               |         |               |               |         |               |               |         |               |               |
|  qkvlinear/lw_inst/weight_mem/weight_banks_7_1_ext/Memory_reg_uram_0  | URAM288   |         294912 |    294912 |    100.00 |    4096 |          4096 |        100.00 |      72 |            72 |        100.00 |    4096 |          4096 |        100.00 |      72 |            72 |        100.00 |
| qkvlinear/lw_inst/weight_mem/weight_banks_7_2_ext/Memory              |           |                |           |           |         |               |               |         |               |               |         |               |               |         |               |               |
|  qkvlinear/lw_inst/weight_mem/weight_banks_7_2_ext/Memory_reg_uram_0  | URAM288   |         294912 |    294912 |    100.00 |    4096 |          4096 |        100.00 |      72 |            72 |        100.00 |    4096 |          4096 |        100.00 |      72 |            72 |        100.00 |
| qkvlinear/lw_inst/weight_mem/weight_banks_7_3_ext/Memory              |           |                |           |           |         |               |               |         |               |               |         |               |               |         |               |               |
|  qkvlinear/lw_inst/weight_mem/weight_banks_7_3_ext/Memory_reg_uram_0  | URAM288   |         294912 |    294912 |    100.00 |    4096 |          4096 |        100.00 |      72 |            72 |        100.00 |    4096 |          4096 |        100.00 |      72 |            72 |        100.00 |
| qkvlinear/lw_inst/weight_mem/weight_banks_8_0_ext/Memory              |           |                |           |           |         |               |               |         |               |               |         |               |               |         |               |               |
|  qkvlinear/lw_inst/weight_mem/weight_banks_8_0_ext/Memory_reg_uram_0  | URAM288   |         294912 |    294912 |    100.00 |    4096 |          4096 |        100.00 |      72 |            72 |        100.00 |    4096 |          4096 |        100.00 |      72 |            72 |        100.00 |
| qkvlinear/lw_inst/weight_mem/weight_banks_8_1_ext/Memory              |           |                |           |           |         |               |               |         |               |               |         |               |               |         |               |               |
|  qkvlinear/lw_inst/weight_mem/weight_banks_8_1_ext/Memory_reg_uram_0  | URAM288   |         294912 |    294912 |    100.00 |    4096 |          4096 |        100.00 |      72 |            72 |        100.00 |    4096 |          4096 |        100.00 |      72 |            72 |        100.00 |
| qkvlinear/lw_inst/weight_mem/weight_banks_8_2_ext/Memory              |           |                |           |           |         |               |               |         |               |               |         |               |               |         |               |               |
|  qkvlinear/lw_inst/weight_mem/weight_banks_8_2_ext/Memory_reg_uram_0  | URAM288   |         294912 |    294912 |    100.00 |    4096 |          4096 |        100.00 |      72 |            72 |        100.00 |    4096 |          4096 |        100.00 |      72 |            72 |        100.00 |
| qkvlinear/lw_inst/weight_mem/weight_banks_8_3_ext/Memory              |           |                |           |           |         |               |               |         |               |               |         |               |               |         |               |               |
|  qkvlinear/lw_inst/weight_mem/weight_banks_8_3_ext/Memory_reg_uram_0  | URAM288   |         294912 |    294912 |    100.00 |    4096 |          4096 |        100.00 |      72 |            72 |        100.00 |    4096 |          4096 |        100.00 |      72 |            72 |        100.00 |
| qkvlinear/lw_inst/weight_mem/weight_banks_9_0_ext/Memory              |           |                |           |           |         |               |               |         |               |               |         |               |               |         |               |               |
|  qkvlinear/lw_inst/weight_mem/weight_banks_9_0_ext/Memory_reg_uram_0  | URAM288   |         294912 |    294912 |    100.00 |    4096 |          4096 |        100.00 |      72 |            72 |        100.00 |    4096 |          4096 |        100.00 |      72 |            72 |        100.00 |
| qkvlinear/lw_inst/weight_mem/weight_banks_9_1_ext/Memory              |           |                |           |           |         |               |               |         |               |               |         |               |               |         |               |               |
|  qkvlinear/lw_inst/weight_mem/weight_banks_9_1_ext/Memory_reg_uram_0  | URAM288   |         294912 |    294912 |    100.00 |    4096 |          4096 |        100.00 |      72 |            72 |        100.00 |    4096 |          4096 |        100.00 |      72 |            72 |        100.00 |
| qkvlinear/lw_inst/weight_mem/weight_banks_9_2_ext/Memory              |           |                |           |           |         |               |               |         |               |               |         |               |               |         |               |               |
|  qkvlinear/lw_inst/weight_mem/weight_banks_9_2_ext/Memory_reg_uram_0  | URAM288   |         294912 |    294912 |    100.00 |    4096 |          4096 |        100.00 |      72 |            72 |        100.00 |    4096 |          4096 |        100.00 |      72 |            72 |        100.00 |
| qkvlinear/lw_inst/weight_mem/weight_banks_9_3_ext/Memory              |           |                |           |           |         |               |               |         |               |               |         |               |               |         |               |               |
|  qkvlinear/lw_inst/weight_mem/weight_banks_9_3_ext/Memory_reg_uram_0  | URAM288   |         294912 |    294912 |    100.00 |    4096 |          4096 |        100.00 |      72 |            72 |        100.00 |    4096 |          4096 |        100.00 |      72 |            72 |        100.00 |
| ffndown/mem_inst/mem0_ext/Memory                                      |           |                |           |           |         |               |               |         |               |               |         |               |               |         |               |               |
|  ffndown/mem_inst/mem0_ext/Memory_reg_bram_0                          | RAMB36E2  |          36864 |     36864 |    100.00 |    1024 |          1024 |        100.00 |      32 |            36 |         88.89 |    1024 |          1024 |        100.00 |      36 |            36 |        100.00 |
|  ffndown/mem_inst/mem0_ext/Memory_reg_bram_1                          | RAMB36E2  |          36864 |     36864 |    100.00 |    1024 |          1024 |        100.00 |      32 |            36 |         88.89 |    1024 |          1024 |        100.00 |      36 |            36 |        100.00 |
|  ffndown/mem_inst/mem0_ext/Memory_reg_bram_2                          | RAMB36E2  |          36864 |     36864 |    100.00 |    1024 |          1024 |        100.00 |      31 |            36 |         86.11 |    1024 |          1024 |        100.00 |      36 |            36 |        100.00 |
|  ffndown/mem_inst/mem0_ext/Memory_reg_bram_3                          | RAMB36E2  |          36864 |     36864 |    100.00 |    1024 |          1024 |        100.00 |      31 |            36 |         86.11 |    1024 |          1024 |        100.00 |      36 |            36 |        100.00 |
|  ffndown/mem_inst/mem0_ext/Memory_reg_bram_4                          | RAMB36E2  |          36864 |     36864 |    100.00 |    2048 |          2048 |        100.00 |      16 |            18 |         88.89 |    2048 |          2048 |        100.00 |      18 |            18 |        100.00 |
|  ffndown/mem_inst/mem0_ext/Memory_reg_bram_5                          | RAMB18E2  |          18432 |     12288 |     66.67 |    2048 |          2048 |        100.00 |       5 |             9 |         55.56 |    2048 |          2048 |        100.00 |       6 |             9 |         66.67 |
| ffndown/mem_inst/mem1_ext/Memory                                      |           |                |           |           |         |               |               |         |               |               |         |               |               |         |               |               |
|  ffndown/mem_inst/mem1_ext/Memory_reg_bram_0                          | RAMB36E2  |          36864 |     36864 |    100.00 |    1024 |          1024 |        100.00 |      32 |            36 |         88.89 |    1024 |          1024 |        100.00 |      36 |            36 |        100.00 |
|  ffndown/mem_inst/mem1_ext/Memory_reg_bram_1                          | RAMB36E2  |          36864 |     36864 |    100.00 |    1024 |          1024 |        100.00 |      32 |            36 |         88.89 |    1024 |          1024 |        100.00 |      36 |            36 |        100.00 |
|  ffndown/mem_inst/mem1_ext/Memory_reg_bram_2                          | RAMB36E2  |          36864 |     36864 |    100.00 |    1024 |          1024 |        100.00 |      31 |            36 |         86.11 |    1024 |          1024 |        100.00 |      36 |            36 |        100.00 |
|  ffndown/mem_inst/mem1_ext/Memory_reg_bram_3                          | RAMB36E2  |          36864 |     36864 |    100.00 |    1024 |          1024 |        100.00 |      31 |            36 |         86.11 |    1024 |          1024 |        100.00 |      36 |            36 |        100.00 |
|  ffndown/mem_inst/mem1_ext/Memory_reg_bram_4                          | RAMB36E2  |          36864 |     36864 |    100.00 |    2048 |          2048 |        100.00 |      16 |            18 |         88.89 |    2048 |          2048 |        100.00 |      18 |            18 |        100.00 |
|  ffndown/mem_inst/mem1_ext/Memory_reg_bram_5                          | RAMB18E2  |          18432 |     12288 |     66.67 |    2048 |          2048 |        100.00 |       5 |             9 |         55.56 |    2048 |          2048 |        100.00 |       6 |             9 |         66.67 |
| ffnup/mem_inst/mem0_ext/Memory                                        |           |                |           |           |         |               |               |         |               |               |         |               |               |         |               |               |
|  ffnup/mem_inst/mem0_ext/Memory_reg_bram_0                            | RAMB36E2  |          36864 |     36864 |    100.00 |    1024 |          1024 |        100.00 |      36 |            36 |        100.00 |    1024 |          1024 |        100.00 |      36 |            36 |        100.00 |
|  ffnup/mem_inst/mem0_ext/Memory_reg_bram_1                            | RAMB36E2  |          36864 |     36864 |    100.00 |    1024 |          1024 |        100.00 |      36 |            36 |        100.00 |    1024 |          1024 |        100.00 |      36 |            36 |        100.00 |
|  ffnup/mem_inst/mem0_ext/Memory_reg_bram_2                            | RAMB36E2  |          36864 |     36864 |    100.00 |    1024 |          1024 |        100.00 |      36 |            36 |        100.00 |    1024 |          1024 |        100.00 |      36 |            36 |        100.00 |
|  ffnup/mem_inst/mem0_ext/Memory_reg_bram_3                            | RAMB36E2  |          36864 |     36864 |    100.00 |    1024 |          1024 |        100.00 |      36 |            36 |        100.00 |    1024 |          1024 |        100.00 |      36 |            36 |        100.00 |
|  ffnup/mem_inst/mem0_ext/Memory_reg_bram_4                            | RAMB36E2  |          36864 |     36864 |    100.00 |    2048 |          2048 |        100.00 |      18 |            18 |        100.00 |    2048 |          2048 |        100.00 |      18 |            18 |        100.00 |
|  ffnup/mem_inst/mem0_ext/Memory_reg_bram_5                            | RAMB18E2  |          18432 |     12288 |     66.67 |    2048 |          2048 |        100.00 |       6 |             9 |         66.67 |    2048 |          2048 |        100.00 |       6 |             9 |         66.67 |
| ffnup/mem_inst/mem1_ext/Memory                                        |           |                |           |           |         |               |               |         |               |               |         |               |               |         |               |               |
|  ffnup/mem_inst/mem1_ext/Memory_reg_bram_0                            | RAMB36E2  |          36864 |     36864 |    100.00 |    1024 |          1024 |        100.00 |      36 |            36 |        100.00 |    1024 |          1024 |        100.00 |      36 |            36 |        100.00 |
|  ffnup/mem_inst/mem1_ext/Memory_reg_bram_1                            | RAMB36E2  |          36864 |     36864 |    100.00 |    1024 |          1024 |        100.00 |      36 |            36 |        100.00 |    1024 |          1024 |        100.00 |      36 |            36 |        100.00 |
|  ffnup/mem_inst/mem1_ext/Memory_reg_bram_2                            | RAMB36E2  |          36864 |     36864 |    100.00 |    1024 |          1024 |        100.00 |      36 |            36 |        100.00 |    1024 |          1024 |        100.00 |      36 |            36 |        100.00 |
|  ffnup/mem_inst/mem1_ext/Memory_reg_bram_3                            | RAMB36E2  |          36864 |     36864 |    100.00 |    1024 |          1024 |        100.00 |      36 |            36 |        100.00 |    1024 |          1024 |        100.00 |      36 |            36 |        100.00 |
|  ffnup/mem_inst/mem1_ext/Memory_reg_bram_4                            | RAMB36E2  |          36864 |     36864 |    100.00 |    2048 |          2048 |        100.00 |      18 |            18 |        100.00 |    2048 |          2048 |        100.00 |      18 |            18 |        100.00 |
|  ffnup/mem_inst/mem1_ext/Memory_reg_bram_5                            | RAMB18E2  |          18432 |     12288 |     66.67 |    2048 |          2048 |        100.00 |       6 |             9 |         66.67 |    2048 |          2048 |        100.00 |       6 |             9 |         66.67 |
| outlinear/mem_inst/mem0_ext/Memory                                    |           |                |           |           |         |               |               |         |               |               |         |               |               |         |               |               |
|  outlinear/mem_inst/mem0_ext/Memory_reg_bram_0                        | RAMB36E2  |          36864 |     36864 |    100.00 |    1024 |          1024 |        100.00 |      36 |            36 |        100.00 |    1024 |          1024 |        100.00 |      36 |            36 |        100.00 |
|  outlinear/mem_inst/mem0_ext/Memory_reg_bram_1                        | RAMB36E2  |          36864 |     36864 |    100.00 |    1024 |          1024 |        100.00 |      36 |            36 |        100.00 |    1024 |          1024 |        100.00 |      36 |            36 |        100.00 |
|  outlinear/mem_inst/mem0_ext/Memory_reg_bram_2                        | RAMB36E2  |          36864 |     36864 |    100.00 |    1024 |          1024 |        100.00 |      36 |            36 |        100.00 |    1024 |          1024 |        100.00 |      36 |            36 |        100.00 |
|  outlinear/mem_inst/mem0_ext/Memory_reg_bram_3                        | RAMB36E2  |          36864 |     36864 |    100.00 |    1024 |          1024 |        100.00 |      36 |            36 |        100.00 |    1024 |          1024 |        100.00 |      36 |            36 |        100.00 |
|  outlinear/mem_inst/mem0_ext/Memory_reg_bram_4                        | RAMB36E2  |          36864 |     36864 |    100.00 |    2048 |          2048 |        100.00 |      18 |            18 |        100.00 |    2048 |          2048 |        100.00 |      18 |            18 |        100.00 |
|  outlinear/mem_inst/mem0_ext/Memory_reg_bram_5                        | RAMB18E2  |          18432 |     12288 |     66.67 |    2048 |          2048 |        100.00 |       6 |             9 |         66.67 |    2048 |          2048 |        100.00 |       6 |             9 |         66.67 |
| outlinear/mem_inst/mem1_ext/Memory                                    |           |                |           |           |         |               |               |         |               |               |         |               |               |         |               |               |
|  outlinear/mem_inst/mem1_ext/Memory_reg_bram_0                        | RAMB36E2  |          36864 |     36864 |    100.00 |    1024 |          1024 |        100.00 |      36 |            36 |        100.00 |    1024 |          1024 |        100.00 |      36 |            36 |        100.00 |
|  outlinear/mem_inst/mem1_ext/Memory_reg_bram_1                        | RAMB36E2  |          36864 |     36864 |    100.00 |    1024 |          1024 |        100.00 |      36 |            36 |        100.00 |    1024 |          1024 |        100.00 |      36 |            36 |        100.00 |
|  outlinear/mem_inst/mem1_ext/Memory_reg_bram_2                        | RAMB36E2  |          36864 |     36864 |    100.00 |    1024 |          1024 |        100.00 |      36 |            36 |        100.00 |    1024 |          1024 |        100.00 |      36 |            36 |        100.00 |
|  outlinear/mem_inst/mem1_ext/Memory_reg_bram_3                        | RAMB36E2  |          36864 |     36864 |    100.00 |    1024 |          1024 |        100.00 |      36 |            36 |        100.00 |    1024 |          1024 |        100.00 |      36 |            36 |        100.00 |
|  outlinear/mem_inst/mem1_ext/Memory_reg_bram_4                        | RAMB36E2  |          36864 |     36864 |    100.00 |    2048 |          2048 |        100.00 |      18 |            18 |        100.00 |    2048 |          2048 |        100.00 |      18 |            18 |        100.00 |
|  outlinear/mem_inst/mem1_ext/Memory_reg_bram_5                        | RAMB18E2  |          18432 |     12288 |     66.67 |    2048 |          2048 |        100.00 |       6 |             9 |         66.67 |    2048 |          2048 |        100.00 |       6 |             9 |         66.67 |
| qkvlinear/mem_inst/mem0_ext/Memory                                    |           |                |           |           |         |               |               |         |               |               |         |               |               |         |               |               |
|  qkvlinear/mem_inst/mem0_ext/Memory_reg_bram_0                        | RAMB36E2  |          36864 |     36864 |    100.00 |    1024 |          1024 |        100.00 |      36 |            36 |        100.00 |    1024 |          1024 |        100.00 |      36 |            36 |        100.00 |
|  qkvlinear/mem_inst/mem0_ext/Memory_reg_bram_1                        | RAMB36E2  |          36864 |     36864 |    100.00 |    1024 |          1024 |        100.00 |      36 |            36 |        100.00 |    1024 |          1024 |        100.00 |      36 |            36 |        100.00 |
|  qkvlinear/mem_inst/mem0_ext/Memory_reg_bram_2                        | RAMB36E2  |          36864 |     36864 |    100.00 |    1024 |          1024 |        100.00 |      36 |            36 |        100.00 |    1024 |          1024 |        100.00 |      36 |            36 |        100.00 |
|  qkvlinear/mem_inst/mem0_ext/Memory_reg_bram_3                        | RAMB36E2  |          36864 |     36864 |    100.00 |    1024 |          1024 |        100.00 |      36 |            36 |        100.00 |    1024 |          1024 |        100.00 |      36 |            36 |        100.00 |
|  qkvlinear/mem_inst/mem0_ext/Memory_reg_bram_4                        | RAMB36E2  |          36864 |     36864 |    100.00 |    2048 |          2048 |        100.00 |      18 |            18 |        100.00 |    2048 |          2048 |        100.00 |      18 |            18 |        100.00 |
|  qkvlinear/mem_inst/mem0_ext/Memory_reg_bram_5                        | RAMB18E2  |          18432 |     12288 |     66.67 |    2048 |          2048 |        100.00 |       6 |             9 |         66.67 |    2048 |          2048 |        100.00 |       6 |             9 |         66.67 |
| qkvlinear/mem_inst/mem1_ext/Memory                                    |           |                |           |           |         |               |               |         |               |               |         |               |               |         |               |               |
|  qkvlinear/mem_inst/mem1_ext/Memory_reg_bram_0                        | RAMB36E2  |          36864 |     36864 |    100.00 |    1024 |          1024 |        100.00 |      36 |            36 |        100.00 |    1024 |          1024 |        100.00 |      36 |            36 |        100.00 |
|  qkvlinear/mem_inst/mem1_ext/Memory_reg_bram_1                        | RAMB36E2  |          36864 |     36864 |    100.00 |    1024 |          1024 |        100.00 |      36 |            36 |        100.00 |    1024 |          1024 |        100.00 |      36 |            36 |        100.00 |
|  qkvlinear/mem_inst/mem1_ext/Memory_reg_bram_2                        | RAMB36E2  |          36864 |     36864 |    100.00 |    1024 |          1024 |        100.00 |      36 |            36 |        100.00 |    1024 |          1024 |        100.00 |      36 |            36 |        100.00 |
|  qkvlinear/mem_inst/mem1_ext/Memory_reg_bram_3                        | RAMB36E2  |          36864 |     36864 |    100.00 |    1024 |          1024 |        100.00 |      36 |            36 |        100.00 |    1024 |          1024 |        100.00 |      36 |            36 |        100.00 |
|  qkvlinear/mem_inst/mem1_ext/Memory_reg_bram_4                        | RAMB36E2  |          36864 |     36864 |    100.00 |    2048 |          2048 |        100.00 |      18 |            18 |        100.00 |    2048 |          2048 |        100.00 |      18 |            18 |        100.00 |
|  qkvlinear/mem_inst/mem1_ext/Memory_reg_bram_5                        | RAMB18E2  |          18432 |     12288 |     66.67 |    2048 |          2048 |        100.00 |       6 |             9 |         66.67 |    2048 |          2048 |        100.00 |       6 |             9 |         66.67 |
| atten/dm1/mem_inst/mem/mem_ext/Memory                                 |           |                |           |           |         |               |               |         |               |               |         |               |               |         |               |               |
|  atten/dm1/mem_inst/mem/mem_ext/Memory_reg_bram_0                     | RAMB36E2  |          36864 |     36864 |    100.00 |    2048 |          2048 |        100.00 |      18 |            18 |        100.00 |    2048 |          2048 |        100.00 |      18 |            18 |        100.00 |
|  atten/dm1/mem_inst/mem/mem_ext/Memory_reg_bram_1                     | RAMB36E2  |          36864 |     28672 |     77.78 |    2048 |          2048 |        100.00 |      14 |            18 |         77.78 |    2048 |          2048 |        100.00 |      14 |            18 |         77.78 |
| atten/dm2/vmemInst/mem/mem_ext/Memory                                 |           |                |           |           |         |               |               |         |               |               |         |               |               |         |               |               |
|  atten/dm2/vmemInst/mem/mem_ext/Memory_reg_0                          | RAMB36E2  |          36864 |      4608 |     12.50 |      64 |           512 |         12.50 |      72 |            72 |        100.00 |      64 |           512 |         12.50 |      72 |            72 |        100.00 |
|  atten/dm2/vmemInst/mem/mem_ext/Memory_reg_1                          | RAMB36E2  |          36864 |      4608 |     12.50 |      64 |           512 |         12.50 |      72 |            72 |        100.00 |      64 |           512 |         12.50 |      72 |            72 |        100.00 |
|  atten/dm2/vmemInst/mem/mem_ext/Memory_reg_2                          | RAMB36E2  |          36864 |      4608 |     12.50 |      64 |           512 |         12.50 |      72 |            72 |        100.00 |      64 |           512 |         12.50 |      72 |            72 |        100.00 |
|  atten/dm2/vmemInst/mem/mem_ext/Memory_reg_3                          | RAMB36E2  |          36864 |      4608 |     12.50 |      64 |           512 |         12.50 |      72 |            72 |        100.00 |      64 |           512 |         12.50 |      72 |            72 |        100.00 |
|  atten/dm2/vmemInst/mem/mem_ext/Memory_reg_4                          | RAMB36E2  |          36864 |      4608 |     12.50 |      64 |           512 |         12.50 |      72 |            72 |        100.00 |      64 |           512 |         12.50 |      72 |            72 |        100.00 |
|  atten/dm2/vmemInst/mem/mem_ext/Memory_reg_5                          | RAMB36E2  |          36864 |      4608 |     12.50 |      64 |           512 |         12.50 |      72 |            72 |        100.00 |      64 |           512 |         12.50 |      72 |            72 |        100.00 |
|  atten/dm2/vmemInst/mem/mem_ext/Memory_reg_6                          | RAMB36E2  |          36864 |      4608 |     12.50 |      64 |           512 |         12.50 |      72 |            72 |        100.00 |      64 |           512 |         12.50 |      72 |            72 |        100.00 |
|  atten/dm2/vmemInst/mem/mem_ext/Memory_reg_7                          | RAMB18E2  |          18432 |       512 |      2.78 |      64 |           512 |         12.50 |       8 |            36 |         22.22 |         |               |               |         |               |               |
| atten/vcache/mem_inst/mem_list_0/mem_ext/Memory                       |           |                |           |           |         |               |               |         |               |               |         |               |               |         |               |               |
|  atten/vcache/mem_inst/mem_list_0/mem_ext/Memory_reg_bram_0           | RAMB18E2  |          18432 |     16384 |     88.89 |    1024 |          1024 |        100.00 |      16 |            18 |         88.89 |    1024 |          1024 |        100.00 |      16 |            18 |         88.89 |
| atten/vcache/mem_inst/mem_list_1/mem_ext/Memory                       |           |                |           |           |         |               |               |         |               |               |         |               |               |         |               |               |
|  atten/vcache/mem_inst/mem_list_1/mem_ext/Memory_reg_bram_0           | RAMB18E2  |          18432 |     16384 |     88.89 |    1024 |          1024 |        100.00 |      16 |            18 |         88.89 |    1024 |          1024 |        100.00 |      16 |            18 |         88.89 |
| atten/vcache/mem_inst/mem_list_2/mem_ext/Memory                       |           |                |           |           |         |               |               |         |               |               |         |               |               |         |               |               |
|  atten/vcache/mem_inst/mem_list_2/mem_ext/Memory_reg_bram_0           | RAMB18E2  |          18432 |     16384 |     88.89 |    1024 |          1024 |        100.00 |      16 |            18 |         88.89 |    1024 |          1024 |        100.00 |      16 |            18 |         88.89 |
| atten/dm2/ctxmemInst/mem/mem_ext/Memory                               |           |                |           |           |         |               |               |         |               |               |         |               |               |         |               |               |
|  atten/dm2/ctxmemInst/mem/mem_ext/Memory_reg_0                        | RAMB36E2  |          36864 |      4608 |     12.50 |      64 |           512 |         12.50 |      72 |            72 |        100.00 |      64 |           512 |         12.50 |      72 |            72 |        100.00 |
|  atten/dm2/ctxmemInst/mem/mem_ext/Memory_reg_1                        | RAMB36E2  |          36864 |      4608 |     12.50 |      64 |           512 |         12.50 |      72 |            72 |        100.00 |      64 |           512 |         12.50 |      72 |            72 |        100.00 |
|  atten/dm2/ctxmemInst/mem/mem_ext/Memory_reg_2                        | RAMB36E2  |          36864 |      4096 |     11.11 |      64 |           512 |         12.50 |      64 |            72 |         88.89 |      64 |           512 |         12.50 |      64 |            72 |         88.89 |
+-----------------------------------------------------------------------+-----------+----------------+-----------+-----------+---------+---------------+---------------+---------+---------------+---------------+---------+---------------+---------------+---------+---------------+---------------+


4. Memory Performance - Inferred
--------------------------------

+-----------------------------------------------------------------------+-----------+------------------------+------------------------+-------------+-------------------------+-------------+-------------------------+-----------+--------+--------+---------+-----------+--------+--------+---------+
| Memory Name                                                           | Primitive | Port 1 Dimension / Map | Port 2 Dimension / Map | Port A Type | Port A Requirement (ns) | Port B Type | Port B Requirement (ns) | A Cascade | IREG_A | OREG_A | DOA_REG | B Cascade | IREG_B | OREG_B | DOB_REG |
+-----------------------------------------------------------------------+-----------+------------------------+------------------------+-------------+-------------------------+-------------+-------------------------+-----------+--------+--------+---------+-----------+--------+--------+---------+
| atten/softmax/memInst/mem/mem_ext/Memory                              |           | 47331x72               | 47331x72               |             |                         |             |                         |           |        |        |         |           |        |        |         |
|  atten/softmax/memInst/mem/mem_ext/Memory_reg_uram_0                  | URAM288   |  A:A:64x72             |  B:B:64x72             |       Write |                    10.0 |        Read |                    10.0 |      NONE |      0 |      0 |         |      NONE |      0 |      0 |         |
|  atten/softmax/memInst/mem/mem_ext/Memory_reg_uram_1                  | URAM288   |  A:A:64x72             |  B:B:64x72             |       Write |                    10.0 |        Read |                    10.0 |      NONE |      0 |      0 |         |      NONE |      0 |      0 |         |
|  atten/softmax/memInst/mem/mem_ext/Memory_reg_uram_2                  | URAM288   |  A:A:64x72             |  B:B:64x72             |       Write |                    10.0 |        Read |                    10.0 |      NONE |      0 |      0 |         |      NONE |      0 |      0 |         |
|  atten/softmax/memInst/mem/mem_ext/Memory_reg_uram_3                  | URAM288   |  A:A:64x72             |  B:B:64x72             |       Write |                    10.0 |        Read |                    10.0 |      NONE |      0 |      0 |         |      NONE |      0 |      0 |         |
|  atten/softmax/memInst/mem/mem_ext/Memory_reg_uram_4                  | URAM288   |  A:A:64x72             |  B:B:64x72             |       Write |                    10.0 |        Read |                    10.0 |      NONE |      0 |      0 |         |      NONE |      0 |      0 |         |
|  atten/softmax/memInst/mem/mem_ext/Memory_reg_uram_5                  | URAM288   |  A:A:64x72             |  B:B:64x72             |       Write |                    10.0 |        Read |                    10.0 |      NONE |      0 |      0 |         |      NONE |      0 |      0 |         |
|  atten/softmax/memInst/mem/mem_ext/Memory_reg_uram_6                  | URAM288   |  A:A:64x72             |  B:B:64x72             |       Write |                    10.0 |        Read |                    10.0 |      NONE |      0 |      0 |         |      NONE |      0 |      0 |         |
|  atten/softmax/memInst/mem/mem_ext/Memory_reg_uram_7                  | URAM288   |  A:A:64x72             |  B:B:64x72             |       Write |                    10.0 |        Read |                    10.0 |      NONE |      0 |      0 |         |      NONE |      0 |      0 |         |
|  atten/softmax/memInst/mem/mem_ext/Memory_reg_uram_8                  | URAM288   |  A:A:64x72             |  B:B:64x72             |       Write |                    10.0 |        Read |                    10.0 |      NONE |      0 |      0 |         |      NONE |      0 |      0 |         |
|  atten/softmax/memInst/mem/mem_ext/Memory_reg_uram_9                  | URAM288   |  A:A:64x72             |  B:B:64x72             |       Write |                    10.0 |        Read |                    10.0 |      NONE |      0 |      0 |         |      NONE |      0 |      0 |         |
|  atten/softmax/memInst/mem/mem_ext/Memory_reg_uram_10                 | URAM288   |  A:A:64x72             |  B:B:64x72             |       Write |                    10.0 |        Read |                    10.0 |      NONE |      0 |      0 |         |      NONE |      0 |      0 |         |
|  atten/softmax/memInst/mem/mem_ext/Memory_reg_uram_11                 | URAM288   |  A:A:64x40             |  B:B:64x40             |       Write |                    10.0 |        Read |                    10.0 |      NONE |      0 |      0 |         |      NONE |      0 |      0 |         |
| atten/dm2/dmInst/vCache/mem_ext/Memory                                |           | 23665x72               | 23665x72               |             |                         |             |                         |           |        |        |         |           |        |        |         |
|  atten/dm2/dmInst/vCache/mem_ext/Memory_reg_uram_0                    | URAM288   |  A:A:3328x72           |  B:B:3328x72           |       Write |                    10.0 |        Read |                    10.0 |      NONE |      0 |      0 |         |      NONE |      0 |      0 |         |
|  atten/dm2/dmInst/vCache/mem_ext/Memory_reg_uram_1                    | URAM288   |  A:A:3328x72           |  B:B:3328x72           |       Write |                    10.0 |        Read |                    10.0 |      NONE |      0 |      0 |         |      NONE |      0 |      0 |         |
|  atten/dm2/dmInst/vCache/mem_ext/Memory_reg_uram_2                    | URAM288   |  A:A:3328x72           |  B:B:3328x72           |       Write |                    10.0 |        Read |                    10.0 |      NONE |      0 |      0 |         |      NONE |      0 |      0 |         |
|  atten/dm2/dmInst/vCache/mem_ext/Memory_reg_uram_3                    | URAM288   |  A:A:3328x72           |  B:B:3328x72           |       Write |                    10.0 |        Read |                    10.0 |      NONE |      0 |      0 |         |      NONE |      0 |      0 |         |
|  atten/dm2/dmInst/vCache/mem_ext/Memory_reg_uram_4                    | URAM288   |  A:A:3328x72           |  B:B:3328x72           |       Write |                    10.0 |        Read |                    10.0 |      NONE |      0 |      0 |         |      NONE |      0 |      0 |         |
|  atten/dm2/dmInst/vCache/mem_ext/Memory_reg_uram_5                    | URAM288   |  A:A:3328x72           |  B:B:3328x72           |       Write |                    10.0 |        Read |                    10.0 |      NONE |      0 |      0 |         |      NONE |      0 |      0 |         |
|  atten/dm2/dmInst/vCache/mem_ext/Memory_reg_uram_6                    | URAM288   |  A:A:3328x72           |  B:B:3328x72           |       Write |                    10.0 |        Read |                    10.0 |      NONE |      0 |      0 |         |      NONE |      0 |      0 |         |
|  atten/dm2/dmInst/vCache/mem_ext/Memory_reg_uram_7                    | URAM288   |  A:A:3328x8            |  B:B:3328x8            |       Write |                    10.0 |        Read |                    10.0 |      NONE |      0 |      0 |         |      NONE |      0 |      0 |         |
| layernorm/inputMem_ext/Memory                                         |           | 21845x36               | 21845x36               |             |                         |             |                         |           |        |        |         |           |        |        |         |
|  layernorm/inputMem_ext/Memory_reg_1_bram_0                           | RAMB36E2  |  A:A:64x36             |  B:B:1024x36           |       Write |                    10.0 |        Read |                    10.0 |      NONE |        |        |       0 |     FIRST |        |        |       0 |
|  layernorm/inputMem_ext/Memory_reg_1_bram_1                           | RAMB36E2  |  A:A:64x36             |  B:B:1024x36           |       Write |                    10.0 |        Read |                    10.0 |      NONE |        |        |       0 |      LAST |        |        |       0 |
|  layernorm/inputMem_ext/Memory_reg_1_bram_2                           | RAMB36E2  |  A:A:64x36             |  B:B:1024x36           |       Write |                    10.0 |        Read |                    10.0 |      NONE |        |        |       0 |     FIRST |        |        |       0 |
|  layernorm/inputMem_ext/Memory_reg_1_bram_3                           | RAMB36E2  |  A:A:64x36             |  B:B:1024x36           |       Write |                    10.0 |        Read |                    10.0 |      NONE |        |        |       0 |      LAST |        |        |       0 |
|  layernorm/inputMem_ext/Memory_reg_1_bram_4                           | RAMB36E2  |  A:A:64x36             |  B:B:1024x36           |       Write |                    10.0 |        Read |                    10.0 |      NONE |        |        |       0 |     FIRST |        |        |       0 |
|  layernorm/inputMem_ext/Memory_reg_1_bram_5                           | RAMB36E2  |  A:A:64x36             |  B:B:1024x36           |       Write |                    10.0 |        Read |                    10.0 |      NONE |        |        |       0 |      LAST |        |        |       0 |
|  layernorm/inputMem_ext/Memory_reg_1_bram_6                           | RAMB36E2  |  A:A:64x36             |  B:B:1024x36           |       Write |                    10.0 |        Read |                    10.0 |      NONE |        |        |       0 |     FIRST |        |        |       0 |
|  layernorm/inputMem_ext/Memory_reg_1_bram_7                           | RAMB36E2  |  A:A:64x36             |  B:B:1024x36           |       Write |                    10.0 |        Read |                    10.0 |      NONE |        |        |       0 |      LAST |        |        |       0 |
|  layernorm/inputMem_ext/Memory_reg_1_bram_8                           | RAMB36E2  |  A:A:64x36             |  B:B:1024x36           |       Write |                    10.0 |        Read |                    10.0 |      NONE |        |        |       0 |     FIRST |        |        |       0 |
|  layernorm/inputMem_ext/Memory_reg_1_bram_9                           | RAMB36E2  |  A:A:64x36             |  B:B:1024x36           |       Write |                    10.0 |        Read |                    10.0 |      NONE |        |        |       0 |      LAST |        |        |       0 |
|  layernorm/inputMem_ext/Memory_reg_1_bram_10                          | RAMB36E2  |  A:A:64x36             |  B:B:1024x36           |       Write |                    10.0 |        Read |                    10.0 |      NONE |        |        |       0 |     FIRST |        |        |       0 |
|  layernorm/inputMem_ext/Memory_reg_1_bram_11                          | RAMB36E2  |  A:A:64x36             |  B:B:1024x36           |       Write |                    10.0 |        Read |                    10.0 |      NONE |        |        |       0 |      LAST |        |        |       0 |
|  layernorm/inputMem_ext/Memory_reg_1_bram_12                          | RAMB36E2  |  A:A:64x36             |  B:B:1024x36           |       Write |                    10.0 |        Read |                    10.0 |      NONE |        |        |       0 |     FIRST |        |        |       0 |
|  layernorm/inputMem_ext/Memory_reg_1_bram_13                          | RAMB36E2  |  A:A:64x36             |  B:B:1024x36           |       Write |                    10.0 |        Read |                    10.0 |      NONE |        |        |       0 |      LAST |        |        |       0 |
|  layernorm/inputMem_ext/Memory_reg_1_bram_14                          | RAMB36E2  |  A:A:64x36             |  B:B:1024x36           |       Write |                    10.0 |        Read |                    10.0 |      NONE |        |        |       0 |     FIRST |        |        |       0 |
|  layernorm/inputMem_ext/Memory_reg_1_bram_15                          | RAMB36E2  |  A:A:64x36             |  B:B:1024x36           |       Write |                    10.0 |        Read |                    10.0 |      NONE |        |        |       0 |      LAST |        |        |       0 |
|  layernorm/inputMem_ext/Memory_reg_1_bram_16                          | RAMB36E2  |  A:A:64x36             |  B:B:1024x36           |       Write |                    10.0 |        Read |                    10.0 |      NONE |        |        |       0 |     FIRST |        |        |       0 |
|  layernorm/inputMem_ext/Memory_reg_1_bram_17                          | RAMB36E2  |  A:A:64x36             |  B:B:1024x36           |       Write |                    10.0 |        Read |                    10.0 |      NONE |        |        |       0 |      LAST |        |        |       0 |
|  layernorm/inputMem_ext/Memory_reg_1_bram_18                          | RAMB36E2  |  A:A:64x36             |  B:B:1024x36           |       Write |                    10.0 |        Read |                    10.0 |      NONE |        |        |       0 |     FIRST |        |        |       0 |
|  layernorm/inputMem_ext/Memory_reg_1_bram_19                          | RAMB36E2  |  A:A:64x36             |  B:B:1024x36           |       Write |                    10.0 |        Read |                    10.0 |      NONE |        |        |       0 |      LAST |        |        |       0 |
|  layernorm/inputMem_ext/Memory_reg_1_bram_20                          | RAMB36E2  |  A:A:64x18             |  B:B:2048x18           |       Write |                    10.0 |        Read |                    10.0 |      NONE |        |        |       0 |      NONE |        |        |       0 |
|  layernorm/inputMem_ext/Memory_reg_1_bram_21                          | RAMB18E2  |  A:A:64x6              |  B:B:2048x6            |       Write |                    10.0 |        Read |                    10.0 |      NONE |        |        |       0 |      NONE |        |        |       0 |
|  layernorm/inputMem_ext/Memory_reg_2_bram_0                           | RAMB36E2  |  A:A:64x36             |  B:B:1024x36           |       Write |                    10.0 |        Read |                    10.0 |      NONE |        |        |       0 |     FIRST |        |        |       0 |
|  layernorm/inputMem_ext/Memory_reg_2_bram_1                           | RAMB36E2  |  A:A:64x36             |  B:B:1024x36           |       Write |                    10.0 |        Read |                    10.0 |      NONE |        |        |       0 |      LAST |        |        |       0 |
|  layernorm/inputMem_ext/Memory_reg_2_bram_2                           | RAMB36E2  |  A:A:64x36             |  B:B:1024x36           |       Write |                    10.0 |        Read |                    10.0 |      NONE |        |        |       0 |     FIRST |        |        |       0 |
|  layernorm/inputMem_ext/Memory_reg_2_bram_3                           | RAMB36E2  |  A:A:64x36             |  B:B:1024x36           |       Write |                    10.0 |        Read |                    10.0 |      NONE |        |        |       0 |      LAST |        |        |       0 |
|  layernorm/inputMem_ext/Memory_reg_2_bram_4                           | RAMB36E2  |  A:A:64x36             |  B:B:1024x36           |       Write |                    10.0 |        Read |                    10.0 |      NONE |        |        |       0 |     FIRST |        |        |       0 |
|  layernorm/inputMem_ext/Memory_reg_2_bram_5                           | RAMB36E2  |  A:A:64x36             |  B:B:1024x36           |       Write |                    10.0 |        Read |                    10.0 |      NONE |        |        |       0 |      LAST |        |        |       0 |
|  layernorm/inputMem_ext/Memory_reg_2_bram_6                           | RAMB36E2  |  A:A:64x36             |  B:B:1024x36           |       Write |                    10.0 |        Read |                    10.0 |      NONE |        |        |       0 |     FIRST |        |        |       0 |
|  layernorm/inputMem_ext/Memory_reg_2_bram_7                           | RAMB36E2  |  A:A:64x36             |  B:B:1024x36           |       Write |                    10.0 |        Read |                    10.0 |      NONE |        |        |       0 |      LAST |        |        |       0 |
|  layernorm/inputMem_ext/Memory_reg_2_bram_8                           | RAMB36E2  |  A:A:64x36             |  B:B:1024x36           |       Write |                    10.0 |        Read |                    10.0 |      NONE |        |        |       0 |     FIRST |        |        |       0 |
|  layernorm/inputMem_ext/Memory_reg_2_bram_9                           | RAMB36E2  |  A:A:64x36             |  B:B:1024x36           |       Write |                    10.0 |        Read |                    10.0 |      NONE |        |        |       0 |      LAST |        |        |       0 |
|  layernorm/inputMem_ext/Memory_reg_2_bram_10                          | RAMB36E2  |  A:A:64x36             |  B:B:1024x36           |       Write |                    10.0 |        Read |                    10.0 |      NONE |        |        |       0 |     FIRST |        |        |       0 |
|  layernorm/inputMem_ext/Memory_reg_2_bram_11                          | RAMB36E2  |  A:A:64x36             |  B:B:1024x36           |       Write |                    10.0 |        Read |                    10.0 |      NONE |        |        |       0 |      LAST |        |        |       0 |
|  layernorm/inputMem_ext/Memory_reg_2_bram_12                          | RAMB36E2  |  A:A:64x36             |  B:B:1024x36           |       Write |                    10.0 |        Read |                    10.0 |      NONE |        |        |       0 |     FIRST |        |        |       0 |
|  layernorm/inputMem_ext/Memory_reg_2_bram_13                          | RAMB36E2  |  A:A:64x36             |  B:B:1024x36           |       Write |                    10.0 |        Read |                    10.0 |      NONE |        |        |       0 |      LAST |        |        |       0 |
|  layernorm/inputMem_ext/Memory_reg_2_bram_14                          | RAMB36E2  |  A:A:64x36             |  B:B:1024x36           |       Write |                    10.0 |        Read |                    10.0 |      NONE |        |        |       0 |     FIRST |        |        |       0 |
|  layernorm/inputMem_ext/Memory_reg_2_bram_15                          | RAMB36E2  |  A:A:64x36             |  B:B:1024x36           |       Write |                    10.0 |        Read |                    10.0 |      NONE |        |        |       0 |      LAST |        |        |       0 |
|  layernorm/inputMem_ext/Memory_reg_2_bram_16                          | RAMB36E2  |  A:A:64x36             |  B:B:1024x36           |       Write |                    10.0 |        Read |                    10.0 |      NONE |        |        |       0 |     FIRST |        |        |       0 |
|  layernorm/inputMem_ext/Memory_reg_2_bram_17                          | RAMB36E2  |  A:A:64x36             |  B:B:1024x36           |       Write |                    10.0 |        Read |                    10.0 |      NONE |        |        |       0 |      LAST |        |        |       0 |
|  layernorm/inputMem_ext/Memory_reg_2_bram_18                          | RAMB36E2  |  A:A:64x36             |  B:B:1024x36           |       Write |                    10.0 |        Read |                    10.0 |      NONE |        |        |       0 |     FIRST |        |        |       0 |
|  layernorm/inputMem_ext/Memory_reg_2_bram_19                          | RAMB36E2  |  A:A:64x36             |  B:B:1024x36           |       Write |                    10.0 |        Read |                    10.0 |      NONE |        |        |       0 |      LAST |        |        |       0 |
| layernorm2/inputMem_ext/Memory                                        |           | 21845x36               | 21845x36               |             |                         |             |                         |           |        |        |         |           |        |        |         |
|  layernorm2/inputMem_ext/Memory_reg_1_bram_0                          | RAMB36E2  |  A:A:1024x36           |  B:B:1024x36           |       Write |                    10.0 |        Read |                    10.0 |      NONE |        |        |       0 |     FIRST |        |        |       0 |
|  layernorm2/inputMem_ext/Memory_reg_1_bram_1                          | RAMB36E2  |  A:A:1024x36           |  B:B:1024x36           |       Write |                    10.0 |        Read |                    10.0 |      NONE |        |        |       0 |      LAST |        |        |       0 |
|  layernorm2/inputMem_ext/Memory_reg_1_bram_2                          | RAMB36E2  |  A:A:1024x36           |  B:B:1024x36           |       Write |                    10.0 |        Read |                    10.0 |      NONE |        |        |       0 |     FIRST |        |        |       0 |
|  layernorm2/inputMem_ext/Memory_reg_1_bram_3                          | RAMB36E2  |  A:A:1024x36           |  B:B:1024x36           |       Write |                    10.0 |        Read |                    10.0 |      NONE |        |        |       0 |      LAST |        |        |       0 |
|  layernorm2/inputMem_ext/Memory_reg_1_bram_4                          | RAMB36E2  |  A:A:1024x36           |  B:B:1024x36           |       Write |                    10.0 |        Read |                    10.0 |      NONE |        |        |       0 |     FIRST |        |        |       0 |
|  layernorm2/inputMem_ext/Memory_reg_1_bram_5                          | RAMB36E2  |  A:A:1024x36           |  B:B:1024x36           |       Write |                    10.0 |        Read |                    10.0 |      NONE |        |        |       0 |      LAST |        |        |       0 |
|  layernorm2/inputMem_ext/Memory_reg_1_bram_6                          | RAMB36E2  |  A:A:1024x36           |  B:B:1024x36           |       Write |                    10.0 |        Read |                    10.0 |      NONE |        |        |       0 |     FIRST |        |        |       0 |
|  layernorm2/inputMem_ext/Memory_reg_1_bram_7                          | RAMB36E2  |  A:A:1024x36           |  B:B:1024x36           |       Write |                    10.0 |        Read |                    10.0 |      NONE |        |        |       0 |      LAST |        |        |       0 |
|  layernorm2/inputMem_ext/Memory_reg_1_bram_8                          | RAMB36E2  |  A:A:1024x36           |  B:B:1024x36           |       Write |                    10.0 |        Read |                    10.0 |      NONE |        |        |       0 |     FIRST |        |        |       0 |
|  layernorm2/inputMem_ext/Memory_reg_1_bram_9                          | RAMB36E2  |  A:A:1024x36           |  B:B:1024x36           |       Write |                    10.0 |        Read |                    10.0 |      NONE |        |        |       0 |      LAST |        |        |       0 |
|  layernorm2/inputMem_ext/Memory_reg_1_bram_10                         | RAMB36E2  |  A:A:1024x36           |  B:B:1024x36           |       Write |                    10.0 |        Read |                    10.0 |      NONE |        |        |       0 |     FIRST |        |        |       0 |
|  layernorm2/inputMem_ext/Memory_reg_1_bram_11                         | RAMB36E2  |  A:A:1024x36           |  B:B:1024x36           |       Write |                    10.0 |        Read |                    10.0 |      NONE |        |        |       0 |      LAST |        |        |       0 |
|  layernorm2/inputMem_ext/Memory_reg_1_bram_12                         | RAMB36E2  |  A:A:1024x36           |  B:B:1024x36           |       Write |                    10.0 |        Read |                    10.0 |      NONE |        |        |       0 |     FIRST |        |        |       0 |
|  layernorm2/inputMem_ext/Memory_reg_1_bram_13                         | RAMB36E2  |  A:A:1024x36           |  B:B:1024x36           |       Write |                    10.0 |        Read |                    10.0 |      NONE |        |        |       0 |      LAST |        |        |       0 |
|  layernorm2/inputMem_ext/Memory_reg_1_bram_14                         | RAMB36E2  |  A:A:1024x36           |  B:B:1024x36           |       Write |                    10.0 |        Read |                    10.0 |      NONE |        |        |       0 |     FIRST |        |        |       0 |
|  layernorm2/inputMem_ext/Memory_reg_1_bram_15                         | RAMB36E2  |  A:A:1024x36           |  B:B:1024x36           |       Write |                    10.0 |        Read |                    10.0 |      NONE |        |        |       0 |      LAST |        |        |       0 |
|  layernorm2/inputMem_ext/Memory_reg_1_bram_16                         | RAMB36E2  |  A:A:1024x36           |  B:B:1024x36           |       Write |                    10.0 |        Read |                    10.0 |      NONE |        |        |       0 |     FIRST |        |        |       0 |
|  layernorm2/inputMem_ext/Memory_reg_1_bram_17                         | RAMB36E2  |  A:A:1024x36           |  B:B:1024x36           |       Write |                    10.0 |        Read |                    10.0 |      NONE |        |        |       0 |      LAST |        |        |       0 |
|  layernorm2/inputMem_ext/Memory_reg_1_bram_18                         | RAMB36E2  |  A:A:1024x36           |  B:B:1024x36           |       Write |                    10.0 |        Read |                    10.0 |      NONE |        |        |       0 |     FIRST |        |        |       0 |
|  layernorm2/inputMem_ext/Memory_reg_1_bram_19                         | RAMB36E2  |  A:A:1024x36           |  B:B:1024x36           |       Write |                    10.0 |        Read |                    10.0 |      NONE |        |        |       0 |      LAST |        |        |       0 |
|  layernorm2/inputMem_ext/Memory_reg_1_bram_20                         | RAMB36E2  |  A:A:2048x18           |  B:B:2048x18           |       Write |                    10.0 |        Read |                    10.0 |      NONE |        |        |       0 |      NONE |        |        |       0 |
|  layernorm2/inputMem_ext/Memory_reg_1_bram_21                         | RAMB18E2  |  A:A:2048x6            |  B:B:2048x6            |       Write |                    10.0 |        Read |                    10.0 |      NONE |        |        |       0 |      NONE |        |        |       0 |
|  layernorm2/inputMem_ext/Memory_reg_2_bram_0                          | RAMB36E2  |  A:A:1024x36           |  B:B:1024x36           |       Write |                    10.0 |        Read |                    10.0 |      NONE |        |        |       0 |     FIRST |        |        |       0 |
|  layernorm2/inputMem_ext/Memory_reg_2_bram_1                          | RAMB36E2  |  A:A:1024x36           |  B:B:1024x36           |       Write |                    10.0 |        Read |                    10.0 |      NONE |        |        |       0 |      LAST |        |        |       0 |
|  layernorm2/inputMem_ext/Memory_reg_2_bram_2                          | RAMB36E2  |  A:A:1024x36           |  B:B:1024x36           |       Write |                    10.0 |        Read |                    10.0 |      NONE |        |        |       0 |     FIRST |        |        |       0 |
|  layernorm2/inputMem_ext/Memory_reg_2_bram_3                          | RAMB36E2  |  A:A:1024x36           |  B:B:1024x36           |       Write |                    10.0 |        Read |                    10.0 |      NONE |        |        |       0 |      LAST |        |        |       0 |
|  layernorm2/inputMem_ext/Memory_reg_2_bram_4                          | RAMB36E2  |  A:A:1024x36           |  B:B:1024x36           |       Write |                    10.0 |        Read |                    10.0 |      NONE |        |        |       0 |     FIRST |        |        |       0 |
|  layernorm2/inputMem_ext/Memory_reg_2_bram_5                          | RAMB36E2  |  A:A:1024x36           |  B:B:1024x36           |       Write |                    10.0 |        Read |                    10.0 |      NONE |        |        |       0 |      LAST |        |        |       0 |
|  layernorm2/inputMem_ext/Memory_reg_2_bram_6                          | RAMB36E2  |  A:A:1024x36           |  B:B:1024x36           |       Write |                    10.0 |        Read |                    10.0 |      NONE |        |        |       0 |     FIRST |        |        |       0 |
|  layernorm2/inputMem_ext/Memory_reg_2_bram_7                          | RAMB36E2  |  A:A:1024x36           |  B:B:1024x36           |       Write |                    10.0 |        Read |                    10.0 |      NONE |        |        |       0 |      LAST |        |        |       0 |
|  layernorm2/inputMem_ext/Memory_reg_2_bram_8                          | RAMB36E2  |  A:A:1024x36           |  B:B:1024x36           |       Write |                    10.0 |        Read |                    10.0 |      NONE |        |        |       0 |     FIRST |        |        |       0 |
|  layernorm2/inputMem_ext/Memory_reg_2_bram_9                          | RAMB36E2  |  A:A:1024x36           |  B:B:1024x36           |       Write |                    10.0 |        Read |                    10.0 |      NONE |        |        |       0 |      LAST |        |        |       0 |
|  layernorm2/inputMem_ext/Memory_reg_2_bram_10                         | RAMB36E2  |  A:A:1024x36           |  B:B:1024x36           |       Write |                    10.0 |        Read |                    10.0 |      NONE |        |        |       0 |     FIRST |        |        |       0 |
|  layernorm2/inputMem_ext/Memory_reg_2_bram_11                         | RAMB36E2  |  A:A:1024x36           |  B:B:1024x36           |       Write |                    10.0 |        Read |                    10.0 |      NONE |        |        |       0 |      LAST |        |        |       0 |
|  layernorm2/inputMem_ext/Memory_reg_2_bram_12                         | RAMB36E2  |  A:A:1024x36           |  B:B:1024x36           |       Write |                    10.0 |        Read |                    10.0 |      NONE |        |        |       0 |     FIRST |        |        |       0 |
|  layernorm2/inputMem_ext/Memory_reg_2_bram_13                         | RAMB36E2  |  A:A:1024x36           |  B:B:1024x36           |       Write |                    10.0 |        Read |                    10.0 |      NONE |        |        |       0 |      LAST |        |        |       0 |
|  layernorm2/inputMem_ext/Memory_reg_2_bram_14                         | RAMB36E2  |  A:A:1024x36           |  B:B:1024x36           |       Write |                    10.0 |        Read |                    10.0 |      NONE |        |        |       0 |     FIRST |        |        |       0 |
|  layernorm2/inputMem_ext/Memory_reg_2_bram_15                         | RAMB36E2  |  A:A:1024x36           |  B:B:1024x36           |       Write |                    10.0 |        Read |                    10.0 |      NONE |        |        |       0 |      LAST |        |        |       0 |
|  layernorm2/inputMem_ext/Memory_reg_2_bram_16                         | RAMB36E2  |  A:A:1024x36           |  B:B:1024x36           |       Write |                    10.0 |        Read |                    10.0 |      NONE |        |        |       0 |     FIRST |        |        |       0 |
|  layernorm2/inputMem_ext/Memory_reg_2_bram_17                         | RAMB36E2  |  A:A:1024x36           |  B:B:1024x36           |       Write |                    10.0 |        Read |                    10.0 |      NONE |        |        |       0 |      LAST |        |        |       0 |
|  layernorm2/inputMem_ext/Memory_reg_2_bram_18                         | RAMB36E2  |  A:A:1024x36           |  B:B:1024x36           |       Write |                    10.0 |        Read |                    10.0 |      NONE |        |        |       0 |     FIRST |        |        |       0 |
|  layernorm2/inputMem_ext/Memory_reg_2_bram_19                         | RAMB36E2  |  A:A:1024x36           |  B:B:1024x36           |       Write |                    10.0 |        Read |                    10.0 |      NONE |        |        |       0 |      LAST |        |        |       0 |
| resadd/mem/mem_list_0/mem_ext/Memory                                  |           | 10922x72               | 10922x72               |             |                         |             |                         |           |        |        |         |           |        |        |         |
|  resadd/mem/mem_list_0/mem_ext/Memory_reg_uram_0                      | URAM288   |  A:A:2048x72           |  B:B:2048x72           |       Write |                    10.0 |        Read |                    10.0 |      NONE |      0 |      0 |         |      NONE |      0 |      0 |         |
|  resadd/mem/mem_list_0/mem_ext/Memory_reg_uram_1                      | URAM288   |  A:A:2048x72           |  B:B:2048x72           |       Write |                    10.0 |        Read |                    10.0 |      NONE |      0 |      0 |         |      NONE |      0 |      0 |         |
|  resadd/mem/mem_list_0/mem_ext/Memory_reg_uram_2                      | URAM288   |  A:A:2048x72           |  B:B:2048x72           |       Write |                    10.0 |        Read |                    10.0 |      NONE |      0 |      0 |         |      NONE |      0 |      0 |         |
|  resadd/mem/mem_list_0/mem_ext/Memory_reg_uram_3                      | URAM288   |  A:A:2048x72           |  B:B:2048x72           |       Write |                    10.0 |        Read |                    10.0 |      NONE |      0 |      0 |         |      NONE |      0 |      0 |         |
|  resadd/mem/mem_list_0/mem_ext/Memory_reg_uram_4                      | URAM288   |  A:A:2048x72           |  B:B:2048x72           |       Write |                    10.0 |        Read |                    10.0 |      NONE |      0 |      0 |         |      NONE |      0 |      0 |         |
|  resadd/mem/mem_list_0/mem_ext/Memory_reg_uram_5                      | URAM288   |  A:A:2048x24           |  B:B:2048x24           |       Write |                    10.0 |        Read |                    10.0 |      NONE |      0 |      0 |         |      NONE |      0 |      0 |         |
| resadd/mem/mem_list_1/mem_ext/Memory                                  |           | 10922x72               | 10922x72               |             |                         |             |                         |           |        |        |         |           |        |        |         |
|  resadd/mem/mem_list_1/mem_ext/Memory_reg_uram_0                      | URAM288   |  A:A:2048x72           |  B:B:2048x72           |       Write |                    10.0 |        Read |                    10.0 |      NONE |      0 |      0 |         |      NONE |      0 |      0 |         |
|  resadd/mem/mem_list_1/mem_ext/Memory_reg_uram_1                      | URAM288   |  A:A:2048x72           |  B:B:2048x72           |       Write |                    10.0 |        Read |                    10.0 |      NONE |      0 |      0 |         |      NONE |      0 |      0 |         |
|  resadd/mem/mem_list_1/mem_ext/Memory_reg_uram_2                      | URAM288   |  A:A:2048x72           |  B:B:2048x72           |       Write |                    10.0 |        Read |                    10.0 |      NONE |      0 |      0 |         |      NONE |      0 |      0 |         |
|  resadd/mem/mem_list_1/mem_ext/Memory_reg_uram_3                      | URAM288   |  A:A:2048x72           |  B:B:2048x72           |       Write |                    10.0 |        Read |                    10.0 |      NONE |      0 |      0 |         |      NONE |      0 |      0 |         |
|  resadd/mem/mem_list_1/mem_ext/Memory_reg_uram_4                      | URAM288   |  A:A:2048x72           |  B:B:2048x72           |       Write |                    10.0 |        Read |                    10.0 |      NONE |      0 |      0 |         |      NONE |      0 |      0 |         |
|  resadd/mem/mem_list_1/mem_ext/Memory_reg_uram_5                      | URAM288   |  A:A:2048x24           |  B:B:2048x24           |       Write |                    10.0 |        Read |                    10.0 |      NONE |      0 |      0 |         |      NONE |      0 |      0 |         |
| resadd/mem/mem_list_2/mem_ext/Memory                                  |           | 10922x72               | 10922x72               |             |                         |             |                         |           |        |        |         |           |        |        |         |
|  resadd/mem/mem_list_2/mem_ext/Memory_reg_uram_0                      | URAM288   |  A:A:2048x72           |  B:B:2048x72           |       Write |                    10.0 |        Read |                    10.0 |      NONE |      0 |      0 |         |      NONE |      0 |      0 |         |
|  resadd/mem/mem_list_2/mem_ext/Memory_reg_uram_1                      | URAM288   |  A:A:2048x72           |  B:B:2048x72           |       Write |                    10.0 |        Read |                    10.0 |      NONE |      0 |      0 |         |      NONE |      0 |      0 |         |
|  resadd/mem/mem_list_2/mem_ext/Memory_reg_uram_2                      | URAM288   |  A:A:2048x72           |  B:B:2048x72           |       Write |                    10.0 |        Read |                    10.0 |      NONE |      0 |      0 |         |      NONE |      0 |      0 |         |
|  resadd/mem/mem_list_2/mem_ext/Memory_reg_uram_3                      | URAM288   |  A:A:2048x72           |  B:B:2048x72           |       Write |                    10.0 |        Read |                    10.0 |      NONE |      0 |      0 |         |      NONE |      0 |      0 |         |
|  resadd/mem/mem_list_2/mem_ext/Memory_reg_uram_4                      | URAM288   |  A:A:2048x72           |  B:B:2048x72           |       Write |                    10.0 |        Read |                    10.0 |      NONE |      0 |      0 |         |      NONE |      0 |      0 |         |
|  resadd/mem/mem_list_2/mem_ext/Memory_reg_uram_5                      | URAM288   |  A:A:2048x24           |  B:B:2048x24           |       Write |                    10.0 |        Read |                    10.0 |      NONE |      0 |      0 |         |      NONE |      0 |      0 |         |
| resadd2/mem/mem0_ext/Memory                                           |           | 10922x72               | 10922x72               |             |                         |             |                         |           |        |        |         |           |        |        |         |
|  resadd2/mem/mem0_ext/Memory_reg_uram_0                               | URAM288   |  A:A:2048x72           |  B:B:2048x72           |       Write |                    10.0 |        Read |                    10.0 |      NONE |      0 |      0 |         |      NONE |      0 |      0 |         |
|  resadd2/mem/mem0_ext/Memory_reg_uram_1                               | URAM288   |  A:A:2048x72           |  B:B:2048x72           |       Write |                    10.0 |        Read |                    10.0 |      NONE |      0 |      0 |         |      NONE |      0 |      0 |         |
|  resadd2/mem/mem0_ext/Memory_reg_uram_2                               | URAM288   |  A:A:2048x72           |  B:B:2048x72           |       Write |                    10.0 |        Read |                    10.0 |      NONE |      0 |      0 |         |      NONE |      0 |      0 |         |
|  resadd2/mem/mem0_ext/Memory_reg_uram_3                               | URAM288   |  A:A:2048x72           |  B:B:2048x72           |       Write |                    10.0 |        Read |                    10.0 |      NONE |      0 |      0 |         |      NONE |      0 |      0 |         |
|  resadd2/mem/mem0_ext/Memory_reg_uram_4                               | URAM288   |  A:A:2048x72           |  B:B:2048x72           |       Write |                    10.0 |        Read |                    10.0 |      NONE |      0 |      0 |         |      NONE |      0 |      0 |         |
|  resadd2/mem/mem0_ext/Memory_reg_uram_5                               | URAM288   |  A:A:2048x24           |  B:B:2048x24           |       Write |                    10.0 |        Read |                    10.0 |      NONE |      0 |      0 |         |      NONE |      0 |      0 |         |
| resadd2/mem/mem1_ext/Memory                                           |           | 10922x72               | 10922x72               |             |                         |             |                         |           |        |        |         |           |        |        |         |
|  resadd2/mem/mem1_ext/Memory_reg_uram_0                               | URAM288   |  A:A:2048x72           |  B:B:2048x72           |       Write |                    10.0 |        Read |                    10.0 |      NONE |      0 |      0 |         |      NONE |      0 |      0 |         |
|  resadd2/mem/mem1_ext/Memory_reg_uram_1                               | URAM288   |  A:A:2048x72           |  B:B:2048x72           |       Write |                    10.0 |        Read |                    10.0 |      NONE |      0 |      0 |         |      NONE |      0 |      0 |         |
|  resadd2/mem/mem1_ext/Memory_reg_uram_2                               | URAM288   |  A:A:2048x72           |  B:B:2048x72           |       Write |                    10.0 |        Read |                    10.0 |      NONE |      0 |      0 |         |      NONE |      0 |      0 |         |
|  resadd2/mem/mem1_ext/Memory_reg_uram_3                               | URAM288   |  A:A:2048x72           |  B:B:2048x72           |       Write |                    10.0 |        Read |                    10.0 |      NONE |      0 |      0 |         |      NONE |      0 |      0 |         |
|  resadd2/mem/mem1_ext/Memory_reg_uram_4                               | URAM288   |  A:A:2048x72           |  B:B:2048x72           |       Write |                    10.0 |        Read |                    10.0 |      NONE |      0 |      0 |         |      NONE |      0 |      0 |         |
|  resadd2/mem/mem1_ext/Memory_reg_uram_5                               | URAM288   |  A:A:2048x24           |  B:B:2048x24           |       Write |                    10.0 |        Read |                    10.0 |      NONE |      0 |      0 |         |      NONE |      0 |      0 |         |
| atten/dm1/cu_inst/kCache/mem_ext/Memory                               |           | 11832x36               | 11832x36               |             |                         |             |                         |           |        |        |         |           |        |        |         |
|  atten/dm1/cu_inst/kCache/mem_ext/Memory_reg_bram_0                   | RAMB36E2  |  A:A:1024x36           |  B:B:1024x36           |       Write |                    10.0 |        Read |                    10.0 |      NONE |        |        |       0 |      NONE |        |        |       0 |
|  atten/dm1/cu_inst/kCache/mem_ext/Memory_reg_bram_1                   | RAMB36E2  |  A:A:1024x36           |  B:B:1024x36           |       Write |                    10.0 |        Read |                    10.0 |      NONE |        |        |       0 |      NONE |        |        |       0 |
|  atten/dm1/cu_inst/kCache/mem_ext/Memory_reg_bram_2                   | RAMB36E2  |  A:A:1024x36           |  B:B:1024x36           |       Write |                    10.0 |        Read |                    10.0 |      NONE |        |        |       0 |      NONE |        |        |       0 |
|  atten/dm1/cu_inst/kCache/mem_ext/Memory_reg_bram_3                   | RAMB36E2  |  A:A:1024x36           |  B:B:1024x36           |       Write |                    10.0 |        Read |                    10.0 |      NONE |        |        |       0 |      NONE |        |        |       0 |
|  atten/dm1/cu_inst/kCache/mem_ext/Memory_reg_bram_4                   | RAMB36E2  |  A:A:1024x36           |  B:B:1024x36           |       Write |                    10.0 |        Read |                    10.0 |      NONE |        |        |       0 |      NONE |        |        |       0 |
|  atten/dm1/cu_inst/kCache/mem_ext/Memory_reg_bram_5                   | RAMB36E2  |  A:A:1024x36           |  B:B:1024x36           |       Write |                    10.0 |        Read |                    10.0 |      NONE |        |        |       0 |      NONE |        |        |       0 |
|  atten/dm1/cu_inst/kCache/mem_ext/Memory_reg_bram_6                   | RAMB36E2  |  A:A:1024x36           |  B:B:1024x36           |       Write |                    10.0 |        Read |                    10.0 |      NONE |        |        |       0 |      NONE |        |        |       0 |
|  atten/dm1/cu_inst/kCache/mem_ext/Memory_reg_bram_7                   | RAMB36E2  |  A:A:1024x36           |  B:B:1024x36           |       Write |                    10.0 |        Read |                    10.0 |      NONE |        |        |       0 |      NONE |        |        |       0 |
|  atten/dm1/cu_inst/kCache/mem_ext/Memory_reg_bram_8                   | RAMB36E2  |  A:A:1024x36           |  B:B:1024x36           |       Write |                    10.0 |        Read |                    10.0 |      NONE |        |        |       0 |      NONE |        |        |       0 |
|  atten/dm1/cu_inst/kCache/mem_ext/Memory_reg_bram_9                   | RAMB36E2  |  A:A:1024x36           |  B:B:1024x36           |       Write |                    10.0 |        Read |                    10.0 |      NONE |        |        |       0 |      NONE |        |        |       0 |
|  atten/dm1/cu_inst/kCache/mem_ext/Memory_reg_bram_10                  | RAMB36E2  |  A:A:1024x36           |  B:B:1024x36           |       Write |                    10.0 |        Read |                    10.0 |      NONE |        |        |       0 |      NONE |        |        |       0 |
|  atten/dm1/cu_inst/kCache/mem_ext/Memory_reg_bram_11                  | RAMB36E2  |  A:A:1024x36           |  B:B:1024x36           |       Write |                    10.0 |        Read |                    10.0 |      NONE |        |        |       0 |      NONE |        |        |       0 |
|  atten/dm1/cu_inst/kCache/mem_ext/Memory_reg_bram_12                  | RAMB36E2  |  A:A:1024x36           |  B:B:1024x36           |       Write |                    10.0 |        Read |                    10.0 |      NONE |        |        |       0 |      NONE |        |        |       0 |
|  atten/dm1/cu_inst/kCache/mem_ext/Memory_reg_bram_13                  | RAMB36E2  |  A:A:1024x36           |  B:B:1024x36           |       Write |                    10.0 |        Read |                    10.0 |      NONE |        |        |       0 |      NONE |        |        |       0 |
|  atten/dm1/cu_inst/kCache/mem_ext/Memory_reg_bram_14                  | RAMB18E2  |  A:A:1024x8            |  B:B:1024x8            |       Write |                    10.0 |        Read |                    10.0 |      NONE |        |        |       0 |      NONE |        |        |       0 |
| ffndown/lw_inst/weight_mem/weight_banks_0_0_ext/Memory                |           | 4096x72                | 4096x72                |             |                         |             |                         |           |        |        |         |           |        |        |         |
|  ffndown/lw_inst/weight_mem/weight_banks_0_0_ext/Memory_reg_uram_0    | URAM288   |  A:A:4096x72           |  B:B:4096x72           |       Write |                    10.0 |        Read |                    10.0 |      NONE |      0 |      0 |         |      NONE |      0 |      0 |         |
| ffndown/lw_inst/weight_mem/weight_banks_0_1_ext/Memory                |           | 4096x72                | 4096x72                |             |                         |             |                         |           |        |        |         |           |        |        |         |
|  ffndown/lw_inst/weight_mem/weight_banks_0_1_ext/Memory_reg_uram_0    | URAM288   |  A:A:4096x72           |  B:B:4096x72           |       Write |                    10.0 |        Read |                    10.0 |      NONE |      0 |      0 |         |      NONE |      0 |      0 |         |
| ffndown/lw_inst/weight_mem/weight_banks_0_2_ext/Memory                |           | 4096x72                | 4096x72                |             |                         |             |                         |           |        |        |         |           |        |        |         |
|  ffndown/lw_inst/weight_mem/weight_banks_0_2_ext/Memory_reg_uram_0    | URAM288   |  A:A:4096x72           |  B:B:4096x72           |       Write |                    10.0 |        Read |                    10.0 |      NONE |      0 |      0 |         |      NONE |      0 |      0 |         |
| ffndown/lw_inst/weight_mem/weight_banks_0_3_ext/Memory                |           | 4096x72                | 4096x72                |             |                         |             |                         |           |        |        |         |           |        |        |         |
|  ffndown/lw_inst/weight_mem/weight_banks_0_3_ext/Memory_reg_uram_0    | URAM288   |  A:A:4096x72           |  B:B:4096x72           |       Write |                    10.0 |        Read |                    10.0 |      NONE |      0 |      0 |         |      NONE |      0 |      0 |         |
| ffndown/lw_inst/weight_mem/weight_banks_10_0_ext/Memory               |           | 4096x72                | 4096x72                |             |                         |             |                         |           |        |        |         |           |        |        |         |
|  ffndown/lw_inst/weight_mem/weight_banks_10_0_ext/Memory_reg_uram_0   | URAM288   |  A:A:4096x72           |  B:B:4096x72           |       Write |                    10.0 |        Read |                    10.0 |      NONE |      0 |      0 |         |      NONE |      0 |      0 |         |
| ffndown/lw_inst/weight_mem/weight_banks_10_1_ext/Memory               |           | 4096x72                | 4096x72                |             |                         |             |                         |           |        |        |         |           |        |        |         |
|  ffndown/lw_inst/weight_mem/weight_banks_10_1_ext/Memory_reg_uram_0   | URAM288   |  A:A:4096x72           |  B:B:4096x72           |       Write |                    10.0 |        Read |                    10.0 |      NONE |      0 |      0 |         |      NONE |      0 |      0 |         |
| ffndown/lw_inst/weight_mem/weight_banks_10_2_ext/Memory               |           | 4096x72                | 4096x72                |             |                         |             |                         |           |        |        |         |           |        |        |         |
|  ffndown/lw_inst/weight_mem/weight_banks_10_2_ext/Memory_reg_uram_0   | URAM288   |  A:A:4096x72           |  B:B:4096x72           |       Write |                    10.0 |        Read |                    10.0 |      NONE |      0 |      0 |         |      NONE |      0 |      0 |         |
| ffndown/lw_inst/weight_mem/weight_banks_10_3_ext/Memory               |           | 4096x72                | 4096x72                |             |                         |             |                         |           |        |        |         |           |        |        |         |
|  ffndown/lw_inst/weight_mem/weight_banks_10_3_ext/Memory_reg_uram_0   | URAM288   |  A:A:4096x72           |  B:B:4096x72           |       Write |                    10.0 |        Read |                    10.0 |      NONE |      0 |      0 |         |      NONE |      0 |      0 |         |
| ffndown/lw_inst/weight_mem/weight_banks_11_0_ext/Memory               |           | 4096x72                | 4096x72                |             |                         |             |                         |           |        |        |         |           |        |        |         |
|  ffndown/lw_inst/weight_mem/weight_banks_11_0_ext/Memory_reg_uram_0   | URAM288   |  A:A:4096x72           |  B:B:4096x72           |       Write |                    10.0 |        Read |                    10.0 |      NONE |      0 |      0 |         |      NONE |      0 |      0 |         |
| ffndown/lw_inst/weight_mem/weight_banks_11_1_ext/Memory               |           | 4096x72                | 4096x72                |             |                         |             |                         |           |        |        |         |           |        |        |         |
|  ffndown/lw_inst/weight_mem/weight_banks_11_1_ext/Memory_reg_uram_0   | URAM288   |  A:A:4096x72           |  B:B:4096x72           |       Write |                    10.0 |        Read |                    10.0 |      NONE |      0 |      0 |         |      NONE |      0 |      0 |         |
| ffndown/lw_inst/weight_mem/weight_banks_11_2_ext/Memory               |           | 4096x72                | 4096x72                |             |                         |             |                         |           |        |        |         |           |        |        |         |
|  ffndown/lw_inst/weight_mem/weight_banks_11_2_ext/Memory_reg_uram_0   | URAM288   |  A:A:4096x72           |  B:B:4096x72           |       Write |                    10.0 |        Read |                    10.0 |      NONE |      0 |      0 |         |      NONE |      0 |      0 |         |
| ffndown/lw_inst/weight_mem/weight_banks_11_3_ext/Memory               |           | 4096x72                | 4096x72                |             |                         |             |                         |           |        |        |         |           |        |        |         |
|  ffndown/lw_inst/weight_mem/weight_banks_11_3_ext/Memory_reg_uram_0   | URAM288   |  A:A:4096x72           |  B:B:4096x72           |       Write |                    10.0 |        Read |                    10.0 |      NONE |      0 |      0 |         |      NONE |      0 |      0 |         |
| ffndown/lw_inst/weight_mem/weight_banks_12_0_ext/Memory               |           | 4096x72                | 4096x72                |             |                         |             |                         |           |        |        |         |           |        |        |         |
|  ffndown/lw_inst/weight_mem/weight_banks_12_0_ext/Memory_reg_uram_0   | URAM288   |  A:A:4096x72           |  B:B:4096x72           |       Write |                    10.0 |        Read |                    10.0 |      NONE |      0 |      0 |         |      NONE |      0 |      0 |         |
| ffndown/lw_inst/weight_mem/weight_banks_12_1_ext/Memory               |           | 4096x72                | 4096x72                |             |                         |             |                         |           |        |        |         |           |        |        |         |
|  ffndown/lw_inst/weight_mem/weight_banks_12_1_ext/Memory_reg_uram_0   | URAM288   |  A:A:4096x72           |  B:B:4096x72           |       Write |                    10.0 |        Read |                    10.0 |      NONE |      0 |      0 |         |      NONE |      0 |      0 |         |
| ffndown/lw_inst/weight_mem/weight_banks_12_2_ext/Memory               |           | 4096x72                | 4096x72                |             |                         |             |                         |           |        |        |         |           |        |        |         |
|  ffndown/lw_inst/weight_mem/weight_banks_12_2_ext/Memory_reg_uram_0   | URAM288   |  A:A:4096x72           |  B:B:4096x72           |       Write |                    10.0 |        Read |                    10.0 |      NONE |      0 |      0 |         |      NONE |      0 |      0 |         |
| ffndown/lw_inst/weight_mem/weight_banks_12_3_ext/Memory               |           | 4096x72                | 4096x72                |             |                         |             |                         |           |        |        |         |           |        |        |         |
|  ffndown/lw_inst/weight_mem/weight_banks_12_3_ext/Memory_reg_uram_0   | URAM288   |  A:A:4096x72           |  B:B:4096x72           |       Write |                    10.0 |        Read |                    10.0 |      NONE |      0 |      0 |         |      NONE |      0 |      0 |         |
| ffndown/lw_inst/weight_mem/weight_banks_13_0_ext/Memory               |           | 4096x72                | 4096x72                |             |                         |             |                         |           |        |        |         |           |        |        |         |
|  ffndown/lw_inst/weight_mem/weight_banks_13_0_ext/Memory_reg_uram_0   | URAM288   |  A:A:4096x72           |  B:B:4096x72           |       Write |                    10.0 |        Read |                    10.0 |      NONE |      0 |      0 |         |      NONE |      0 |      0 |         |
| ffndown/lw_inst/weight_mem/weight_banks_13_1_ext/Memory               |           | 4096x72                | 4096x72                |             |                         |             |                         |           |        |        |         |           |        |        |         |
|  ffndown/lw_inst/weight_mem/weight_banks_13_1_ext/Memory_reg_uram_0   | URAM288   |  A:A:4096x72           |  B:B:4096x72           |       Write |                    10.0 |        Read |                    10.0 |      NONE |      0 |      0 |         |      NONE |      0 |      0 |         |
| ffndown/lw_inst/weight_mem/weight_banks_13_2_ext/Memory               |           | 4096x72                | 4096x72                |             |                         |             |                         |           |        |        |         |           |        |        |         |
|  ffndown/lw_inst/weight_mem/weight_banks_13_2_ext/Memory_reg_uram_0   | URAM288   |  A:A:4096x72           |  B:B:4096x72           |       Write |                    10.0 |        Read |                    10.0 |      NONE |      0 |      0 |         |      NONE |      0 |      0 |         |
| ffndown/lw_inst/weight_mem/weight_banks_13_3_ext/Memory               |           | 4096x72                | 4096x72                |             |                         |             |                         |           |        |        |         |           |        |        |         |
|  ffndown/lw_inst/weight_mem/weight_banks_13_3_ext/Memory_reg_uram_0   | URAM288   |  A:A:4096x72           |  B:B:4096x72           |       Write |                    10.0 |        Read |                    10.0 |      NONE |      0 |      0 |         |      NONE |      0 |      0 |         |
| ffndown/lw_inst/weight_mem/weight_banks_14_0_ext/Memory               |           | 4096x72                | 4096x72                |             |                         |             |                         |           |        |        |         |           |        |        |         |
|  ffndown/lw_inst/weight_mem/weight_banks_14_0_ext/Memory_reg_uram_0   | URAM288   |  A:A:4096x72           |  B:B:4096x72           |       Write |                    10.0 |        Read |                    10.0 |      NONE |      0 |      0 |         |      NONE |      0 |      0 |         |
| ffndown/lw_inst/weight_mem/weight_banks_14_1_ext/Memory               |           | 4096x72                | 4096x72                |             |                         |             |                         |           |        |        |         |           |        |        |         |
|  ffndown/lw_inst/weight_mem/weight_banks_14_1_ext/Memory_reg_uram_0   | URAM288   |  A:A:4096x72           |  B:B:4096x72           |       Write |                    10.0 |        Read |                    10.0 |      NONE |      0 |      0 |         |      NONE |      0 |      0 |         |
| ffndown/lw_inst/weight_mem/weight_banks_14_2_ext/Memory               |           | 4096x72                | 4096x72                |             |                         |             |                         |           |        |        |         |           |        |        |         |
|  ffndown/lw_inst/weight_mem/weight_banks_14_2_ext/Memory_reg_uram_0   | URAM288   |  A:A:4096x72           |  B:B:4096x72           |       Write |                    10.0 |        Read |                    10.0 |      NONE |      0 |      0 |         |      NONE |      0 |      0 |         |
| ffndown/lw_inst/weight_mem/weight_banks_14_3_ext/Memory               |           | 4096x72                | 4096x72                |             |                         |             |                         |           |        |        |         |           |        |        |         |
|  ffndown/lw_inst/weight_mem/weight_banks_14_3_ext/Memory_reg_uram_0   | URAM288   |  A:A:4096x72           |  B:B:4096x72           |       Write |                    10.0 |        Read |                    10.0 |      NONE |      0 |      0 |         |      NONE |      0 |      0 |         |
| ffndown/lw_inst/weight_mem/weight_banks_15_0_ext/Memory               |           | 4096x72                | 4096x72                |             |                         |             |                         |           |        |        |         |           |        |        |         |
|  ffndown/lw_inst/weight_mem/weight_banks_15_0_ext/Memory_reg_uram_0   | URAM288   |  A:A:4096x72           |  B:B:4096x72           |       Write |                    10.0 |        Read |                    10.0 |      NONE |      0 |      0 |         |      NONE |      0 |      0 |         |
| ffndown/lw_inst/weight_mem/weight_banks_15_1_ext/Memory               |           | 4096x72                | 4096x72                |             |                         |             |                         |           |        |        |         |           |        |        |         |
|  ffndown/lw_inst/weight_mem/weight_banks_15_1_ext/Memory_reg_uram_0   | URAM288   |  A:A:4096x72           |  B:B:4096x72           |       Write |                    10.0 |        Read |                    10.0 |      NONE |      0 |      0 |         |      NONE |      0 |      0 |         |
| ffndown/lw_inst/weight_mem/weight_banks_15_2_ext/Memory               |           | 4096x72                | 4096x72                |             |                         |             |                         |           |        |        |         |           |        |        |         |
|  ffndown/lw_inst/weight_mem/weight_banks_15_2_ext/Memory_reg_uram_0   | URAM288   |  A:A:4096x72           |  B:B:4096x72           |       Write |                    10.0 |        Read |                    10.0 |      NONE |      0 |      0 |         |      NONE |      0 |      0 |         |
| ffndown/lw_inst/weight_mem/weight_banks_15_3_ext/Memory               |           | 4096x72                | 4096x72                |             |                         |             |                         |           |        |        |         |           |        |        |         |
|  ffndown/lw_inst/weight_mem/weight_banks_15_3_ext/Memory_reg_uram_0   | URAM288   |  A:A:4096x72           |  B:B:4096x72           |       Write |                    10.0 |        Read |                    10.0 |      NONE |      0 |      0 |         |      NONE |      0 |      0 |         |
| ffndown/lw_inst/weight_mem/weight_banks_16_0_ext/Memory               |           | 4096x72                | 4096x72                |             |                         |             |                         |           |        |        |         |           |        |        |         |
|  ffndown/lw_inst/weight_mem/weight_banks_16_0_ext/Memory_reg_uram_0   | URAM288   |  A:A:4096x72           |  B:B:4096x72           |       Write |                    10.0 |        Read |                    10.0 |      NONE |      0 |      0 |         |      NONE |      0 |      0 |         |
| ffndown/lw_inst/weight_mem/weight_banks_16_1_ext/Memory               |           | 4096x72                | 4096x72                |             |                         |             |                         |           |        |        |         |           |        |        |         |
|  ffndown/lw_inst/weight_mem/weight_banks_16_1_ext/Memory_reg_uram_0   | URAM288   |  A:A:4096x72           |  B:B:4096x72           |       Write |                    10.0 |        Read |                    10.0 |      NONE |      0 |      0 |         |      NONE |      0 |      0 |         |
| ffndown/lw_inst/weight_mem/weight_banks_16_2_ext/Memory               |           | 4096x72                | 4096x72                |             |                         |             |                         |           |        |        |         |           |        |        |         |
|  ffndown/lw_inst/weight_mem/weight_banks_16_2_ext/Memory_reg_uram_0   | URAM288   |  A:A:4096x72           |  B:B:4096x72           |       Write |                    10.0 |        Read |                    10.0 |      NONE |      0 |      0 |         |      NONE |      0 |      0 |         |
| ffndown/lw_inst/weight_mem/weight_banks_16_3_ext/Memory               |           | 4096x72                | 4096x72                |             |                         |             |                         |           |        |        |         |           |        |        |         |
|  ffndown/lw_inst/weight_mem/weight_banks_16_3_ext/Memory_reg_uram_0   | URAM288   |  A:A:4096x72           |  B:B:4096x72           |       Write |                    10.0 |        Read |                    10.0 |      NONE |      0 |      0 |         |      NONE |      0 |      0 |         |
| ffndown/lw_inst/weight_mem/weight_banks_1_0_ext/Memory                |           | 4096x72                | 4096x72                |             |                         |             |                         |           |        |        |         |           |        |        |         |
|  ffndown/lw_inst/weight_mem/weight_banks_1_0_ext/Memory_reg_uram_0    | URAM288   |  A:A:4096x72           |  B:B:4096x72           |       Write |                    10.0 |        Read |                    10.0 |      NONE |      0 |      0 |         |      NONE |      0 |      0 |         |
| ffndown/lw_inst/weight_mem/weight_banks_1_1_ext/Memory                |           | 4096x72                | 4096x72                |             |                         |             |                         |           |        |        |         |           |        |        |         |
|  ffndown/lw_inst/weight_mem/weight_banks_1_1_ext/Memory_reg_uram_0    | URAM288   |  A:A:4096x72           |  B:B:4096x72           |       Write |                    10.0 |        Read |                    10.0 |      NONE |      0 |      0 |         |      NONE |      0 |      0 |         |
| ffndown/lw_inst/weight_mem/weight_banks_1_2_ext/Memory                |           | 4096x72                | 4096x72                |             |                         |             |                         |           |        |        |         |           |        |        |         |
|  ffndown/lw_inst/weight_mem/weight_banks_1_2_ext/Memory_reg_uram_0    | URAM288   |  A:A:4096x72           |  B:B:4096x72           |       Write |                    10.0 |        Read |                    10.0 |      NONE |      0 |      0 |         |      NONE |      0 |      0 |         |
| ffndown/lw_inst/weight_mem/weight_banks_1_3_ext/Memory                |           | 4096x72                | 4096x72                |             |                         |             |                         |           |        |        |         |           |        |        |         |
|  ffndown/lw_inst/weight_mem/weight_banks_1_3_ext/Memory_reg_uram_0    | URAM288   |  A:A:4096x72           |  B:B:4096x72           |       Write |                    10.0 |        Read |                    10.0 |      NONE |      0 |      0 |         |      NONE |      0 |      0 |         |
| ffndown/lw_inst/weight_mem/weight_banks_2_0_ext/Memory                |           | 4096x72                | 4096x72                |             |                         |             |                         |           |        |        |         |           |        |        |         |
|  ffndown/lw_inst/weight_mem/weight_banks_2_0_ext/Memory_reg_uram_0    | URAM288   |  A:A:4096x72           |  B:B:4096x72           |       Write |                    10.0 |        Read |                    10.0 |      NONE |      0 |      0 |         |      NONE |      0 |      0 |         |
| ffndown/lw_inst/weight_mem/weight_banks_2_1_ext/Memory                |           | 4096x72                | 4096x72                |             |                         |             |                         |           |        |        |         |           |        |        |         |
|  ffndown/lw_inst/weight_mem/weight_banks_2_1_ext/Memory_reg_uram_0    | URAM288   |  A:A:4096x72           |  B:B:4096x72           |       Write |                    10.0 |        Read |                    10.0 |      NONE |      0 |      0 |         |      NONE |      0 |      0 |         |
| ffndown/lw_inst/weight_mem/weight_banks_2_2_ext/Memory                |           | 4096x72                | 4096x72                |             |                         |             |                         |           |        |        |         |           |        |        |         |
|  ffndown/lw_inst/weight_mem/weight_banks_2_2_ext/Memory_reg_uram_0    | URAM288   |  A:A:4096x72           |  B:B:4096x72           |       Write |                    10.0 |        Read |                    10.0 |      NONE |      0 |      0 |         |      NONE |      0 |      0 |         |
| ffndown/lw_inst/weight_mem/weight_banks_2_3_ext/Memory                |           | 4096x72                | 4096x72                |             |                         |             |                         |           |        |        |         |           |        |        |         |
|  ffndown/lw_inst/weight_mem/weight_banks_2_3_ext/Memory_reg_uram_0    | URAM288   |  A:A:4096x72           |  B:B:4096x72           |       Write |                    10.0 |        Read |                    10.0 |      NONE |      0 |      0 |         |      NONE |      0 |      0 |         |
| ffndown/lw_inst/weight_mem/weight_banks_3_0_ext/Memory                |           | 4096x72                | 4096x72                |             |                         |             |                         |           |        |        |         |           |        |        |         |
|  ffndown/lw_inst/weight_mem/weight_banks_3_0_ext/Memory_reg_uram_0    | URAM288   |  A:A:4096x72           |  B:B:4096x72           |       Write |                    10.0 |        Read |                    10.0 |      NONE |      0 |      0 |         |      NONE |      0 |      0 |         |
| ffndown/lw_inst/weight_mem/weight_banks_3_1_ext/Memory                |           | 4096x72                | 4096x72                |             |                         |             |                         |           |        |        |         |           |        |        |         |
|  ffndown/lw_inst/weight_mem/weight_banks_3_1_ext/Memory_reg_uram_0    | URAM288   |  A:A:4096x72           |  B:B:4096x72           |       Write |                    10.0 |        Read |                    10.0 |      NONE |      0 |      0 |         |      NONE |      0 |      0 |         |
| ffndown/lw_inst/weight_mem/weight_banks_3_2_ext/Memory                |           | 4096x72                | 4096x72                |             |                         |             |                         |           |        |        |         |           |        |        |         |
|  ffndown/lw_inst/weight_mem/weight_banks_3_2_ext/Memory_reg_uram_0    | URAM288   |  A:A:4096x72           |  B:B:4096x72           |       Write |                    10.0 |        Read |                    10.0 |      NONE |      0 |      0 |         |      NONE |      0 |      0 |         |
| ffndown/lw_inst/weight_mem/weight_banks_3_3_ext/Memory                |           | 4096x72                | 4096x72                |             |                         |             |                         |           |        |        |         |           |        |        |         |
|  ffndown/lw_inst/weight_mem/weight_banks_3_3_ext/Memory_reg_uram_0    | URAM288   |  A:A:4096x72           |  B:B:4096x72           |       Write |                    10.0 |        Read |                    10.0 |      NONE |      0 |      0 |         |      NONE |      0 |      0 |         |
| ffndown/lw_inst/weight_mem/weight_banks_4_0_ext/Memory                |           | 4096x72                | 4096x72                |             |                         |             |                         |           |        |        |         |           |        |        |         |
|  ffndown/lw_inst/weight_mem/weight_banks_4_0_ext/Memory_reg_uram_0    | URAM288   |  A:A:4096x72           |  B:B:4096x72           |       Write |                    10.0 |        Read |                    10.0 |      NONE |      0 |      0 |         |      NONE |      0 |      0 |         |
| ffndown/lw_inst/weight_mem/weight_banks_4_1_ext/Memory                |           | 4096x72                | 4096x72                |             |                         |             |                         |           |        |        |         |           |        |        |         |
|  ffndown/lw_inst/weight_mem/weight_banks_4_1_ext/Memory_reg_uram_0    | URAM288   |  A:A:4096x72           |  B:B:4096x72           |       Write |                    10.0 |        Read |                    10.0 |      NONE |      0 |      0 |         |      NONE |      0 |      0 |         |
| ffndown/lw_inst/weight_mem/weight_banks_4_2_ext/Memory                |           | 4096x72                | 4096x72                |             |                         |             |                         |           |        |        |         |           |        |        |         |
|  ffndown/lw_inst/weight_mem/weight_banks_4_2_ext/Memory_reg_uram_0    | URAM288   |  A:A:4096x72           |  B:B:4096x72           |       Write |                    10.0 |        Read |                    10.0 |      NONE |      0 |      0 |         |      NONE |      0 |      0 |         |
| ffndown/lw_inst/weight_mem/weight_banks_4_3_ext/Memory                |           | 4096x72                | 4096x72                |             |                         |             |                         |           |        |        |         |           |        |        |         |
|  ffndown/lw_inst/weight_mem/weight_banks_4_3_ext/Memory_reg_uram_0    | URAM288   |  A:A:4096x72           |  B:B:4096x72           |       Write |                    10.0 |        Read |                    10.0 |      NONE |      0 |      0 |         |      NONE |      0 |      0 |         |
| ffndown/lw_inst/weight_mem/weight_banks_5_0_ext/Memory                |           | 4096x72                | 4096x72                |             |                         |             |                         |           |        |        |         |           |        |        |         |
|  ffndown/lw_inst/weight_mem/weight_banks_5_0_ext/Memory_reg_uram_0    | URAM288   |  A:A:4096x72           |  B:B:4096x72           |       Write |                    10.0 |        Read |                    10.0 |      NONE |      0 |      0 |         |      NONE |      0 |      0 |         |
| ffndown/lw_inst/weight_mem/weight_banks_5_1_ext/Memory                |           | 4096x72                | 4096x72                |             |                         |             |                         |           |        |        |         |           |        |        |         |
|  ffndown/lw_inst/weight_mem/weight_banks_5_1_ext/Memory_reg_uram_0    | URAM288   |  A:A:4096x72           |  B:B:4096x72           |       Write |                    10.0 |        Read |                    10.0 |      NONE |      0 |      0 |         |      NONE |      0 |      0 |         |
| ffndown/lw_inst/weight_mem/weight_banks_5_2_ext/Memory                |           | 4096x72                | 4096x72                |             |                         |             |                         |           |        |        |         |           |        |        |         |
|  ffndown/lw_inst/weight_mem/weight_banks_5_2_ext/Memory_reg_uram_0    | URAM288   |  A:A:4096x72           |  B:B:4096x72           |       Write |                    10.0 |        Read |                    10.0 |      NONE |      0 |      0 |         |      NONE |      0 |      0 |         |
| ffndown/lw_inst/weight_mem/weight_banks_5_3_ext/Memory                |           | 4096x72                | 4096x72                |             |                         |             |                         |           |        |        |         |           |        |        |         |
|  ffndown/lw_inst/weight_mem/weight_banks_5_3_ext/Memory_reg_uram_0    | URAM288   |  A:A:4096x72           |  B:B:4096x72           |       Write |                    10.0 |        Read |                    10.0 |      NONE |      0 |      0 |         |      NONE |      0 |      0 |         |
| ffndown/lw_inst/weight_mem/weight_banks_6_0_ext/Memory                |           | 4096x72                | 4096x72                |             |                         |             |                         |           |        |        |         |           |        |        |         |
|  ffndown/lw_inst/weight_mem/weight_banks_6_0_ext/Memory_reg_uram_0    | URAM288   |  A:A:4096x72           |  B:B:4096x72           |       Write |                    10.0 |        Read |                    10.0 |      NONE |      0 |      0 |         |      NONE |      0 |      0 |         |
| ffndown/lw_inst/weight_mem/weight_banks_6_1_ext/Memory                |           | 4096x72                | 4096x72                |             |                         |             |                         |           |        |        |         |           |        |        |         |
|  ffndown/lw_inst/weight_mem/weight_banks_6_1_ext/Memory_reg_uram_0    | URAM288   |  A:A:4096x72           |  B:B:4096x72           |       Write |                    10.0 |        Read |                    10.0 |      NONE |      0 |      0 |         |      NONE |      0 |      0 |         |
| ffndown/lw_inst/weight_mem/weight_banks_6_2_ext/Memory                |           | 4096x72                | 4096x72                |             |                         |             |                         |           |        |        |         |           |        |        |         |
|  ffndown/lw_inst/weight_mem/weight_banks_6_2_ext/Memory_reg_uram_0    | URAM288   |  A:A:4096x72           |  B:B:4096x72           |       Write |                    10.0 |        Read |                    10.0 |      NONE |      0 |      0 |         |      NONE |      0 |      0 |         |
| ffndown/lw_inst/weight_mem/weight_banks_6_3_ext/Memory                |           | 4096x72                | 4096x72                |             |                         |             |                         |           |        |        |         |           |        |        |         |
|  ffndown/lw_inst/weight_mem/weight_banks_6_3_ext/Memory_reg_uram_0    | URAM288   |  A:A:4096x72           |  B:B:4096x72           |       Write |                    10.0 |        Read |                    10.0 |      NONE |      0 |      0 |         |      NONE |      0 |      0 |         |
| ffndown/lw_inst/weight_mem/weight_banks_7_0_ext/Memory                |           | 4096x72                | 4096x72                |             |                         |             |                         |           |        |        |         |           |        |        |         |
|  ffndown/lw_inst/weight_mem/weight_banks_7_0_ext/Memory_reg_uram_0    | URAM288   |  A:A:4096x72           |  B:B:4096x72           |       Write |                    10.0 |        Read |                    10.0 |      NONE |      0 |      0 |         |      NONE |      0 |      0 |         |
| ffndown/lw_inst/weight_mem/weight_banks_7_1_ext/Memory                |           | 4096x72                | 4096x72                |             |                         |             |                         |           |        |        |         |           |        |        |         |
|  ffndown/lw_inst/weight_mem/weight_banks_7_1_ext/Memory_reg_uram_0    | URAM288   |  A:A:4096x72           |  B:B:4096x72           |       Write |                    10.0 |        Read |                    10.0 |      NONE |      0 |      0 |         |      NONE |      0 |      0 |         |
| ffndown/lw_inst/weight_mem/weight_banks_7_2_ext/Memory                |           | 4096x72                | 4096x72                |             |                         |             |                         |           |        |        |         |           |        |        |         |
|  ffndown/lw_inst/weight_mem/weight_banks_7_2_ext/Memory_reg_uram_0    | URAM288   |  A:A:4096x72           |  B:B:4096x72           |       Write |                    10.0 |        Read |                    10.0 |      NONE |      0 |      0 |         |      NONE |      0 |      0 |         |
| ffndown/lw_inst/weight_mem/weight_banks_7_3_ext/Memory                |           | 4096x72                | 4096x72                |             |                         |             |                         |           |        |        |         |           |        |        |         |
|  ffndown/lw_inst/weight_mem/weight_banks_7_3_ext/Memory_reg_uram_0    | URAM288   |  A:A:4096x72           |  B:B:4096x72           |       Write |                    10.0 |        Read |                    10.0 |      NONE |      0 |      0 |         |      NONE |      0 |      0 |         |
| ffndown/lw_inst/weight_mem/weight_banks_8_0_ext/Memory                |           | 4096x72                | 4096x72                |             |                         |             |                         |           |        |        |         |           |        |        |         |
|  ffndown/lw_inst/weight_mem/weight_banks_8_0_ext/Memory_reg_uram_0    | URAM288   |  A:A:4096x72           |  B:B:4096x72           |       Write |                    10.0 |        Read |                    10.0 |      NONE |      0 |      0 |         |      NONE |      0 |      0 |         |
| ffndown/lw_inst/weight_mem/weight_banks_8_1_ext/Memory                |           | 4096x72                | 4096x72                |             |                         |             |                         |           |        |        |         |           |        |        |         |
|  ffndown/lw_inst/weight_mem/weight_banks_8_1_ext/Memory_reg_uram_0    | URAM288   |  A:A:4096x72           |  B:B:4096x72           |       Write |                    10.0 |        Read |                    10.0 |      NONE |      0 |      0 |         |      NONE |      0 |      0 |         |
| ffndown/lw_inst/weight_mem/weight_banks_8_2_ext/Memory                |           | 4096x72                | 4096x72                |             |                         |             |                         |           |        |        |         |           |        |        |         |
|  ffndown/lw_inst/weight_mem/weight_banks_8_2_ext/Memory_reg_uram_0    | URAM288   |  A:A:4096x72           |  B:B:4096x72           |       Write |                    10.0 |        Read |                    10.0 |      NONE |      0 |      0 |         |      NONE |      0 |      0 |         |
| ffndown/lw_inst/weight_mem/weight_banks_8_3_ext/Memory                |           | 4096x72                | 4096x72                |             |                         |             |                         |           |        |        |         |           |        |        |         |
|  ffndown/lw_inst/weight_mem/weight_banks_8_3_ext/Memory_reg_uram_0    | URAM288   |  A:A:4096x72           |  B:B:4096x72           |       Write |                    10.0 |        Read |                    10.0 |      NONE |      0 |      0 |         |      NONE |      0 |      0 |         |
| ffndown/lw_inst/weight_mem/weight_banks_9_0_ext/Memory                |           | 4096x72                | 4096x72                |             |                         |             |                         |           |        |        |         |           |        |        |         |
|  ffndown/lw_inst/weight_mem/weight_banks_9_0_ext/Memory_reg_uram_0    | URAM288   |  A:A:4096x72           |  B:B:4096x72           |       Write |                    10.0 |        Read |                    10.0 |      NONE |      0 |      0 |         |      NONE |      0 |      0 |         |
| ffndown/lw_inst/weight_mem/weight_banks_9_1_ext/Memory                |           | 4096x72                | 4096x72                |             |                         |             |                         |           |        |        |         |           |        |        |         |
|  ffndown/lw_inst/weight_mem/weight_banks_9_1_ext/Memory_reg_uram_0    | URAM288   |  A:A:4096x72           |  B:B:4096x72           |       Write |                    10.0 |        Read |                    10.0 |      NONE |      0 |      0 |         |      NONE |      0 |      0 |         |
| ffndown/lw_inst/weight_mem/weight_banks_9_2_ext/Memory                |           | 4096x72                | 4096x72                |             |                         |             |                         |           |        |        |         |           |        |        |         |
|  ffndown/lw_inst/weight_mem/weight_banks_9_2_ext/Memory_reg_uram_0    | URAM288   |  A:A:4096x72           |  B:B:4096x72           |       Write |                    10.0 |        Read |                    10.0 |      NONE |      0 |      0 |         |      NONE |      0 |      0 |         |
| ffndown/lw_inst/weight_mem/weight_banks_9_3_ext/Memory                |           | 4096x72                | 4096x72                |             |                         |             |                         |           |        |        |         |           |        |        |         |
|  ffndown/lw_inst/weight_mem/weight_banks_9_3_ext/Memory_reg_uram_0    | URAM288   |  A:A:4096x72           |  B:B:4096x72           |       Write |                    10.0 |        Read |                    10.0 |      NONE |      0 |      0 |         |      NONE |      0 |      0 |         |
| ffnup/lw_inst/weight_mem/weight_banks_0_0_ext/Memory                  |           | 4096x72                | 4096x72                |             |                         |             |                         |           |        |        |         |           |        |        |         |
|  ffnup/lw_inst/weight_mem/weight_banks_0_0_ext/Memory_reg_uram_0      | URAM288   |  A:A:4096x72           |  B:B:4096x72           |       Write |                    10.0 |        Read |                    10.0 |      NONE |      0 |      0 |         |      NONE |      0 |      0 |         |
| ffnup/lw_inst/weight_mem/weight_banks_0_1_ext/Memory                  |           | 4096x72                | 4096x72                |             |                         |             |                         |           |        |        |         |           |        |        |         |
|  ffnup/lw_inst/weight_mem/weight_banks_0_1_ext/Memory_reg_uram_0      | URAM288   |  A:A:4096x72           |  B:B:4096x72           |       Write |                    10.0 |        Read |                    10.0 |      NONE |      0 |      0 |         |      NONE |      0 |      0 |         |
| ffnup/lw_inst/weight_mem/weight_banks_0_2_ext/Memory                  |           | 4096x72                | 4096x72                |             |                         |             |                         |           |        |        |         |           |        |        |         |
|  ffnup/lw_inst/weight_mem/weight_banks_0_2_ext/Memory_reg_uram_0      | URAM288   |  A:A:4096x72           |  B:B:4096x72           |       Write |                    10.0 |        Read |                    10.0 |      NONE |      0 |      0 |         |      NONE |      0 |      0 |         |
| ffnup/lw_inst/weight_mem/weight_banks_0_3_ext/Memory                  |           | 4096x72                | 4096x72                |             |                         |             |                         |           |        |        |         |           |        |        |         |
|  ffnup/lw_inst/weight_mem/weight_banks_0_3_ext/Memory_reg_uram_0      | URAM288   |  A:A:4096x72           |  B:B:4096x72           |       Write |                    10.0 |        Read |                    10.0 |      NONE |      0 |      0 |         |      NONE |      0 |      0 |         |
| ffnup/lw_inst/weight_mem/weight_banks_10_0_ext/Memory                 |           | 4096x72                | 4096x72                |             |                         |             |                         |           |        |        |         |           |        |        |         |
|  ffnup/lw_inst/weight_mem/weight_banks_10_0_ext/Memory_reg_uram_0     | URAM288   |  A:A:4096x72           |  B:B:4096x72           |       Write |                    10.0 |        Read |                    10.0 |      NONE |      0 |      0 |         |      NONE |      0 |      0 |         |
| ffnup/lw_inst/weight_mem/weight_banks_10_1_ext/Memory                 |           | 4096x72                | 4096x72                |             |                         |             |                         |           |        |        |         |           |        |        |         |
|  ffnup/lw_inst/weight_mem/weight_banks_10_1_ext/Memory_reg_uram_0     | URAM288   |  A:A:4096x72           |  B:B:4096x72           |       Write |                    10.0 |        Read |                    10.0 |      NONE |      0 |      0 |         |      NONE |      0 |      0 |         |
| ffnup/lw_inst/weight_mem/weight_banks_10_2_ext/Memory                 |           | 4096x72                | 4096x72                |             |                         |             |                         |           |        |        |         |           |        |        |         |
|  ffnup/lw_inst/weight_mem/weight_banks_10_2_ext/Memory_reg_uram_0     | URAM288   |  A:A:4096x72           |  B:B:4096x72           |       Write |                    10.0 |        Read |                    10.0 |      NONE |      0 |      0 |         |      NONE |      0 |      0 |         |
| ffnup/lw_inst/weight_mem/weight_banks_10_3_ext/Memory                 |           | 4096x72                | 4096x72                |             |                         |             |                         |           |        |        |         |           |        |        |         |
|  ffnup/lw_inst/weight_mem/weight_banks_10_3_ext/Memory_reg_uram_0     | URAM288   |  A:A:4096x72           |  B:B:4096x72           |       Write |                    10.0 |        Read |                    10.0 |      NONE |      0 |      0 |         |      NONE |      0 |      0 |         |
| ffnup/lw_inst/weight_mem/weight_banks_11_0_ext/Memory                 |           | 4096x72                | 4096x72                |             |                         |             |                         |           |        |        |         |           |        |        |         |
|  ffnup/lw_inst/weight_mem/weight_banks_11_0_ext/Memory_reg_uram_0     | URAM288   |  A:A:4096x72           |  B:B:4096x72           |       Write |                    10.0 |        Read |                    10.0 |      NONE |      0 |      0 |         |      NONE |      0 |      0 |         |
| ffnup/lw_inst/weight_mem/weight_banks_11_1_ext/Memory                 |           | 4096x72                | 4096x72                |             |                         |             |                         |           |        |        |         |           |        |        |         |
|  ffnup/lw_inst/weight_mem/weight_banks_11_1_ext/Memory_reg_uram_0     | URAM288   |  A:A:4096x72           |  B:B:4096x72           |       Write |                    10.0 |        Read |                    10.0 |      NONE |      0 |      0 |         |      NONE |      0 |      0 |         |
| ffnup/lw_inst/weight_mem/weight_banks_11_2_ext/Memory                 |           | 4096x72                | 4096x72                |             |                         |             |                         |           |        |        |         |           |        |        |         |
|  ffnup/lw_inst/weight_mem/weight_banks_11_2_ext/Memory_reg_uram_0     | URAM288   |  A:A:4096x72           |  B:B:4096x72           |       Write |                    10.0 |        Read |                    10.0 |      NONE |      0 |      0 |         |      NONE |      0 |      0 |         |
| ffnup/lw_inst/weight_mem/weight_banks_11_3_ext/Memory                 |           | 4096x72                | 4096x72                |             |                         |             |                         |           |        |        |         |           |        |        |         |
|  ffnup/lw_inst/weight_mem/weight_banks_11_3_ext/Memory_reg_uram_0     | URAM288   |  A:A:4096x72           |  B:B:4096x72           |       Write |                    10.0 |        Read |                    10.0 |      NONE |      0 |      0 |         |      NONE |      0 |      0 |         |
| ffnup/lw_inst/weight_mem/weight_banks_12_0_ext/Memory                 |           | 4096x72                | 4096x72                |             |                         |             |                         |           |        |        |         |           |        |        |         |
|  ffnup/lw_inst/weight_mem/weight_banks_12_0_ext/Memory_reg_uram_0     | URAM288   |  A:A:4096x72           |  B:B:4096x72           |       Write |                    10.0 |        Read |                    10.0 |      NONE |      0 |      0 |         |      NONE |      0 |      0 |         |
| ffnup/lw_inst/weight_mem/weight_banks_12_1_ext/Memory                 |           | 4096x72                | 4096x72                |             |                         |             |                         |           |        |        |         |           |        |        |         |
|  ffnup/lw_inst/weight_mem/weight_banks_12_1_ext/Memory_reg_uram_0     | URAM288   |  A:A:4096x72           |  B:B:4096x72           |       Write |                    10.0 |        Read |                    10.0 |      NONE |      0 |      0 |         |      NONE |      0 |      0 |         |
| ffnup/lw_inst/weight_mem/weight_banks_12_2_ext/Memory                 |           | 4096x72                | 4096x72                |             |                         |             |                         |           |        |        |         |           |        |        |         |
|  ffnup/lw_inst/weight_mem/weight_banks_12_2_ext/Memory_reg_uram_0     | URAM288   |  A:A:4096x72           |  B:B:4096x72           |       Write |                    10.0 |        Read |                    10.0 |      NONE |      0 |      0 |         |      NONE |      0 |      0 |         |
| ffnup/lw_inst/weight_mem/weight_banks_12_3_ext/Memory                 |           | 4096x72                | 4096x72                |             |                         |             |                         |           |        |        |         |           |        |        |         |
|  ffnup/lw_inst/weight_mem/weight_banks_12_3_ext/Memory_reg_uram_0     | URAM288   |  A:A:4096x72           |  B:B:4096x72           |       Write |                    10.0 |        Read |                    10.0 |      NONE |      0 |      0 |         |      NONE |      0 |      0 |         |
| ffnup/lw_inst/weight_mem/weight_banks_13_0_ext/Memory                 |           | 4096x72                | 4096x72                |             |                         |             |                         |           |        |        |         |           |        |        |         |
|  ffnup/lw_inst/weight_mem/weight_banks_13_0_ext/Memory_reg_uram_0     | URAM288   |  A:A:4096x72           |  B:B:4096x72           |       Write |                    10.0 |        Read |                    10.0 |      NONE |      0 |      0 |         |      NONE |      0 |      0 |         |
| ffnup/lw_inst/weight_mem/weight_banks_13_1_ext/Memory                 |           | 4096x72                | 4096x72                |             |                         |             |                         |           |        |        |         |           |        |        |         |
|  ffnup/lw_inst/weight_mem/weight_banks_13_1_ext/Memory_reg_uram_0     | URAM288   |  A:A:4096x72           |  B:B:4096x72           |       Write |                    10.0 |        Read |                    10.0 |      NONE |      0 |      0 |         |      NONE |      0 |      0 |         |
| ffnup/lw_inst/weight_mem/weight_banks_13_2_ext/Memory                 |           | 4096x72                | 4096x72                |             |                         |             |                         |           |        |        |         |           |        |        |         |
|  ffnup/lw_inst/weight_mem/weight_banks_13_2_ext/Memory_reg_uram_0     | URAM288   |  A:A:4096x72           |  B:B:4096x72           |       Write |                    10.0 |        Read |                    10.0 |      NONE |      0 |      0 |         |      NONE |      0 |      0 |         |
| ffnup/lw_inst/weight_mem/weight_banks_13_3_ext/Memory                 |           | 4096x72                | 4096x72                |             |                         |             |                         |           |        |        |         |           |        |        |         |
|  ffnup/lw_inst/weight_mem/weight_banks_13_3_ext/Memory_reg_uram_0     | URAM288   |  A:A:4096x72           |  B:B:4096x72           |       Write |                    10.0 |        Read |                    10.0 |      NONE |      0 |      0 |         |      NONE |      0 |      0 |         |
| ffnup/lw_inst/weight_mem/weight_banks_14_0_ext/Memory                 |           | 4096x72                | 4096x72                |             |                         |             |                         |           |        |        |         |           |        |        |         |
|  ffnup/lw_inst/weight_mem/weight_banks_14_0_ext/Memory_reg_uram_0     | URAM288   |  A:A:4096x72           |  B:B:4096x72           |       Write |                    10.0 |        Read |                    10.0 |      NONE |      0 |      0 |         |      NONE |      0 |      0 |         |
| ffnup/lw_inst/weight_mem/weight_banks_14_1_ext/Memory                 |           | 4096x72                | 4096x72                |             |                         |             |                         |           |        |        |         |           |        |        |         |
|  ffnup/lw_inst/weight_mem/weight_banks_14_1_ext/Memory_reg_uram_0     | URAM288   |  A:A:4096x72           |  B:B:4096x72           |       Write |                    10.0 |        Read |                    10.0 |      NONE |      0 |      0 |         |      NONE |      0 |      0 |         |
| ffnup/lw_inst/weight_mem/weight_banks_14_2_ext/Memory                 |           | 4096x72                | 4096x72                |             |                         |             |                         |           |        |        |         |           |        |        |         |
|  ffnup/lw_inst/weight_mem/weight_banks_14_2_ext/Memory_reg_uram_0     | URAM288   |  A:A:4096x72           |  B:B:4096x72           |       Write |                    10.0 |        Read |                    10.0 |      NONE |      0 |      0 |         |      NONE |      0 |      0 |         |
| ffnup/lw_inst/weight_mem/weight_banks_14_3_ext/Memory                 |           | 4096x72                | 4096x72                |             |                         |             |                         |           |        |        |         |           |        |        |         |
|  ffnup/lw_inst/weight_mem/weight_banks_14_3_ext/Memory_reg_uram_0     | URAM288   |  A:A:4096x72           |  B:B:4096x72           |       Write |                    10.0 |        Read |                    10.0 |      NONE |      0 |      0 |         |      NONE |      0 |      0 |         |
| ffnup/lw_inst/weight_mem/weight_banks_15_0_ext/Memory                 |           | 4096x72                | 4096x72                |             |                         |             |                         |           |        |        |         |           |        |        |         |
|  ffnup/lw_inst/weight_mem/weight_banks_15_0_ext/Memory_reg_uram_0     | URAM288   |  A:A:4096x72           |  B:B:4096x72           |       Write |                    10.0 |        Read |                    10.0 |      NONE |      0 |      0 |         |      NONE |      0 |      0 |         |
| ffnup/lw_inst/weight_mem/weight_banks_15_1_ext/Memory                 |           | 4096x72                | 4096x72                |             |                         |             |                         |           |        |        |         |           |        |        |         |
|  ffnup/lw_inst/weight_mem/weight_banks_15_1_ext/Memory_reg_uram_0     | URAM288   |  A:A:4096x72           |  B:B:4096x72           |       Write |                    10.0 |        Read |                    10.0 |      NONE |      0 |      0 |         |      NONE |      0 |      0 |         |
| ffnup/lw_inst/weight_mem/weight_banks_15_2_ext/Memory                 |           | 4096x72                | 4096x72                |             |                         |             |                         |           |        |        |         |           |        |        |         |
|  ffnup/lw_inst/weight_mem/weight_banks_15_2_ext/Memory_reg_uram_0     | URAM288   |  A:A:4096x72           |  B:B:4096x72           |       Write |                    10.0 |        Read |                    10.0 |      NONE |      0 |      0 |         |      NONE |      0 |      0 |         |
| ffnup/lw_inst/weight_mem/weight_banks_15_3_ext/Memory                 |           | 4096x72                | 4096x72                |             |                         |             |                         |           |        |        |         |           |        |        |         |
|  ffnup/lw_inst/weight_mem/weight_banks_15_3_ext/Memory_reg_uram_0     | URAM288   |  A:A:4096x72           |  B:B:4096x72           |       Write |                    10.0 |        Read |                    10.0 |      NONE |      0 |      0 |         |      NONE |      0 |      0 |         |
| ffnup/lw_inst/weight_mem/weight_banks_16_0_ext/Memory                 |           | 4096x72                | 4096x72                |             |                         |             |                         |           |        |        |         |           |        |        |         |
|  ffnup/lw_inst/weight_mem/weight_banks_16_0_ext/Memory_reg_uram_0     | URAM288   |  A:A:4096x72           |  B:B:4096x72           |       Write |                    10.0 |        Read |                    10.0 |      NONE |      0 |      0 |         |      NONE |      0 |      0 |         |
| ffnup/lw_inst/weight_mem/weight_banks_16_1_ext/Memory                 |           | 4096x72                | 4096x72                |             |                         |             |                         |           |        |        |         |           |        |        |         |
|  ffnup/lw_inst/weight_mem/weight_banks_16_1_ext/Memory_reg_uram_0     | URAM288   |  A:A:4096x72           |  B:B:4096x72           |       Write |                    10.0 |        Read |                    10.0 |      NONE |      0 |      0 |         |      NONE |      0 |      0 |         |
| ffnup/lw_inst/weight_mem/weight_banks_16_2_ext/Memory                 |           | 4096x72                | 4096x72                |             |                         |             |                         |           |        |        |         |           |        |        |         |
|  ffnup/lw_inst/weight_mem/weight_banks_16_2_ext/Memory_reg_uram_0     | URAM288   |  A:A:4096x72           |  B:B:4096x72           |       Write |                    10.0 |        Read |                    10.0 |      NONE |      0 |      0 |         |      NONE |      0 |      0 |         |
| ffnup/lw_inst/weight_mem/weight_banks_16_3_ext/Memory                 |           | 4096x72                | 4096x72                |             |                         |             |                         |           |        |        |         |           |        |        |         |
|  ffnup/lw_inst/weight_mem/weight_banks_16_3_ext/Memory_reg_uram_0     | URAM288   |  A:A:4096x72           |  B:B:4096x72           |       Write |                    10.0 |        Read |                    10.0 |      NONE |      0 |      0 |         |      NONE |      0 |      0 |         |
| ffnup/lw_inst/weight_mem/weight_banks_1_0_ext/Memory                  |           | 4096x72                | 4096x72                |             |                         |             |                         |           |        |        |         |           |        |        |         |
|  ffnup/lw_inst/weight_mem/weight_banks_1_0_ext/Memory_reg_uram_0      | URAM288   |  A:A:4096x72           |  B:B:4096x72           |       Write |                    10.0 |        Read |                    10.0 |      NONE |      0 |      0 |         |      NONE |      0 |      0 |         |
| ffnup/lw_inst/weight_mem/weight_banks_1_1_ext/Memory                  |           | 4096x72                | 4096x72                |             |                         |             |                         |           |        |        |         |           |        |        |         |
|  ffnup/lw_inst/weight_mem/weight_banks_1_1_ext/Memory_reg_uram_0      | URAM288   |  A:A:4096x72           |  B:B:4096x72           |       Write |                    10.0 |        Read |                    10.0 |      NONE |      0 |      0 |         |      NONE |      0 |      0 |         |
| ffnup/lw_inst/weight_mem/weight_banks_1_2_ext/Memory                  |           | 4096x72                | 4096x72                |             |                         |             |                         |           |        |        |         |           |        |        |         |
|  ffnup/lw_inst/weight_mem/weight_banks_1_2_ext/Memory_reg_uram_0      | URAM288   |  A:A:4096x72           |  B:B:4096x72           |       Write |                    10.0 |        Read |                    10.0 |      NONE |      0 |      0 |         |      NONE |      0 |      0 |         |
| ffnup/lw_inst/weight_mem/weight_banks_1_3_ext/Memory                  |           | 4096x72                | 4096x72                |             |                         |             |                         |           |        |        |         |           |        |        |         |
|  ffnup/lw_inst/weight_mem/weight_banks_1_3_ext/Memory_reg_uram_0      | URAM288   |  A:A:4096x72           |  B:B:4096x72           |       Write |                    10.0 |        Read |                    10.0 |      NONE |      0 |      0 |         |      NONE |      0 |      0 |         |
| ffnup/lw_inst/weight_mem/weight_banks_2_0_ext/Memory                  |           | 4096x72                | 4096x72                |             |                         |             |                         |           |        |        |         |           |        |        |         |
|  ffnup/lw_inst/weight_mem/weight_banks_2_0_ext/Memory_reg_uram_0      | URAM288   |  A:A:4096x72           |  B:B:4096x72           |       Write |                    10.0 |        Read |                    10.0 |      NONE |      0 |      0 |         |      NONE |      0 |      0 |         |
| ffnup/lw_inst/weight_mem/weight_banks_2_1_ext/Memory                  |           | 4096x72                | 4096x72                |             |                         |             |                         |           |        |        |         |           |        |        |         |
|  ffnup/lw_inst/weight_mem/weight_banks_2_1_ext/Memory_reg_uram_0      | URAM288   |  A:A:4096x72           |  B:B:4096x72           |       Write |                    10.0 |        Read |                    10.0 |      NONE |      0 |      0 |         |      NONE |      0 |      0 |         |
| ffnup/lw_inst/weight_mem/weight_banks_2_2_ext/Memory                  |           | 4096x72                | 4096x72                |             |                         |             |                         |           |        |        |         |           |        |        |         |
|  ffnup/lw_inst/weight_mem/weight_banks_2_2_ext/Memory_reg_uram_0      | URAM288   |  A:A:4096x72           |  B:B:4096x72           |       Write |                    10.0 |        Read |                    10.0 |      NONE |      0 |      0 |         |      NONE |      0 |      0 |         |
| ffnup/lw_inst/weight_mem/weight_banks_2_3_ext/Memory                  |           | 4096x72                | 4096x72                |             |                         |             |                         |           |        |        |         |           |        |        |         |
|  ffnup/lw_inst/weight_mem/weight_banks_2_3_ext/Memory_reg_uram_0      | URAM288   |  A:A:4096x72           |  B:B:4096x72           |       Write |                    10.0 |        Read |                    10.0 |      NONE |      0 |      0 |         |      NONE |      0 |      0 |         |
| ffnup/lw_inst/weight_mem/weight_banks_3_0_ext/Memory                  |           | 4096x72                | 4096x72                |             |                         |             |                         |           |        |        |         |           |        |        |         |
|  ffnup/lw_inst/weight_mem/weight_banks_3_0_ext/Memory_reg_uram_0      | URAM288   |  A:A:4096x72           |  B:B:4096x72           |       Write |                    10.0 |        Read |                    10.0 |      NONE |      0 |      0 |         |      NONE |      0 |      0 |         |
| ffnup/lw_inst/weight_mem/weight_banks_3_1_ext/Memory                  |           | 4096x72                | 4096x72                |             |                         |             |                         |           |        |        |         |           |        |        |         |
|  ffnup/lw_inst/weight_mem/weight_banks_3_1_ext/Memory_reg_uram_0      | URAM288   |  A:A:4096x72           |  B:B:4096x72           |       Write |                    10.0 |        Read |                    10.0 |      NONE |      0 |      0 |         |      NONE |      0 |      0 |         |
| ffnup/lw_inst/weight_mem/weight_banks_3_2_ext/Memory                  |           | 4096x72                | 4096x72                |             |                         |             |                         |           |        |        |         |           |        |        |         |
|  ffnup/lw_inst/weight_mem/weight_banks_3_2_ext/Memory_reg_uram_0      | URAM288   |  A:A:4096x72           |  B:B:4096x72           |       Write |                    10.0 |        Read |                    10.0 |      NONE |      0 |      0 |         |      NONE |      0 |      0 |         |
| ffnup/lw_inst/weight_mem/weight_banks_3_3_ext/Memory                  |           | 4096x72                | 4096x72                |             |                         |             |                         |           |        |        |         |           |        |        |         |
|  ffnup/lw_inst/weight_mem/weight_banks_3_3_ext/Memory_reg_uram_0      | URAM288   |  A:A:4096x72           |  B:B:4096x72           |       Write |                    10.0 |        Read |                    10.0 |      NONE |      0 |      0 |         |      NONE |      0 |      0 |         |
| ffnup/lw_inst/weight_mem/weight_banks_4_0_ext/Memory                  |           | 4096x72                | 4096x72                |             |                         |             |                         |           |        |        |         |           |        |        |         |
|  ffnup/lw_inst/weight_mem/weight_banks_4_0_ext/Memory_reg_uram_0      | URAM288   |  A:A:4096x72           |  B:B:4096x72           |       Write |                    10.0 |        Read |                    10.0 |      NONE |      0 |      0 |         |      NONE |      0 |      0 |         |
| ffnup/lw_inst/weight_mem/weight_banks_4_1_ext/Memory                  |           | 4096x72                | 4096x72                |             |                         |             |                         |           |        |        |         |           |        |        |         |
|  ffnup/lw_inst/weight_mem/weight_banks_4_1_ext/Memory_reg_uram_0      | URAM288   |  A:A:4096x72           |  B:B:4096x72           |       Write |                    10.0 |        Read |                    10.0 |      NONE |      0 |      0 |         |      NONE |      0 |      0 |         |
| ffnup/lw_inst/weight_mem/weight_banks_4_2_ext/Memory                  |           | 4096x72                | 4096x72                |             |                         |             |                         |           |        |        |         |           |        |        |         |
|  ffnup/lw_inst/weight_mem/weight_banks_4_2_ext/Memory_reg_uram_0      | URAM288   |  A:A:4096x72           |  B:B:4096x72           |       Write |                    10.0 |        Read |                    10.0 |      NONE |      0 |      0 |         |      NONE |      0 |      0 |         |
| ffnup/lw_inst/weight_mem/weight_banks_4_3_ext/Memory                  |           | 4096x72                | 4096x72                |             |                         |             |                         |           |        |        |         |           |        |        |         |
|  ffnup/lw_inst/weight_mem/weight_banks_4_3_ext/Memory_reg_uram_0      | URAM288   |  A:A:4096x72           |  B:B:4096x72           |       Write |                    10.0 |        Read |                    10.0 |      NONE |      0 |      0 |         |      NONE |      0 |      0 |         |
| ffnup/lw_inst/weight_mem/weight_banks_5_0_ext/Memory                  |           | 4096x72                | 4096x72                |             |                         |             |                         |           |        |        |         |           |        |        |         |
|  ffnup/lw_inst/weight_mem/weight_banks_5_0_ext/Memory_reg_uram_0      | URAM288   |  A:A:4096x72           |  B:B:4096x72           |       Write |                    10.0 |        Read |                    10.0 |      NONE |      0 |      0 |         |      NONE |      0 |      0 |         |
| ffnup/lw_inst/weight_mem/weight_banks_5_1_ext/Memory                  |           | 4096x72                | 4096x72                |             |                         |             |                         |           |        |        |         |           |        |        |         |
|  ffnup/lw_inst/weight_mem/weight_banks_5_1_ext/Memory_reg_uram_0      | URAM288   |  A:A:4096x72           |  B:B:4096x72           |       Write |                    10.0 |        Read |                    10.0 |      NONE |      0 |      0 |         |      NONE |      0 |      0 |         |
| ffnup/lw_inst/weight_mem/weight_banks_5_2_ext/Memory                  |           | 4096x72                | 4096x72                |             |                         |             |                         |           |        |        |         |           |        |        |         |
|  ffnup/lw_inst/weight_mem/weight_banks_5_2_ext/Memory_reg_uram_0      | URAM288   |  A:A:4096x72           |  B:B:4096x72           |       Write |                    10.0 |        Read |                    10.0 |      NONE |      0 |      0 |         |      NONE |      0 |      0 |         |
| ffnup/lw_inst/weight_mem/weight_banks_5_3_ext/Memory                  |           | 4096x72                | 4096x72                |             |                         |             |                         |           |        |        |         |           |        |        |         |
|  ffnup/lw_inst/weight_mem/weight_banks_5_3_ext/Memory_reg_uram_0      | URAM288   |  A:A:4096x72           |  B:B:4096x72           |       Write |                    10.0 |        Read |                    10.0 |      NONE |      0 |      0 |         |      NONE |      0 |      0 |         |
| ffnup/lw_inst/weight_mem/weight_banks_6_0_ext/Memory                  |           | 4096x72                | 4096x72                |             |                         |             |                         |           |        |        |         |           |        |        |         |
|  ffnup/lw_inst/weight_mem/weight_banks_6_0_ext/Memory_reg_uram_0      | URAM288   |  A:A:4096x72           |  B:B:4096x72           |       Write |                    10.0 |        Read |                    10.0 |      NONE |      0 |      0 |         |      NONE |      0 |      0 |         |
| ffnup/lw_inst/weight_mem/weight_banks_6_1_ext/Memory                  |           | 4096x72                | 4096x72                |             |                         |             |                         |           |        |        |         |           |        |        |         |
|  ffnup/lw_inst/weight_mem/weight_banks_6_1_ext/Memory_reg_uram_0      | URAM288   |  A:A:4096x72           |  B:B:4096x72           |       Write |                    10.0 |        Read |                    10.0 |      NONE |      0 |      0 |         |      NONE |      0 |      0 |         |
| ffnup/lw_inst/weight_mem/weight_banks_6_2_ext/Memory                  |           | 4096x72                | 4096x72                |             |                         |             |                         |           |        |        |         |           |        |        |         |
|  ffnup/lw_inst/weight_mem/weight_banks_6_2_ext/Memory_reg_uram_0      | URAM288   |  A:A:4096x72           |  B:B:4096x72           |       Write |                    10.0 |        Read |                    10.0 |      NONE |      0 |      0 |         |      NONE |      0 |      0 |         |
| ffnup/lw_inst/weight_mem/weight_banks_6_3_ext/Memory                  |           | 4096x72                | 4096x72                |             |                         |             |                         |           |        |        |         |           |        |        |         |
|  ffnup/lw_inst/weight_mem/weight_banks_6_3_ext/Memory_reg_uram_0      | URAM288   |  A:A:4096x72           |  B:B:4096x72           |       Write |                    10.0 |        Read |                    10.0 |      NONE |      0 |      0 |         |      NONE |      0 |      0 |         |
| ffnup/lw_inst/weight_mem/weight_banks_7_0_ext/Memory                  |           | 4096x72                | 4096x72                |             |                         |             |                         |           |        |        |         |           |        |        |         |
|  ffnup/lw_inst/weight_mem/weight_banks_7_0_ext/Memory_reg_uram_0      | URAM288   |  A:A:4096x72           |  B:B:4096x72           |       Write |                    10.0 |        Read |                    10.0 |      NONE |      0 |      0 |         |      NONE |      0 |      0 |         |
| ffnup/lw_inst/weight_mem/weight_banks_7_1_ext/Memory                  |           | 4096x72                | 4096x72                |             |                         |             |                         |           |        |        |         |           |        |        |         |
|  ffnup/lw_inst/weight_mem/weight_banks_7_1_ext/Memory_reg_uram_0      | URAM288   |  A:A:4096x72           |  B:B:4096x72           |       Write |                    10.0 |        Read |                    10.0 |      NONE |      0 |      0 |         |      NONE |      0 |      0 |         |
| ffnup/lw_inst/weight_mem/weight_banks_7_2_ext/Memory                  |           | 4096x72                | 4096x72                |             |                         |             |                         |           |        |        |         |           |        |        |         |
|  ffnup/lw_inst/weight_mem/weight_banks_7_2_ext/Memory_reg_uram_0      | URAM288   |  A:A:4096x72           |  B:B:4096x72           |       Write |                    10.0 |        Read |                    10.0 |      NONE |      0 |      0 |         |      NONE |      0 |      0 |         |
| ffnup/lw_inst/weight_mem/weight_banks_7_3_ext/Memory                  |           | 4096x72                | 4096x72                |             |                         |             |                         |           |        |        |         |           |        |        |         |
|  ffnup/lw_inst/weight_mem/weight_banks_7_3_ext/Memory_reg_uram_0      | URAM288   |  A:A:4096x72           |  B:B:4096x72           |       Write |                    10.0 |        Read |                    10.0 |      NONE |      0 |      0 |         |      NONE |      0 |      0 |         |
| ffnup/lw_inst/weight_mem/weight_banks_8_0_ext/Memory                  |           | 4096x72                | 4096x72                |             |                         |             |                         |           |        |        |         |           |        |        |         |
|  ffnup/lw_inst/weight_mem/weight_banks_8_0_ext/Memory_reg_uram_0      | URAM288   |  A:A:4096x72           |  B:B:4096x72           |       Write |                    10.0 |        Read |                    10.0 |      NONE |      0 |      0 |         |      NONE |      0 |      0 |         |
| ffnup/lw_inst/weight_mem/weight_banks_8_1_ext/Memory                  |           | 4096x72                | 4096x72                |             |                         |             |                         |           |        |        |         |           |        |        |         |
|  ffnup/lw_inst/weight_mem/weight_banks_8_1_ext/Memory_reg_uram_0      | URAM288   |  A:A:4096x72           |  B:B:4096x72           |       Write |                    10.0 |        Read |                    10.0 |      NONE |      0 |      0 |         |      NONE |      0 |      0 |         |
| ffnup/lw_inst/weight_mem/weight_banks_8_2_ext/Memory                  |           | 4096x72                | 4096x72                |             |                         |             |                         |           |        |        |         |           |        |        |         |
|  ffnup/lw_inst/weight_mem/weight_banks_8_2_ext/Memory_reg_uram_0      | URAM288   |  A:A:4096x72           |  B:B:4096x72           |       Write |                    10.0 |        Read |                    10.0 |      NONE |      0 |      0 |         |      NONE |      0 |      0 |         |
| ffnup/lw_inst/weight_mem/weight_banks_8_3_ext/Memory                  |           | 4096x72                | 4096x72                |             |                         |             |                         |           |        |        |         |           |        |        |         |
|  ffnup/lw_inst/weight_mem/weight_banks_8_3_ext/Memory_reg_uram_0      | URAM288   |  A:A:4096x72           |  B:B:4096x72           |       Write |                    10.0 |        Read |                    10.0 |      NONE |      0 |      0 |         |      NONE |      0 |      0 |         |
| ffnup/lw_inst/weight_mem/weight_banks_9_0_ext/Memory                  |           | 4096x72                | 4096x72                |             |                         |             |                         |           |        |        |         |           |        |        |         |
|  ffnup/lw_inst/weight_mem/weight_banks_9_0_ext/Memory_reg_uram_0      | URAM288   |  A:A:4096x72           |  B:B:4096x72           |       Write |                    10.0 |        Read |                    10.0 |      NONE |      0 |      0 |         |      NONE |      0 |      0 |         |
| ffnup/lw_inst/weight_mem/weight_banks_9_1_ext/Memory                  |           | 4096x72                | 4096x72                |             |                         |             |                         |           |        |        |         |           |        |        |         |
|  ffnup/lw_inst/weight_mem/weight_banks_9_1_ext/Memory_reg_uram_0      | URAM288   |  A:A:4096x72           |  B:B:4096x72           |       Write |                    10.0 |        Read |                    10.0 |      NONE |      0 |      0 |         |      NONE |      0 |      0 |         |
| ffnup/lw_inst/weight_mem/weight_banks_9_2_ext/Memory                  |           | 4096x72                | 4096x72                |             |                         |             |                         |           |        |        |         |           |        |        |         |
|  ffnup/lw_inst/weight_mem/weight_banks_9_2_ext/Memory_reg_uram_0      | URAM288   |  A:A:4096x72           |  B:B:4096x72           |       Write |                    10.0 |        Read |                    10.0 |      NONE |      0 |      0 |         |      NONE |      0 |      0 |         |
| ffnup/lw_inst/weight_mem/weight_banks_9_3_ext/Memory                  |           | 4096x72                | 4096x72                |             |                         |             |                         |           |        |        |         |           |        |        |         |
|  ffnup/lw_inst/weight_mem/weight_banks_9_3_ext/Memory_reg_uram_0      | URAM288   |  A:A:4096x72           |  B:B:4096x72           |       Write |                    10.0 |        Read |                    10.0 |      NONE |      0 |      0 |         |      NONE |      0 |      0 |         |
| outlinear/lw_inst/weight_mem/weight_banks_0_0_ext/Memory              |           | 4096x72                | 4096x72                |             |                         |             |                         |           |        |        |         |           |        |        |         |
|  outlinear/lw_inst/weight_mem/weight_banks_0_0_ext/Memory_reg_uram_0  | URAM288   |  A:A:4096x72           |  B:B:4096x72           |       Write |                    10.0 |        Read |                    10.0 |      NONE |      0 |      0 |         |      NONE |      0 |      0 |         |
| outlinear/lw_inst/weight_mem/weight_banks_0_1_ext/Memory              |           | 4096x72                | 4096x72                |             |                         |             |                         |           |        |        |         |           |        |        |         |
|  outlinear/lw_inst/weight_mem/weight_banks_0_1_ext/Memory_reg_uram_0  | URAM288   |  A:A:4096x72           |  B:B:4096x72           |       Write |                    10.0 |        Read |                    10.0 |      NONE |      0 |      0 |         |      NONE |      0 |      0 |         |
| outlinear/lw_inst/weight_mem/weight_banks_0_2_ext/Memory              |           | 4096x72                | 4096x72                |             |                         |             |                         |           |        |        |         |           |        |        |         |
|  outlinear/lw_inst/weight_mem/weight_banks_0_2_ext/Memory_reg_uram_0  | URAM288   |  A:A:4096x72           |  B:B:4096x72           |       Write |                    10.0 |        Read |                    10.0 |      NONE |      0 |      0 |         |      NONE |      0 |      0 |         |
| outlinear/lw_inst/weight_mem/weight_banks_0_3_ext/Memory              |           | 4096x72                | 4096x72                |             |                         |             |                         |           |        |        |         |           |        |        |         |
|  outlinear/lw_inst/weight_mem/weight_banks_0_3_ext/Memory_reg_uram_0  | URAM288   |  A:A:4096x72           |  B:B:4096x72           |       Write |                    10.0 |        Read |                    10.0 |      NONE |      0 |      0 |         |      NONE |      0 |      0 |         |
| outlinear/lw_inst/weight_mem/weight_banks_1_0_ext/Memory              |           | 4096x72                | 4096x72                |             |                         |             |                         |           |        |        |         |           |        |        |         |
|  outlinear/lw_inst/weight_mem/weight_banks_1_0_ext/Memory_reg_uram_0  | URAM288   |  A:A:4096x72           |  B:B:4096x72           |       Write |                    10.0 |        Read |                    10.0 |      NONE |      0 |      0 |         |      NONE |      0 |      0 |         |
| outlinear/lw_inst/weight_mem/weight_banks_1_1_ext/Memory              |           | 4096x72                | 4096x72                |             |                         |             |                         |           |        |        |         |           |        |        |         |
|  outlinear/lw_inst/weight_mem/weight_banks_1_1_ext/Memory_reg_uram_0  | URAM288   |  A:A:4096x72           |  B:B:4096x72           |       Write |                    10.0 |        Read |                    10.0 |      NONE |      0 |      0 |         |      NONE |      0 |      0 |         |
| outlinear/lw_inst/weight_mem/weight_banks_1_2_ext/Memory              |           | 4096x72                | 4096x72                |             |                         |             |                         |           |        |        |         |           |        |        |         |
|  outlinear/lw_inst/weight_mem/weight_banks_1_2_ext/Memory_reg_uram_0  | URAM288   |  A:A:4096x72           |  B:B:4096x72           |       Write |                    10.0 |        Read |                    10.0 |      NONE |      0 |      0 |         |      NONE |      0 |      0 |         |
| outlinear/lw_inst/weight_mem/weight_banks_1_3_ext/Memory              |           | 4096x72                | 4096x72                |             |                         |             |                         |           |        |        |         |           |        |        |         |
|  outlinear/lw_inst/weight_mem/weight_banks_1_3_ext/Memory_reg_uram_0  | URAM288   |  A:A:4096x72           |  B:B:4096x72           |       Write |                    10.0 |        Read |                    10.0 |      NONE |      0 |      0 |         |      NONE |      0 |      0 |         |
| outlinear/lw_inst/weight_mem/weight_banks_2_0_ext/Memory              |           | 4096x72                | 4096x72                |             |                         |             |                         |           |        |        |         |           |        |        |         |
|  outlinear/lw_inst/weight_mem/weight_banks_2_0_ext/Memory_reg_uram_0  | URAM288   |  A:A:4096x72           |  B:B:4096x72           |       Write |                    10.0 |        Read |                    10.0 |      NONE |      0 |      0 |         |      NONE |      0 |      0 |         |
| outlinear/lw_inst/weight_mem/weight_banks_2_1_ext/Memory              |           | 4096x72                | 4096x72                |             |                         |             |                         |           |        |        |         |           |        |        |         |
|  outlinear/lw_inst/weight_mem/weight_banks_2_1_ext/Memory_reg_uram_0  | URAM288   |  A:A:4096x72           |  B:B:4096x72           |       Write |                    10.0 |        Read |                    10.0 |      NONE |      0 |      0 |         |      NONE |      0 |      0 |         |
| outlinear/lw_inst/weight_mem/weight_banks_2_2_ext/Memory              |           | 4096x72                | 4096x72                |             |                         |             |                         |           |        |        |         |           |        |        |         |
|  outlinear/lw_inst/weight_mem/weight_banks_2_2_ext/Memory_reg_uram_0  | URAM288   |  A:A:4096x72           |  B:B:4096x72           |       Write |                    10.0 |        Read |                    10.0 |      NONE |      0 |      0 |         |      NONE |      0 |      0 |         |
| outlinear/lw_inst/weight_mem/weight_banks_2_3_ext/Memory              |           | 4096x72                | 4096x72                |             |                         |             |                         |           |        |        |         |           |        |        |         |
|  outlinear/lw_inst/weight_mem/weight_banks_2_3_ext/Memory_reg_uram_0  | URAM288   |  A:A:4096x72           |  B:B:4096x72           |       Write |                    10.0 |        Read |                    10.0 |      NONE |      0 |      0 |         |      NONE |      0 |      0 |         |
| outlinear/lw_inst/weight_mem/weight_banks_3_0_ext/Memory              |           | 4096x72                | 4096x72                |             |                         |             |                         |           |        |        |         |           |        |        |         |
|  outlinear/lw_inst/weight_mem/weight_banks_3_0_ext/Memory_reg_uram_0  | URAM288   |  A:A:4096x72           |  B:B:4096x72           |       Write |                    10.0 |        Read |                    10.0 |      NONE |      0 |      0 |         |      NONE |      0 |      0 |         |
| outlinear/lw_inst/weight_mem/weight_banks_3_1_ext/Memory              |           | 4096x72                | 4096x72                |             |                         |             |                         |           |        |        |         |           |        |        |         |
|  outlinear/lw_inst/weight_mem/weight_banks_3_1_ext/Memory_reg_uram_0  | URAM288   |  A:A:4096x72           |  B:B:4096x72           |       Write |                    10.0 |        Read |                    10.0 |      NONE |      0 |      0 |         |      NONE |      0 |      0 |         |
| outlinear/lw_inst/weight_mem/weight_banks_3_2_ext/Memory              |           | 4096x72                | 4096x72                |             |                         |             |                         |           |        |        |         |           |        |        |         |
|  outlinear/lw_inst/weight_mem/weight_banks_3_2_ext/Memory_reg_uram_0  | URAM288   |  A:A:4096x72           |  B:B:4096x72           |       Write |                    10.0 |        Read |                    10.0 |      NONE |      0 |      0 |         |      NONE |      0 |      0 |         |
| outlinear/lw_inst/weight_mem/weight_banks_3_3_ext/Memory              |           | 4096x72                | 4096x72                |             |                         |             |                         |           |        |        |         |           |        |        |         |
|  outlinear/lw_inst/weight_mem/weight_banks_3_3_ext/Memory_reg_uram_0  | URAM288   |  A:A:4096x72           |  B:B:4096x72           |       Write |                    10.0 |        Read |                    10.0 |      NONE |      0 |      0 |         |      NONE |      0 |      0 |         |
| outlinear/lw_inst/weight_mem/weight_banks_4_0_ext/Memory              |           | 4096x72                | 4096x72                |             |                         |             |                         |           |        |        |         |           |        |        |         |
|  outlinear/lw_inst/weight_mem/weight_banks_4_0_ext/Memory_reg_uram_0  | URAM288   |  A:A:4096x72           |  B:B:4096x72           |       Write |                    10.0 |        Read |                    10.0 |      NONE |      0 |      0 |         |      NONE |      0 |      0 |         |
| outlinear/lw_inst/weight_mem/weight_banks_4_1_ext/Memory              |           | 4096x72                | 4096x72                |             |                         |             |                         |           |        |        |         |           |        |        |         |
|  outlinear/lw_inst/weight_mem/weight_banks_4_1_ext/Memory_reg_uram_0  | URAM288   |  A:A:4096x72           |  B:B:4096x72           |       Write |                    10.0 |        Read |                    10.0 |      NONE |      0 |      0 |         |      NONE |      0 |      0 |         |
| outlinear/lw_inst/weight_mem/weight_banks_4_2_ext/Memory              |           | 4096x72                | 4096x72                |             |                         |             |                         |           |        |        |         |           |        |        |         |
|  outlinear/lw_inst/weight_mem/weight_banks_4_2_ext/Memory_reg_uram_0  | URAM288   |  A:A:4096x72           |  B:B:4096x72           |       Write |                    10.0 |        Read |                    10.0 |      NONE |      0 |      0 |         |      NONE |      0 |      0 |         |
| outlinear/lw_inst/weight_mem/weight_banks_4_3_ext/Memory              |           | 4096x72                | 4096x72                |             |                         |             |                         |           |        |        |         |           |        |        |         |
|  outlinear/lw_inst/weight_mem/weight_banks_4_3_ext/Memory_reg_uram_0  | URAM288   |  A:A:4096x72           |  B:B:4096x72           |       Write |                    10.0 |        Read |                    10.0 |      NONE |      0 |      0 |         |      NONE |      0 |      0 |         |
| qkvlinear/lw_inst/weight_mem/weight_banks_0_0_ext/Memory              |           | 4096x72                | 4096x72                |             |                         |             |                         |           |        |        |         |           |        |        |         |
|  qkvlinear/lw_inst/weight_mem/weight_banks_0_0_ext/Memory_reg_uram_0  | URAM288   |  A:A:4096x72           |  B:B:4096x72           |       Write |                    10.0 |        Read |                    10.0 |      NONE |      0 |      0 |         |      NONE |      0 |      0 |         |
| qkvlinear/lw_inst/weight_mem/weight_banks_0_1_ext/Memory              |           | 4096x72                | 4096x72                |             |                         |             |                         |           |        |        |         |           |        |        |         |
|  qkvlinear/lw_inst/weight_mem/weight_banks_0_1_ext/Memory_reg_uram_0  | URAM288   |  A:A:4096x72           |  B:B:4096x72           |       Write |                    10.0 |        Read |                    10.0 |      NONE |      0 |      0 |         |      NONE |      0 |      0 |         |
| qkvlinear/lw_inst/weight_mem/weight_banks_0_2_ext/Memory              |           | 4096x72                | 4096x72                |             |                         |             |                         |           |        |        |         |           |        |        |         |
|  qkvlinear/lw_inst/weight_mem/weight_banks_0_2_ext/Memory_reg_uram_0  | URAM288   |  A:A:4096x72           |  B:B:4096x72           |       Write |                    10.0 |        Read |                    10.0 |      NONE |      0 |      0 |         |      NONE |      0 |      0 |         |
| qkvlinear/lw_inst/weight_mem/weight_banks_0_3_ext/Memory              |           | 4096x72                | 4096x72                |             |                         |             |                         |           |        |        |         |           |        |        |         |
|  qkvlinear/lw_inst/weight_mem/weight_banks_0_3_ext/Memory_reg_uram_0  | URAM288   |  A:A:4096x72           |  B:B:4096x72           |       Write |                    10.0 |        Read |                    10.0 |      NONE |      0 |      0 |         |      NONE |      0 |      0 |         |
| qkvlinear/lw_inst/weight_mem/weight_banks_10_0_ext/Memory             |           | 4096x72                | 4096x72                |             |                         |             |                         |           |        |        |         |           |        |        |         |
|  qkvlinear/lw_inst/weight_mem/weight_banks_10_0_ext/Memory_reg_uram_0 | URAM288   |  A:A:4096x72           |  B:B:4096x72           |       Write |                    10.0 |        Read |                    10.0 |      NONE |      0 |      0 |         |      NONE |      0 |      0 |         |
| qkvlinear/lw_inst/weight_mem/weight_banks_10_1_ext/Memory             |           | 4096x72                | 4096x72                |             |                         |             |                         |           |        |        |         |           |        |        |         |
|  qkvlinear/lw_inst/weight_mem/weight_banks_10_1_ext/Memory_reg_uram_0 | URAM288   |  A:A:4096x72           |  B:B:4096x72           |       Write |                    10.0 |        Read |                    10.0 |      NONE |      0 |      0 |         |      NONE |      0 |      0 |         |
| qkvlinear/lw_inst/weight_mem/weight_banks_10_2_ext/Memory             |           | 4096x72                | 4096x72                |             |                         |             |                         |           |        |        |         |           |        |        |         |
|  qkvlinear/lw_inst/weight_mem/weight_banks_10_2_ext/Memory_reg_uram_0 | URAM288   |  A:A:4096x72           |  B:B:4096x72           |       Write |                    10.0 |        Read |                    10.0 |      NONE |      0 |      0 |         |      NONE |      0 |      0 |         |
| qkvlinear/lw_inst/weight_mem/weight_banks_10_3_ext/Memory             |           | 4096x72                | 4096x72                |             |                         |             |                         |           |        |        |         |           |        |        |         |
|  qkvlinear/lw_inst/weight_mem/weight_banks_10_3_ext/Memory_reg_uram_0 | URAM288   |  A:A:4096x72           |  B:B:4096x72           |       Write |                    10.0 |        Read |                    10.0 |      NONE |      0 |      0 |         |      NONE |      0 |      0 |         |
| qkvlinear/lw_inst/weight_mem/weight_banks_11_0_ext/Memory             |           | 4096x72                | 4096x72                |             |                         |             |                         |           |        |        |         |           |        |        |         |
|  qkvlinear/lw_inst/weight_mem/weight_banks_11_0_ext/Memory_reg_uram_0 | URAM288   |  A:A:4096x72           |  B:B:4096x72           |       Write |                    10.0 |        Read |                    10.0 |      NONE |      0 |      0 |         |      NONE |      0 |      0 |         |
| qkvlinear/lw_inst/weight_mem/weight_banks_11_1_ext/Memory             |           | 4096x72                | 4096x72                |             |                         |             |                         |           |        |        |         |           |        |        |         |
|  qkvlinear/lw_inst/weight_mem/weight_banks_11_1_ext/Memory_reg_uram_0 | URAM288   |  A:A:4096x72           |  B:B:4096x72           |       Write |                    10.0 |        Read |                    10.0 |      NONE |      0 |      0 |         |      NONE |      0 |      0 |         |
| qkvlinear/lw_inst/weight_mem/weight_banks_11_2_ext/Memory             |           | 4096x72                | 4096x72                |             |                         |             |                         |           |        |        |         |           |        |        |         |
|  qkvlinear/lw_inst/weight_mem/weight_banks_11_2_ext/Memory_reg_uram_0 | URAM288   |  A:A:4096x72           |  B:B:4096x72           |       Write |                    10.0 |        Read |                    10.0 |      NONE |      0 |      0 |         |      NONE |      0 |      0 |         |
| qkvlinear/lw_inst/weight_mem/weight_banks_11_3_ext/Memory             |           | 4096x72                | 4096x72                |             |                         |             |                         |           |        |        |         |           |        |        |         |
|  qkvlinear/lw_inst/weight_mem/weight_banks_11_3_ext/Memory_reg_uram_0 | URAM288   |  A:A:4096x72           |  B:B:4096x72           |       Write |                    10.0 |        Read |                    10.0 |      NONE |      0 |      0 |         |      NONE |      0 |      0 |         |
| qkvlinear/lw_inst/weight_mem/weight_banks_1_0_ext/Memory              |           | 4096x72                | 4096x72                |             |                         |             |                         |           |        |        |         |           |        |        |         |
|  qkvlinear/lw_inst/weight_mem/weight_banks_1_0_ext/Memory_reg_uram_0  | URAM288   |  A:A:4096x72           |  B:B:4096x72           |       Write |                    10.0 |        Read |                    10.0 |      NONE |      0 |      0 |         |      NONE |      0 |      0 |         |
| qkvlinear/lw_inst/weight_mem/weight_banks_1_1_ext/Memory              |           | 4096x72                | 4096x72                |             |                         |             |                         |           |        |        |         |           |        |        |         |
|  qkvlinear/lw_inst/weight_mem/weight_banks_1_1_ext/Memory_reg_uram_0  | URAM288   |  A:A:4096x72           |  B:B:4096x72           |       Write |                    10.0 |        Read |                    10.0 |      NONE |      0 |      0 |         |      NONE |      0 |      0 |         |
| qkvlinear/lw_inst/weight_mem/weight_banks_1_2_ext/Memory              |           | 4096x72                | 4096x72                |             |                         |             |                         |           |        |        |         |           |        |        |         |
|  qkvlinear/lw_inst/weight_mem/weight_banks_1_2_ext/Memory_reg_uram_0  | URAM288   |  A:A:4096x72           |  B:B:4096x72           |       Write |                    10.0 |        Read |                    10.0 |      NONE |      0 |      0 |         |      NONE |      0 |      0 |         |
| qkvlinear/lw_inst/weight_mem/weight_banks_1_3_ext/Memory              |           | 4096x72                | 4096x72                |             |                         |             |                         |           |        |        |         |           |        |        |         |
|  qkvlinear/lw_inst/weight_mem/weight_banks_1_3_ext/Memory_reg_uram_0  | URAM288   |  A:A:4096x72           |  B:B:4096x72           |       Write |                    10.0 |        Read |                    10.0 |      NONE |      0 |      0 |         |      NONE |      0 |      0 |         |
| qkvlinear/lw_inst/weight_mem/weight_banks_2_0_ext/Memory              |           | 4096x72                | 4096x72                |             |                         |             |                         |           |        |        |         |           |        |        |         |
|  qkvlinear/lw_inst/weight_mem/weight_banks_2_0_ext/Memory_reg_uram_0  | URAM288   |  A:A:4096x72           |  B:B:4096x72           |       Write |                    10.0 |        Read |                    10.0 |      NONE |      0 |      0 |         |      NONE |      0 |      0 |         |
| qkvlinear/lw_inst/weight_mem/weight_banks_2_1_ext/Memory              |           | 4096x72                | 4096x72                |             |                         |             |                         |           |        |        |         |           |        |        |         |
|  qkvlinear/lw_inst/weight_mem/weight_banks_2_1_ext/Memory_reg_uram_0  | URAM288   |  A:A:4096x72           |  B:B:4096x72           |       Write |                    10.0 |        Read |                    10.0 |      NONE |      0 |      0 |         |      NONE |      0 |      0 |         |
| qkvlinear/lw_inst/weight_mem/weight_banks_2_2_ext/Memory              |           | 4096x72                | 4096x72                |             |                         |             |                         |           |        |        |         |           |        |        |         |
|  qkvlinear/lw_inst/weight_mem/weight_banks_2_2_ext/Memory_reg_uram_0  | URAM288   |  A:A:4096x72           |  B:B:4096x72           |       Write |                    10.0 |        Read |                    10.0 |      NONE |      0 |      0 |         |      NONE |      0 |      0 |         |
| qkvlinear/lw_inst/weight_mem/weight_banks_2_3_ext/Memory              |           | 4096x72                | 4096x72                |             |                         |             |                         |           |        |        |         |           |        |        |         |
|  qkvlinear/lw_inst/weight_mem/weight_banks_2_3_ext/Memory_reg_uram_0  | URAM288   |  A:A:4096x72           |  B:B:4096x72           |       Write |                    10.0 |        Read |                    10.0 |      NONE |      0 |      0 |         |      NONE |      0 |      0 |         |
| qkvlinear/lw_inst/weight_mem/weight_banks_3_0_ext/Memory              |           | 4096x72                | 4096x72                |             |                         |             |                         |           |        |        |         |           |        |        |         |
|  qkvlinear/lw_inst/weight_mem/weight_banks_3_0_ext/Memory_reg_uram_0  | URAM288   |  A:A:4096x72           |  B:B:4096x72           |       Write |                    10.0 |        Read |                    10.0 |      NONE |      0 |      0 |         |      NONE |      0 |      0 |         |
| qkvlinear/lw_inst/weight_mem/weight_banks_3_1_ext/Memory              |           | 4096x72                | 4096x72                |             |                         |             |                         |           |        |        |         |           |        |        |         |
|  qkvlinear/lw_inst/weight_mem/weight_banks_3_1_ext/Memory_reg_uram_0  | URAM288   |  A:A:4096x72           |  B:B:4096x72           |       Write |                    10.0 |        Read |                    10.0 |      NONE |      0 |      0 |         |      NONE |      0 |      0 |         |
| qkvlinear/lw_inst/weight_mem/weight_banks_3_2_ext/Memory              |           | 4096x72                | 4096x72                |             |                         |             |                         |           |        |        |         |           |        |        |         |
|  qkvlinear/lw_inst/weight_mem/weight_banks_3_2_ext/Memory_reg_uram_0  | URAM288   |  A:A:4096x72           |  B:B:4096x72           |       Write |                    10.0 |        Read |                    10.0 |      NONE |      0 |      0 |         |      NONE |      0 |      0 |         |
| qkvlinear/lw_inst/weight_mem/weight_banks_3_3_ext/Memory              |           | 4096x72                | 4096x72                |             |                         |             |                         |           |        |        |         |           |        |        |         |
|  qkvlinear/lw_inst/weight_mem/weight_banks_3_3_ext/Memory_reg_uram_0  | URAM288   |  A:A:4096x72           |  B:B:4096x72           |       Write |                    10.0 |        Read |                    10.0 |      NONE |      0 |      0 |         |      NONE |      0 |      0 |         |
| qkvlinear/lw_inst/weight_mem/weight_banks_4_0_ext/Memory              |           | 4096x72                | 4096x72                |             |                         |             |                         |           |        |        |         |           |        |        |         |
|  qkvlinear/lw_inst/weight_mem/weight_banks_4_0_ext/Memory_reg_uram_0  | URAM288   |  A:A:4096x72           |  B:B:4096x72           |       Write |                    10.0 |        Read |                    10.0 |      NONE |      0 |      0 |         |      NONE |      0 |      0 |         |
| qkvlinear/lw_inst/weight_mem/weight_banks_4_1_ext/Memory              |           | 4096x72                | 4096x72                |             |                         |             |                         |           |        |        |         |           |        |        |         |
|  qkvlinear/lw_inst/weight_mem/weight_banks_4_1_ext/Memory_reg_uram_0  | URAM288   |  A:A:4096x72           |  B:B:4096x72           |       Write |                    10.0 |        Read |                    10.0 |      NONE |      0 |      0 |         |      NONE |      0 |      0 |         |
| qkvlinear/lw_inst/weight_mem/weight_banks_4_2_ext/Memory              |           | 4096x72                | 4096x72                |             |                         |             |                         |           |        |        |         |           |        |        |         |
|  qkvlinear/lw_inst/weight_mem/weight_banks_4_2_ext/Memory_reg_uram_0  | URAM288   |  A:A:4096x72           |  B:B:4096x72           |       Write |                    10.0 |        Read |                    10.0 |      NONE |      0 |      0 |         |      NONE |      0 |      0 |         |
| qkvlinear/lw_inst/weight_mem/weight_banks_4_3_ext/Memory              |           | 4096x72                | 4096x72                |             |                         |             |                         |           |        |        |         |           |        |        |         |
|  qkvlinear/lw_inst/weight_mem/weight_banks_4_3_ext/Memory_reg_uram_0  | URAM288   |  A:A:4096x72           |  B:B:4096x72           |       Write |                    10.0 |        Read |                    10.0 |      NONE |      0 |      0 |         |      NONE |      0 |      0 |         |
| qkvlinear/lw_inst/weight_mem/weight_banks_5_0_ext/Memory              |           | 4096x72                | 4096x72                |             |                         |             |                         |           |        |        |         |           |        |        |         |
|  qkvlinear/lw_inst/weight_mem/weight_banks_5_0_ext/Memory_reg_uram_0  | URAM288   |  A:A:4096x72           |  B:B:4096x72           |       Write |                    10.0 |        Read |                    10.0 |      NONE |      0 |      0 |         |      NONE |      0 |      0 |         |
| qkvlinear/lw_inst/weight_mem/weight_banks_5_1_ext/Memory              |           | 4096x72                | 4096x72                |             |                         |             |                         |           |        |        |         |           |        |        |         |
|  qkvlinear/lw_inst/weight_mem/weight_banks_5_1_ext/Memory_reg_uram_0  | URAM288   |  A:A:4096x72           |  B:B:4096x72           |       Write |                    10.0 |        Read |                    10.0 |      NONE |      0 |      0 |         |      NONE |      0 |      0 |         |
| qkvlinear/lw_inst/weight_mem/weight_banks_5_2_ext/Memory              |           | 4096x72                | 4096x72                |             |                         |             |                         |           |        |        |         |           |        |        |         |
|  qkvlinear/lw_inst/weight_mem/weight_banks_5_2_ext/Memory_reg_uram_0  | URAM288   |  A:A:4096x72           |  B:B:4096x72           |       Write |                    10.0 |        Read |                    10.0 |      NONE |      0 |      0 |         |      NONE |      0 |      0 |         |
| qkvlinear/lw_inst/weight_mem/weight_banks_5_3_ext/Memory              |           | 4096x72                | 4096x72                |             |                         |             |                         |           |        |        |         |           |        |        |         |
|  qkvlinear/lw_inst/weight_mem/weight_banks_5_3_ext/Memory_reg_uram_0  | URAM288   |  A:A:4096x72           |  B:B:4096x72           |       Write |                    10.0 |        Read |                    10.0 |      NONE |      0 |      0 |         |      NONE |      0 |      0 |         |
| qkvlinear/lw_inst/weight_mem/weight_banks_6_0_ext/Memory              |           | 4096x72                | 4096x72                |             |                         |             |                         |           |        |        |         |           |        |        |         |
|  qkvlinear/lw_inst/weight_mem/weight_banks_6_0_ext/Memory_reg_uram_0  | URAM288   |  A:A:4096x72           |  B:B:4096x72           |       Write |                    10.0 |        Read |                    10.0 |      NONE |      0 |      0 |         |      NONE |      0 |      0 |         |
| qkvlinear/lw_inst/weight_mem/weight_banks_6_1_ext/Memory              |           | 4096x72                | 4096x72                |             |                         |             |                         |           |        |        |         |           |        |        |         |
|  qkvlinear/lw_inst/weight_mem/weight_banks_6_1_ext/Memory_reg_uram_0  | URAM288   |  A:A:4096x72           |  B:B:4096x72           |       Write |                    10.0 |        Read |                    10.0 |      NONE |      0 |      0 |         |      NONE |      0 |      0 |         |
| qkvlinear/lw_inst/weight_mem/weight_banks_6_2_ext/Memory              |           | 4096x72                | 4096x72                |             |                         |             |                         |           |        |        |         |           |        |        |         |
|  qkvlinear/lw_inst/weight_mem/weight_banks_6_2_ext/Memory_reg_uram_0  | URAM288   |  A:A:4096x72           |  B:B:4096x72           |       Write |                    10.0 |        Read |                    10.0 |      NONE |      0 |      0 |         |      NONE |      0 |      0 |         |
| qkvlinear/lw_inst/weight_mem/weight_banks_6_3_ext/Memory              |           | 4096x72                | 4096x72                |             |                         |             |                         |           |        |        |         |           |        |        |         |
|  qkvlinear/lw_inst/weight_mem/weight_banks_6_3_ext/Memory_reg_uram_0  | URAM288   |  A:A:4096x72           |  B:B:4096x72           |       Write |                    10.0 |        Read |                    10.0 |      NONE |      0 |      0 |         |      NONE |      0 |      0 |         |
| qkvlinear/lw_inst/weight_mem/weight_banks_7_0_ext/Memory              |           | 4096x72                | 4096x72                |             |                         |             |                         |           |        |        |         |           |        |        |         |
|  qkvlinear/lw_inst/weight_mem/weight_banks_7_0_ext/Memory_reg_uram_0  | URAM288   |  A:A:4096x72           |  B:B:4096x72           |       Write |                    10.0 |        Read |                    10.0 |      NONE |      0 |      0 |         |      NONE |      0 |      0 |         |
| qkvlinear/lw_inst/weight_mem/weight_banks_7_1_ext/Memory              |           | 4096x72                | 4096x72                |             |                         |             |                         |           |        |        |         |           |        |        |         |
|  qkvlinear/lw_inst/weight_mem/weight_banks_7_1_ext/Memory_reg_uram_0  | URAM288   |  A:A:4096x72           |  B:B:4096x72           |       Write |                    10.0 |        Read |                    10.0 |      NONE |      0 |      0 |         |      NONE |      0 |      0 |         |
| qkvlinear/lw_inst/weight_mem/weight_banks_7_2_ext/Memory              |           | 4096x72                | 4096x72                |             |                         |             |                         |           |        |        |         |           |        |        |         |
|  qkvlinear/lw_inst/weight_mem/weight_banks_7_2_ext/Memory_reg_uram_0  | URAM288   |  A:A:4096x72           |  B:B:4096x72           |       Write |                    10.0 |        Read |                    10.0 |      NONE |      0 |      0 |         |      NONE |      0 |      0 |         |
| qkvlinear/lw_inst/weight_mem/weight_banks_7_3_ext/Memory              |           | 4096x72                | 4096x72                |             |                         |             |                         |           |        |        |         |           |        |        |         |
|  qkvlinear/lw_inst/weight_mem/weight_banks_7_3_ext/Memory_reg_uram_0  | URAM288   |  A:A:4096x72           |  B:B:4096x72           |       Write |                    10.0 |        Read |                    10.0 |      NONE |      0 |      0 |         |      NONE |      0 |      0 |         |
| qkvlinear/lw_inst/weight_mem/weight_banks_8_0_ext/Memory              |           | 4096x72                | 4096x72                |             |                         |             |                         |           |        |        |         |           |        |        |         |
|  qkvlinear/lw_inst/weight_mem/weight_banks_8_0_ext/Memory_reg_uram_0  | URAM288   |  A:A:4096x72           |  B:B:4096x72           |       Write |                    10.0 |        Read |                    10.0 |      NONE |      0 |      0 |         |      NONE |      0 |      0 |         |
| qkvlinear/lw_inst/weight_mem/weight_banks_8_1_ext/Memory              |           | 4096x72                | 4096x72                |             |                         |             |                         |           |        |        |         |           |        |        |         |
|  qkvlinear/lw_inst/weight_mem/weight_banks_8_1_ext/Memory_reg_uram_0  | URAM288   |  A:A:4096x72           |  B:B:4096x72           |       Write |                    10.0 |        Read |                    10.0 |      NONE |      0 |      0 |         |      NONE |      0 |      0 |         |
| qkvlinear/lw_inst/weight_mem/weight_banks_8_2_ext/Memory              |           | 4096x72                | 4096x72                |             |                         |             |                         |           |        |        |         |           |        |        |         |
|  qkvlinear/lw_inst/weight_mem/weight_banks_8_2_ext/Memory_reg_uram_0  | URAM288   |  A:A:4096x72           |  B:B:4096x72           |       Write |                    10.0 |        Read |                    10.0 |      NONE |      0 |      0 |         |      NONE |      0 |      0 |         |
| qkvlinear/lw_inst/weight_mem/weight_banks_8_3_ext/Memory              |           | 4096x72                | 4096x72                |             |                         |             |                         |           |        |        |         |           |        |        |         |
|  qkvlinear/lw_inst/weight_mem/weight_banks_8_3_ext/Memory_reg_uram_0  | URAM288   |  A:A:4096x72           |  B:B:4096x72           |       Write |                    10.0 |        Read |                    10.0 |      NONE |      0 |      0 |         |      NONE |      0 |      0 |         |
| qkvlinear/lw_inst/weight_mem/weight_banks_9_0_ext/Memory              |           | 4096x72                | 4096x72                |             |                         |             |                         |           |        |        |         |           |        |        |         |
|  qkvlinear/lw_inst/weight_mem/weight_banks_9_0_ext/Memory_reg_uram_0  | URAM288   |  A:A:4096x72           |  B:B:4096x72           |       Write |                    10.0 |        Read |                    10.0 |      NONE |      0 |      0 |         |      NONE |      0 |      0 |         |
| qkvlinear/lw_inst/weight_mem/weight_banks_9_1_ext/Memory              |           | 4096x72                | 4096x72                |             |                         |             |                         |           |        |        |         |           |        |        |         |
|  qkvlinear/lw_inst/weight_mem/weight_banks_9_1_ext/Memory_reg_uram_0  | URAM288   |  A:A:4096x72           |  B:B:4096x72           |       Write |                    10.0 |        Read |                    10.0 |      NONE |      0 |      0 |         |      NONE |      0 |      0 |         |
| qkvlinear/lw_inst/weight_mem/weight_banks_9_2_ext/Memory              |           | 4096x72                | 4096x72                |             |                         |             |                         |           |        |        |         |           |        |        |         |
|  qkvlinear/lw_inst/weight_mem/weight_banks_9_2_ext/Memory_reg_uram_0  | URAM288   |  A:A:4096x72           |  B:B:4096x72           |       Write |                    10.0 |        Read |                    10.0 |      NONE |      0 |      0 |         |      NONE |      0 |      0 |         |
| qkvlinear/lw_inst/weight_mem/weight_banks_9_3_ext/Memory              |           | 4096x72                | 4096x72                |             |                         |             |                         |           |        |        |         |           |        |        |         |
|  qkvlinear/lw_inst/weight_mem/weight_banks_9_3_ext/Memory_reg_uram_0  | URAM288   |  A:A:4096x72           |  B:B:4096x72           |       Write |                    10.0 |        Read |                    10.0 |      NONE |      0 |      0 |         |      NONE |      0 |      0 |         |
| ffndown/mem_inst/mem0_ext/Memory                                      |           | 6144x32                | 5461x36                |             |                         |             |                         |           |        |        |         |           |        |        |         |
|  ffndown/mem_inst/mem0_ext/Memory_reg_bram_0                          | RAMB36E2  |  A:A:1024x32           |  B:B:1024x36           |       Write |                    10.0 |        Read |                    10.0 |      NONE |        |        |       0 |     FIRST |        |        |       0 |
|  ffndown/mem_inst/mem0_ext/Memory_reg_bram_1                          | RAMB36E2  |  A:A:1024x32           |  B:B:1024x36           |       Write |                    10.0 |        Read |                    10.0 |      NONE |        |        |       0 |      LAST |        |        |       0 |
|  ffndown/mem_inst/mem0_ext/Memory_reg_bram_2                          | RAMB36E2  |  A:A:1024x31           |  B:B:1024x36           |       Write |                    10.0 |        Read |                    10.0 |      NONE |        |        |       0 |     FIRST |        |        |       0 |
|  ffndown/mem_inst/mem0_ext/Memory_reg_bram_3                          | RAMB36E2  |  A:A:1024x31           |  B:B:1024x36           |       Write |                    10.0 |        Read |                    10.0 |      NONE |        |        |       0 |      LAST |        |        |       0 |
|  ffndown/mem_inst/mem0_ext/Memory_reg_bram_4                          | RAMB36E2  |  A:A:2048x16           |  B:B:2048x18           |       Write |                    10.0 |        Read |                    10.0 |      NONE |        |        |       0 |      NONE |        |        |       0 |
|  ffndown/mem_inst/mem0_ext/Memory_reg_bram_5                          | RAMB18E2  |  A:A:2048x5            |  B:B:2048x6            |       Write |                    10.0 |        Read |                    10.0 |      NONE |        |        |       0 |      NONE |        |        |       0 |
| ffndown/mem_inst/mem1_ext/Memory                                      |           | 6144x32                | 5461x36                |             |                         |             |                         |           |        |        |         |           |        |        |         |
|  ffndown/mem_inst/mem1_ext/Memory_reg_bram_0                          | RAMB36E2  |  A:A:1024x32           |  B:B:1024x36           |       Write |                    10.0 |        Read |                    10.0 |      NONE |        |        |       0 |     FIRST |        |        |       0 |
|  ffndown/mem_inst/mem1_ext/Memory_reg_bram_1                          | RAMB36E2  |  A:A:1024x32           |  B:B:1024x36           |       Write |                    10.0 |        Read |                    10.0 |      NONE |        |        |       0 |      LAST |        |        |       0 |
|  ffndown/mem_inst/mem1_ext/Memory_reg_bram_2                          | RAMB36E2  |  A:A:1024x31           |  B:B:1024x36           |       Write |                    10.0 |        Read |                    10.0 |      NONE |        |        |       0 |     FIRST |        |        |       0 |
|  ffndown/mem_inst/mem1_ext/Memory_reg_bram_3                          | RAMB36E2  |  A:A:1024x31           |  B:B:1024x36           |       Write |                    10.0 |        Read |                    10.0 |      NONE |        |        |       0 |      LAST |        |        |       0 |
|  ffndown/mem_inst/mem1_ext/Memory_reg_bram_4                          | RAMB36E2  |  A:A:2048x16           |  B:B:2048x18           |       Write |                    10.0 |        Read |                    10.0 |      NONE |        |        |       0 |      NONE |        |        |       0 |
|  ffndown/mem_inst/mem1_ext/Memory_reg_bram_5                          | RAMB18E2  |  A:A:2048x5            |  B:B:2048x6            |       Write |                    10.0 |        Read |                    10.0 |      NONE |        |        |       0 |      NONE |        |        |       0 |
| ffnup/mem_inst/mem0_ext/Memory                                        |           | 5461x36                | 5461x36                |             |                         |             |                         |           |        |        |         |           |        |        |         |
|  ffnup/mem_inst/mem0_ext/Memory_reg_bram_0                            | RAMB36E2  |  A:A:1024x36           |  B:B:1024x36           |       Write |                    10.0 |        Read |                    10.0 |      NONE |        |        |       0 |     FIRST |        |        |       0 |
|  ffnup/mem_inst/mem0_ext/Memory_reg_bram_1                            | RAMB36E2  |  A:A:1024x36           |  B:B:1024x36           |       Write |                    10.0 |        Read |                    10.0 |      NONE |        |        |       0 |      LAST |        |        |       0 |
|  ffnup/mem_inst/mem0_ext/Memory_reg_bram_2                            | RAMB36E2  |  A:A:1024x36           |  B:B:1024x36           |       Write |                    10.0 |        Read |                    10.0 |      NONE |        |        |       0 |     FIRST |        |        |       0 |
|  ffnup/mem_inst/mem0_ext/Memory_reg_bram_3                            | RAMB36E2  |  A:A:1024x36           |  B:B:1024x36           |       Write |                    10.0 |        Read |                    10.0 |      NONE |        |        |       0 |      LAST |        |        |       0 |
|  ffnup/mem_inst/mem0_ext/Memory_reg_bram_4                            | RAMB36E2  |  A:A:2048x18           |  B:B:2048x18           |       Write |                    10.0 |        Read |                    10.0 |      NONE |        |        |       0 |      NONE |        |        |       0 |
|  ffnup/mem_inst/mem0_ext/Memory_reg_bram_5                            | RAMB18E2  |  A:A:2048x6            |  B:B:2048x6            |       Write |                    10.0 |        Read |                    10.0 |      NONE |        |        |       0 |      NONE |        |        |       0 |
| ffnup/mem_inst/mem1_ext/Memory                                        |           | 5461x36                | 5461x36                |             |                         |             |                         |           |        |        |         |           |        |        |         |
|  ffnup/mem_inst/mem1_ext/Memory_reg_bram_0                            | RAMB36E2  |  A:A:1024x36           |  B:B:1024x36           |       Write |                    10.0 |        Read |                    10.0 |      NONE |        |        |       0 |     FIRST |        |        |       0 |
|  ffnup/mem_inst/mem1_ext/Memory_reg_bram_1                            | RAMB36E2  |  A:A:1024x36           |  B:B:1024x36           |       Write |                    10.0 |        Read |                    10.0 |      NONE |        |        |       0 |      LAST |        |        |       0 |
|  ffnup/mem_inst/mem1_ext/Memory_reg_bram_2                            | RAMB36E2  |  A:A:1024x36           |  B:B:1024x36           |       Write |                    10.0 |        Read |                    10.0 |      NONE |        |        |       0 |     FIRST |        |        |       0 |
|  ffnup/mem_inst/mem1_ext/Memory_reg_bram_3                            | RAMB36E2  |  A:A:1024x36           |  B:B:1024x36           |       Write |                    10.0 |        Read |                    10.0 |      NONE |        |        |       0 |      LAST |        |        |       0 |
|  ffnup/mem_inst/mem1_ext/Memory_reg_bram_4                            | RAMB36E2  |  A:A:2048x18           |  B:B:2048x18           |       Write |                    10.0 |        Read |                    10.0 |      NONE |        |        |       0 |      NONE |        |        |       0 |
|  ffnup/mem_inst/mem1_ext/Memory_reg_bram_5                            | RAMB18E2  |  A:A:2048x6            |  B:B:2048x6            |       Write |                    10.0 |        Read |                    10.0 |      NONE |        |        |       0 |      NONE |        |        |       0 |
| outlinear/mem_inst/mem0_ext/Memory                                    |           | 5461x36                | 5461x36                |             |                         |             |                         |           |        |        |         |           |        |        |         |
|  outlinear/mem_inst/mem0_ext/Memory_reg_bram_0                        | RAMB36E2  |  A:A:1024x36           |  B:B:1024x36           |       Write |                    10.0 |        Read |                    10.0 |      NONE |        |        |       0 |     FIRST |        |        |       0 |
|  outlinear/mem_inst/mem0_ext/Memory_reg_bram_1                        | RAMB36E2  |  A:A:1024x36           |  B:B:1024x36           |       Write |                    10.0 |        Read |                    10.0 |      NONE |        |        |       0 |      LAST |        |        |       0 |
|  outlinear/mem_inst/mem0_ext/Memory_reg_bram_2                        | RAMB36E2  |  A:A:1024x36           |  B:B:1024x36           |       Write |                    10.0 |        Read |                    10.0 |      NONE |        |        |       0 |     FIRST |        |        |       0 |
|  outlinear/mem_inst/mem0_ext/Memory_reg_bram_3                        | RAMB36E2  |  A:A:1024x36           |  B:B:1024x36           |       Write |                    10.0 |        Read |                    10.0 |      NONE |        |        |       0 |      LAST |        |        |       0 |
|  outlinear/mem_inst/mem0_ext/Memory_reg_bram_4                        | RAMB36E2  |  A:A:2048x18           |  B:B:2048x18           |       Write |                    10.0 |        Read |                    10.0 |      NONE |        |        |       0 |      NONE |        |        |       0 |
|  outlinear/mem_inst/mem0_ext/Memory_reg_bram_5                        | RAMB18E2  |  A:A:2048x6            |  B:B:2048x6            |       Write |                    10.0 |        Read |                    10.0 |      NONE |        |        |       0 |      NONE |        |        |       0 |
| outlinear/mem_inst/mem1_ext/Memory                                    |           | 5461x36                | 5461x36                |             |                         |             |                         |           |        |        |         |           |        |        |         |
|  outlinear/mem_inst/mem1_ext/Memory_reg_bram_0                        | RAMB36E2  |  A:A:1024x36           |  B:B:1024x36           |       Write |                    10.0 |        Read |                    10.0 |      NONE |        |        |       0 |     FIRST |        |        |       0 |
|  outlinear/mem_inst/mem1_ext/Memory_reg_bram_1                        | RAMB36E2  |  A:A:1024x36           |  B:B:1024x36           |       Write |                    10.0 |        Read |                    10.0 |      NONE |        |        |       0 |      LAST |        |        |       0 |
|  outlinear/mem_inst/mem1_ext/Memory_reg_bram_2                        | RAMB36E2  |  A:A:1024x36           |  B:B:1024x36           |       Write |                    10.0 |        Read |                    10.0 |      NONE |        |        |       0 |     FIRST |        |        |       0 |
|  outlinear/mem_inst/mem1_ext/Memory_reg_bram_3                        | RAMB36E2  |  A:A:1024x36           |  B:B:1024x36           |       Write |                    10.0 |        Read |                    10.0 |      NONE |        |        |       0 |      LAST |        |        |       0 |
|  outlinear/mem_inst/mem1_ext/Memory_reg_bram_4                        | RAMB36E2  |  A:A:2048x18           |  B:B:2048x18           |       Write |                    10.0 |        Read |                    10.0 |      NONE |        |        |       0 |      NONE |        |        |       0 |
|  outlinear/mem_inst/mem1_ext/Memory_reg_bram_5                        | RAMB18E2  |  A:A:2048x6            |  B:B:2048x6            |       Write |                    10.0 |        Read |                    10.0 |      NONE |        |        |       0 |      NONE |        |        |       0 |
| qkvlinear/mem_inst/mem0_ext/Memory                                    |           | 5461x36                | 5461x36                |             |                         |             |                         |           |        |        |         |           |        |        |         |
|  qkvlinear/mem_inst/mem0_ext/Memory_reg_bram_0                        | RAMB36E2  |  A:A:1024x36           |  B:B:1024x36           |       Write |                    10.0 |        Read |                    10.0 |      NONE |        |        |       0 |     FIRST |        |        |       0 |
|  qkvlinear/mem_inst/mem0_ext/Memory_reg_bram_1                        | RAMB36E2  |  A:A:1024x36           |  B:B:1024x36           |       Write |                    10.0 |        Read |                    10.0 |      NONE |        |        |       0 |      LAST |        |        |       0 |
|  qkvlinear/mem_inst/mem0_ext/Memory_reg_bram_2                        | RAMB36E2  |  A:A:1024x36           |  B:B:1024x36           |       Write |                    10.0 |        Read |                    10.0 |      NONE |        |        |       0 |     FIRST |        |        |       0 |
|  qkvlinear/mem_inst/mem0_ext/Memory_reg_bram_3                        | RAMB36E2  |  A:A:1024x36           |  B:B:1024x36           |       Write |                    10.0 |        Read |                    10.0 |      NONE |        |        |       0 |      LAST |        |        |       0 |
|  qkvlinear/mem_inst/mem0_ext/Memory_reg_bram_4                        | RAMB36E2  |  A:A:2048x18           |  B:B:2048x18           |       Write |                    10.0 |        Read |                    10.0 |      NONE |        |        |       0 |      NONE |        |        |       0 |
|  qkvlinear/mem_inst/mem0_ext/Memory_reg_bram_5                        | RAMB18E2  |  A:A:2048x6            |  B:B:2048x6            |       Write |                    10.0 |        Read |                    10.0 |      NONE |        |        |       0 |      NONE |        |        |       0 |
| qkvlinear/mem_inst/mem1_ext/Memory                                    |           | 5461x36                | 5461x36                |             |                         |             |                         |           |        |        |         |           |        |        |         |
|  qkvlinear/mem_inst/mem1_ext/Memory_reg_bram_0                        | RAMB36E2  |  A:A:1024x36           |  B:B:1024x36           |       Write |                    10.0 |        Read |                    10.0 |      NONE |        |        |       0 |     FIRST |        |        |       0 |
|  qkvlinear/mem_inst/mem1_ext/Memory_reg_bram_1                        | RAMB36E2  |  A:A:1024x36           |  B:B:1024x36           |       Write |                    10.0 |        Read |                    10.0 |      NONE |        |        |       0 |      LAST |        |        |       0 |
|  qkvlinear/mem_inst/mem1_ext/Memory_reg_bram_2                        | RAMB36E2  |  A:A:1024x36           |  B:B:1024x36           |       Write |                    10.0 |        Read |                    10.0 |      NONE |        |        |       0 |     FIRST |        |        |       0 |
|  qkvlinear/mem_inst/mem1_ext/Memory_reg_bram_3                        | RAMB36E2  |  A:A:1024x36           |  B:B:1024x36           |       Write |                    10.0 |        Read |                    10.0 |      NONE |        |        |       0 |      LAST |        |        |       0 |
|  qkvlinear/mem_inst/mem1_ext/Memory_reg_bram_4                        | RAMB36E2  |  A:A:2048x18           |  B:B:2048x18           |       Write |                    10.0 |        Read |                    10.0 |      NONE |        |        |       0 |      NONE |        |        |       0 |
|  qkvlinear/mem_inst/mem1_ext/Memory_reg_bram_5                        | RAMB18E2  |  A:A:2048x6            |  B:B:2048x6            |       Write |                    10.0 |        Read |                    10.0 |      NONE |        |        |       0 |      NONE |        |        |       0 |
| atten/dm1/mem_inst/mem/mem_ext/Memory                                 |           | 3640x18                | 3640x18                |             |                         |             |                         |           |        |        |         |           |        |        |         |
|  atten/dm1/mem_inst/mem/mem_ext/Memory_reg_bram_0                     | RAMB36E2  |  A:A:2048x18           |  B:B:2048x18           |       Write |                    10.0 |        Read |                    10.0 |      NONE |        |        |       0 |      NONE |        |        |       0 |
|  atten/dm1/mem_inst/mem/mem_ext/Memory_reg_bram_1                     | RAMB36E2  |  A:A:2048x14           |  B:B:2048x14           |       Write |                    10.0 |        Read |                    10.0 |      NONE |        |        |       0 |      NONE |        |        |       0 |
| atten/dm2/vmemInst/mem/mem_ext/Memory                                 |           | 910x36                 | 910x36                 |             |                         |             |                         |           |        |        |         |           |        |        |         |
|  atten/dm2/vmemInst/mem/mem_ext/Memory_reg_0                          | RAMB36E2  |  B:B:64x72             |  A:A:64x72             |        Read |                    10.0 |       Write |                    10.0 |      NONE |        |        |       0 |      NONE |        |        |       0 |
|  atten/dm2/vmemInst/mem/mem_ext/Memory_reg_1                          | RAMB36E2  |  B:B:64x72             |  A:A:64x72             |        Read |                    10.0 |       Write |                    10.0 |      NONE |        |        |       0 |      NONE |        |        |       0 |
|  atten/dm2/vmemInst/mem/mem_ext/Memory_reg_2                          | RAMB36E2  |  B:B:64x72             |  A:A:64x72             |        Read |                    10.0 |       Write |                    10.0 |      NONE |        |        |       0 |      NONE |        |        |       0 |
|  atten/dm2/vmemInst/mem/mem_ext/Memory_reg_3                          | RAMB36E2  |  B:B:64x72             |  A:A:64x72             |        Read |                    10.0 |       Write |                    10.0 |      NONE |        |        |       0 |      NONE |        |        |       0 |
|  atten/dm2/vmemInst/mem/mem_ext/Memory_reg_4                          | RAMB36E2  |  B:B:64x72             |  A:A:64x72             |        Read |                    10.0 |       Write |                    10.0 |      NONE |        |        |       0 |      NONE |        |        |       0 |
|  atten/dm2/vmemInst/mem/mem_ext/Memory_reg_5                          | RAMB36E2  |  B:B:64x72             |  A:A:64x72             |        Read |                    10.0 |       Write |                    10.0 |      NONE |        |        |       0 |      NONE |        |        |       0 |
|  atten/dm2/vmemInst/mem/mem_ext/Memory_reg_6                          | RAMB36E2  |  B:B:64x72             |  A:A:64x72             |        Read |                    10.0 |       Write |                    10.0 |      NONE |        |        |       0 |      NONE |        |        |       0 |
|  atten/dm2/vmemInst/mem/mem_ext/Memory_reg_7                          | RAMB18E2  |                        |  A:A:64x8              |        Read |                    10.0 |             |                         |      NONE |        |        |       0 |           |        |        |         |
| atten/vcache/mem_inst/mem_list_0/mem_ext/Memory                       |           | 1024x16                | 1024x16                |             |                         |             |                         |           |        |        |         |           |        |        |         |
|  atten/vcache/mem_inst/mem_list_0/mem_ext/Memory_reg_bram_0           | RAMB18E2  |  A:A:1024x16           |  B:B:1024x16           |       Write |                    10.0 |        Read |                    10.0 |      NONE |        |        |       0 |      NONE |        |        |       0 |
| atten/vcache/mem_inst/mem_list_1/mem_ext/Memory                       |           | 1024x16                | 1024x16                |             |                         |             |                         |           |        |        |         |           |        |        |         |
|  atten/vcache/mem_inst/mem_list_1/mem_ext/Memory_reg_bram_0           | RAMB18E2  |  A:A:1024x16           |  B:B:1024x16           |       Write |                    10.0 |        Read |                    10.0 |      NONE |        |        |       0 |      NONE |        |        |       0 |
| atten/vcache/mem_inst/mem_list_2/mem_ext/Memory                       |           | 1024x16                | 1024x16                |             |                         |             |                         |           |        |        |         |           |        |        |         |
|  atten/vcache/mem_inst/mem_list_2/mem_ext/Memory_reg_bram_0           | RAMB18E2  |  A:A:1024x16           |  B:B:1024x16           |       Write |                    10.0 |        Read |                    10.0 |      NONE |        |        |       0 |      NONE |        |        |       0 |
| atten/dm2/ctxmemInst/mem/mem_ext/Memory                               |           | 369x36                 | 369x36                 |             |                         |             |                         |           |        |        |         |           |        |        |         |
|  atten/dm2/ctxmemInst/mem/mem_ext/Memory_reg_0                        | RAMB36E2  |  B:B:64x72             |  A:A:64x72             |        Read |                    10.0 |       Write |                    10.0 |      NONE |        |        |       0 |      NONE |        |        |       0 |
|  atten/dm2/ctxmemInst/mem/mem_ext/Memory_reg_1                        | RAMB36E2  |  B:B:64x72             |  A:A:64x72             |        Read |                    10.0 |       Write |                    10.0 |      NONE |        |        |       0 |      NONE |        |        |       0 |
|  atten/dm2/ctxmemInst/mem/mem_ext/Memory_reg_2                        | RAMB36E2  |  B:B:64x64             |  A:A:64x64             |        Read |                    10.0 |       Write |                    10.0 |      NONE |        |        |       0 |      NONE |        |        |       0 |
+-----------------------------------------------------------------------+-----------+------------------------+------------------------+-------------+-------------------------+-------------+-------------------------+-----------+--------+--------+---------+-----------+--------+--------+---------+


5. Block Ram / URAM Memory Power - Inferred
-------------------------------------------

+-----------------------------------------------------------------------+-----------+------------------------+------------------------+--------------------+---------------+-------------------+-----------+--------------------+---------------+-------------------+-----------+
| Memory Name                                                           | Primitive | Port 1 Dimension / Map | Port 2 Dimension / Map | Port A Power Gated | Port A Enable | Port A WRITE_MODE | A Cascade | Port B Power Gated | Port B Enable | Port B WRITE_MODE | B Cascade |
+-----------------------------------------------------------------------+-----------+------------------------+------------------------+--------------------+---------------+-------------------+-----------+--------------------+---------------+-------------------+-----------+
| atten/softmax/memInst/mem/mem_ext/Memory                              |           | 47331x72               | 47331x72               |                    |               |                   |           |                    |               |                   |           |
|  atten/softmax/memInst/mem/mem_ext/Memory_reg_uram_0                  | URAM288   |  A:A:64x72             |  B:B:64x72             |                    |         POWER |                   |      NONE |                    |         POWER |                   |      NONE |
|  atten/softmax/memInst/mem/mem_ext/Memory_reg_uram_1                  | URAM288   |  A:A:64x72             |  B:B:64x72             |                    |         POWER |                   |      NONE |                    |         POWER |                   |      NONE |
|  atten/softmax/memInst/mem/mem_ext/Memory_reg_uram_2                  | URAM288   |  A:A:64x72             |  B:B:64x72             |                    |         POWER |                   |      NONE |                    |         POWER |                   |      NONE |
|  atten/softmax/memInst/mem/mem_ext/Memory_reg_uram_3                  | URAM288   |  A:A:64x72             |  B:B:64x72             |                    |         POWER |                   |      NONE |                    |         POWER |                   |      NONE |
|  atten/softmax/memInst/mem/mem_ext/Memory_reg_uram_4                  | URAM288   |  A:A:64x72             |  B:B:64x72             |                    |         POWER |                   |      NONE |                    |         POWER |                   |      NONE |
|  atten/softmax/memInst/mem/mem_ext/Memory_reg_uram_5                  | URAM288   |  A:A:64x72             |  B:B:64x72             |                    |         POWER |                   |      NONE |                    |         POWER |                   |      NONE |
|  atten/softmax/memInst/mem/mem_ext/Memory_reg_uram_6                  | URAM288   |  A:A:64x72             |  B:B:64x72             |                    |         POWER |                   |      NONE |                    |         POWER |                   |      NONE |
|  atten/softmax/memInst/mem/mem_ext/Memory_reg_uram_7                  | URAM288   |  A:A:64x72             |  B:B:64x72             |                    |         POWER |                   |      NONE |                    |         POWER |                   |      NONE |
|  atten/softmax/memInst/mem/mem_ext/Memory_reg_uram_8                  | URAM288   |  A:A:64x72             |  B:B:64x72             |                    |         POWER |                   |      NONE |                    |         POWER |                   |      NONE |
|  atten/softmax/memInst/mem/mem_ext/Memory_reg_uram_9                  | URAM288   |  A:A:64x72             |  B:B:64x72             |                    |         POWER |                   |      NONE |                    |         POWER |                   |      NONE |
|  atten/softmax/memInst/mem/mem_ext/Memory_reg_uram_10                 | URAM288   |  A:A:64x72             |  B:B:64x72             |                    |         POWER |                   |      NONE |                    |         POWER |                   |      NONE |
|  atten/softmax/memInst/mem/mem_ext/Memory_reg_uram_11                 | URAM288   |  A:A:64x40             |  B:B:64x40             |                    |         POWER |                   |      NONE |                    |         POWER |                   |      NONE |
| atten/dm2/dmInst/vCache/mem_ext/Memory                                |           | 23665x72               | 23665x72               |                    |               |                   |           |                    |               |                   |           |
|  atten/dm2/dmInst/vCache/mem_ext/Memory_reg_uram_0                    | URAM288   |  A:A:3328x72           |  B:B:3328x72           |                    |         POWER |                   |      NONE |                    |         POWER |                   |      NONE |
|  atten/dm2/dmInst/vCache/mem_ext/Memory_reg_uram_1                    | URAM288   |  A:A:3328x72           |  B:B:3328x72           |                    |         POWER |                   |      NONE |                    |         POWER |                   |      NONE |
|  atten/dm2/dmInst/vCache/mem_ext/Memory_reg_uram_2                    | URAM288   |  A:A:3328x72           |  B:B:3328x72           |                    |         POWER |                   |      NONE |                    |         POWER |                   |      NONE |
|  atten/dm2/dmInst/vCache/mem_ext/Memory_reg_uram_3                    | URAM288   |  A:A:3328x72           |  B:B:3328x72           |                    |         POWER |                   |      NONE |                    |         POWER |                   |      NONE |
|  atten/dm2/dmInst/vCache/mem_ext/Memory_reg_uram_4                    | URAM288   |  A:A:3328x72           |  B:B:3328x72           |                    |         POWER |                   |      NONE |                    |         POWER |                   |      NONE |
|  atten/dm2/dmInst/vCache/mem_ext/Memory_reg_uram_5                    | URAM288   |  A:A:3328x72           |  B:B:3328x72           |                    |         POWER |                   |      NONE |                    |         POWER |                   |      NONE |
|  atten/dm2/dmInst/vCache/mem_ext/Memory_reg_uram_6                    | URAM288   |  A:A:3328x72           |  B:B:3328x72           |                    |         POWER |                   |      NONE |                    |         POWER |                   |      NONE |
|  atten/dm2/dmInst/vCache/mem_ext/Memory_reg_uram_7                    | URAM288   |  A:A:3328x8            |  B:B:3328x8            |                    |         POWER |                   |      NONE |                    |         POWER |                   |      NONE |
| layernorm/inputMem_ext/Memory                                         |           | 21845x36               | 21845x36               |                    |               |                   |           |                    |               |                   |           |
|  layernorm/inputMem_ext/Memory_reg_1_bram_0                           | RAMB36E2  |  A:A:64x36             |  B:B:1024x36           |                    |        SIGNAL |        READ_FIRST |      NONE |                    |        SIGNAL |       WRITE_FIRST |     FIRST |
|  layernorm/inputMem_ext/Memory_reg_1_bram_1                           | RAMB36E2  |  A:A:64x36             |  B:B:1024x36           |                    |        GROUND |        READ_FIRST |      NONE |                    |        SIGNAL |       WRITE_FIRST |      LAST |
|  layernorm/inputMem_ext/Memory_reg_1_bram_2                           | RAMB36E2  |  A:A:64x36             |  B:B:1024x36           |                    |        SIGNAL |        READ_FIRST |      NONE |                    |        SIGNAL |       WRITE_FIRST |     FIRST |
|  layernorm/inputMem_ext/Memory_reg_1_bram_3                           | RAMB36E2  |  A:A:64x36             |  B:B:1024x36           |                    |        GROUND |        READ_FIRST |      NONE |                    |        SIGNAL |       WRITE_FIRST |      LAST |
|  layernorm/inputMem_ext/Memory_reg_1_bram_4                           | RAMB36E2  |  A:A:64x36             |  B:B:1024x36           |                    |        SIGNAL |        READ_FIRST |      NONE |                    |        SIGNAL |       WRITE_FIRST |     FIRST |
|  layernorm/inputMem_ext/Memory_reg_1_bram_5                           | RAMB36E2  |  A:A:64x36             |  B:B:1024x36           |                    |        GROUND |        READ_FIRST |      NONE |                    |        SIGNAL |       WRITE_FIRST |      LAST |
|  layernorm/inputMem_ext/Memory_reg_1_bram_6                           | RAMB36E2  |  A:A:64x36             |  B:B:1024x36           |                    |        SIGNAL |        READ_FIRST |      NONE |                    |        SIGNAL |       WRITE_FIRST |     FIRST |
|  layernorm/inputMem_ext/Memory_reg_1_bram_7                           | RAMB36E2  |  A:A:64x36             |  B:B:1024x36           |                    |        GROUND |        READ_FIRST |      NONE |                    |        SIGNAL |       WRITE_FIRST |      LAST |
|  layernorm/inputMem_ext/Memory_reg_1_bram_8                           | RAMB36E2  |  A:A:64x36             |  B:B:1024x36           |                    |        SIGNAL |        READ_FIRST |      NONE |                    |        SIGNAL |       WRITE_FIRST |     FIRST |
|  layernorm/inputMem_ext/Memory_reg_1_bram_9                           | RAMB36E2  |  A:A:64x36             |  B:B:1024x36           |                    |        GROUND |        READ_FIRST |      NONE |                    |        SIGNAL |       WRITE_FIRST |      LAST |
|  layernorm/inputMem_ext/Memory_reg_1_bram_10                          | RAMB36E2  |  A:A:64x36             |  B:B:1024x36           |                    |        SIGNAL |        READ_FIRST |      NONE |                    |        SIGNAL |       WRITE_FIRST |     FIRST |
|  layernorm/inputMem_ext/Memory_reg_1_bram_11                          | RAMB36E2  |  A:A:64x36             |  B:B:1024x36           |                    |        GROUND |        READ_FIRST |      NONE |                    |        SIGNAL |       WRITE_FIRST |      LAST |
|  layernorm/inputMem_ext/Memory_reg_1_bram_12                          | RAMB36E2  |  A:A:64x36             |  B:B:1024x36           |                    |        SIGNAL |        READ_FIRST |      NONE |                    |        SIGNAL |       WRITE_FIRST |     FIRST |
|  layernorm/inputMem_ext/Memory_reg_1_bram_13                          | RAMB36E2  |  A:A:64x36             |  B:B:1024x36           |                    |        GROUND |        READ_FIRST |      NONE |                    |        SIGNAL |       WRITE_FIRST |      LAST |
|  layernorm/inputMem_ext/Memory_reg_1_bram_14                          | RAMB36E2  |  A:A:64x36             |  B:B:1024x36           |                    |        SIGNAL |        READ_FIRST |      NONE |                    |        SIGNAL |       WRITE_FIRST |     FIRST |
|  layernorm/inputMem_ext/Memory_reg_1_bram_15                          | RAMB36E2  |  A:A:64x36             |  B:B:1024x36           |                    |        GROUND |        READ_FIRST |      NONE |                    |        SIGNAL |       WRITE_FIRST |      LAST |
|  layernorm/inputMem_ext/Memory_reg_1_bram_16                          | RAMB36E2  |  A:A:64x36             |  B:B:1024x36           |                    |        SIGNAL |        READ_FIRST |      NONE |                    |        SIGNAL |       WRITE_FIRST |     FIRST |
|  layernorm/inputMem_ext/Memory_reg_1_bram_17                          | RAMB36E2  |  A:A:64x36             |  B:B:1024x36           |                    |        GROUND |        READ_FIRST |      NONE |                    |        SIGNAL |       WRITE_FIRST |      LAST |
|  layernorm/inputMem_ext/Memory_reg_1_bram_18                          | RAMB36E2  |  A:A:64x36             |  B:B:1024x36           |                    |        SIGNAL |        READ_FIRST |      NONE |                    |        SIGNAL |       WRITE_FIRST |     FIRST |
|  layernorm/inputMem_ext/Memory_reg_1_bram_19                          | RAMB36E2  |  A:A:64x36             |  B:B:1024x36           |                    |        GROUND |        READ_FIRST |      NONE |                    |        SIGNAL |       WRITE_FIRST |      LAST |
|  layernorm/inputMem_ext/Memory_reg_1_bram_20                          | RAMB36E2  |  A:A:64x18             |  B:B:2048x18           |                    |         POWER |        READ_FIRST |      NONE |                    |         POWER |       WRITE_FIRST |      NONE |
|  layernorm/inputMem_ext/Memory_reg_1_bram_21                          | RAMB18E2  |  A:A:64x6              |  B:B:2048x6            |                    |         POWER |        READ_FIRST |      NONE |                    |         POWER |       WRITE_FIRST |      NONE |
|  layernorm/inputMem_ext/Memory_reg_2_bram_0                           | RAMB36E2  |  A:A:64x36             |  B:B:1024x36           |                    |        SIGNAL |        READ_FIRST |      NONE |                    |        SIGNAL |       WRITE_FIRST |     FIRST |
|  layernorm/inputMem_ext/Memory_reg_2_bram_1                           | RAMB36E2  |  A:A:64x36             |  B:B:1024x36           |                    |        GROUND |        READ_FIRST |      NONE |                    |        SIGNAL |       WRITE_FIRST |      LAST |
|  layernorm/inputMem_ext/Memory_reg_2_bram_2                           | RAMB36E2  |  A:A:64x36             |  B:B:1024x36           |                    |        SIGNAL |        READ_FIRST |      NONE |                    |        SIGNAL |       WRITE_FIRST |     FIRST |
|  layernorm/inputMem_ext/Memory_reg_2_bram_3                           | RAMB36E2  |  A:A:64x36             |  B:B:1024x36           |                    |        GROUND |        READ_FIRST |      NONE |                    |        SIGNAL |       WRITE_FIRST |      LAST |
|  layernorm/inputMem_ext/Memory_reg_2_bram_4                           | RAMB36E2  |  A:A:64x36             |  B:B:1024x36           |                    |        SIGNAL |        READ_FIRST |      NONE |                    |        SIGNAL |       WRITE_FIRST |     FIRST |
|  layernorm/inputMem_ext/Memory_reg_2_bram_5                           | RAMB36E2  |  A:A:64x36             |  B:B:1024x36           |                    |        GROUND |        READ_FIRST |      NONE |                    |        SIGNAL |       WRITE_FIRST |      LAST |
|  layernorm/inputMem_ext/Memory_reg_2_bram_6                           | RAMB36E2  |  A:A:64x36             |  B:B:1024x36           |                    |        SIGNAL |        READ_FIRST |      NONE |                    |        SIGNAL |       WRITE_FIRST |     FIRST |
|  layernorm/inputMem_ext/Memory_reg_2_bram_7                           | RAMB36E2  |  A:A:64x36             |  B:B:1024x36           |                    |        GROUND |        READ_FIRST |      NONE |                    |        SIGNAL |       WRITE_FIRST |      LAST |
|  layernorm/inputMem_ext/Memory_reg_2_bram_8                           | RAMB36E2  |  A:A:64x36             |  B:B:1024x36           |                    |        SIGNAL |        READ_FIRST |      NONE |                    |        SIGNAL |       WRITE_FIRST |     FIRST |
|  layernorm/inputMem_ext/Memory_reg_2_bram_9                           | RAMB36E2  |  A:A:64x36             |  B:B:1024x36           |                    |        GROUND |        READ_FIRST |      NONE |                    |        SIGNAL |       WRITE_FIRST |      LAST |
|  layernorm/inputMem_ext/Memory_reg_2_bram_10                          | RAMB36E2  |  A:A:64x36             |  B:B:1024x36           |                    |        SIGNAL |        READ_FIRST |      NONE |                    |        SIGNAL |       WRITE_FIRST |     FIRST |
|  layernorm/inputMem_ext/Memory_reg_2_bram_11                          | RAMB36E2  |  A:A:64x36             |  B:B:1024x36           |                    |        GROUND |        READ_FIRST |      NONE |                    |        SIGNAL |       WRITE_FIRST |      LAST |
|  layernorm/inputMem_ext/Memory_reg_2_bram_12                          | RAMB36E2  |  A:A:64x36             |  B:B:1024x36           |                    |        SIGNAL |        READ_FIRST |      NONE |                    |        SIGNAL |       WRITE_FIRST |     FIRST |
|  layernorm/inputMem_ext/Memory_reg_2_bram_13                          | RAMB36E2  |  A:A:64x36             |  B:B:1024x36           |                    |        GROUND |        READ_FIRST |      NONE |                    |        SIGNAL |       WRITE_FIRST |      LAST |
|  layernorm/inputMem_ext/Memory_reg_2_bram_14                          | RAMB36E2  |  A:A:64x36             |  B:B:1024x36           |                    |        SIGNAL |        READ_FIRST |      NONE |                    |        SIGNAL |       WRITE_FIRST |     FIRST |
|  layernorm/inputMem_ext/Memory_reg_2_bram_15                          | RAMB36E2  |  A:A:64x36             |  B:B:1024x36           |                    |        GROUND |        READ_FIRST |      NONE |                    |        SIGNAL |       WRITE_FIRST |      LAST |
|  layernorm/inputMem_ext/Memory_reg_2_bram_16                          | RAMB36E2  |  A:A:64x36             |  B:B:1024x36           |                    |        SIGNAL |        READ_FIRST |      NONE |                    |        SIGNAL |       WRITE_FIRST |     FIRST |
|  layernorm/inputMem_ext/Memory_reg_2_bram_17                          | RAMB36E2  |  A:A:64x36             |  B:B:1024x36           |                    |        GROUND |        READ_FIRST |      NONE |                    |        SIGNAL |       WRITE_FIRST |      LAST |
|  layernorm/inputMem_ext/Memory_reg_2_bram_18                          | RAMB36E2  |  A:A:64x36             |  B:B:1024x36           |                    |        SIGNAL |        READ_FIRST |      NONE |                    |        SIGNAL |       WRITE_FIRST |     FIRST |
|  layernorm/inputMem_ext/Memory_reg_2_bram_19                          | RAMB36E2  |  A:A:64x36             |  B:B:1024x36           |                    |        GROUND |        READ_FIRST |      NONE |                    |        SIGNAL |       WRITE_FIRST |      LAST |
| layernorm2/inputMem_ext/Memory                                        |           | 21845x36               | 21845x36               |                    |               |                   |           |                    |               |                   |           |
|  layernorm2/inputMem_ext/Memory_reg_1_bram_0                          | RAMB36E2  |  A:A:1024x36           |  B:B:1024x36           |                    |        SIGNAL |        READ_FIRST |      NONE |                    |        SIGNAL |       WRITE_FIRST |     FIRST |
|  layernorm2/inputMem_ext/Memory_reg_1_bram_1                          | RAMB36E2  |  A:A:1024x36           |  B:B:1024x36           |                    |        SIGNAL |        READ_FIRST |      NONE |                    |        SIGNAL |       WRITE_FIRST |      LAST |
|  layernorm2/inputMem_ext/Memory_reg_1_bram_2                          | RAMB36E2  |  A:A:1024x36           |  B:B:1024x36           |                    |        SIGNAL |        READ_FIRST |      NONE |                    |        SIGNAL |       WRITE_FIRST |     FIRST |
|  layernorm2/inputMem_ext/Memory_reg_1_bram_3                          | RAMB36E2  |  A:A:1024x36           |  B:B:1024x36           |                    |        SIGNAL |        READ_FIRST |      NONE |                    |        SIGNAL |       WRITE_FIRST |      LAST |
|  layernorm2/inputMem_ext/Memory_reg_1_bram_4                          | RAMB36E2  |  A:A:1024x36           |  B:B:1024x36           |                    |        SIGNAL |        READ_FIRST |      NONE |                    |        SIGNAL |       WRITE_FIRST |     FIRST |
|  layernorm2/inputMem_ext/Memory_reg_1_bram_5                          | RAMB36E2  |  A:A:1024x36           |  B:B:1024x36           |                    |        SIGNAL |        READ_FIRST |      NONE |                    |        SIGNAL |       WRITE_FIRST |      LAST |
|  layernorm2/inputMem_ext/Memory_reg_1_bram_6                          | RAMB36E2  |  A:A:1024x36           |  B:B:1024x36           |                    |        SIGNAL |        READ_FIRST |      NONE |                    |        SIGNAL |       WRITE_FIRST |     FIRST |
|  layernorm2/inputMem_ext/Memory_reg_1_bram_7                          | RAMB36E2  |  A:A:1024x36           |  B:B:1024x36           |                    |        SIGNAL |        READ_FIRST |      NONE |                    |        SIGNAL |       WRITE_FIRST |      LAST |
|  layernorm2/inputMem_ext/Memory_reg_1_bram_8                          | RAMB36E2  |  A:A:1024x36           |  B:B:1024x36           |                    |        SIGNAL |        READ_FIRST |      NONE |                    |        SIGNAL |       WRITE_FIRST |     FIRST |
|  layernorm2/inputMem_ext/Memory_reg_1_bram_9                          | RAMB36E2  |  A:A:1024x36           |  B:B:1024x36           |                    |        SIGNAL |        READ_FIRST |      NONE |                    |        SIGNAL |       WRITE_FIRST |      LAST |
|  layernorm2/inputMem_ext/Memory_reg_1_bram_10                         | RAMB36E2  |  A:A:1024x36           |  B:B:1024x36           |                    |        SIGNAL |        READ_FIRST |      NONE |                    |        SIGNAL |       WRITE_FIRST |     FIRST |
|  layernorm2/inputMem_ext/Memory_reg_1_bram_11                         | RAMB36E2  |  A:A:1024x36           |  B:B:1024x36           |                    |        SIGNAL |        READ_FIRST |      NONE |                    |        SIGNAL |       WRITE_FIRST |      LAST |
|  layernorm2/inputMem_ext/Memory_reg_1_bram_12                         | RAMB36E2  |  A:A:1024x36           |  B:B:1024x36           |                    |        SIGNAL |        READ_FIRST |      NONE |                    |        SIGNAL |       WRITE_FIRST |     FIRST |
|  layernorm2/inputMem_ext/Memory_reg_1_bram_13                         | RAMB36E2  |  A:A:1024x36           |  B:B:1024x36           |                    |        SIGNAL |        READ_FIRST |      NONE |                    |        SIGNAL |       WRITE_FIRST |      LAST |
|  layernorm2/inputMem_ext/Memory_reg_1_bram_14                         | RAMB36E2  |  A:A:1024x36           |  B:B:1024x36           |                    |        SIGNAL |        READ_FIRST |      NONE |                    |        SIGNAL |       WRITE_FIRST |     FIRST |
|  layernorm2/inputMem_ext/Memory_reg_1_bram_15                         | RAMB36E2  |  A:A:1024x36           |  B:B:1024x36           |                    |        SIGNAL |        READ_FIRST |      NONE |                    |        SIGNAL |       WRITE_FIRST |      LAST |
|  layernorm2/inputMem_ext/Memory_reg_1_bram_16                         | RAMB36E2  |  A:A:1024x36           |  B:B:1024x36           |                    |        SIGNAL |        READ_FIRST |      NONE |                    |        SIGNAL |       WRITE_FIRST |     FIRST |
|  layernorm2/inputMem_ext/Memory_reg_1_bram_17                         | RAMB36E2  |  A:A:1024x36           |  B:B:1024x36           |                    |        SIGNAL |        READ_FIRST |      NONE |                    |        SIGNAL |       WRITE_FIRST |      LAST |
|  layernorm2/inputMem_ext/Memory_reg_1_bram_18                         | RAMB36E2  |  A:A:1024x36           |  B:B:1024x36           |                    |        SIGNAL |        READ_FIRST |      NONE |                    |        SIGNAL |       WRITE_FIRST |     FIRST |
|  layernorm2/inputMem_ext/Memory_reg_1_bram_19                         | RAMB36E2  |  A:A:1024x36           |  B:B:1024x36           |                    |        SIGNAL |        READ_FIRST |      NONE |                    |        SIGNAL |       WRITE_FIRST |      LAST |
|  layernorm2/inputMem_ext/Memory_reg_1_bram_20                         | RAMB36E2  |  A:A:2048x18           |  B:B:2048x18           |                    |         POWER |        READ_FIRST |      NONE |                    |         POWER |       WRITE_FIRST |      NONE |
|  layernorm2/inputMem_ext/Memory_reg_1_bram_21                         | RAMB18E2  |  A:A:2048x6            |  B:B:2048x6            |                    |         POWER |        READ_FIRST |      NONE |                    |         POWER |       WRITE_FIRST |      NONE |
|  layernorm2/inputMem_ext/Memory_reg_2_bram_0                          | RAMB36E2  |  A:A:1024x36           |  B:B:1024x36           |                    |        SIGNAL |        READ_FIRST |      NONE |                    |        SIGNAL |       WRITE_FIRST |     FIRST |
|  layernorm2/inputMem_ext/Memory_reg_2_bram_1                          | RAMB36E2  |  A:A:1024x36           |  B:B:1024x36           |                    |        SIGNAL |        READ_FIRST |      NONE |                    |        SIGNAL |       WRITE_FIRST |      LAST |
|  layernorm2/inputMem_ext/Memory_reg_2_bram_2                          | RAMB36E2  |  A:A:1024x36           |  B:B:1024x36           |                    |        SIGNAL |        READ_FIRST |      NONE |                    |        SIGNAL |       WRITE_FIRST |     FIRST |
|  layernorm2/inputMem_ext/Memory_reg_2_bram_3                          | RAMB36E2  |  A:A:1024x36           |  B:B:1024x36           |                    |        SIGNAL |        READ_FIRST |      NONE |                    |        SIGNAL |       WRITE_FIRST |      LAST |
|  layernorm2/inputMem_ext/Memory_reg_2_bram_4                          | RAMB36E2  |  A:A:1024x36           |  B:B:1024x36           |                    |        SIGNAL |        READ_FIRST |      NONE |                    |        SIGNAL |       WRITE_FIRST |     FIRST |
|  layernorm2/inputMem_ext/Memory_reg_2_bram_5                          | RAMB36E2  |  A:A:1024x36           |  B:B:1024x36           |                    |        SIGNAL |        READ_FIRST |      NONE |                    |        SIGNAL |       WRITE_FIRST |      LAST |
|  layernorm2/inputMem_ext/Memory_reg_2_bram_6                          | RAMB36E2  |  A:A:1024x36           |  B:B:1024x36           |                    |        SIGNAL |        READ_FIRST |      NONE |                    |        SIGNAL |       WRITE_FIRST |     FIRST |
|  layernorm2/inputMem_ext/Memory_reg_2_bram_7                          | RAMB36E2  |  A:A:1024x36           |  B:B:1024x36           |                    |        SIGNAL |        READ_FIRST |      NONE |                    |        SIGNAL |       WRITE_FIRST |      LAST |
|  layernorm2/inputMem_ext/Memory_reg_2_bram_8                          | RAMB36E2  |  A:A:1024x36           |  B:B:1024x36           |                    |        SIGNAL |        READ_FIRST |      NONE |                    |        SIGNAL |       WRITE_FIRST |     FIRST |
|  layernorm2/inputMem_ext/Memory_reg_2_bram_9                          | RAMB36E2  |  A:A:1024x36           |  B:B:1024x36           |                    |        SIGNAL |        READ_FIRST |      NONE |                    |        SIGNAL |       WRITE_FIRST |      LAST |
|  layernorm2/inputMem_ext/Memory_reg_2_bram_10                         | RAMB36E2  |  A:A:1024x36           |  B:B:1024x36           |                    |        SIGNAL |        READ_FIRST |      NONE |                    |        SIGNAL |       WRITE_FIRST |     FIRST |
|  layernorm2/inputMem_ext/Memory_reg_2_bram_11                         | RAMB36E2  |  A:A:1024x36           |  B:B:1024x36           |                    |        SIGNAL |        READ_FIRST |      NONE |                    |        SIGNAL |       WRITE_FIRST |      LAST |
|  layernorm2/inputMem_ext/Memory_reg_2_bram_12                         | RAMB36E2  |  A:A:1024x36           |  B:B:1024x36           |                    |        SIGNAL |        READ_FIRST |      NONE |                    |        SIGNAL |       WRITE_FIRST |     FIRST |
|  layernorm2/inputMem_ext/Memory_reg_2_bram_13                         | RAMB36E2  |  A:A:1024x36           |  B:B:1024x36           |                    |        SIGNAL |        READ_FIRST |      NONE |                    |        SIGNAL |       WRITE_FIRST |      LAST |
|  layernorm2/inputMem_ext/Memory_reg_2_bram_14                         | RAMB36E2  |  A:A:1024x36           |  B:B:1024x36           |                    |        SIGNAL |        READ_FIRST |      NONE |                    |        SIGNAL |       WRITE_FIRST |     FIRST |
|  layernorm2/inputMem_ext/Memory_reg_2_bram_15                         | RAMB36E2  |  A:A:1024x36           |  B:B:1024x36           |                    |        SIGNAL |        READ_FIRST |      NONE |                    |        SIGNAL |       WRITE_FIRST |      LAST |
|  layernorm2/inputMem_ext/Memory_reg_2_bram_16                         | RAMB36E2  |  A:A:1024x36           |  B:B:1024x36           |                    |        SIGNAL |        READ_FIRST |      NONE |                    |        SIGNAL |       WRITE_FIRST |     FIRST |
|  layernorm2/inputMem_ext/Memory_reg_2_bram_17                         | RAMB36E2  |  A:A:1024x36           |  B:B:1024x36           |                    |        SIGNAL |        READ_FIRST |      NONE |                    |        SIGNAL |       WRITE_FIRST |      LAST |
|  layernorm2/inputMem_ext/Memory_reg_2_bram_18                         | RAMB36E2  |  A:A:1024x36           |  B:B:1024x36           |                    |        SIGNAL |        READ_FIRST |      NONE |                    |        SIGNAL |       WRITE_FIRST |     FIRST |
|  layernorm2/inputMem_ext/Memory_reg_2_bram_19                         | RAMB36E2  |  A:A:1024x36           |  B:B:1024x36           |                    |        SIGNAL |        READ_FIRST |      NONE |                    |        SIGNAL |       WRITE_FIRST |      LAST |
| resadd/mem/mem_list_0/mem_ext/Memory                                  |           | 10922x72               | 10922x72               |                    |               |                   |           |                    |               |                   |           |
|  resadd/mem/mem_list_0/mem_ext/Memory_reg_uram_0                      | URAM288   |  A:A:2048x72           |  B:B:2048x72           |                    |         POWER |                   |      NONE |                    |         POWER |                   |      NONE |
|  resadd/mem/mem_list_0/mem_ext/Memory_reg_uram_1                      | URAM288   |  A:A:2048x72           |  B:B:2048x72           |                    |         POWER |                   |      NONE |                    |         POWER |                   |      NONE |
|  resadd/mem/mem_list_0/mem_ext/Memory_reg_uram_2                      | URAM288   |  A:A:2048x72           |  B:B:2048x72           |                    |         POWER |                   |      NONE |                    |         POWER |                   |      NONE |
|  resadd/mem/mem_list_0/mem_ext/Memory_reg_uram_3                      | URAM288   |  A:A:2048x72           |  B:B:2048x72           |                    |         POWER |                   |      NONE |                    |         POWER |                   |      NONE |
|  resadd/mem/mem_list_0/mem_ext/Memory_reg_uram_4                      | URAM288   |  A:A:2048x72           |  B:B:2048x72           |                    |         POWER |                   |      NONE |                    |         POWER |                   |      NONE |
|  resadd/mem/mem_list_0/mem_ext/Memory_reg_uram_5                      | URAM288   |  A:A:2048x24           |  B:B:2048x24           |                    |         POWER |                   |      NONE |                    |         POWER |                   |      NONE |
| resadd/mem/mem_list_1/mem_ext/Memory                                  |           | 10922x72               | 10922x72               |                    |               |                   |           |                    |               |                   |           |
|  resadd/mem/mem_list_1/mem_ext/Memory_reg_uram_0                      | URAM288   |  A:A:2048x72           |  B:B:2048x72           |                    |         POWER |                   |      NONE |                    |         POWER |                   |      NONE |
|  resadd/mem/mem_list_1/mem_ext/Memory_reg_uram_1                      | URAM288   |  A:A:2048x72           |  B:B:2048x72           |                    |         POWER |                   |      NONE |                    |         POWER |                   |      NONE |
|  resadd/mem/mem_list_1/mem_ext/Memory_reg_uram_2                      | URAM288   |  A:A:2048x72           |  B:B:2048x72           |                    |         POWER |                   |      NONE |                    |         POWER |                   |      NONE |
|  resadd/mem/mem_list_1/mem_ext/Memory_reg_uram_3                      | URAM288   |  A:A:2048x72           |  B:B:2048x72           |                    |         POWER |                   |      NONE |                    |         POWER |                   |      NONE |
|  resadd/mem/mem_list_1/mem_ext/Memory_reg_uram_4                      | URAM288   |  A:A:2048x72           |  B:B:2048x72           |                    |         POWER |                   |      NONE |                    |         POWER |                   |      NONE |
|  resadd/mem/mem_list_1/mem_ext/Memory_reg_uram_5                      | URAM288   |  A:A:2048x24           |  B:B:2048x24           |                    |         POWER |                   |      NONE |                    |         POWER |                   |      NONE |
| resadd/mem/mem_list_2/mem_ext/Memory                                  |           | 10922x72               | 10922x72               |                    |               |                   |           |                    |               |                   |           |
|  resadd/mem/mem_list_2/mem_ext/Memory_reg_uram_0                      | URAM288   |  A:A:2048x72           |  B:B:2048x72           |                    |         POWER |                   |      NONE |                    |         POWER |                   |      NONE |
|  resadd/mem/mem_list_2/mem_ext/Memory_reg_uram_1                      | URAM288   |  A:A:2048x72           |  B:B:2048x72           |                    |         POWER |                   |      NONE |                    |         POWER |                   |      NONE |
|  resadd/mem/mem_list_2/mem_ext/Memory_reg_uram_2                      | URAM288   |  A:A:2048x72           |  B:B:2048x72           |                    |         POWER |                   |      NONE |                    |         POWER |                   |      NONE |
|  resadd/mem/mem_list_2/mem_ext/Memory_reg_uram_3                      | URAM288   |  A:A:2048x72           |  B:B:2048x72           |                    |         POWER |                   |      NONE |                    |         POWER |                   |      NONE |
|  resadd/mem/mem_list_2/mem_ext/Memory_reg_uram_4                      | URAM288   |  A:A:2048x72           |  B:B:2048x72           |                    |         POWER |                   |      NONE |                    |         POWER |                   |      NONE |
|  resadd/mem/mem_list_2/mem_ext/Memory_reg_uram_5                      | URAM288   |  A:A:2048x24           |  B:B:2048x24           |                    |         POWER |                   |      NONE |                    |         POWER |                   |      NONE |
| resadd2/mem/mem0_ext/Memory                                           |           | 10922x72               | 10922x72               |                    |               |                   |           |                    |               |                   |           |
|  resadd2/mem/mem0_ext/Memory_reg_uram_0                               | URAM288   |  A:A:2048x72           |  B:B:2048x72           |                    |         POWER |                   |      NONE |                    |         POWER |                   |      NONE |
|  resadd2/mem/mem0_ext/Memory_reg_uram_1                               | URAM288   |  A:A:2048x72           |  B:B:2048x72           |                    |         POWER |                   |      NONE |                    |         POWER |                   |      NONE |
|  resadd2/mem/mem0_ext/Memory_reg_uram_2                               | URAM288   |  A:A:2048x72           |  B:B:2048x72           |                    |         POWER |                   |      NONE |                    |         POWER |                   |      NONE |
|  resadd2/mem/mem0_ext/Memory_reg_uram_3                               | URAM288   |  A:A:2048x72           |  B:B:2048x72           |                    |         POWER |                   |      NONE |                    |         POWER |                   |      NONE |
|  resadd2/mem/mem0_ext/Memory_reg_uram_4                               | URAM288   |  A:A:2048x72           |  B:B:2048x72           |                    |         POWER |                   |      NONE |                    |         POWER |                   |      NONE |
|  resadd2/mem/mem0_ext/Memory_reg_uram_5                               | URAM288   |  A:A:2048x24           |  B:B:2048x24           |                    |         POWER |                   |      NONE |                    |         POWER |                   |      NONE |
| resadd2/mem/mem1_ext/Memory                                           |           | 10922x72               | 10922x72               |                    |               |                   |           |                    |               |                   |           |
|  resadd2/mem/mem1_ext/Memory_reg_uram_0                               | URAM288   |  A:A:2048x72           |  B:B:2048x72           |                    |         POWER |                   |      NONE |                    |         POWER |                   |      NONE |
|  resadd2/mem/mem1_ext/Memory_reg_uram_1                               | URAM288   |  A:A:2048x72           |  B:B:2048x72           |                    |         POWER |                   |      NONE |                    |         POWER |                   |      NONE |
|  resadd2/mem/mem1_ext/Memory_reg_uram_2                               | URAM288   |  A:A:2048x72           |  B:B:2048x72           |                    |         POWER |                   |      NONE |                    |         POWER |                   |      NONE |
|  resadd2/mem/mem1_ext/Memory_reg_uram_3                               | URAM288   |  A:A:2048x72           |  B:B:2048x72           |                    |         POWER |                   |      NONE |                    |         POWER |                   |      NONE |
|  resadd2/mem/mem1_ext/Memory_reg_uram_4                               | URAM288   |  A:A:2048x72           |  B:B:2048x72           |                    |         POWER |                   |      NONE |                    |         POWER |                   |      NONE |
|  resadd2/mem/mem1_ext/Memory_reg_uram_5                               | URAM288   |  A:A:2048x24           |  B:B:2048x24           |                    |         POWER |                   |      NONE |                    |         POWER |                   |      NONE |
| atten/dm1/cu_inst/kCache/mem_ext/Memory                               |           | 11832x36               | 11832x36               |                    |               |                   |           |                    |               |                   |           |
|  atten/dm1/cu_inst/kCache/mem_ext/Memory_reg_bram_0                   | RAMB36E2  |  A:A:1024x36           |  B:B:1024x36           |                    |         POWER |        READ_FIRST |      NONE |                    |         POWER |       WRITE_FIRST |      NONE |
|  atten/dm1/cu_inst/kCache/mem_ext/Memory_reg_bram_1                   | RAMB36E2  |  A:A:1024x36           |  B:B:1024x36           |                    |         POWER |        READ_FIRST |      NONE |                    |         POWER |       WRITE_FIRST |      NONE |
|  atten/dm1/cu_inst/kCache/mem_ext/Memory_reg_bram_2                   | RAMB36E2  |  A:A:1024x36           |  B:B:1024x36           |                    |         POWER |        READ_FIRST |      NONE |                    |         POWER |       WRITE_FIRST |      NONE |
|  atten/dm1/cu_inst/kCache/mem_ext/Memory_reg_bram_3                   | RAMB36E2  |  A:A:1024x36           |  B:B:1024x36           |                    |         POWER |        READ_FIRST |      NONE |                    |         POWER |       WRITE_FIRST |      NONE |
|  atten/dm1/cu_inst/kCache/mem_ext/Memory_reg_bram_4                   | RAMB36E2  |  A:A:1024x36           |  B:B:1024x36           |                    |         POWER |        READ_FIRST |      NONE |                    |         POWER |       WRITE_FIRST |      NONE |
|  atten/dm1/cu_inst/kCache/mem_ext/Memory_reg_bram_5                   | RAMB36E2  |  A:A:1024x36           |  B:B:1024x36           |                    |         POWER |        READ_FIRST |      NONE |                    |         POWER |       WRITE_FIRST |      NONE |
|  atten/dm1/cu_inst/kCache/mem_ext/Memory_reg_bram_6                   | RAMB36E2  |  A:A:1024x36           |  B:B:1024x36           |                    |         POWER |        READ_FIRST |      NONE |                    |         POWER |       WRITE_FIRST |      NONE |
|  atten/dm1/cu_inst/kCache/mem_ext/Memory_reg_bram_7                   | RAMB36E2  |  A:A:1024x36           |  B:B:1024x36           |                    |         POWER |        READ_FIRST |      NONE |                    |         POWER |       WRITE_FIRST |      NONE |
|  atten/dm1/cu_inst/kCache/mem_ext/Memory_reg_bram_8                   | RAMB36E2  |  A:A:1024x36           |  B:B:1024x36           |                    |         POWER |        READ_FIRST |      NONE |                    |         POWER |       WRITE_FIRST |      NONE |
|  atten/dm1/cu_inst/kCache/mem_ext/Memory_reg_bram_9                   | RAMB36E2  |  A:A:1024x36           |  B:B:1024x36           |                    |         POWER |        READ_FIRST |      NONE |                    |         POWER |       WRITE_FIRST |      NONE |
|  atten/dm1/cu_inst/kCache/mem_ext/Memory_reg_bram_10                  | RAMB36E2  |  A:A:1024x36           |  B:B:1024x36           |                    |         POWER |        READ_FIRST |      NONE |                    |         POWER |       WRITE_FIRST |      NONE |
|  atten/dm1/cu_inst/kCache/mem_ext/Memory_reg_bram_11                  | RAMB36E2  |  A:A:1024x36           |  B:B:1024x36           |                    |         POWER |        READ_FIRST |      NONE |                    |         POWER |       WRITE_FIRST |      NONE |
|  atten/dm1/cu_inst/kCache/mem_ext/Memory_reg_bram_12                  | RAMB36E2  |  A:A:1024x36           |  B:B:1024x36           |                    |         POWER |        READ_FIRST |      NONE |                    |         POWER |       WRITE_FIRST |      NONE |
|  atten/dm1/cu_inst/kCache/mem_ext/Memory_reg_bram_13                  | RAMB36E2  |  A:A:1024x36           |  B:B:1024x36           |                    |         POWER |        READ_FIRST |      NONE |                    |         POWER |       WRITE_FIRST |      NONE |
|  atten/dm1/cu_inst/kCache/mem_ext/Memory_reg_bram_14                  | RAMB18E2  |  A:A:1024x8            |  B:B:1024x8            |                    |         POWER |        READ_FIRST |      NONE |                    |         POWER |       WRITE_FIRST |      NONE |
| ffndown/lw_inst/weight_mem/weight_banks_0_0_ext/Memory                |           | 4096x72                | 4096x72                |                    |               |                   |           |                    |               |                   |           |
|  ffndown/lw_inst/weight_mem/weight_banks_0_0_ext/Memory_reg_uram_0    | URAM288   |  A:A:4096x72           |  B:B:4096x72           |                    |         POWER |                   |      NONE |                    |         POWER |                   |      NONE |
| ffndown/lw_inst/weight_mem/weight_banks_0_1_ext/Memory                |           | 4096x72                | 4096x72                |                    |               |                   |           |                    |               |                   |           |
|  ffndown/lw_inst/weight_mem/weight_banks_0_1_ext/Memory_reg_uram_0    | URAM288   |  A:A:4096x72           |  B:B:4096x72           |                    |         POWER |                   |      NONE |                    |         POWER |                   |      NONE |
| ffndown/lw_inst/weight_mem/weight_banks_0_2_ext/Memory                |           | 4096x72                | 4096x72                |                    |               |                   |           |                    |               |                   |           |
|  ffndown/lw_inst/weight_mem/weight_banks_0_2_ext/Memory_reg_uram_0    | URAM288   |  A:A:4096x72           |  B:B:4096x72           |                    |         POWER |                   |      NONE |                    |         POWER |                   |      NONE |
| ffndown/lw_inst/weight_mem/weight_banks_0_3_ext/Memory                |           | 4096x72                | 4096x72                |                    |               |                   |           |                    |               |                   |           |
|  ffndown/lw_inst/weight_mem/weight_banks_0_3_ext/Memory_reg_uram_0    | URAM288   |  A:A:4096x72           |  B:B:4096x72           |                    |         POWER |                   |      NONE |                    |         POWER |                   |      NONE |
| ffndown/lw_inst/weight_mem/weight_banks_10_0_ext/Memory               |           | 4096x72                | 4096x72                |                    |               |                   |           |                    |               |                   |           |
|  ffndown/lw_inst/weight_mem/weight_banks_10_0_ext/Memory_reg_uram_0   | URAM288   |  A:A:4096x72           |  B:B:4096x72           |                    |         POWER |                   |      NONE |                    |         POWER |                   |      NONE |
| ffndown/lw_inst/weight_mem/weight_banks_10_1_ext/Memory               |           | 4096x72                | 4096x72                |                    |               |                   |           |                    |               |                   |           |
|  ffndown/lw_inst/weight_mem/weight_banks_10_1_ext/Memory_reg_uram_0   | URAM288   |  A:A:4096x72           |  B:B:4096x72           |                    |         POWER |                   |      NONE |                    |         POWER |                   |      NONE |
| ffndown/lw_inst/weight_mem/weight_banks_10_2_ext/Memory               |           | 4096x72                | 4096x72                |                    |               |                   |           |                    |               |                   |           |
|  ffndown/lw_inst/weight_mem/weight_banks_10_2_ext/Memory_reg_uram_0   | URAM288   |  A:A:4096x72           |  B:B:4096x72           |                    |         POWER |                   |      NONE |                    |         POWER |                   |      NONE |
| ffndown/lw_inst/weight_mem/weight_banks_10_3_ext/Memory               |           | 4096x72                | 4096x72                |                    |               |                   |           |                    |               |                   |           |
|  ffndown/lw_inst/weight_mem/weight_banks_10_3_ext/Memory_reg_uram_0   | URAM288   |  A:A:4096x72           |  B:B:4096x72           |                    |         POWER |                   |      NONE |                    |         POWER |                   |      NONE |
| ffndown/lw_inst/weight_mem/weight_banks_11_0_ext/Memory               |           | 4096x72                | 4096x72                |                    |               |                   |           |                    |               |                   |           |
|  ffndown/lw_inst/weight_mem/weight_banks_11_0_ext/Memory_reg_uram_0   | URAM288   |  A:A:4096x72           |  B:B:4096x72           |                    |         POWER |                   |      NONE |                    |         POWER |                   |      NONE |
| ffndown/lw_inst/weight_mem/weight_banks_11_1_ext/Memory               |           | 4096x72                | 4096x72                |                    |               |                   |           |                    |               |                   |           |
|  ffndown/lw_inst/weight_mem/weight_banks_11_1_ext/Memory_reg_uram_0   | URAM288   |  A:A:4096x72           |  B:B:4096x72           |                    |         POWER |                   |      NONE |                    |         POWER |                   |      NONE |
| ffndown/lw_inst/weight_mem/weight_banks_11_2_ext/Memory               |           | 4096x72                | 4096x72                |                    |               |                   |           |                    |               |                   |           |
|  ffndown/lw_inst/weight_mem/weight_banks_11_2_ext/Memory_reg_uram_0   | URAM288   |  A:A:4096x72           |  B:B:4096x72           |                    |         POWER |                   |      NONE |                    |         POWER |                   |      NONE |
| ffndown/lw_inst/weight_mem/weight_banks_11_3_ext/Memory               |           | 4096x72                | 4096x72                |                    |               |                   |           |                    |               |                   |           |
|  ffndown/lw_inst/weight_mem/weight_banks_11_3_ext/Memory_reg_uram_0   | URAM288   |  A:A:4096x72           |  B:B:4096x72           |                    |         POWER |                   |      NONE |                    |         POWER |                   |      NONE |
| ffndown/lw_inst/weight_mem/weight_banks_12_0_ext/Memory               |           | 4096x72                | 4096x72                |                    |               |                   |           |                    |               |                   |           |
|  ffndown/lw_inst/weight_mem/weight_banks_12_0_ext/Memory_reg_uram_0   | URAM288   |  A:A:4096x72           |  B:B:4096x72           |                    |         POWER |                   |      NONE |                    |         POWER |                   |      NONE |
| ffndown/lw_inst/weight_mem/weight_banks_12_1_ext/Memory               |           | 4096x72                | 4096x72                |                    |               |                   |           |                    |               |                   |           |
|  ffndown/lw_inst/weight_mem/weight_banks_12_1_ext/Memory_reg_uram_0   | URAM288   |  A:A:4096x72           |  B:B:4096x72           |                    |         POWER |                   |      NONE |                    |         POWER |                   |      NONE |
| ffndown/lw_inst/weight_mem/weight_banks_12_2_ext/Memory               |           | 4096x72                | 4096x72                |                    |               |                   |           |                    |               |                   |           |
|  ffndown/lw_inst/weight_mem/weight_banks_12_2_ext/Memory_reg_uram_0   | URAM288   |  A:A:4096x72           |  B:B:4096x72           |                    |         POWER |                   |      NONE |                    |         POWER |                   |      NONE |
| ffndown/lw_inst/weight_mem/weight_banks_12_3_ext/Memory               |           | 4096x72                | 4096x72                |                    |               |                   |           |                    |               |                   |           |
|  ffndown/lw_inst/weight_mem/weight_banks_12_3_ext/Memory_reg_uram_0   | URAM288   |  A:A:4096x72           |  B:B:4096x72           |                    |         POWER |                   |      NONE |                    |         POWER |                   |      NONE |
| ffndown/lw_inst/weight_mem/weight_banks_13_0_ext/Memory               |           | 4096x72                | 4096x72                |                    |               |                   |           |                    |               |                   |           |
|  ffndown/lw_inst/weight_mem/weight_banks_13_0_ext/Memory_reg_uram_0   | URAM288   |  A:A:4096x72           |  B:B:4096x72           |                    |         POWER |                   |      NONE |                    |         POWER |                   |      NONE |
| ffndown/lw_inst/weight_mem/weight_banks_13_1_ext/Memory               |           | 4096x72                | 4096x72                |                    |               |                   |           |                    |               |                   |           |
|  ffndown/lw_inst/weight_mem/weight_banks_13_1_ext/Memory_reg_uram_0   | URAM288   |  A:A:4096x72           |  B:B:4096x72           |                    |         POWER |                   |      NONE |                    |         POWER |                   |      NONE |
| ffndown/lw_inst/weight_mem/weight_banks_13_2_ext/Memory               |           | 4096x72                | 4096x72                |                    |               |                   |           |                    |               |                   |           |
|  ffndown/lw_inst/weight_mem/weight_banks_13_2_ext/Memory_reg_uram_0   | URAM288   |  A:A:4096x72           |  B:B:4096x72           |                    |         POWER |                   |      NONE |                    |         POWER |                   |      NONE |
| ffndown/lw_inst/weight_mem/weight_banks_13_3_ext/Memory               |           | 4096x72                | 4096x72                |                    |               |                   |           |                    |               |                   |           |
|  ffndown/lw_inst/weight_mem/weight_banks_13_3_ext/Memory_reg_uram_0   | URAM288   |  A:A:4096x72           |  B:B:4096x72           |                    |         POWER |                   |      NONE |                    |         POWER |                   |      NONE |
| ffndown/lw_inst/weight_mem/weight_banks_14_0_ext/Memory               |           | 4096x72                | 4096x72                |                    |               |                   |           |                    |               |                   |           |
|  ffndown/lw_inst/weight_mem/weight_banks_14_0_ext/Memory_reg_uram_0   | URAM288   |  A:A:4096x72           |  B:B:4096x72           |                    |         POWER |                   |      NONE |                    |         POWER |                   |      NONE |
| ffndown/lw_inst/weight_mem/weight_banks_14_1_ext/Memory               |           | 4096x72                | 4096x72                |                    |               |                   |           |                    |               |                   |           |
|  ffndown/lw_inst/weight_mem/weight_banks_14_1_ext/Memory_reg_uram_0   | URAM288   |  A:A:4096x72           |  B:B:4096x72           |                    |         POWER |                   |      NONE |                    |         POWER |                   |      NONE |
| ffndown/lw_inst/weight_mem/weight_banks_14_2_ext/Memory               |           | 4096x72                | 4096x72                |                    |               |                   |           |                    |               |                   |           |
|  ffndown/lw_inst/weight_mem/weight_banks_14_2_ext/Memory_reg_uram_0   | URAM288   |  A:A:4096x72           |  B:B:4096x72           |                    |         POWER |                   |      NONE |                    |         POWER |                   |      NONE |
| ffndown/lw_inst/weight_mem/weight_banks_14_3_ext/Memory               |           | 4096x72                | 4096x72                |                    |               |                   |           |                    |               |                   |           |
|  ffndown/lw_inst/weight_mem/weight_banks_14_3_ext/Memory_reg_uram_0   | URAM288   |  A:A:4096x72           |  B:B:4096x72           |                    |         POWER |                   |      NONE |                    |         POWER |                   |      NONE |
| ffndown/lw_inst/weight_mem/weight_banks_15_0_ext/Memory               |           | 4096x72                | 4096x72                |                    |               |                   |           |                    |               |                   |           |
|  ffndown/lw_inst/weight_mem/weight_banks_15_0_ext/Memory_reg_uram_0   | URAM288   |  A:A:4096x72           |  B:B:4096x72           |                    |         POWER |                   |      NONE |                    |         POWER |                   |      NONE |
| ffndown/lw_inst/weight_mem/weight_banks_15_1_ext/Memory               |           | 4096x72                | 4096x72                |                    |               |                   |           |                    |               |                   |           |
|  ffndown/lw_inst/weight_mem/weight_banks_15_1_ext/Memory_reg_uram_0   | URAM288   |  A:A:4096x72           |  B:B:4096x72           |                    |         POWER |                   |      NONE |                    |         POWER |                   |      NONE |
| ffndown/lw_inst/weight_mem/weight_banks_15_2_ext/Memory               |           | 4096x72                | 4096x72                |                    |               |                   |           |                    |               |                   |           |
|  ffndown/lw_inst/weight_mem/weight_banks_15_2_ext/Memory_reg_uram_0   | URAM288   |  A:A:4096x72           |  B:B:4096x72           |                    |         POWER |                   |      NONE |                    |         POWER |                   |      NONE |
| ffndown/lw_inst/weight_mem/weight_banks_15_3_ext/Memory               |           | 4096x72                | 4096x72                |                    |               |                   |           |                    |               |                   |           |
|  ffndown/lw_inst/weight_mem/weight_banks_15_3_ext/Memory_reg_uram_0   | URAM288   |  A:A:4096x72           |  B:B:4096x72           |                    |         POWER |                   |      NONE |                    |         POWER |                   |      NONE |
| ffndown/lw_inst/weight_mem/weight_banks_16_0_ext/Memory               |           | 4096x72                | 4096x72                |                    |               |                   |           |                    |               |                   |           |
|  ffndown/lw_inst/weight_mem/weight_banks_16_0_ext/Memory_reg_uram_0   | URAM288   |  A:A:4096x72           |  B:B:4096x72           |                    |         POWER |                   |      NONE |                    |         POWER |                   |      NONE |
| ffndown/lw_inst/weight_mem/weight_banks_16_1_ext/Memory               |           | 4096x72                | 4096x72                |                    |               |                   |           |                    |               |                   |           |
|  ffndown/lw_inst/weight_mem/weight_banks_16_1_ext/Memory_reg_uram_0   | URAM288   |  A:A:4096x72           |  B:B:4096x72           |                    |         POWER |                   |      NONE |                    |         POWER |                   |      NONE |
| ffndown/lw_inst/weight_mem/weight_banks_16_2_ext/Memory               |           | 4096x72                | 4096x72                |                    |               |                   |           |                    |               |                   |           |
|  ffndown/lw_inst/weight_mem/weight_banks_16_2_ext/Memory_reg_uram_0   | URAM288   |  A:A:4096x72           |  B:B:4096x72           |                    |         POWER |                   |      NONE |                    |         POWER |                   |      NONE |
| ffndown/lw_inst/weight_mem/weight_banks_16_3_ext/Memory               |           | 4096x72                | 4096x72                |                    |               |                   |           |                    |               |                   |           |
|  ffndown/lw_inst/weight_mem/weight_banks_16_3_ext/Memory_reg_uram_0   | URAM288   |  A:A:4096x72           |  B:B:4096x72           |                    |         POWER |                   |      NONE |                    |         POWER |                   |      NONE |
| ffndown/lw_inst/weight_mem/weight_banks_1_0_ext/Memory                |           | 4096x72                | 4096x72                |                    |               |                   |           |                    |               |                   |           |
|  ffndown/lw_inst/weight_mem/weight_banks_1_0_ext/Memory_reg_uram_0    | URAM288   |  A:A:4096x72           |  B:B:4096x72           |                    |         POWER |                   |      NONE |                    |         POWER |                   |      NONE |
| ffndown/lw_inst/weight_mem/weight_banks_1_1_ext/Memory                |           | 4096x72                | 4096x72                |                    |               |                   |           |                    |               |                   |           |
|  ffndown/lw_inst/weight_mem/weight_banks_1_1_ext/Memory_reg_uram_0    | URAM288   |  A:A:4096x72           |  B:B:4096x72           |                    |         POWER |                   |      NONE |                    |         POWER |                   |      NONE |
| ffndown/lw_inst/weight_mem/weight_banks_1_2_ext/Memory                |           | 4096x72                | 4096x72                |                    |               |                   |           |                    |               |                   |           |
|  ffndown/lw_inst/weight_mem/weight_banks_1_2_ext/Memory_reg_uram_0    | URAM288   |  A:A:4096x72           |  B:B:4096x72           |                    |         POWER |                   |      NONE |                    |         POWER |                   |      NONE |
| ffndown/lw_inst/weight_mem/weight_banks_1_3_ext/Memory                |           | 4096x72                | 4096x72                |                    |               |                   |           |                    |               |                   |           |
|  ffndown/lw_inst/weight_mem/weight_banks_1_3_ext/Memory_reg_uram_0    | URAM288   |  A:A:4096x72           |  B:B:4096x72           |                    |         POWER |                   |      NONE |                    |         POWER |                   |      NONE |
| ffndown/lw_inst/weight_mem/weight_banks_2_0_ext/Memory                |           | 4096x72                | 4096x72                |                    |               |                   |           |                    |               |                   |           |
|  ffndown/lw_inst/weight_mem/weight_banks_2_0_ext/Memory_reg_uram_0    | URAM288   |  A:A:4096x72           |  B:B:4096x72           |                    |         POWER |                   |      NONE |                    |         POWER |                   |      NONE |
| ffndown/lw_inst/weight_mem/weight_banks_2_1_ext/Memory                |           | 4096x72                | 4096x72                |                    |               |                   |           |                    |               |                   |           |
|  ffndown/lw_inst/weight_mem/weight_banks_2_1_ext/Memory_reg_uram_0    | URAM288   |  A:A:4096x72           |  B:B:4096x72           |                    |         POWER |                   |      NONE |                    |         POWER |                   |      NONE |
| ffndown/lw_inst/weight_mem/weight_banks_2_2_ext/Memory                |           | 4096x72                | 4096x72                |                    |               |                   |           |                    |               |                   |           |
|  ffndown/lw_inst/weight_mem/weight_banks_2_2_ext/Memory_reg_uram_0    | URAM288   |  A:A:4096x72           |  B:B:4096x72           |                    |         POWER |                   |      NONE |                    |         POWER |                   |      NONE |
| ffndown/lw_inst/weight_mem/weight_banks_2_3_ext/Memory                |           | 4096x72                | 4096x72                |                    |               |                   |           |                    |               |                   |           |
|  ffndown/lw_inst/weight_mem/weight_banks_2_3_ext/Memory_reg_uram_0    | URAM288   |  A:A:4096x72           |  B:B:4096x72           |                    |         POWER |                   |      NONE |                    |         POWER |                   |      NONE |
| ffndown/lw_inst/weight_mem/weight_banks_3_0_ext/Memory                |           | 4096x72                | 4096x72                |                    |               |                   |           |                    |               |                   |           |
|  ffndown/lw_inst/weight_mem/weight_banks_3_0_ext/Memory_reg_uram_0    | URAM288   |  A:A:4096x72           |  B:B:4096x72           |                    |         POWER |                   |      NONE |                    |         POWER |                   |      NONE |
| ffndown/lw_inst/weight_mem/weight_banks_3_1_ext/Memory                |           | 4096x72                | 4096x72                |                    |               |                   |           |                    |               |                   |           |
|  ffndown/lw_inst/weight_mem/weight_banks_3_1_ext/Memory_reg_uram_0    | URAM288   |  A:A:4096x72           |  B:B:4096x72           |                    |         POWER |                   |      NONE |                    |         POWER |                   |      NONE |
| ffndown/lw_inst/weight_mem/weight_banks_3_2_ext/Memory                |           | 4096x72                | 4096x72                |                    |               |                   |           |                    |               |                   |           |
|  ffndown/lw_inst/weight_mem/weight_banks_3_2_ext/Memory_reg_uram_0    | URAM288   |  A:A:4096x72           |  B:B:4096x72           |                    |         POWER |                   |      NONE |                    |         POWER |                   |      NONE |
| ffndown/lw_inst/weight_mem/weight_banks_3_3_ext/Memory                |           | 4096x72                | 4096x72                |                    |               |                   |           |                    |               |                   |           |
|  ffndown/lw_inst/weight_mem/weight_banks_3_3_ext/Memory_reg_uram_0    | URAM288   |  A:A:4096x72           |  B:B:4096x72           |                    |         POWER |                   |      NONE |                    |         POWER |                   |      NONE |
| ffndown/lw_inst/weight_mem/weight_banks_4_0_ext/Memory                |           | 4096x72                | 4096x72                |                    |               |                   |           |                    |               |                   |           |
|  ffndown/lw_inst/weight_mem/weight_banks_4_0_ext/Memory_reg_uram_0    | URAM288   |  A:A:4096x72           |  B:B:4096x72           |                    |         POWER |                   |      NONE |                    |         POWER |                   |      NONE |
| ffndown/lw_inst/weight_mem/weight_banks_4_1_ext/Memory                |           | 4096x72                | 4096x72                |                    |               |                   |           |                    |               |                   |           |
|  ffndown/lw_inst/weight_mem/weight_banks_4_1_ext/Memory_reg_uram_0    | URAM288   |  A:A:4096x72           |  B:B:4096x72           |                    |         POWER |                   |      NONE |                    |         POWER |                   |      NONE |
| ffndown/lw_inst/weight_mem/weight_banks_4_2_ext/Memory                |           | 4096x72                | 4096x72                |                    |               |                   |           |                    |               |                   |           |
|  ffndown/lw_inst/weight_mem/weight_banks_4_2_ext/Memory_reg_uram_0    | URAM288   |  A:A:4096x72           |  B:B:4096x72           |                    |         POWER |                   |      NONE |                    |         POWER |                   |      NONE |
| ffndown/lw_inst/weight_mem/weight_banks_4_3_ext/Memory                |           | 4096x72                | 4096x72                |                    |               |                   |           |                    |               |                   |           |
|  ffndown/lw_inst/weight_mem/weight_banks_4_3_ext/Memory_reg_uram_0    | URAM288   |  A:A:4096x72           |  B:B:4096x72           |                    |         POWER |                   |      NONE |                    |         POWER |                   |      NONE |
| ffndown/lw_inst/weight_mem/weight_banks_5_0_ext/Memory                |           | 4096x72                | 4096x72                |                    |               |                   |           |                    |               |                   |           |
|  ffndown/lw_inst/weight_mem/weight_banks_5_0_ext/Memory_reg_uram_0    | URAM288   |  A:A:4096x72           |  B:B:4096x72           |                    |         POWER |                   |      NONE |                    |         POWER |                   |      NONE |
| ffndown/lw_inst/weight_mem/weight_banks_5_1_ext/Memory                |           | 4096x72                | 4096x72                |                    |               |                   |           |                    |               |                   |           |
|  ffndown/lw_inst/weight_mem/weight_banks_5_1_ext/Memory_reg_uram_0    | URAM288   |  A:A:4096x72           |  B:B:4096x72           |                    |         POWER |                   |      NONE |                    |         POWER |                   |      NONE |
| ffndown/lw_inst/weight_mem/weight_banks_5_2_ext/Memory                |           | 4096x72                | 4096x72                |                    |               |                   |           |                    |               |                   |           |
|  ffndown/lw_inst/weight_mem/weight_banks_5_2_ext/Memory_reg_uram_0    | URAM288   |  A:A:4096x72           |  B:B:4096x72           |                    |         POWER |                   |      NONE |                    |         POWER |                   |      NONE |
| ffndown/lw_inst/weight_mem/weight_banks_5_3_ext/Memory                |           | 4096x72                | 4096x72                |                    |               |                   |           |                    |               |                   |           |
|  ffndown/lw_inst/weight_mem/weight_banks_5_3_ext/Memory_reg_uram_0    | URAM288   |  A:A:4096x72           |  B:B:4096x72           |                    |         POWER |                   |      NONE |                    |         POWER |                   |      NONE |
| ffndown/lw_inst/weight_mem/weight_banks_6_0_ext/Memory                |           | 4096x72                | 4096x72                |                    |               |                   |           |                    |               |                   |           |
|  ffndown/lw_inst/weight_mem/weight_banks_6_0_ext/Memory_reg_uram_0    | URAM288   |  A:A:4096x72           |  B:B:4096x72           |                    |         POWER |                   |      NONE |                    |         POWER |                   |      NONE |
| ffndown/lw_inst/weight_mem/weight_banks_6_1_ext/Memory                |           | 4096x72                | 4096x72                |                    |               |                   |           |                    |               |                   |           |
|  ffndown/lw_inst/weight_mem/weight_banks_6_1_ext/Memory_reg_uram_0    | URAM288   |  A:A:4096x72           |  B:B:4096x72           |                    |         POWER |                   |      NONE |                    |         POWER |                   |      NONE |
| ffndown/lw_inst/weight_mem/weight_banks_6_2_ext/Memory                |           | 4096x72                | 4096x72                |                    |               |                   |           |                    |               |                   |           |
|  ffndown/lw_inst/weight_mem/weight_banks_6_2_ext/Memory_reg_uram_0    | URAM288   |  A:A:4096x72           |  B:B:4096x72           |                    |         POWER |                   |      NONE |                    |         POWER |                   |      NONE |
| ffndown/lw_inst/weight_mem/weight_banks_6_3_ext/Memory                |           | 4096x72                | 4096x72                |                    |               |                   |           |                    |               |                   |           |
|  ffndown/lw_inst/weight_mem/weight_banks_6_3_ext/Memory_reg_uram_0    | URAM288   |  A:A:4096x72           |  B:B:4096x72           |                    |         POWER |                   |      NONE |                    |         POWER |                   |      NONE |
| ffndown/lw_inst/weight_mem/weight_banks_7_0_ext/Memory                |           | 4096x72                | 4096x72                |                    |               |                   |           |                    |               |                   |           |
|  ffndown/lw_inst/weight_mem/weight_banks_7_0_ext/Memory_reg_uram_0    | URAM288   |  A:A:4096x72           |  B:B:4096x72           |                    |         POWER |                   |      NONE |                    |         POWER |                   |      NONE |
| ffndown/lw_inst/weight_mem/weight_banks_7_1_ext/Memory                |           | 4096x72                | 4096x72                |                    |               |                   |           |                    |               |                   |           |
|  ffndown/lw_inst/weight_mem/weight_banks_7_1_ext/Memory_reg_uram_0    | URAM288   |  A:A:4096x72           |  B:B:4096x72           |                    |         POWER |                   |      NONE |                    |         POWER |                   |      NONE |
| ffndown/lw_inst/weight_mem/weight_banks_7_2_ext/Memory                |           | 4096x72                | 4096x72                |                    |               |                   |           |                    |               |                   |           |
|  ffndown/lw_inst/weight_mem/weight_banks_7_2_ext/Memory_reg_uram_0    | URAM288   |  A:A:4096x72           |  B:B:4096x72           |                    |         POWER |                   |      NONE |                    |         POWER |                   |      NONE |
| ffndown/lw_inst/weight_mem/weight_banks_7_3_ext/Memory                |           | 4096x72                | 4096x72                |                    |               |                   |           |                    |               |                   |           |
|  ffndown/lw_inst/weight_mem/weight_banks_7_3_ext/Memory_reg_uram_0    | URAM288   |  A:A:4096x72           |  B:B:4096x72           |                    |         POWER |                   |      NONE |                    |         POWER |                   |      NONE |
| ffndown/lw_inst/weight_mem/weight_banks_8_0_ext/Memory                |           | 4096x72                | 4096x72                |                    |               |                   |           |                    |               |                   |           |
|  ffndown/lw_inst/weight_mem/weight_banks_8_0_ext/Memory_reg_uram_0    | URAM288   |  A:A:4096x72           |  B:B:4096x72           |                    |         POWER |                   |      NONE |                    |         POWER |                   |      NONE |
| ffndown/lw_inst/weight_mem/weight_banks_8_1_ext/Memory                |           | 4096x72                | 4096x72                |                    |               |                   |           |                    |               |                   |           |
|  ffndown/lw_inst/weight_mem/weight_banks_8_1_ext/Memory_reg_uram_0    | URAM288   |  A:A:4096x72           |  B:B:4096x72           |                    |         POWER |                   |      NONE |                    |         POWER |                   |      NONE |
| ffndown/lw_inst/weight_mem/weight_banks_8_2_ext/Memory                |           | 4096x72                | 4096x72                |                    |               |                   |           |                    |               |                   |           |
|  ffndown/lw_inst/weight_mem/weight_banks_8_2_ext/Memory_reg_uram_0    | URAM288   |  A:A:4096x72           |  B:B:4096x72           |                    |         POWER |                   |      NONE |                    |         POWER |                   |      NONE |
| ffndown/lw_inst/weight_mem/weight_banks_8_3_ext/Memory                |           | 4096x72                | 4096x72                |                    |               |                   |           |                    |               |                   |           |
|  ffndown/lw_inst/weight_mem/weight_banks_8_3_ext/Memory_reg_uram_0    | URAM288   |  A:A:4096x72           |  B:B:4096x72           |                    |         POWER |                   |      NONE |                    |         POWER |                   |      NONE |
| ffndown/lw_inst/weight_mem/weight_banks_9_0_ext/Memory                |           | 4096x72                | 4096x72                |                    |               |                   |           |                    |               |                   |           |
|  ffndown/lw_inst/weight_mem/weight_banks_9_0_ext/Memory_reg_uram_0    | URAM288   |  A:A:4096x72           |  B:B:4096x72           |                    |         POWER |                   |      NONE |                    |         POWER |                   |      NONE |
| ffndown/lw_inst/weight_mem/weight_banks_9_1_ext/Memory                |           | 4096x72                | 4096x72                |                    |               |                   |           |                    |               |                   |           |
|  ffndown/lw_inst/weight_mem/weight_banks_9_1_ext/Memory_reg_uram_0    | URAM288   |  A:A:4096x72           |  B:B:4096x72           |                    |         POWER |                   |      NONE |                    |         POWER |                   |      NONE |
| ffndown/lw_inst/weight_mem/weight_banks_9_2_ext/Memory                |           | 4096x72                | 4096x72                |                    |               |                   |           |                    |               |                   |           |
|  ffndown/lw_inst/weight_mem/weight_banks_9_2_ext/Memory_reg_uram_0    | URAM288   |  A:A:4096x72           |  B:B:4096x72           |                    |         POWER |                   |      NONE |                    |         POWER |                   |      NONE |
| ffndown/lw_inst/weight_mem/weight_banks_9_3_ext/Memory                |           | 4096x72                | 4096x72                |                    |               |                   |           |                    |               |                   |           |
|  ffndown/lw_inst/weight_mem/weight_banks_9_3_ext/Memory_reg_uram_0    | URAM288   |  A:A:4096x72           |  B:B:4096x72           |                    |         POWER |                   |      NONE |                    |         POWER |                   |      NONE |
| ffnup/lw_inst/weight_mem/weight_banks_0_0_ext/Memory                  |           | 4096x72                | 4096x72                |                    |               |                   |           |                    |               |                   |           |
|  ffnup/lw_inst/weight_mem/weight_banks_0_0_ext/Memory_reg_uram_0      | URAM288   |  A:A:4096x72           |  B:B:4096x72           |                    |         POWER |                   |      NONE |                    |         POWER |                   |      NONE |
| ffnup/lw_inst/weight_mem/weight_banks_0_1_ext/Memory                  |           | 4096x72                | 4096x72                |                    |               |                   |           |                    |               |                   |           |
|  ffnup/lw_inst/weight_mem/weight_banks_0_1_ext/Memory_reg_uram_0      | URAM288   |  A:A:4096x72           |  B:B:4096x72           |                    |         POWER |                   |      NONE |                    |         POWER |                   |      NONE |
| ffnup/lw_inst/weight_mem/weight_banks_0_2_ext/Memory                  |           | 4096x72                | 4096x72                |                    |               |                   |           |                    |               |                   |           |
|  ffnup/lw_inst/weight_mem/weight_banks_0_2_ext/Memory_reg_uram_0      | URAM288   |  A:A:4096x72           |  B:B:4096x72           |                    |         POWER |                   |      NONE |                    |         POWER |                   |      NONE |
| ffnup/lw_inst/weight_mem/weight_banks_0_3_ext/Memory                  |           | 4096x72                | 4096x72                |                    |               |                   |           |                    |               |                   |           |
|  ffnup/lw_inst/weight_mem/weight_banks_0_3_ext/Memory_reg_uram_0      | URAM288   |  A:A:4096x72           |  B:B:4096x72           |                    |         POWER |                   |      NONE |                    |         POWER |                   |      NONE |
| ffnup/lw_inst/weight_mem/weight_banks_10_0_ext/Memory                 |           | 4096x72                | 4096x72                |                    |               |                   |           |                    |               |                   |           |
|  ffnup/lw_inst/weight_mem/weight_banks_10_0_ext/Memory_reg_uram_0     | URAM288   |  A:A:4096x72           |  B:B:4096x72           |                    |         POWER |                   |      NONE |                    |         POWER |                   |      NONE |
| ffnup/lw_inst/weight_mem/weight_banks_10_1_ext/Memory                 |           | 4096x72                | 4096x72                |                    |               |                   |           |                    |               |                   |           |
|  ffnup/lw_inst/weight_mem/weight_banks_10_1_ext/Memory_reg_uram_0     | URAM288   |  A:A:4096x72           |  B:B:4096x72           |                    |         POWER |                   |      NONE |                    |         POWER |                   |      NONE |
| ffnup/lw_inst/weight_mem/weight_banks_10_2_ext/Memory                 |           | 4096x72                | 4096x72                |                    |               |                   |           |                    |               |                   |           |
|  ffnup/lw_inst/weight_mem/weight_banks_10_2_ext/Memory_reg_uram_0     | URAM288   |  A:A:4096x72           |  B:B:4096x72           |                    |         POWER |                   |      NONE |                    |         POWER |                   |      NONE |
| ffnup/lw_inst/weight_mem/weight_banks_10_3_ext/Memory                 |           | 4096x72                | 4096x72                |                    |               |                   |           |                    |               |                   |           |
|  ffnup/lw_inst/weight_mem/weight_banks_10_3_ext/Memory_reg_uram_0     | URAM288   |  A:A:4096x72           |  B:B:4096x72           |                    |         POWER |                   |      NONE |                    |         POWER |                   |      NONE |
| ffnup/lw_inst/weight_mem/weight_banks_11_0_ext/Memory                 |           | 4096x72                | 4096x72                |                    |               |                   |           |                    |               |                   |           |
|  ffnup/lw_inst/weight_mem/weight_banks_11_0_ext/Memory_reg_uram_0     | URAM288   |  A:A:4096x72           |  B:B:4096x72           |                    |         POWER |                   |      NONE |                    |         POWER |                   |      NONE |
| ffnup/lw_inst/weight_mem/weight_banks_11_1_ext/Memory                 |           | 4096x72                | 4096x72                |                    |               |                   |           |                    |               |                   |           |
|  ffnup/lw_inst/weight_mem/weight_banks_11_1_ext/Memory_reg_uram_0     | URAM288   |  A:A:4096x72           |  B:B:4096x72           |                    |         POWER |                   |      NONE |                    |         POWER |                   |      NONE |
| ffnup/lw_inst/weight_mem/weight_banks_11_2_ext/Memory                 |           | 4096x72                | 4096x72                |                    |               |                   |           |                    |               |                   |           |
|  ffnup/lw_inst/weight_mem/weight_banks_11_2_ext/Memory_reg_uram_0     | URAM288   |  A:A:4096x72           |  B:B:4096x72           |                    |         POWER |                   |      NONE |                    |         POWER |                   |      NONE |
| ffnup/lw_inst/weight_mem/weight_banks_11_3_ext/Memory                 |           | 4096x72                | 4096x72                |                    |               |                   |           |                    |               |                   |           |
|  ffnup/lw_inst/weight_mem/weight_banks_11_3_ext/Memory_reg_uram_0     | URAM288   |  A:A:4096x72           |  B:B:4096x72           |                    |         POWER |                   |      NONE |                    |         POWER |                   |      NONE |
| ffnup/lw_inst/weight_mem/weight_banks_12_0_ext/Memory                 |           | 4096x72                | 4096x72                |                    |               |                   |           |                    |               |                   |           |
|  ffnup/lw_inst/weight_mem/weight_banks_12_0_ext/Memory_reg_uram_0     | URAM288   |  A:A:4096x72           |  B:B:4096x72           |                    |         POWER |                   |      NONE |                    |         POWER |                   |      NONE |
| ffnup/lw_inst/weight_mem/weight_banks_12_1_ext/Memory                 |           | 4096x72                | 4096x72                |                    |               |                   |           |                    |               |                   |           |
|  ffnup/lw_inst/weight_mem/weight_banks_12_1_ext/Memory_reg_uram_0     | URAM288   |  A:A:4096x72           |  B:B:4096x72           |                    |         POWER |                   |      NONE |                    |         POWER |                   |      NONE |
| ffnup/lw_inst/weight_mem/weight_banks_12_2_ext/Memory                 |           | 4096x72                | 4096x72                |                    |               |                   |           |                    |               |                   |           |
|  ffnup/lw_inst/weight_mem/weight_banks_12_2_ext/Memory_reg_uram_0     | URAM288   |  A:A:4096x72           |  B:B:4096x72           |                    |         POWER |                   |      NONE |                    |         POWER |                   |      NONE |
| ffnup/lw_inst/weight_mem/weight_banks_12_3_ext/Memory                 |           | 4096x72                | 4096x72                |                    |               |                   |           |                    |               |                   |           |
|  ffnup/lw_inst/weight_mem/weight_banks_12_3_ext/Memory_reg_uram_0     | URAM288   |  A:A:4096x72           |  B:B:4096x72           |                    |         POWER |                   |      NONE |                    |         POWER |                   |      NONE |
| ffnup/lw_inst/weight_mem/weight_banks_13_0_ext/Memory                 |           | 4096x72                | 4096x72                |                    |               |                   |           |                    |               |                   |           |
|  ffnup/lw_inst/weight_mem/weight_banks_13_0_ext/Memory_reg_uram_0     | URAM288   |  A:A:4096x72           |  B:B:4096x72           |                    |         POWER |                   |      NONE |                    |         POWER |                   |      NONE |
| ffnup/lw_inst/weight_mem/weight_banks_13_1_ext/Memory                 |           | 4096x72                | 4096x72                |                    |               |                   |           |                    |               |                   |           |
|  ffnup/lw_inst/weight_mem/weight_banks_13_1_ext/Memory_reg_uram_0     | URAM288   |  A:A:4096x72           |  B:B:4096x72           |                    |         POWER |                   |      NONE |                    |         POWER |                   |      NONE |
| ffnup/lw_inst/weight_mem/weight_banks_13_2_ext/Memory                 |           | 4096x72                | 4096x72                |                    |               |                   |           |                    |               |                   |           |
|  ffnup/lw_inst/weight_mem/weight_banks_13_2_ext/Memory_reg_uram_0     | URAM288   |  A:A:4096x72           |  B:B:4096x72           |                    |         POWER |                   |      NONE |                    |         POWER |                   |      NONE |
| ffnup/lw_inst/weight_mem/weight_banks_13_3_ext/Memory                 |           | 4096x72                | 4096x72                |                    |               |                   |           |                    |               |                   |           |
|  ffnup/lw_inst/weight_mem/weight_banks_13_3_ext/Memory_reg_uram_0     | URAM288   |  A:A:4096x72           |  B:B:4096x72           |                    |         POWER |                   |      NONE |                    |         POWER |                   |      NONE |
| ffnup/lw_inst/weight_mem/weight_banks_14_0_ext/Memory                 |           | 4096x72                | 4096x72                |                    |               |                   |           |                    |               |                   |           |
|  ffnup/lw_inst/weight_mem/weight_banks_14_0_ext/Memory_reg_uram_0     | URAM288   |  A:A:4096x72           |  B:B:4096x72           |                    |         POWER |                   |      NONE |                    |         POWER |                   |      NONE |
| ffnup/lw_inst/weight_mem/weight_banks_14_1_ext/Memory                 |           | 4096x72                | 4096x72                |                    |               |                   |           |                    |               |                   |           |
|  ffnup/lw_inst/weight_mem/weight_banks_14_1_ext/Memory_reg_uram_0     | URAM288   |  A:A:4096x72           |  B:B:4096x72           |                    |         POWER |                   |      NONE |                    |         POWER |                   |      NONE |
| ffnup/lw_inst/weight_mem/weight_banks_14_2_ext/Memory                 |           | 4096x72                | 4096x72                |                    |               |                   |           |                    |               |                   |           |
|  ffnup/lw_inst/weight_mem/weight_banks_14_2_ext/Memory_reg_uram_0     | URAM288   |  A:A:4096x72           |  B:B:4096x72           |                    |         POWER |                   |      NONE |                    |         POWER |                   |      NONE |
| ffnup/lw_inst/weight_mem/weight_banks_14_3_ext/Memory                 |           | 4096x72                | 4096x72                |                    |               |                   |           |                    |               |                   |           |
|  ffnup/lw_inst/weight_mem/weight_banks_14_3_ext/Memory_reg_uram_0     | URAM288   |  A:A:4096x72           |  B:B:4096x72           |                    |         POWER |                   |      NONE |                    |         POWER |                   |      NONE |
| ffnup/lw_inst/weight_mem/weight_banks_15_0_ext/Memory                 |           | 4096x72                | 4096x72                |                    |               |                   |           |                    |               |                   |           |
|  ffnup/lw_inst/weight_mem/weight_banks_15_0_ext/Memory_reg_uram_0     | URAM288   |  A:A:4096x72           |  B:B:4096x72           |                    |         POWER |                   |      NONE |                    |         POWER |                   |      NONE |
| ffnup/lw_inst/weight_mem/weight_banks_15_1_ext/Memory                 |           | 4096x72                | 4096x72                |                    |               |                   |           |                    |               |                   |           |
|  ffnup/lw_inst/weight_mem/weight_banks_15_1_ext/Memory_reg_uram_0     | URAM288   |  A:A:4096x72           |  B:B:4096x72           |                    |         POWER |                   |      NONE |                    |         POWER |                   |      NONE |
| ffnup/lw_inst/weight_mem/weight_banks_15_2_ext/Memory                 |           | 4096x72                | 4096x72                |                    |               |                   |           |                    |               |                   |           |
|  ffnup/lw_inst/weight_mem/weight_banks_15_2_ext/Memory_reg_uram_0     | URAM288   |  A:A:4096x72           |  B:B:4096x72           |                    |         POWER |                   |      NONE |                    |         POWER |                   |      NONE |
| ffnup/lw_inst/weight_mem/weight_banks_15_3_ext/Memory                 |           | 4096x72                | 4096x72                |                    |               |                   |           |                    |               |                   |           |
|  ffnup/lw_inst/weight_mem/weight_banks_15_3_ext/Memory_reg_uram_0     | URAM288   |  A:A:4096x72           |  B:B:4096x72           |                    |         POWER |                   |      NONE |                    |         POWER |                   |      NONE |
| ffnup/lw_inst/weight_mem/weight_banks_16_0_ext/Memory                 |           | 4096x72                | 4096x72                |                    |               |                   |           |                    |               |                   |           |
|  ffnup/lw_inst/weight_mem/weight_banks_16_0_ext/Memory_reg_uram_0     | URAM288   |  A:A:4096x72           |  B:B:4096x72           |                    |         POWER |                   |      NONE |                    |         POWER |                   |      NONE |
| ffnup/lw_inst/weight_mem/weight_banks_16_1_ext/Memory                 |           | 4096x72                | 4096x72                |                    |               |                   |           |                    |               |                   |           |
|  ffnup/lw_inst/weight_mem/weight_banks_16_1_ext/Memory_reg_uram_0     | URAM288   |  A:A:4096x72           |  B:B:4096x72           |                    |         POWER |                   |      NONE |                    |         POWER |                   |      NONE |
| ffnup/lw_inst/weight_mem/weight_banks_16_2_ext/Memory                 |           | 4096x72                | 4096x72                |                    |               |                   |           |                    |               |                   |           |
|  ffnup/lw_inst/weight_mem/weight_banks_16_2_ext/Memory_reg_uram_0     | URAM288   |  A:A:4096x72           |  B:B:4096x72           |                    |         POWER |                   |      NONE |                    |         POWER |                   |      NONE |
| ffnup/lw_inst/weight_mem/weight_banks_16_3_ext/Memory                 |           | 4096x72                | 4096x72                |                    |               |                   |           |                    |               |                   |           |
|  ffnup/lw_inst/weight_mem/weight_banks_16_3_ext/Memory_reg_uram_0     | URAM288   |  A:A:4096x72           |  B:B:4096x72           |                    |         POWER |                   |      NONE |                    |         POWER |                   |      NONE |
| ffnup/lw_inst/weight_mem/weight_banks_1_0_ext/Memory                  |           | 4096x72                | 4096x72                |                    |               |                   |           |                    |               |                   |           |
|  ffnup/lw_inst/weight_mem/weight_banks_1_0_ext/Memory_reg_uram_0      | URAM288   |  A:A:4096x72           |  B:B:4096x72           |                    |         POWER |                   |      NONE |                    |         POWER |                   |      NONE |
| ffnup/lw_inst/weight_mem/weight_banks_1_1_ext/Memory                  |           | 4096x72                | 4096x72                |                    |               |                   |           |                    |               |                   |           |
|  ffnup/lw_inst/weight_mem/weight_banks_1_1_ext/Memory_reg_uram_0      | URAM288   |  A:A:4096x72           |  B:B:4096x72           |                    |         POWER |                   |      NONE |                    |         POWER |                   |      NONE |
| ffnup/lw_inst/weight_mem/weight_banks_1_2_ext/Memory                  |           | 4096x72                | 4096x72                |                    |               |                   |           |                    |               |                   |           |
|  ffnup/lw_inst/weight_mem/weight_banks_1_2_ext/Memory_reg_uram_0      | URAM288   |  A:A:4096x72           |  B:B:4096x72           |                    |         POWER |                   |      NONE |                    |         POWER |                   |      NONE |
| ffnup/lw_inst/weight_mem/weight_banks_1_3_ext/Memory                  |           | 4096x72                | 4096x72                |                    |               |                   |           |                    |               |                   |           |
|  ffnup/lw_inst/weight_mem/weight_banks_1_3_ext/Memory_reg_uram_0      | URAM288   |  A:A:4096x72           |  B:B:4096x72           |                    |         POWER |                   |      NONE |                    |         POWER |                   |      NONE |
| ffnup/lw_inst/weight_mem/weight_banks_2_0_ext/Memory                  |           | 4096x72                | 4096x72                |                    |               |                   |           |                    |               |                   |           |
|  ffnup/lw_inst/weight_mem/weight_banks_2_0_ext/Memory_reg_uram_0      | URAM288   |  A:A:4096x72           |  B:B:4096x72           |                    |         POWER |                   |      NONE |                    |         POWER |                   |      NONE |
| ffnup/lw_inst/weight_mem/weight_banks_2_1_ext/Memory                  |           | 4096x72                | 4096x72                |                    |               |                   |           |                    |               |                   |           |
|  ffnup/lw_inst/weight_mem/weight_banks_2_1_ext/Memory_reg_uram_0      | URAM288   |  A:A:4096x72           |  B:B:4096x72           |                    |         POWER |                   |      NONE |                    |         POWER |                   |      NONE |
| ffnup/lw_inst/weight_mem/weight_banks_2_2_ext/Memory                  |           | 4096x72                | 4096x72                |                    |               |                   |           |                    |               |                   |           |
|  ffnup/lw_inst/weight_mem/weight_banks_2_2_ext/Memory_reg_uram_0      | URAM288   |  A:A:4096x72           |  B:B:4096x72           |                    |         POWER |                   |      NONE |                    |         POWER |                   |      NONE |
| ffnup/lw_inst/weight_mem/weight_banks_2_3_ext/Memory                  |           | 4096x72                | 4096x72                |                    |               |                   |           |                    |               |                   |           |
|  ffnup/lw_inst/weight_mem/weight_banks_2_3_ext/Memory_reg_uram_0      | URAM288   |  A:A:4096x72           |  B:B:4096x72           |                    |         POWER |                   |      NONE |                    |         POWER |                   |      NONE |
| ffnup/lw_inst/weight_mem/weight_banks_3_0_ext/Memory                  |           | 4096x72                | 4096x72                |                    |               |                   |           |                    |               |                   |           |
|  ffnup/lw_inst/weight_mem/weight_banks_3_0_ext/Memory_reg_uram_0      | URAM288   |  A:A:4096x72           |  B:B:4096x72           |                    |         POWER |                   |      NONE |                    |         POWER |                   |      NONE |
| ffnup/lw_inst/weight_mem/weight_banks_3_1_ext/Memory                  |           | 4096x72                | 4096x72                |                    |               |                   |           |                    |               |                   |           |
|  ffnup/lw_inst/weight_mem/weight_banks_3_1_ext/Memory_reg_uram_0      | URAM288   |  A:A:4096x72           |  B:B:4096x72           |                    |         POWER |                   |      NONE |                    |         POWER |                   |      NONE |
| ffnup/lw_inst/weight_mem/weight_banks_3_2_ext/Memory                  |           | 4096x72                | 4096x72                |                    |               |                   |           |                    |               |                   |           |
|  ffnup/lw_inst/weight_mem/weight_banks_3_2_ext/Memory_reg_uram_0      | URAM288   |  A:A:4096x72           |  B:B:4096x72           |                    |         POWER |                   |      NONE |                    |         POWER |                   |      NONE |
| ffnup/lw_inst/weight_mem/weight_banks_3_3_ext/Memory                  |           | 4096x72                | 4096x72                |                    |               |                   |           |                    |               |                   |           |
|  ffnup/lw_inst/weight_mem/weight_banks_3_3_ext/Memory_reg_uram_0      | URAM288   |  A:A:4096x72           |  B:B:4096x72           |                    |         POWER |                   |      NONE |                    |         POWER |                   |      NONE |
| ffnup/lw_inst/weight_mem/weight_banks_4_0_ext/Memory                  |           | 4096x72                | 4096x72                |                    |               |                   |           |                    |               |                   |           |
|  ffnup/lw_inst/weight_mem/weight_banks_4_0_ext/Memory_reg_uram_0      | URAM288   |  A:A:4096x72           |  B:B:4096x72           |                    |         POWER |                   |      NONE |                    |         POWER |                   |      NONE |
| ffnup/lw_inst/weight_mem/weight_banks_4_1_ext/Memory                  |           | 4096x72                | 4096x72                |                    |               |                   |           |                    |               |                   |           |
|  ffnup/lw_inst/weight_mem/weight_banks_4_1_ext/Memory_reg_uram_0      | URAM288   |  A:A:4096x72           |  B:B:4096x72           |                    |         POWER |                   |      NONE |                    |         POWER |                   |      NONE |
| ffnup/lw_inst/weight_mem/weight_banks_4_2_ext/Memory                  |           | 4096x72                | 4096x72                |                    |               |                   |           |                    |               |                   |           |
|  ffnup/lw_inst/weight_mem/weight_banks_4_2_ext/Memory_reg_uram_0      | URAM288   |  A:A:4096x72           |  B:B:4096x72           |                    |         POWER |                   |      NONE |                    |         POWER |                   |      NONE |
| ffnup/lw_inst/weight_mem/weight_banks_4_3_ext/Memory                  |           | 4096x72                | 4096x72                |                    |               |                   |           |                    |               |                   |           |
|  ffnup/lw_inst/weight_mem/weight_banks_4_3_ext/Memory_reg_uram_0      | URAM288   |  A:A:4096x72           |  B:B:4096x72           |                    |         POWER |                   |      NONE |                    |         POWER |                   |      NONE |
| ffnup/lw_inst/weight_mem/weight_banks_5_0_ext/Memory                  |           | 4096x72                | 4096x72                |                    |               |                   |           |                    |               |                   |           |
|  ffnup/lw_inst/weight_mem/weight_banks_5_0_ext/Memory_reg_uram_0      | URAM288   |  A:A:4096x72           |  B:B:4096x72           |                    |         POWER |                   |      NONE |                    |         POWER |                   |      NONE |
| ffnup/lw_inst/weight_mem/weight_banks_5_1_ext/Memory                  |           | 4096x72                | 4096x72                |                    |               |                   |           |                    |               |                   |           |
|  ffnup/lw_inst/weight_mem/weight_banks_5_1_ext/Memory_reg_uram_0      | URAM288   |  A:A:4096x72           |  B:B:4096x72           |                    |         POWER |                   |      NONE |                    |         POWER |                   |      NONE |
| ffnup/lw_inst/weight_mem/weight_banks_5_2_ext/Memory                  |           | 4096x72                | 4096x72                |                    |               |                   |           |                    |               |                   |           |
|  ffnup/lw_inst/weight_mem/weight_banks_5_2_ext/Memory_reg_uram_0      | URAM288   |  A:A:4096x72           |  B:B:4096x72           |                    |         POWER |                   |      NONE |                    |         POWER |                   |      NONE |
| ffnup/lw_inst/weight_mem/weight_banks_5_3_ext/Memory                  |           | 4096x72                | 4096x72                |                    |               |                   |           |                    |               |                   |           |
|  ffnup/lw_inst/weight_mem/weight_banks_5_3_ext/Memory_reg_uram_0      | URAM288   |  A:A:4096x72           |  B:B:4096x72           |                    |         POWER |                   |      NONE |                    |         POWER |                   |      NONE |
| ffnup/lw_inst/weight_mem/weight_banks_6_0_ext/Memory                  |           | 4096x72                | 4096x72                |                    |               |                   |           |                    |               |                   |           |
|  ffnup/lw_inst/weight_mem/weight_banks_6_0_ext/Memory_reg_uram_0      | URAM288   |  A:A:4096x72           |  B:B:4096x72           |                    |         POWER |                   |      NONE |                    |         POWER |                   |      NONE |
| ffnup/lw_inst/weight_mem/weight_banks_6_1_ext/Memory                  |           | 4096x72                | 4096x72                |                    |               |                   |           |                    |               |                   |           |
|  ffnup/lw_inst/weight_mem/weight_banks_6_1_ext/Memory_reg_uram_0      | URAM288   |  A:A:4096x72           |  B:B:4096x72           |                    |         POWER |                   |      NONE |                    |         POWER |                   |      NONE |
| ffnup/lw_inst/weight_mem/weight_banks_6_2_ext/Memory                  |           | 4096x72                | 4096x72                |                    |               |                   |           |                    |               |                   |           |
|  ffnup/lw_inst/weight_mem/weight_banks_6_2_ext/Memory_reg_uram_0      | URAM288   |  A:A:4096x72           |  B:B:4096x72           |                    |         POWER |                   |      NONE |                    |         POWER |                   |      NONE |
| ffnup/lw_inst/weight_mem/weight_banks_6_3_ext/Memory                  |           | 4096x72                | 4096x72                |                    |               |                   |           |                    |               |                   |           |
|  ffnup/lw_inst/weight_mem/weight_banks_6_3_ext/Memory_reg_uram_0      | URAM288   |  A:A:4096x72           |  B:B:4096x72           |                    |         POWER |                   |      NONE |                    |         POWER |                   |      NONE |
| ffnup/lw_inst/weight_mem/weight_banks_7_0_ext/Memory                  |           | 4096x72                | 4096x72                |                    |               |                   |           |                    |               |                   |           |
|  ffnup/lw_inst/weight_mem/weight_banks_7_0_ext/Memory_reg_uram_0      | URAM288   |  A:A:4096x72           |  B:B:4096x72           |                    |         POWER |                   |      NONE |                    |         POWER |                   |      NONE |
| ffnup/lw_inst/weight_mem/weight_banks_7_1_ext/Memory                  |           | 4096x72                | 4096x72                |                    |               |                   |           |                    |               |                   |           |
|  ffnup/lw_inst/weight_mem/weight_banks_7_1_ext/Memory_reg_uram_0      | URAM288   |  A:A:4096x72           |  B:B:4096x72           |                    |         POWER |                   |      NONE |                    |         POWER |                   |      NONE |
| ffnup/lw_inst/weight_mem/weight_banks_7_2_ext/Memory                  |           | 4096x72                | 4096x72                |                    |               |                   |           |                    |               |                   |           |
|  ffnup/lw_inst/weight_mem/weight_banks_7_2_ext/Memory_reg_uram_0      | URAM288   |  A:A:4096x72           |  B:B:4096x72           |                    |         POWER |                   |      NONE |                    |         POWER |                   |      NONE |
| ffnup/lw_inst/weight_mem/weight_banks_7_3_ext/Memory                  |           | 4096x72                | 4096x72                |                    |               |                   |           |                    |               |                   |           |
|  ffnup/lw_inst/weight_mem/weight_banks_7_3_ext/Memory_reg_uram_0      | URAM288   |  A:A:4096x72           |  B:B:4096x72           |                    |         POWER |                   |      NONE |                    |         POWER |                   |      NONE |
| ffnup/lw_inst/weight_mem/weight_banks_8_0_ext/Memory                  |           | 4096x72                | 4096x72                |                    |               |                   |           |                    |               |                   |           |
|  ffnup/lw_inst/weight_mem/weight_banks_8_0_ext/Memory_reg_uram_0      | URAM288   |  A:A:4096x72           |  B:B:4096x72           |                    |         POWER |                   |      NONE |                    |         POWER |                   |      NONE |
| ffnup/lw_inst/weight_mem/weight_banks_8_1_ext/Memory                  |           | 4096x72                | 4096x72                |                    |               |                   |           |                    |               |                   |           |
|  ffnup/lw_inst/weight_mem/weight_banks_8_1_ext/Memory_reg_uram_0      | URAM288   |  A:A:4096x72           |  B:B:4096x72           |                    |         POWER |                   |      NONE |                    |         POWER |                   |      NONE |
| ffnup/lw_inst/weight_mem/weight_banks_8_2_ext/Memory                  |           | 4096x72                | 4096x72                |                    |               |                   |           |                    |               |                   |           |
|  ffnup/lw_inst/weight_mem/weight_banks_8_2_ext/Memory_reg_uram_0      | URAM288   |  A:A:4096x72           |  B:B:4096x72           |                    |         POWER |                   |      NONE |                    |         POWER |                   |      NONE |
| ffnup/lw_inst/weight_mem/weight_banks_8_3_ext/Memory                  |           | 4096x72                | 4096x72                |                    |               |                   |           |                    |               |                   |           |
|  ffnup/lw_inst/weight_mem/weight_banks_8_3_ext/Memory_reg_uram_0      | URAM288   |  A:A:4096x72           |  B:B:4096x72           |                    |         POWER |                   |      NONE |                    |         POWER |                   |      NONE |
| ffnup/lw_inst/weight_mem/weight_banks_9_0_ext/Memory                  |           | 4096x72                | 4096x72                |                    |               |                   |           |                    |               |                   |           |
|  ffnup/lw_inst/weight_mem/weight_banks_9_0_ext/Memory_reg_uram_0      | URAM288   |  A:A:4096x72           |  B:B:4096x72           |                    |         POWER |                   |      NONE |                    |         POWER |                   |      NONE |
| ffnup/lw_inst/weight_mem/weight_banks_9_1_ext/Memory                  |           | 4096x72                | 4096x72                |                    |               |                   |           |                    |               |                   |           |
|  ffnup/lw_inst/weight_mem/weight_banks_9_1_ext/Memory_reg_uram_0      | URAM288   |  A:A:4096x72           |  B:B:4096x72           |                    |         POWER |                   |      NONE |                    |         POWER |                   |      NONE |
| ffnup/lw_inst/weight_mem/weight_banks_9_2_ext/Memory                  |           | 4096x72                | 4096x72                |                    |               |                   |           |                    |               |                   |           |
|  ffnup/lw_inst/weight_mem/weight_banks_9_2_ext/Memory_reg_uram_0      | URAM288   |  A:A:4096x72           |  B:B:4096x72           |                    |         POWER |                   |      NONE |                    |         POWER |                   |      NONE |
| ffnup/lw_inst/weight_mem/weight_banks_9_3_ext/Memory                  |           | 4096x72                | 4096x72                |                    |               |                   |           |                    |               |                   |           |
|  ffnup/lw_inst/weight_mem/weight_banks_9_3_ext/Memory_reg_uram_0      | URAM288   |  A:A:4096x72           |  B:B:4096x72           |                    |         POWER |                   |      NONE |                    |         POWER |                   |      NONE |
| outlinear/lw_inst/weight_mem/weight_banks_0_0_ext/Memory              |           | 4096x72                | 4096x72                |                    |               |                   |           |                    |               |                   |           |
|  outlinear/lw_inst/weight_mem/weight_banks_0_0_ext/Memory_reg_uram_0  | URAM288   |  A:A:4096x72           |  B:B:4096x72           |                    |         POWER |                   |      NONE |                    |         POWER |                   |      NONE |
| outlinear/lw_inst/weight_mem/weight_banks_0_1_ext/Memory              |           | 4096x72                | 4096x72                |                    |               |                   |           |                    |               |                   |           |
|  outlinear/lw_inst/weight_mem/weight_banks_0_1_ext/Memory_reg_uram_0  | URAM288   |  A:A:4096x72           |  B:B:4096x72           |                    |         POWER |                   |      NONE |                    |         POWER |                   |      NONE |
| outlinear/lw_inst/weight_mem/weight_banks_0_2_ext/Memory              |           | 4096x72                | 4096x72                |                    |               |                   |           |                    |               |                   |           |
|  outlinear/lw_inst/weight_mem/weight_banks_0_2_ext/Memory_reg_uram_0  | URAM288   |  A:A:4096x72           |  B:B:4096x72           |                    |         POWER |                   |      NONE |                    |         POWER |                   |      NONE |
| outlinear/lw_inst/weight_mem/weight_banks_0_3_ext/Memory              |           | 4096x72                | 4096x72                |                    |               |                   |           |                    |               |                   |           |
|  outlinear/lw_inst/weight_mem/weight_banks_0_3_ext/Memory_reg_uram_0  | URAM288   |  A:A:4096x72           |  B:B:4096x72           |                    |         POWER |                   |      NONE |                    |         POWER |                   |      NONE |
| outlinear/lw_inst/weight_mem/weight_banks_1_0_ext/Memory              |           | 4096x72                | 4096x72                |                    |               |                   |           |                    |               |                   |           |
|  outlinear/lw_inst/weight_mem/weight_banks_1_0_ext/Memory_reg_uram_0  | URAM288   |  A:A:4096x72           |  B:B:4096x72           |                    |         POWER |                   |      NONE |                    |         POWER |                   |      NONE |
| outlinear/lw_inst/weight_mem/weight_banks_1_1_ext/Memory              |           | 4096x72                | 4096x72                |                    |               |                   |           |                    |               |                   |           |
|  outlinear/lw_inst/weight_mem/weight_banks_1_1_ext/Memory_reg_uram_0  | URAM288   |  A:A:4096x72           |  B:B:4096x72           |                    |         POWER |                   |      NONE |                    |         POWER |                   |      NONE |
| outlinear/lw_inst/weight_mem/weight_banks_1_2_ext/Memory              |           | 4096x72                | 4096x72                |                    |               |                   |           |                    |               |                   |           |
|  outlinear/lw_inst/weight_mem/weight_banks_1_2_ext/Memory_reg_uram_0  | URAM288   |  A:A:4096x72           |  B:B:4096x72           |                    |         POWER |                   |      NONE |                    |         POWER |                   |      NONE |
| outlinear/lw_inst/weight_mem/weight_banks_1_3_ext/Memory              |           | 4096x72                | 4096x72                |                    |               |                   |           |                    |               |                   |           |
|  outlinear/lw_inst/weight_mem/weight_banks_1_3_ext/Memory_reg_uram_0  | URAM288   |  A:A:4096x72           |  B:B:4096x72           |                    |         POWER |                   |      NONE |                    |         POWER |                   |      NONE |
| outlinear/lw_inst/weight_mem/weight_banks_2_0_ext/Memory              |           | 4096x72                | 4096x72                |                    |               |                   |           |                    |               |                   |           |
|  outlinear/lw_inst/weight_mem/weight_banks_2_0_ext/Memory_reg_uram_0  | URAM288   |  A:A:4096x72           |  B:B:4096x72           |                    |         POWER |                   |      NONE |                    |         POWER |                   |      NONE |
| outlinear/lw_inst/weight_mem/weight_banks_2_1_ext/Memory              |           | 4096x72                | 4096x72                |                    |               |                   |           |                    |               |                   |           |
|  outlinear/lw_inst/weight_mem/weight_banks_2_1_ext/Memory_reg_uram_0  | URAM288   |  A:A:4096x72           |  B:B:4096x72           |                    |         POWER |                   |      NONE |                    |         POWER |                   |      NONE |
| outlinear/lw_inst/weight_mem/weight_banks_2_2_ext/Memory              |           | 4096x72                | 4096x72                |                    |               |                   |           |                    |               |                   |           |
|  outlinear/lw_inst/weight_mem/weight_banks_2_2_ext/Memory_reg_uram_0  | URAM288   |  A:A:4096x72           |  B:B:4096x72           |                    |         POWER |                   |      NONE |                    |         POWER |                   |      NONE |
| outlinear/lw_inst/weight_mem/weight_banks_2_3_ext/Memory              |           | 4096x72                | 4096x72                |                    |               |                   |           |                    |               |                   |           |
|  outlinear/lw_inst/weight_mem/weight_banks_2_3_ext/Memory_reg_uram_0  | URAM288   |  A:A:4096x72           |  B:B:4096x72           |                    |         POWER |                   |      NONE |                    |         POWER |                   |      NONE |
| outlinear/lw_inst/weight_mem/weight_banks_3_0_ext/Memory              |           | 4096x72                | 4096x72                |                    |               |                   |           |                    |               |                   |           |
|  outlinear/lw_inst/weight_mem/weight_banks_3_0_ext/Memory_reg_uram_0  | URAM288   |  A:A:4096x72           |  B:B:4096x72           |                    |         POWER |                   |      NONE |                    |         POWER |                   |      NONE |
| outlinear/lw_inst/weight_mem/weight_banks_3_1_ext/Memory              |           | 4096x72                | 4096x72                |                    |               |                   |           |                    |               |                   |           |
|  outlinear/lw_inst/weight_mem/weight_banks_3_1_ext/Memory_reg_uram_0  | URAM288   |  A:A:4096x72           |  B:B:4096x72           |                    |         POWER |                   |      NONE |                    |         POWER |                   |      NONE |
| outlinear/lw_inst/weight_mem/weight_banks_3_2_ext/Memory              |           | 4096x72                | 4096x72                |                    |               |                   |           |                    |               |                   |           |
|  outlinear/lw_inst/weight_mem/weight_banks_3_2_ext/Memory_reg_uram_0  | URAM288   |  A:A:4096x72           |  B:B:4096x72           |                    |         POWER |                   |      NONE |                    |         POWER |                   |      NONE |
| outlinear/lw_inst/weight_mem/weight_banks_3_3_ext/Memory              |           | 4096x72                | 4096x72                |                    |               |                   |           |                    |               |                   |           |
|  outlinear/lw_inst/weight_mem/weight_banks_3_3_ext/Memory_reg_uram_0  | URAM288   |  A:A:4096x72           |  B:B:4096x72           |                    |         POWER |                   |      NONE |                    |         POWER |                   |      NONE |
| outlinear/lw_inst/weight_mem/weight_banks_4_0_ext/Memory              |           | 4096x72                | 4096x72                |                    |               |                   |           |                    |               |                   |           |
|  outlinear/lw_inst/weight_mem/weight_banks_4_0_ext/Memory_reg_uram_0  | URAM288   |  A:A:4096x72           |  B:B:4096x72           |                    |         POWER |                   |      NONE |                    |         POWER |                   |      NONE |
| outlinear/lw_inst/weight_mem/weight_banks_4_1_ext/Memory              |           | 4096x72                | 4096x72                |                    |               |                   |           |                    |               |                   |           |
|  outlinear/lw_inst/weight_mem/weight_banks_4_1_ext/Memory_reg_uram_0  | URAM288   |  A:A:4096x72           |  B:B:4096x72           |                    |         POWER |                   |      NONE |                    |         POWER |                   |      NONE |
| outlinear/lw_inst/weight_mem/weight_banks_4_2_ext/Memory              |           | 4096x72                | 4096x72                |                    |               |                   |           |                    |               |                   |           |
|  outlinear/lw_inst/weight_mem/weight_banks_4_2_ext/Memory_reg_uram_0  | URAM288   |  A:A:4096x72           |  B:B:4096x72           |                    |         POWER |                   |      NONE |                    |         POWER |                   |      NONE |
| outlinear/lw_inst/weight_mem/weight_banks_4_3_ext/Memory              |           | 4096x72                | 4096x72                |                    |               |                   |           |                    |               |                   |           |
|  outlinear/lw_inst/weight_mem/weight_banks_4_3_ext/Memory_reg_uram_0  | URAM288   |  A:A:4096x72           |  B:B:4096x72           |                    |         POWER |                   |      NONE |                    |         POWER |                   |      NONE |
| qkvlinear/lw_inst/weight_mem/weight_banks_0_0_ext/Memory              |           | 4096x72                | 4096x72                |                    |               |                   |           |                    |               |                   |           |
|  qkvlinear/lw_inst/weight_mem/weight_banks_0_0_ext/Memory_reg_uram_0  | URAM288   |  A:A:4096x72           |  B:B:4096x72           |                    |         POWER |                   |      NONE |                    |         POWER |                   |      NONE |
| qkvlinear/lw_inst/weight_mem/weight_banks_0_1_ext/Memory              |           | 4096x72                | 4096x72                |                    |               |                   |           |                    |               |                   |           |
|  qkvlinear/lw_inst/weight_mem/weight_banks_0_1_ext/Memory_reg_uram_0  | URAM288   |  A:A:4096x72           |  B:B:4096x72           |                    |         POWER |                   |      NONE |                    |         POWER |                   |      NONE |
| qkvlinear/lw_inst/weight_mem/weight_banks_0_2_ext/Memory              |           | 4096x72                | 4096x72                |                    |               |                   |           |                    |               |                   |           |
|  qkvlinear/lw_inst/weight_mem/weight_banks_0_2_ext/Memory_reg_uram_0  | URAM288   |  A:A:4096x72           |  B:B:4096x72           |                    |         POWER |                   |      NONE |                    |         POWER |                   |      NONE |
| qkvlinear/lw_inst/weight_mem/weight_banks_0_3_ext/Memory              |           | 4096x72                | 4096x72                |                    |               |                   |           |                    |               |                   |           |
|  qkvlinear/lw_inst/weight_mem/weight_banks_0_3_ext/Memory_reg_uram_0  | URAM288   |  A:A:4096x72           |  B:B:4096x72           |                    |         POWER |                   |      NONE |                    |         POWER |                   |      NONE |
| qkvlinear/lw_inst/weight_mem/weight_banks_10_0_ext/Memory             |           | 4096x72                | 4096x72                |                    |               |                   |           |                    |               |                   |           |
|  qkvlinear/lw_inst/weight_mem/weight_banks_10_0_ext/Memory_reg_uram_0 | URAM288   |  A:A:4096x72           |  B:B:4096x72           |                    |         POWER |                   |      NONE |                    |         POWER |                   |      NONE |
| qkvlinear/lw_inst/weight_mem/weight_banks_10_1_ext/Memory             |           | 4096x72                | 4096x72                |                    |               |                   |           |                    |               |                   |           |
|  qkvlinear/lw_inst/weight_mem/weight_banks_10_1_ext/Memory_reg_uram_0 | URAM288   |  A:A:4096x72           |  B:B:4096x72           |                    |         POWER |                   |      NONE |                    |         POWER |                   |      NONE |
| qkvlinear/lw_inst/weight_mem/weight_banks_10_2_ext/Memory             |           | 4096x72                | 4096x72                |                    |               |                   |           |                    |               |                   |           |
|  qkvlinear/lw_inst/weight_mem/weight_banks_10_2_ext/Memory_reg_uram_0 | URAM288   |  A:A:4096x72           |  B:B:4096x72           |                    |         POWER |                   |      NONE |                    |         POWER |                   |      NONE |
| qkvlinear/lw_inst/weight_mem/weight_banks_10_3_ext/Memory             |           | 4096x72                | 4096x72                |                    |               |                   |           |                    |               |                   |           |
|  qkvlinear/lw_inst/weight_mem/weight_banks_10_3_ext/Memory_reg_uram_0 | URAM288   |  A:A:4096x72           |  B:B:4096x72           |                    |         POWER |                   |      NONE |                    |         POWER |                   |      NONE |
| qkvlinear/lw_inst/weight_mem/weight_banks_11_0_ext/Memory             |           | 4096x72                | 4096x72                |                    |               |                   |           |                    |               |                   |           |
|  qkvlinear/lw_inst/weight_mem/weight_banks_11_0_ext/Memory_reg_uram_0 | URAM288   |  A:A:4096x72           |  B:B:4096x72           |                    |         POWER |                   |      NONE |                    |         POWER |                   |      NONE |
| qkvlinear/lw_inst/weight_mem/weight_banks_11_1_ext/Memory             |           | 4096x72                | 4096x72                |                    |               |                   |           |                    |               |                   |           |
|  qkvlinear/lw_inst/weight_mem/weight_banks_11_1_ext/Memory_reg_uram_0 | URAM288   |  A:A:4096x72           |  B:B:4096x72           |                    |         POWER |                   |      NONE |                    |         POWER |                   |      NONE |
| qkvlinear/lw_inst/weight_mem/weight_banks_11_2_ext/Memory             |           | 4096x72                | 4096x72                |                    |               |                   |           |                    |               |                   |           |
|  qkvlinear/lw_inst/weight_mem/weight_banks_11_2_ext/Memory_reg_uram_0 | URAM288   |  A:A:4096x72           |  B:B:4096x72           |                    |         POWER |                   |      NONE |                    |         POWER |                   |      NONE |
| qkvlinear/lw_inst/weight_mem/weight_banks_11_3_ext/Memory             |           | 4096x72                | 4096x72                |                    |               |                   |           |                    |               |                   |           |
|  qkvlinear/lw_inst/weight_mem/weight_banks_11_3_ext/Memory_reg_uram_0 | URAM288   |  A:A:4096x72           |  B:B:4096x72           |                    |         POWER |                   |      NONE |                    |         POWER |                   |      NONE |
| qkvlinear/lw_inst/weight_mem/weight_banks_1_0_ext/Memory              |           | 4096x72                | 4096x72                |                    |               |                   |           |                    |               |                   |           |
|  qkvlinear/lw_inst/weight_mem/weight_banks_1_0_ext/Memory_reg_uram_0  | URAM288   |  A:A:4096x72           |  B:B:4096x72           |                    |         POWER |                   |      NONE |                    |         POWER |                   |      NONE |
| qkvlinear/lw_inst/weight_mem/weight_banks_1_1_ext/Memory              |           | 4096x72                | 4096x72                |                    |               |                   |           |                    |               |                   |           |
|  qkvlinear/lw_inst/weight_mem/weight_banks_1_1_ext/Memory_reg_uram_0  | URAM288   |  A:A:4096x72           |  B:B:4096x72           |                    |         POWER |                   |      NONE |                    |         POWER |                   |      NONE |
| qkvlinear/lw_inst/weight_mem/weight_banks_1_2_ext/Memory              |           | 4096x72                | 4096x72                |                    |               |                   |           |                    |               |                   |           |
|  qkvlinear/lw_inst/weight_mem/weight_banks_1_2_ext/Memory_reg_uram_0  | URAM288   |  A:A:4096x72           |  B:B:4096x72           |                    |         POWER |                   |      NONE |                    |         POWER |                   |      NONE |
| qkvlinear/lw_inst/weight_mem/weight_banks_1_3_ext/Memory              |           | 4096x72                | 4096x72                |                    |               |                   |           |                    |               |                   |           |
|  qkvlinear/lw_inst/weight_mem/weight_banks_1_3_ext/Memory_reg_uram_0  | URAM288   |  A:A:4096x72           |  B:B:4096x72           |                    |         POWER |                   |      NONE |                    |         POWER |                   |      NONE |
| qkvlinear/lw_inst/weight_mem/weight_banks_2_0_ext/Memory              |           | 4096x72                | 4096x72                |                    |               |                   |           |                    |               |                   |           |
|  qkvlinear/lw_inst/weight_mem/weight_banks_2_0_ext/Memory_reg_uram_0  | URAM288   |  A:A:4096x72           |  B:B:4096x72           |                    |         POWER |                   |      NONE |                    |         POWER |                   |      NONE |
| qkvlinear/lw_inst/weight_mem/weight_banks_2_1_ext/Memory              |           | 4096x72                | 4096x72                |                    |               |                   |           |                    |               |                   |           |
|  qkvlinear/lw_inst/weight_mem/weight_banks_2_1_ext/Memory_reg_uram_0  | URAM288   |  A:A:4096x72           |  B:B:4096x72           |                    |         POWER |                   |      NONE |                    |         POWER |                   |      NONE |
| qkvlinear/lw_inst/weight_mem/weight_banks_2_2_ext/Memory              |           | 4096x72                | 4096x72                |                    |               |                   |           |                    |               |                   |           |
|  qkvlinear/lw_inst/weight_mem/weight_banks_2_2_ext/Memory_reg_uram_0  | URAM288   |  A:A:4096x72           |  B:B:4096x72           |                    |         POWER |                   |      NONE |                    |         POWER |                   |      NONE |
| qkvlinear/lw_inst/weight_mem/weight_banks_2_3_ext/Memory              |           | 4096x72                | 4096x72                |                    |               |                   |           |                    |               |                   |           |
|  qkvlinear/lw_inst/weight_mem/weight_banks_2_3_ext/Memory_reg_uram_0  | URAM288   |  A:A:4096x72           |  B:B:4096x72           |                    |         POWER |                   |      NONE |                    |         POWER |                   |      NONE |
| qkvlinear/lw_inst/weight_mem/weight_banks_3_0_ext/Memory              |           | 4096x72                | 4096x72                |                    |               |                   |           |                    |               |                   |           |
|  qkvlinear/lw_inst/weight_mem/weight_banks_3_0_ext/Memory_reg_uram_0  | URAM288   |  A:A:4096x72           |  B:B:4096x72           |                    |         POWER |                   |      NONE |                    |         POWER |                   |      NONE |
| qkvlinear/lw_inst/weight_mem/weight_banks_3_1_ext/Memory              |           | 4096x72                | 4096x72                |                    |               |                   |           |                    |               |                   |           |
|  qkvlinear/lw_inst/weight_mem/weight_banks_3_1_ext/Memory_reg_uram_0  | URAM288   |  A:A:4096x72           |  B:B:4096x72           |                    |         POWER |                   |      NONE |                    |         POWER |                   |      NONE |
| qkvlinear/lw_inst/weight_mem/weight_banks_3_2_ext/Memory              |           | 4096x72                | 4096x72                |                    |               |                   |           |                    |               |                   |           |
|  qkvlinear/lw_inst/weight_mem/weight_banks_3_2_ext/Memory_reg_uram_0  | URAM288   |  A:A:4096x72           |  B:B:4096x72           |                    |         POWER |                   |      NONE |                    |         POWER |                   |      NONE |
| qkvlinear/lw_inst/weight_mem/weight_banks_3_3_ext/Memory              |           | 4096x72                | 4096x72                |                    |               |                   |           |                    |               |                   |           |
|  qkvlinear/lw_inst/weight_mem/weight_banks_3_3_ext/Memory_reg_uram_0  | URAM288   |  A:A:4096x72           |  B:B:4096x72           |                    |         POWER |                   |      NONE |                    |         POWER |                   |      NONE |
| qkvlinear/lw_inst/weight_mem/weight_banks_4_0_ext/Memory              |           | 4096x72                | 4096x72                |                    |               |                   |           |                    |               |                   |           |
|  qkvlinear/lw_inst/weight_mem/weight_banks_4_0_ext/Memory_reg_uram_0  | URAM288   |  A:A:4096x72           |  B:B:4096x72           |                    |         POWER |                   |      NONE |                    |         POWER |                   |      NONE |
| qkvlinear/lw_inst/weight_mem/weight_banks_4_1_ext/Memory              |           | 4096x72                | 4096x72                |                    |               |                   |           |                    |               |                   |           |
|  qkvlinear/lw_inst/weight_mem/weight_banks_4_1_ext/Memory_reg_uram_0  | URAM288   |  A:A:4096x72           |  B:B:4096x72           |                    |         POWER |                   |      NONE |                    |         POWER |                   |      NONE |
| qkvlinear/lw_inst/weight_mem/weight_banks_4_2_ext/Memory              |           | 4096x72                | 4096x72                |                    |               |                   |           |                    |               |                   |           |
|  qkvlinear/lw_inst/weight_mem/weight_banks_4_2_ext/Memory_reg_uram_0  | URAM288   |  A:A:4096x72           |  B:B:4096x72           |                    |         POWER |                   |      NONE |                    |         POWER |                   |      NONE |
| qkvlinear/lw_inst/weight_mem/weight_banks_4_3_ext/Memory              |           | 4096x72                | 4096x72                |                    |               |                   |           |                    |               |                   |           |
|  qkvlinear/lw_inst/weight_mem/weight_banks_4_3_ext/Memory_reg_uram_0  | URAM288   |  A:A:4096x72           |  B:B:4096x72           |                    |         POWER |                   |      NONE |                    |         POWER |                   |      NONE |
| qkvlinear/lw_inst/weight_mem/weight_banks_5_0_ext/Memory              |           | 4096x72                | 4096x72                |                    |               |                   |           |                    |               |                   |           |
|  qkvlinear/lw_inst/weight_mem/weight_banks_5_0_ext/Memory_reg_uram_0  | URAM288   |  A:A:4096x72           |  B:B:4096x72           |                    |         POWER |                   |      NONE |                    |         POWER |                   |      NONE |
| qkvlinear/lw_inst/weight_mem/weight_banks_5_1_ext/Memory              |           | 4096x72                | 4096x72                |                    |               |                   |           |                    |               |                   |           |
|  qkvlinear/lw_inst/weight_mem/weight_banks_5_1_ext/Memory_reg_uram_0  | URAM288   |  A:A:4096x72           |  B:B:4096x72           |                    |         POWER |                   |      NONE |                    |         POWER |                   |      NONE |
| qkvlinear/lw_inst/weight_mem/weight_banks_5_2_ext/Memory              |           | 4096x72                | 4096x72                |                    |               |                   |           |                    |               |                   |           |
|  qkvlinear/lw_inst/weight_mem/weight_banks_5_2_ext/Memory_reg_uram_0  | URAM288   |  A:A:4096x72           |  B:B:4096x72           |                    |         POWER |                   |      NONE |                    |         POWER |                   |      NONE |
| qkvlinear/lw_inst/weight_mem/weight_banks_5_3_ext/Memory              |           | 4096x72                | 4096x72                |                    |               |                   |           |                    |               |                   |           |
|  qkvlinear/lw_inst/weight_mem/weight_banks_5_3_ext/Memory_reg_uram_0  | URAM288   |  A:A:4096x72           |  B:B:4096x72           |                    |         POWER |                   |      NONE |                    |         POWER |                   |      NONE |
| qkvlinear/lw_inst/weight_mem/weight_banks_6_0_ext/Memory              |           | 4096x72                | 4096x72                |                    |               |                   |           |                    |               |                   |           |
|  qkvlinear/lw_inst/weight_mem/weight_banks_6_0_ext/Memory_reg_uram_0  | URAM288   |  A:A:4096x72           |  B:B:4096x72           |                    |         POWER |                   |      NONE |                    |         POWER |                   |      NONE |
| qkvlinear/lw_inst/weight_mem/weight_banks_6_1_ext/Memory              |           | 4096x72                | 4096x72                |                    |               |                   |           |                    |               |                   |           |
|  qkvlinear/lw_inst/weight_mem/weight_banks_6_1_ext/Memory_reg_uram_0  | URAM288   |  A:A:4096x72           |  B:B:4096x72           |                    |         POWER |                   |      NONE |                    |         POWER |                   |      NONE |
| qkvlinear/lw_inst/weight_mem/weight_banks_6_2_ext/Memory              |           | 4096x72                | 4096x72                |                    |               |                   |           |                    |               |                   |           |
|  qkvlinear/lw_inst/weight_mem/weight_banks_6_2_ext/Memory_reg_uram_0  | URAM288   |  A:A:4096x72           |  B:B:4096x72           |                    |         POWER |                   |      NONE |                    |         POWER |                   |      NONE |
| qkvlinear/lw_inst/weight_mem/weight_banks_6_3_ext/Memory              |           | 4096x72                | 4096x72                |                    |               |                   |           |                    |               |                   |           |
|  qkvlinear/lw_inst/weight_mem/weight_banks_6_3_ext/Memory_reg_uram_0  | URAM288   |  A:A:4096x72           |  B:B:4096x72           |                    |         POWER |                   |      NONE |                    |         POWER |                   |      NONE |
| qkvlinear/lw_inst/weight_mem/weight_banks_7_0_ext/Memory              |           | 4096x72                | 4096x72                |                    |               |                   |           |                    |               |                   |           |
|  qkvlinear/lw_inst/weight_mem/weight_banks_7_0_ext/Memory_reg_uram_0  | URAM288   |  A:A:4096x72           |  B:B:4096x72           |                    |         POWER |                   |      NONE |                    |         POWER |                   |      NONE |
| qkvlinear/lw_inst/weight_mem/weight_banks_7_1_ext/Memory              |           | 4096x72                | 4096x72                |                    |               |                   |           |                    |               |                   |           |
|  qkvlinear/lw_inst/weight_mem/weight_banks_7_1_ext/Memory_reg_uram_0  | URAM288   |  A:A:4096x72           |  B:B:4096x72           |                    |         POWER |                   |      NONE |                    |         POWER |                   |      NONE |
| qkvlinear/lw_inst/weight_mem/weight_banks_7_2_ext/Memory              |           | 4096x72                | 4096x72                |                    |               |                   |           |                    |               |                   |           |
|  qkvlinear/lw_inst/weight_mem/weight_banks_7_2_ext/Memory_reg_uram_0  | URAM288   |  A:A:4096x72           |  B:B:4096x72           |                    |         POWER |                   |      NONE |                    |         POWER |                   |      NONE |
| qkvlinear/lw_inst/weight_mem/weight_banks_7_3_ext/Memory              |           | 4096x72                | 4096x72                |                    |               |                   |           |                    |               |                   |           |
|  qkvlinear/lw_inst/weight_mem/weight_banks_7_3_ext/Memory_reg_uram_0  | URAM288   |  A:A:4096x72           |  B:B:4096x72           |                    |         POWER |                   |      NONE |                    |         POWER |                   |      NONE |
| qkvlinear/lw_inst/weight_mem/weight_banks_8_0_ext/Memory              |           | 4096x72                | 4096x72                |                    |               |                   |           |                    |               |                   |           |
|  qkvlinear/lw_inst/weight_mem/weight_banks_8_0_ext/Memory_reg_uram_0  | URAM288   |  A:A:4096x72           |  B:B:4096x72           |                    |         POWER |                   |      NONE |                    |         POWER |                   |      NONE |
| qkvlinear/lw_inst/weight_mem/weight_banks_8_1_ext/Memory              |           | 4096x72                | 4096x72                |                    |               |                   |           |                    |               |                   |           |
|  qkvlinear/lw_inst/weight_mem/weight_banks_8_1_ext/Memory_reg_uram_0  | URAM288   |  A:A:4096x72           |  B:B:4096x72           |                    |         POWER |                   |      NONE |                    |         POWER |                   |      NONE |
| qkvlinear/lw_inst/weight_mem/weight_banks_8_2_ext/Memory              |           | 4096x72                | 4096x72                |                    |               |                   |           |                    |               |                   |           |
|  qkvlinear/lw_inst/weight_mem/weight_banks_8_2_ext/Memory_reg_uram_0  | URAM288   |  A:A:4096x72           |  B:B:4096x72           |                    |         POWER |                   |      NONE |                    |         POWER |                   |      NONE |
| qkvlinear/lw_inst/weight_mem/weight_banks_8_3_ext/Memory              |           | 4096x72                | 4096x72                |                    |               |                   |           |                    |               |                   |           |
|  qkvlinear/lw_inst/weight_mem/weight_banks_8_3_ext/Memory_reg_uram_0  | URAM288   |  A:A:4096x72           |  B:B:4096x72           |                    |         POWER |                   |      NONE |                    |         POWER |                   |      NONE |
| qkvlinear/lw_inst/weight_mem/weight_banks_9_0_ext/Memory              |           | 4096x72                | 4096x72                |                    |               |                   |           |                    |               |                   |           |
|  qkvlinear/lw_inst/weight_mem/weight_banks_9_0_ext/Memory_reg_uram_0  | URAM288   |  A:A:4096x72           |  B:B:4096x72           |                    |         POWER |                   |      NONE |                    |         POWER |                   |      NONE |
| qkvlinear/lw_inst/weight_mem/weight_banks_9_1_ext/Memory              |           | 4096x72                | 4096x72                |                    |               |                   |           |                    |               |                   |           |
|  qkvlinear/lw_inst/weight_mem/weight_banks_9_1_ext/Memory_reg_uram_0  | URAM288   |  A:A:4096x72           |  B:B:4096x72           |                    |         POWER |                   |      NONE |                    |         POWER |                   |      NONE |
| qkvlinear/lw_inst/weight_mem/weight_banks_9_2_ext/Memory              |           | 4096x72                | 4096x72                |                    |               |                   |           |                    |               |                   |           |
|  qkvlinear/lw_inst/weight_mem/weight_banks_9_2_ext/Memory_reg_uram_0  | URAM288   |  A:A:4096x72           |  B:B:4096x72           |                    |         POWER |                   |      NONE |                    |         POWER |                   |      NONE |
| qkvlinear/lw_inst/weight_mem/weight_banks_9_3_ext/Memory              |           | 4096x72                | 4096x72                |                    |               |                   |           |                    |               |                   |           |
|  qkvlinear/lw_inst/weight_mem/weight_banks_9_3_ext/Memory_reg_uram_0  | URAM288   |  A:A:4096x72           |  B:B:4096x72           |                    |         POWER |                   |      NONE |                    |         POWER |                   |      NONE |
| ffndown/mem_inst/mem0_ext/Memory                                      |           | 6144x32                | 5461x36                |                    |               |                   |           |                    |               |                   |           |
|  ffndown/mem_inst/mem0_ext/Memory_reg_bram_0                          | RAMB36E2  |  A:A:1024x32           |  B:B:1024x36           |                    |        SIGNAL |        READ_FIRST |      NONE |                    |        SIGNAL |       WRITE_FIRST |     FIRST |
|  ffndown/mem_inst/mem0_ext/Memory_reg_bram_1                          | RAMB36E2  |  A:A:1024x32           |  B:B:1024x36           |                    |        SIGNAL |        READ_FIRST |      NONE |                    |        SIGNAL |       WRITE_FIRST |      LAST |
|  ffndown/mem_inst/mem0_ext/Memory_reg_bram_2                          | RAMB36E2  |  A:A:1024x31           |  B:B:1024x36           |                    |        SIGNAL |        READ_FIRST |      NONE |                    |        SIGNAL |       WRITE_FIRST |     FIRST |
|  ffndown/mem_inst/mem0_ext/Memory_reg_bram_3                          | RAMB36E2  |  A:A:1024x31           |  B:B:1024x36           |                    |        SIGNAL |        READ_FIRST |      NONE |                    |        SIGNAL |       WRITE_FIRST |      LAST |
|  ffndown/mem_inst/mem0_ext/Memory_reg_bram_4                          | RAMB36E2  |  A:A:2048x16           |  B:B:2048x18           |                    |         POWER |        READ_FIRST |      NONE |                    |         POWER |       WRITE_FIRST |      NONE |
|  ffndown/mem_inst/mem0_ext/Memory_reg_bram_5                          | RAMB18E2  |  A:A:2048x5            |  B:B:2048x6            |                    |         POWER |        READ_FIRST |      NONE |                    |         POWER |       WRITE_FIRST |      NONE |
| ffndown/mem_inst/mem1_ext/Memory                                      |           | 6144x32                | 5461x36                |                    |               |                   |           |                    |               |                   |           |
|  ffndown/mem_inst/mem1_ext/Memory_reg_bram_0                          | RAMB36E2  |  A:A:1024x32           |  B:B:1024x36           |                    |        SIGNAL |        READ_FIRST |      NONE |                    |        SIGNAL |       WRITE_FIRST |     FIRST |
|  ffndown/mem_inst/mem1_ext/Memory_reg_bram_1                          | RAMB36E2  |  A:A:1024x32           |  B:B:1024x36           |                    |        SIGNAL |        READ_FIRST |      NONE |                    |        SIGNAL |       WRITE_FIRST |      LAST |
|  ffndown/mem_inst/mem1_ext/Memory_reg_bram_2                          | RAMB36E2  |  A:A:1024x31           |  B:B:1024x36           |                    |        SIGNAL |        READ_FIRST |      NONE |                    |        SIGNAL |       WRITE_FIRST |     FIRST |
|  ffndown/mem_inst/mem1_ext/Memory_reg_bram_3                          | RAMB36E2  |  A:A:1024x31           |  B:B:1024x36           |                    |        SIGNAL |        READ_FIRST |      NONE |                    |        SIGNAL |       WRITE_FIRST |      LAST |
|  ffndown/mem_inst/mem1_ext/Memory_reg_bram_4                          | RAMB36E2  |  A:A:2048x16           |  B:B:2048x18           |                    |         POWER |        READ_FIRST |      NONE |                    |         POWER |       WRITE_FIRST |      NONE |
|  ffndown/mem_inst/mem1_ext/Memory_reg_bram_5                          | RAMB18E2  |  A:A:2048x5            |  B:B:2048x6            |                    |         POWER |        READ_FIRST |      NONE |                    |         POWER |       WRITE_FIRST |      NONE |
| ffnup/mem_inst/mem0_ext/Memory                                        |           | 5461x36                | 5461x36                |                    |               |                   |           |                    |               |                   |           |
|  ffnup/mem_inst/mem0_ext/Memory_reg_bram_0                            | RAMB36E2  |  A:A:1024x36           |  B:B:1024x36           |                    |        SIGNAL |        READ_FIRST |      NONE |                    |        SIGNAL |       WRITE_FIRST |     FIRST |
|  ffnup/mem_inst/mem0_ext/Memory_reg_bram_1                            | RAMB36E2  |  A:A:1024x36           |  B:B:1024x36           |                    |        SIGNAL |        READ_FIRST |      NONE |                    |        SIGNAL |       WRITE_FIRST |      LAST |
|  ffnup/mem_inst/mem0_ext/Memory_reg_bram_2                            | RAMB36E2  |  A:A:1024x36           |  B:B:1024x36           |                    |        SIGNAL |        READ_FIRST |      NONE |                    |        SIGNAL |       WRITE_FIRST |     FIRST |
|  ffnup/mem_inst/mem0_ext/Memory_reg_bram_3                            | RAMB36E2  |  A:A:1024x36           |  B:B:1024x36           |                    |        SIGNAL |        READ_FIRST |      NONE |                    |        SIGNAL |       WRITE_FIRST |      LAST |
|  ffnup/mem_inst/mem0_ext/Memory_reg_bram_4                            | RAMB36E2  |  A:A:2048x18           |  B:B:2048x18           |                    |         POWER |        READ_FIRST |      NONE |                    |         POWER |       WRITE_FIRST |      NONE |
|  ffnup/mem_inst/mem0_ext/Memory_reg_bram_5                            | RAMB18E2  |  A:A:2048x6            |  B:B:2048x6            |                    |         POWER |        READ_FIRST |      NONE |                    |         POWER |       WRITE_FIRST |      NONE |
| ffnup/mem_inst/mem1_ext/Memory                                        |           | 5461x36                | 5461x36                |                    |               |                   |           |                    |               |                   |           |
|  ffnup/mem_inst/mem1_ext/Memory_reg_bram_0                            | RAMB36E2  |  A:A:1024x36           |  B:B:1024x36           |                    |        SIGNAL |        READ_FIRST |      NONE |                    |        SIGNAL |       WRITE_FIRST |     FIRST |
|  ffnup/mem_inst/mem1_ext/Memory_reg_bram_1                            | RAMB36E2  |  A:A:1024x36           |  B:B:1024x36           |                    |        SIGNAL |        READ_FIRST |      NONE |                    |        SIGNAL |       WRITE_FIRST |      LAST |
|  ffnup/mem_inst/mem1_ext/Memory_reg_bram_2                            | RAMB36E2  |  A:A:1024x36           |  B:B:1024x36           |                    |        SIGNAL |        READ_FIRST |      NONE |                    |        SIGNAL |       WRITE_FIRST |     FIRST |
|  ffnup/mem_inst/mem1_ext/Memory_reg_bram_3                            | RAMB36E2  |  A:A:1024x36           |  B:B:1024x36           |                    |        SIGNAL |        READ_FIRST |      NONE |                    |        SIGNAL |       WRITE_FIRST |      LAST |
|  ffnup/mem_inst/mem1_ext/Memory_reg_bram_4                            | RAMB36E2  |  A:A:2048x18           |  B:B:2048x18           |                    |         POWER |        READ_FIRST |      NONE |                    |         POWER |       WRITE_FIRST |      NONE |
|  ffnup/mem_inst/mem1_ext/Memory_reg_bram_5                            | RAMB18E2  |  A:A:2048x6            |  B:B:2048x6            |                    |         POWER |        READ_FIRST |      NONE |                    |         POWER |       WRITE_FIRST |      NONE |
| outlinear/mem_inst/mem0_ext/Memory                                    |           | 5461x36                | 5461x36                |                    |               |                   |           |                    |               |                   |           |
|  outlinear/mem_inst/mem0_ext/Memory_reg_bram_0                        | RAMB36E2  |  A:A:1024x36           |  B:B:1024x36           |                    |        SIGNAL |        READ_FIRST |      NONE |                    |        SIGNAL |       WRITE_FIRST |     FIRST |
|  outlinear/mem_inst/mem0_ext/Memory_reg_bram_1                        | RAMB36E2  |  A:A:1024x36           |  B:B:1024x36           |                    |        SIGNAL |        READ_FIRST |      NONE |                    |        SIGNAL |       WRITE_FIRST |      LAST |
|  outlinear/mem_inst/mem0_ext/Memory_reg_bram_2                        | RAMB36E2  |  A:A:1024x36           |  B:B:1024x36           |                    |        SIGNAL |        READ_FIRST |      NONE |                    |        SIGNAL |       WRITE_FIRST |     FIRST |
|  outlinear/mem_inst/mem0_ext/Memory_reg_bram_3                        | RAMB36E2  |  A:A:1024x36           |  B:B:1024x36           |                    |        SIGNAL |        READ_FIRST |      NONE |                    |        SIGNAL |       WRITE_FIRST |      LAST |
|  outlinear/mem_inst/mem0_ext/Memory_reg_bram_4                        | RAMB36E2  |  A:A:2048x18           |  B:B:2048x18           |                    |         POWER |        READ_FIRST |      NONE |                    |         POWER |       WRITE_FIRST |      NONE |
|  outlinear/mem_inst/mem0_ext/Memory_reg_bram_5                        | RAMB18E2  |  A:A:2048x6            |  B:B:2048x6            |                    |         POWER |        READ_FIRST |      NONE |                    |         POWER |       WRITE_FIRST |      NONE |
| outlinear/mem_inst/mem1_ext/Memory                                    |           | 5461x36                | 5461x36                |                    |               |                   |           |                    |               |                   |           |
|  outlinear/mem_inst/mem1_ext/Memory_reg_bram_0                        | RAMB36E2  |  A:A:1024x36           |  B:B:1024x36           |                    |        SIGNAL |        READ_FIRST |      NONE |                    |        SIGNAL |       WRITE_FIRST |     FIRST |
|  outlinear/mem_inst/mem1_ext/Memory_reg_bram_1                        | RAMB36E2  |  A:A:1024x36           |  B:B:1024x36           |                    |        SIGNAL |        READ_FIRST |      NONE |                    |        SIGNAL |       WRITE_FIRST |      LAST |
|  outlinear/mem_inst/mem1_ext/Memory_reg_bram_2                        | RAMB36E2  |  A:A:1024x36           |  B:B:1024x36           |                    |        SIGNAL |        READ_FIRST |      NONE |                    |        SIGNAL |       WRITE_FIRST |     FIRST |
|  outlinear/mem_inst/mem1_ext/Memory_reg_bram_3                        | RAMB36E2  |  A:A:1024x36           |  B:B:1024x36           |                    |        SIGNAL |        READ_FIRST |      NONE |                    |        SIGNAL |       WRITE_FIRST |      LAST |
|  outlinear/mem_inst/mem1_ext/Memory_reg_bram_4                        | RAMB36E2  |  A:A:2048x18           |  B:B:2048x18           |                    |         POWER |        READ_FIRST |      NONE |                    |         POWER |       WRITE_FIRST |      NONE |
|  outlinear/mem_inst/mem1_ext/Memory_reg_bram_5                        | RAMB18E2  |  A:A:2048x6            |  B:B:2048x6            |                    |         POWER |        READ_FIRST |      NONE |                    |         POWER |       WRITE_FIRST |      NONE |
| qkvlinear/mem_inst/mem0_ext/Memory                                    |           | 5461x36                | 5461x36                |                    |               |                   |           |                    |               |                   |           |
|  qkvlinear/mem_inst/mem0_ext/Memory_reg_bram_0                        | RAMB36E2  |  A:A:1024x36           |  B:B:1024x36           |                    |        SIGNAL |        READ_FIRST |      NONE |                    |        SIGNAL |       WRITE_FIRST |     FIRST |
|  qkvlinear/mem_inst/mem0_ext/Memory_reg_bram_1                        | RAMB36E2  |  A:A:1024x36           |  B:B:1024x36           |                    |        SIGNAL |        READ_FIRST |      NONE |                    |        SIGNAL |       WRITE_FIRST |      LAST |
|  qkvlinear/mem_inst/mem0_ext/Memory_reg_bram_2                        | RAMB36E2  |  A:A:1024x36           |  B:B:1024x36           |                    |        SIGNAL |        READ_FIRST |      NONE |                    |        SIGNAL |       WRITE_FIRST |     FIRST |
|  qkvlinear/mem_inst/mem0_ext/Memory_reg_bram_3                        | RAMB36E2  |  A:A:1024x36           |  B:B:1024x36           |                    |        SIGNAL |        READ_FIRST |      NONE |                    |        SIGNAL |       WRITE_FIRST |      LAST |
|  qkvlinear/mem_inst/mem0_ext/Memory_reg_bram_4                        | RAMB36E2  |  A:A:2048x18           |  B:B:2048x18           |                    |         POWER |        READ_FIRST |      NONE |                    |         POWER |       WRITE_FIRST |      NONE |
|  qkvlinear/mem_inst/mem0_ext/Memory_reg_bram_5                        | RAMB18E2  |  A:A:2048x6            |  B:B:2048x6            |                    |         POWER |        READ_FIRST |      NONE |                    |         POWER |       WRITE_FIRST |      NONE |
| qkvlinear/mem_inst/mem1_ext/Memory                                    |           | 5461x36                | 5461x36                |                    |               |                   |           |                    |               |                   |           |
|  qkvlinear/mem_inst/mem1_ext/Memory_reg_bram_0                        | RAMB36E2  |  A:A:1024x36           |  B:B:1024x36           |                    |        SIGNAL |        READ_FIRST |      NONE |                    |        SIGNAL |       WRITE_FIRST |     FIRST |
|  qkvlinear/mem_inst/mem1_ext/Memory_reg_bram_1                        | RAMB36E2  |  A:A:1024x36           |  B:B:1024x36           |                    |        SIGNAL |        READ_FIRST |      NONE |                    |        SIGNAL |       WRITE_FIRST |      LAST |
|  qkvlinear/mem_inst/mem1_ext/Memory_reg_bram_2                        | RAMB36E2  |  A:A:1024x36           |  B:B:1024x36           |                    |        SIGNAL |        READ_FIRST |      NONE |                    |        SIGNAL |       WRITE_FIRST |     FIRST |
|  qkvlinear/mem_inst/mem1_ext/Memory_reg_bram_3                        | RAMB36E2  |  A:A:1024x36           |  B:B:1024x36           |                    |        SIGNAL |        READ_FIRST |      NONE |                    |        SIGNAL |       WRITE_FIRST |      LAST |
|  qkvlinear/mem_inst/mem1_ext/Memory_reg_bram_4                        | RAMB36E2  |  A:A:2048x18           |  B:B:2048x18           |                    |         POWER |        READ_FIRST |      NONE |                    |         POWER |       WRITE_FIRST |      NONE |
|  qkvlinear/mem_inst/mem1_ext/Memory_reg_bram_5                        | RAMB18E2  |  A:A:2048x6            |  B:B:2048x6            |                    |         POWER |        READ_FIRST |      NONE |                    |         POWER |       WRITE_FIRST |      NONE |
| atten/dm1/mem_inst/mem/mem_ext/Memory                                 |           | 3640x18                | 3640x18                |                    |               |                   |           |                    |               |                   |           |
|  atten/dm1/mem_inst/mem/mem_ext/Memory_reg_bram_0                     | RAMB36E2  |  A:A:2048x18           |  B:B:2048x18           |                    |         POWER |        READ_FIRST |      NONE |                    |         POWER |       WRITE_FIRST |      NONE |
|  atten/dm1/mem_inst/mem/mem_ext/Memory_reg_bram_1                     | RAMB36E2  |  A:A:2048x14           |  B:B:2048x14           |                    |         POWER |        READ_FIRST |      NONE |                    |         POWER |       WRITE_FIRST |      NONE |
| atten/dm2/vmemInst/mem/mem_ext/Memory                                 |           | 910x36                 | 910x36                 |                    |               |                   |           |                    |               |                   |           |
|  atten/dm2/vmemInst/mem/mem_ext/Memory_reg_0                          | RAMB36E2  |  B:B:64x72             |  A:A:64x72             |                    |         POWER |        READ_FIRST |      NONE |                    |         POWER |        READ_FIRST |      NONE |
|  atten/dm2/vmemInst/mem/mem_ext/Memory_reg_1                          | RAMB36E2  |  B:B:64x72             |  A:A:64x72             |                    |         POWER |        READ_FIRST |      NONE |                    |         POWER |        READ_FIRST |      NONE |
|  atten/dm2/vmemInst/mem/mem_ext/Memory_reg_2                          | RAMB36E2  |  B:B:64x72             |  A:A:64x72             |                    |         POWER |        READ_FIRST |      NONE |                    |         POWER |        READ_FIRST |      NONE |
|  atten/dm2/vmemInst/mem/mem_ext/Memory_reg_3                          | RAMB36E2  |  B:B:64x72             |  A:A:64x72             |                    |         POWER |        READ_FIRST |      NONE |                    |         POWER |        READ_FIRST |      NONE |
|  atten/dm2/vmemInst/mem/mem_ext/Memory_reg_4                          | RAMB36E2  |  B:B:64x72             |  A:A:64x72             |                    |         POWER |        READ_FIRST |      NONE |                    |         POWER |        READ_FIRST |      NONE |
|  atten/dm2/vmemInst/mem/mem_ext/Memory_reg_5                          | RAMB36E2  |  B:B:64x72             |  A:A:64x72             |                    |         POWER |        READ_FIRST |      NONE |                    |         POWER |        READ_FIRST |      NONE |
|  atten/dm2/vmemInst/mem/mem_ext/Memory_reg_6                          | RAMB36E2  |  B:B:64x72             |  A:A:64x72             |                    |         POWER |        READ_FIRST |      NONE |                    |         POWER |        READ_FIRST |      NONE |
|  atten/dm2/vmemInst/mem/mem_ext/Memory_reg_7                          | RAMB18E2  |                        |  A:A:64x8              |                    |         POWER |        READ_FIRST |      NONE |                    |               |                   |           |
| atten/vcache/mem_inst/mem_list_0/mem_ext/Memory                       |           | 1024x16                | 1024x16                |                    |               |                   |           |                    |               |                   |           |
|  atten/vcache/mem_inst/mem_list_0/mem_ext/Memory_reg_bram_0           | RAMB18E2  |  A:A:1024x16           |  B:B:1024x16           |                    |         POWER |        READ_FIRST |      NONE |                    |         POWER |       WRITE_FIRST |      NONE |
| atten/vcache/mem_inst/mem_list_1/mem_ext/Memory                       |           | 1024x16                | 1024x16                |                    |               |                   |           |                    |               |                   |           |
|  atten/vcache/mem_inst/mem_list_1/mem_ext/Memory_reg_bram_0           | RAMB18E2  |  A:A:1024x16           |  B:B:1024x16           |                    |         POWER |        READ_FIRST |      NONE |                    |         POWER |       WRITE_FIRST |      NONE |
| atten/vcache/mem_inst/mem_list_2/mem_ext/Memory                       |           | 1024x16                | 1024x16                |                    |               |                   |           |                    |               |                   |           |
|  atten/vcache/mem_inst/mem_list_2/mem_ext/Memory_reg_bram_0           | RAMB18E2  |  A:A:1024x16           |  B:B:1024x16           |                    |         POWER |        READ_FIRST |      NONE |                    |         POWER |       WRITE_FIRST |      NONE |
| atten/dm2/ctxmemInst/mem/mem_ext/Memory                               |           | 369x36                 | 369x36                 |                    |               |                   |           |                    |               |                   |           |
|  atten/dm2/ctxmemInst/mem/mem_ext/Memory_reg_0                        | RAMB36E2  |  B:B:64x72             |  A:A:64x72             |                    |         POWER |        READ_FIRST |      NONE |                    |         POWER |        READ_FIRST |      NONE |
|  atten/dm2/ctxmemInst/mem/mem_ext/Memory_reg_1                        | RAMB36E2  |  B:B:64x72             |  A:A:64x72             |                    |         POWER |        READ_FIRST |      NONE |                    |         POWER |        READ_FIRST |      NONE |
|  atten/dm2/ctxmemInst/mem/mem_ext/Memory_reg_2                        | RAMB36E2  |  B:B:64x64             |  A:A:64x64             |                    |         POWER |        READ_FIRST |      NONE |                    |         POWER |        READ_FIRST |      NONE |
+-----------------------------------------------------------------------+-----------+------------------------+------------------------+--------------------+---------------+-------------------+-----------+--------------------+---------------+-------------------+-----------+


