Copyright 1986-2021 Xilinx, Inc. All Rights Reserved.
---------------------------------------------------------------------------------------------
| Tool Version      : Vivado v.2021.1 (lin64) Build 3247384 Thu Jun 10 19:36:07 MDT 2021
| Date              : Mon Mar 23 08:52:11 2026
| Host              : dsic-h3c-server03 running 64-bit CentOS Linux release 7.9.2009 (Core)
| Command           : report_timing_summary -file timing_summary_optimized.rpt -max_paths 10
| Design            : Top
| Device            : xcvu9p-flga2104
| Speed File        : -2  PRODUCTION 1.27 02-28-2020
| Temperature Grade : I
---------------------------------------------------------------------------------------------

Timing Summary Report

------------------------------------------------------------------------------------------------
| Timer Settings
| --------------
------------------------------------------------------------------------------------------------

  Enable Multi Corner Analysis               :  Yes
  Enable Pessimism Removal                   :  Yes
  Pessimism Removal Resolution               :  Nearest Common Node
  Enable Input Delay Default Clock           :  No
  Enable Preset / Clear Arcs                 :  No
  Disable Flight Delays                      :  No
  Ignore I/O Paths                           :  No
  Timing Early Launch at Borrowing Latches   :  No
  Borrow Time for Max Delay Exceptions       :  Yes
  Merge Timing Exceptions                    :  Yes

  Corner  Analyze    Analyze    
  Name    Max Paths  Min Paths  
  ------  ---------  ---------  
  Slow    Yes        Yes        
  Fast    Yes        Yes        


------------------------------------------------------------------------------------------------
| Report Methodology
| ------------------
------------------------------------------------------------------------------------------------

No report available as report_methodology has not been run prior. Run report_methodology on the current design for the summary of methodology violations.



check_timing report

Table of Contents
-----------------
1. checking no_clock (0)
2. checking constant_clock (0)
3. checking pulse_width_clock (0)
4. checking unconstrained_internal_endpoints (0)
5. checking no_input_delay (1)
6. checking no_output_delay (0)
7. checking multiple_clock (0)
8. checking generated_clocks (0)
9. checking loops (0)
10. checking partial_input_delay (0)
11. checking partial_output_delay (0)
12. checking latch_loops (0)

1. checking no_clock (0)
------------------------
 There are 0 register/latch pins with no clock.


2. checking constant_clock (0)
------------------------------
 There are 0 register/latch pins with constant_clock.


3. checking pulse_width_clock (0)
---------------------------------
 There are 0 register/latch pins which need pulse_width check


4. checking unconstrained_internal_endpoints (0)
------------------------------------------------
 There are 0 pins that are not constrained for maximum delay.

 There are 0 pins that are not constrained for maximum delay due to constant clock.


5. checking no_input_delay (1)
------------------------------
 There is 1 input port with no input delay specified. (HIGH)

 There are 0 input ports with no input delay but user has a false path constraint.


6. checking no_output_delay (0)
-------------------------------
 There are 0 ports with no output delay specified.

 There are 0 ports with no output delay but user has a false path constraint

 There are 0 ports with no output delay but with a timing clock defined on it or propagating through it


7. checking multiple_clock (0)
------------------------------
 There are 0 register/latch pins with multiple clocks.


8. checking generated_clocks (0)
--------------------------------
 There are 0 generated clocks that are not connected to a clock source.


9. checking loops (0)
---------------------
 There are 0 combinational loops in the design.


10. checking partial_input_delay (0)
------------------------------------
 There are 0 input ports with partial input delay specified.


11. checking partial_output_delay (0)
-------------------------------------
 There are 0 ports with partial output delay specified.


12. checking latch_loops (0)
----------------------------
 There are 0 combinational latch loops in the design through latch input



------------------------------------------------------------------------------------------------
| Design Timing Summary
| ---------------------
------------------------------------------------------------------------------------------------

    WNS(ns)      TNS(ns)  TNS Failing Endpoints  TNS Total Endpoints      WHS(ns)      THS(ns)  THS Failing Endpoints  THS Total Endpoints     WPWS(ns)     TPWS(ns)  TPWS Failing Endpoints  TPWS Total Endpoints  
    -------      -------  ---------------------  -------------------      -------      -------  ---------------------  -------------------     --------     --------  ----------------------  --------------------  
     -9.270    -1783.229                    208               496218       -0.431  -131683.562                 454157               496218        4.300        0.000                       0                198915  


Timing constraints are not met.


------------------------------------------------------------------------------------------------
| Clock Summary
| -------------
------------------------------------------------------------------------------------------------

Clock  Waveform(ns)       Period(ns)      Frequency(MHz)
-----  ------------       ----------      --------------
clk    {0.000 5.000}      10.000          100.000         


------------------------------------------------------------------------------------------------
| Intra Clock Table
| -----------------
------------------------------------------------------------------------------------------------

Clock             WNS(ns)      TNS(ns)  TNS Failing Endpoints  TNS Total Endpoints      WHS(ns)      THS(ns)  THS Failing Endpoints  THS Total Endpoints     WPWS(ns)     TPWS(ns)  TPWS Failing Endpoints  TPWS Total Endpoints  
-----             -------      -------  ---------------------  -------------------      -------      -------  ---------------------  -------------------     --------     --------  ----------------------  --------------------  
clk                -9.270    -1783.229                    208               496218       -0.431  -131683.562                 454157               496218        4.300        0.000                       0                198915  


------------------------------------------------------------------------------------------------
| Inter Clock Table
| -----------------
------------------------------------------------------------------------------------------------

From Clock    To Clock          WNS(ns)      TNS(ns)  TNS Failing Endpoints  TNS Total Endpoints      WHS(ns)      THS(ns)  THS Failing Endpoints  THS Total Endpoints  
----------    --------          -------      -------  ---------------------  -------------------      -------      -------  ---------------------  -------------------  


------------------------------------------------------------------------------------------------
| Other Path Groups Table
| -----------------------
------------------------------------------------------------------------------------------------

Path Group    From Clock    To Clock          WNS(ns)      TNS(ns)  TNS Failing Endpoints  TNS Total Endpoints      WHS(ns)      THS(ns)  THS Failing Endpoints  THS Total Endpoints  
----------    ----------    --------          -------      -------  ---------------------  -------------------      -------      -------  ---------------------  -------------------  


------------------------------------------------------------------------------------------------
| Timing Details
| --------------
------------------------------------------------------------------------------------------------


---------------------------------------------------------------------------------------------------
From Clock:  clk
  To Clock:  clk

Setup :          208  Failing Endpoints,  Worst Slack       -9.270ns,  Total Violation    -1783.229ns
Hold  :       454157  Failing Endpoints,  Worst Slack       -0.431ns,  Total Violation  -131683.570ns
PW    :            0  Failing Endpoints,  Worst Slack        4.300ns,  Total Violation        0.000ns
---------------------------------------------------------------------------------------------------


Max Delay Paths
--------------------------------------------------------------------------------------
Slack (VIOLATED) :        -9.270ns  (required time - arrival time)
  Source:                 atten/softmax/mem_inst/mem/mem_ext/Memory_reg_uram_0/CLK
                            (rising edge-triggered cell URAM288 clocked by clk  {rise@0.000ns fall@5.000ns period=10.000ns})
  Destination:            atten/dm2/ctxmem_inst/mem/mem_ext/Memory_reg_0/DINADIN[30]
                            (rising edge-triggered cell RAMB36E2 clocked by clk  {rise@0.000ns fall@5.000ns period=10.000ns})
  Path Group:             clk
  Path Type:              Setup (Max at Slow Process Corner)
  Requirement:            10.000ns  (clk rise@10.000ns - clk rise@0.000ns)
  Data Path Delay:        18.408ns  (logic 7.764ns (42.177%)  route 10.644ns (57.823%))
  Logic Levels:           62  (CARRY8=12 DSP_A_B_DATA=1 DSP_ALU=1 DSP_M_DATA=1 DSP_MULTIPLIER=1 DSP_OUTPUT=1 DSP_PREADD_DATA=1 LUT2=2 LUT3=6 LUT4=6 LUT5=10 LUT6=20)
  Clock Uncertainty:      0.535ns  ((TSJ^2 + TIJ^2)^1/2 + DJ) / 2 + PE + UU
    Total System Jitter     (TSJ):    0.071ns
    Total Input Jitter      (TIJ):    0.000ns
    Discrete Jitter          (DJ):    0.000ns
    Phase Error              (PE):    0.000ns
    User Uncertainty         (UU):    0.500ns

    Location             Delay type                Incr(ns)  Path(ns)    Netlist Resource(s)
  -------------------------------------------------------------------    -------------------
                         (clock clk rise edge)        0.000     0.000 r  
                                                      0.000     0.000 r  clock (IN)
                         net (fo=206739, unset)       0.000     0.000    atten/softmax/mem_inst/mem/mem_ext/clock
                         URAM288                                      r  atten/softmax/mem_inst/mem/mem_ext/Memory_reg_uram_0/CLK
  -------------------------------------------------------------------    -------------------
                         URAM288 (Prop_URAM288_CLK_DOUT_B[56])
                                                      1.991     1.991 f  atten/softmax/mem_inst/mem/mem_ext/Memory_reg_uram_0/DOUT_B[56]
                         net (fo=1, unplaced)         0.177     2.168    atten/softmax/lw_inst/R0_data0[56]
                         LUT4 (Prop_LUT4_I2_O)        0.100     2.268 f  atten/softmax/lw_inst/_xs_mul_log2e_fullwidth_7_T_i_19/O
                         net (fo=7, unplaced)         0.222     2.490    atten/softmax/lw_inst/_xs_mul_log2e_fullwidth_7_T_i_19_n_0
                         LUT6 (Prop_LUT6_I5_O)        0.038     2.528 r  atten/softmax/lw_inst/_xs_mul_log2e_fullwidth_0_T_i_202/O
                         net (fo=1, unplaced)         0.244     2.772    atten/softmax/lw_inst/_xs_mul_log2e_fullwidth_0_T_i_202_n_0
                         CARRY8 (Prop_CARRY8_DI[0]_CO[3])
                                                      0.182     2.954 r  atten/softmax/lw_inst/_xs_mul_log2e_fullwidth_0_T_i_117/CO[3]
                         net (fo=16, unplaced)        0.151     3.105    atten/softmax/lw_inst/cu_inst/softmax/maxPreProcess/_maxVal_T_11
                         LUT5 (Prop_LUT5_I3_O)        0.038     3.143 r  atten/softmax/lw_inst/_xs_mul_log2e_fullwidth_0_T_i_162/O
                         net (fo=3, unplaced)         0.161     3.304    atten/softmax/lw_inst/_xs_mul_log2e_fullwidth_0_T_i_162_n_0
                         LUT6 (Prop_LUT6_I0_O)        0.090     3.394 r  atten/softmax/lw_inst/_xs_mul_log2e_fullwidth_7_T_i_188/O
                         net (fo=1, unplaced)         0.244     3.638    atten/softmax/lw_inst/_xs_mul_log2e_fullwidth_7_T_i_188_n_0
                         CARRY8 (Prop_CARRY8_DI[0]_CO[3])
                                                      0.182     3.820 r  atten/softmax/lw_inst/_xs_mul_log2e_fullwidth_7_T_i_117/CO[3]
                         net (fo=8, unplaced)         0.135     3.955    atten/softmax/lw_inst/cu_inst/softmax/maxPreProcess/_maxVal_T_271
                         LUT3 (Prop_LUT3_I1_O)        0.038     3.993 f  atten/softmax/lw_inst/_xs_mul_log2e_fullwidth_7_T_i_58/O
                         net (fo=5, unplaced)         0.215     4.208    atten/softmax/lw_inst/_xs_mul_log2e_fullwidth_7_T_i_58_n_0
                         LUT6 (Prop_LUT6_I4_O)        0.038     4.246 r  atten/softmax/lw_inst/_xs_mul_log2e_fullwidth_7_T_i_111/O
                         net (fo=1, unplaced)         0.244     4.490    atten/softmax/lw_inst/_xs_mul_log2e_fullwidth_7_T_i_111_n_0
                         CARRY8 (Prop_CARRY8_DI[0]_CO[3])
                                                      0.182     4.672 r  atten/softmax/lw_inst/_xs_mul_log2e_fullwidth_7_T_i_57/CO[3]
                         net (fo=16, unplaced)        0.151     4.823    atten/softmax/lw_inst/cu_inst/softmax/maxPreProcess/_maxVal_T_391
                         LUT5 (Prop_LUT5_I3_O)        0.038     4.861 f  atten/softmax/lw_inst/_xs_mul_log2e_fullwidth_0_T_i_44/O
                         net (fo=4, unplaced)         0.210     5.071    atten/softmax/lw_inst/_xs_mul_log2e_fullwidth_0_T_i_44_n_0
                         LUT6 (Prop_LUT6_I4_O)        0.038     5.109 r  atten/softmax/lw_inst/_xs_mul_log2e_fullwidth_0_T_i_87/O
                         net (fo=1, unplaced)         0.244     5.353    atten/softmax/lw_inst/_xs_mul_log2e_fullwidth_0_T_i_87_n_0
                         CARRY8 (Prop_CARRY8_DI[0]_CO[3])
                                                      0.182     5.535 r  atten/softmax/lw_inst/_xs_mul_log2e_fullwidth_0_T_i_43/CO[3]
                         net (fo=9, unplaced)         0.138     5.673    atten/softmax/lw_inst/cu_inst/softmax/maxPreProcess/_maxVal_T_451
                         LUT3 (Prop_LUT3_I1_O)        0.070     5.743 r  atten/softmax/lw_inst/_xs_mul_log2e_fullwidth_7_T_i_20/O
                         net (fo=16, unplaced)        0.199     5.942    atten/softmax/lw_inst/_xs_mul_log2e_fullwidth_7_T_i_20_n_0
                         LUT6 (Prop_LUT6_I3_O)        0.090     6.032 r  atten/softmax/lw_inst/_xs_mul_log2e_fullwidth_7_T_i_30/O
                         net (fo=1, unplaced)         0.244     6.276    atten/softmax/lw_inst/_xs_mul_log2e_fullwidth_7_T_i_30_n_0
                         CARRY8 (Prop_CARRY8_DI[0]_CO[3])
                                                      0.182     6.458 r  atten/softmax/lw_inst/_xs_mul_log2e_fullwidth_7_T_i_21/CO[3]
                         net (fo=26, unplaced)        0.162     6.620    atten/softmax/lw_inst/cu_inst/softmax/maxPreProcess/maxVal1
                         LUT5 (Prop_LUT5_I3_O)        0.038     6.658 f  atten/softmax/lw_inst/_xs_mul_log2e_fullwidth_0_T_i_25/O
                         net (fo=48, unplaced)        0.266     6.924    atten/softmax/lw_inst/_xs_mul_log2e_fullwidth_0_T_i_25_n_0
                         LUT6 (Prop_LUT6_I4_O)        0.038     6.962 r  atten/softmax/lw_inst/_xs_mul_log2e_fullwidth_12_T_i_16/O
                         net (fo=2, unplaced)         0.197     7.159    atten/softmax/lw_inst/_xs_mul_log2e_fullwidth_12_T_i_16_n_0
                         LUT5 (Prop_LUT5_I4_O)        0.038     7.197 r  atten/softmax/lw_inst/_xs_mul_log2e_fullwidth_12_T_i_15/O
                         net (fo=2, unplaced)         0.197     7.394    atten/softmax/lw_inst/_xs_mul_log2e_fullwidth_12_T_i_15_n_0
                         LUT5 (Prop_LUT5_I4_O)        0.038     7.432 r  atten/softmax/lw_inst/_xs_mul_log2e_fullwidth_12_T_i_14/O
                         net (fo=2, unplaced)         0.197     7.629    atten/softmax/lw_inst/_xs_mul_log2e_fullwidth_12_T_i_14_n_0
                         LUT5 (Prop_LUT5_I4_O)        0.038     7.667 r  atten/softmax/lw_inst/_xs_mul_log2e_fullwidth_12_T_i_13/O
                         net (fo=2, unplaced)         0.197     7.864    atten/softmax/lw_inst/_xs_mul_log2e_fullwidth_12_T_i_13_n_0
                         LUT5 (Prop_LUT5_I4_O)        0.038     7.902 r  atten/softmax/lw_inst/_xs_mul_log2e_fullwidth_12_T_i_10/O
                         net (fo=2, unplaced)         0.197     8.099    atten/softmax/lw_inst/_xs_mul_log2e_fullwidth_12_T_i_10_n_0
                         LUT5 (Prop_LUT5_I3_O)        0.038     8.137 f  atten/softmax/lw_inst/_xs_mul_log2e_fullwidth_12_T_i_1/O
                         net (fo=17, unplaced)        0.260     8.397    atten/softmax/cu_inst/softmax/_xs_mul_log2e_fullwidth_12_T/A[8]
                         DSP_A_B_DATA (Prop_DSP_A_B_DATA_A[8]_A2_DATA[8])
                                                      0.192     8.589 r  atten/softmax/cu_inst/softmax/_xs_mul_log2e_fullwidth_12_T/DSP_A_B_DATA_INST/A2_DATA[8]
                         net (fo=1, unplaced)         0.000     8.589    atten/softmax/cu_inst/softmax/_xs_mul_log2e_fullwidth_12_T/DSP_A_B_DATA.A2_DATA<8>
                         DSP_PREADD_DATA (Prop_DSP_PREADD_DATA_A2_DATA[8]_A2A1[8])
                                                      0.076     8.665 r  atten/softmax/cu_inst/softmax/_xs_mul_log2e_fullwidth_12_T/DSP_PREADD_DATA_INST/A2A1[8]
                         net (fo=1, unplaced)         0.000     8.665    atten/softmax/cu_inst/softmax/_xs_mul_log2e_fullwidth_12_T/DSP_PREADD_DATA.A2A1<8>
                         DSP_MULTIPLIER (Prop_DSP_MULTIPLIER_A2A1[8]_U[21])
                                                      0.505     9.170 f  atten/softmax/cu_inst/softmax/_xs_mul_log2e_fullwidth_12_T/DSP_MULTIPLIER_INST/U[21]
                         net (fo=1, unplaced)         0.000     9.170    atten/softmax/cu_inst/softmax/_xs_mul_log2e_fullwidth_12_T/DSP_MULTIPLIER.U<21>
                         DSP_M_DATA (Prop_DSP_M_DATA_U[21]_U_DATA[21])
                                                      0.047     9.217 r  atten/softmax/cu_inst/softmax/_xs_mul_log2e_fullwidth_12_T/DSP_M_DATA_INST/U_DATA[21]
                         net (fo=1, unplaced)         0.000     9.217    atten/softmax/cu_inst/softmax/_xs_mul_log2e_fullwidth_12_T/DSP_M_DATA.U_DATA<21>
                         DSP_ALU (Prop_DSP_ALU_U_DATA[21]_ALU_OUT[21])
                                                      0.585     9.802 f  atten/softmax/cu_inst/softmax/_xs_mul_log2e_fullwidth_12_T/DSP_ALU_INST/ALU_OUT[21]
                         net (fo=1, unplaced)         0.000     9.802    atten/softmax/cu_inst/softmax/_xs_mul_log2e_fullwidth_12_T/DSP_ALU.ALU_OUT<21>
                         DSP_OUTPUT (Prop_DSP_OUTPUT_ALU_OUT[21]_P[21])
                                                      0.109     9.911 r  atten/softmax/cu_inst/softmax/_xs_mul_log2e_fullwidth_12_T/DSP_OUTPUT_INST/P[21]
                         net (fo=21, unplaced)        0.262    10.173    atten/softmax/cu_inst/softmax/sum/io_res_inferred_i_2982_0[13]
                         LUT3 (Prop_LUT3_I0_O)        0.112    10.285 r  atten/softmax/cu_inst/softmax/sum/io_res_inferred_i_4071/O
                         net (fo=5, unplaced)         0.215    10.500    atten/softmax/cu_inst/softmax/sum/io_res_inferred_i_4071_n_0
                         LUT6 (Prop_LUT6_I2_O)        0.038    10.538 r  atten/softmax/cu_inst/softmax/sum/io_res_inferred_i_4100/O
                         net (fo=2, unplaced)         0.197    10.735    atten/softmax/cu_inst/softmax/sum/io_res_inferred_i_4100_n_0
                         LUT6 (Prop_LUT6_I0_O)        0.038    10.773 r  atten/softmax/cu_inst/softmax/sum/io_res_inferred_i_3411/O
                         net (fo=1, unplaced)         0.197    10.970    atten/softmax/cu_inst/softmax/sum/io_res_inferred_i_3411_n_0
                         LUT6 (Prop_LUT6_I1_O)        0.038    11.008 r  atten/softmax/cu_inst/softmax/sum/io_res_inferred_i_2791/O
                         net (fo=2, unplaced)         0.155    11.163    atten/softmax/cu_inst/softmax/sum/_exp2_1_io_out_12[0]
                         LUT3 (Prop_LUT3_I0_O)        0.112    11.275 r  atten/softmax/cu_inst/softmax/sum/io_res_inferred_i_2334/O
                         net (fo=2, unplaced)         0.217    11.492    atten/softmax/cu_inst/softmax/sum/io_res_inferred_i_2334_n_0
                         LUT4 (Prop_LUT4_I3_O)        0.037    11.529 r  atten/softmax/cu_inst/softmax/sum/io_res_inferred_i_2341/O
                         net (fo=1, unplaced)         0.023    11.552    atten/softmax/cu_inst/softmax/sum/io_res_inferred_i_2341_n_0
                         CARRY8 (Prop_CARRY8_S[1]_O[5])
                                                      0.237    11.789 r  atten/softmax/cu_inst/softmax/sum/io_res_inferred_i_2085/O[5]
                         net (fo=2, unplaced)         0.171    11.960    atten/softmax/cu_inst/softmax/sum/io_res_inferred_i_2085_n_10
                         LUT3 (Prop_LUT3_I2_O)        0.105    12.065 r  atten/softmax/cu_inst/softmax/sum/io_res_inferred_i_1962/O
                         net (fo=2, unplaced)         0.216    12.281    atten/softmax/cu_inst/softmax/sum/io_res_inferred_i_1962_n_0
                         LUT4 (Prop_LUT4_I3_O)        0.037    12.318 r  atten/softmax/cu_inst/softmax/sum/io_res_inferred_i_1969/O
                         net (fo=1, unplaced)         0.023    12.341    atten/softmax/cu_inst/softmax/sum/io_res_inferred_i_1969_n_0
                         CARRY8 (Prop_CARRY8_S[6]_CO[7])
                                                      0.124    12.465 r  atten/softmax/cu_inst/softmax/sum/io_res_inferred_i_1886/CO[7]
                         net (fo=1, unplaced)         0.005    12.470    atten/softmax/cu_inst/softmax/sum/io_res_inferred_i_1886_n_0
                         CARRY8 (Prop_CARRY8_CI_O[0])
                                                      0.056    12.526 r  atten/softmax/cu_inst/softmax/sum/io_res_inferred_i_1919/O[0]
                         net (fo=3, unplaced)         0.203    12.729    atten/softmax/cu_inst/softmax/sum/io_res_inferred_i_1919_n_15
                         LUT3 (Prop_LUT3_I1_O)        0.038    12.767 r  atten/softmax/cu_inst/softmax/sum/io_res_inferred_i_1924/O
                         net (fo=2, unplaced)         0.197    12.964    atten/softmax/cu_inst/softmax/sum/io_res_inferred_i_1924_n_0
                         LUT5 (Prop_LUT5_I1_O)        0.038    13.002 r  atten/softmax/cu_inst/softmax/sum/io_res_inferred_i_1851/O
                         net (fo=2, unplaced)         0.197    13.199    atten/softmax/cu_inst/softmax/sum/io_res_inferred_i_1851_n_0
                         LUT6 (Prop_LUT6_I0_O)        0.037    13.236 r  atten/softmax/cu_inst/softmax/sum/io_res_inferred_i_1859/O
                         net (fo=1, unplaced)         0.023    13.259    atten/softmax/cu_inst/softmax/sum/io_res_inferred_i_1859_n_0
                         CARRY8 (Prop_CARRY8_S[1]_O[5])
                                                      0.237    13.496 f  atten/softmax/cu_inst/softmax/sum/io_res_inferred_i_1766/O[5]
                         net (fo=21, unplaced)        0.221    13.717    atten/softmax/cu_inst/softmax/sum/_sum_io_out[13]
                         LUT4 (Prop_LUT4_I2_O)        0.053    13.770 f  atten/softmax/cu_inst/softmax/sum/io_res_inferred_i_1759/O
                         net (fo=33, unplaced)        0.258    14.028    atten/softmax/cu_inst/softmax/sum/io_res_inferred_i_1759_n_0
                         LUT6 (Prop_LUT6_I5_O)        0.038    14.066 r  atten/softmax/cu_inst/softmax/sum/io_res_inferred_i_1797/O
                         net (fo=1, unplaced)         0.197    14.263    atten/softmax/cu_inst/softmax/sum/io_res_inferred_i_1797_n_0
                         LUT6 (Prop_LUT6_I5_O)        0.038    14.301 r  atten/softmax/cu_inst/softmax/sum/io_res_inferred_i_1749/O
                         net (fo=27, unplaced)        0.253    14.554    atten/softmax/cu_inst/softmax/sum/io_res_inferred_i_1749_n_0
                         LUT4 (Prop_LUT4_I0_O)        0.038    14.592 r  atten/softmax/cu_inst/softmax/sum/io_res_inferred_i_1796/O
                         net (fo=1, unplaced)         0.020    14.612    atten/softmax/cu_inst/softmax/sum/log2/x[7]
                         CARRY8 (Prop_CARRY8_S[0]_O[4])
                                                      0.206    14.818 r  atten/softmax/cu_inst/softmax/sum/io_res_inferred_i_1520/O[4]
                         net (fo=26, unplaced)        0.210    15.028    atten/softmax/cu_inst/softmax/sum/log2/io_out_00[11]
                         LUT4 (Prop_LUT4_I0_O)        0.051    15.079 r  atten/softmax/cu_inst/softmax/sum/io_res_inferred_i_1414/O
                         net (fo=1, unplaced)         0.032    15.111    atten/softmax/cu_inst/softmax/sum/io_res_inferred_i_1414_n_0
                         CARRY8 (Prop_CARRY8_S[3]_O[5])
                                                      0.184    15.295 f  atten/softmax/cu_inst/softmax/sum/io_res_inferred_i_747/O[5]
                         net (fo=5, unplaced)         0.189    15.484    atten/cu_inst/softmax/io_in_30[13]
                         LUT2 (Prop_LUT2_I0_O)        0.099    15.583 f  atten/io_res_inferred_i_1419/O
                         net (fo=1, unplaced)         0.242    15.825    atten/io_res_inferred_i_1419_n_0
                         CARRY8 (Prop_CARRY8_DI[2]_CO[3])
                                                      0.134    15.959 f  atten/io_res_inferred_i_748/CO[3]
                         net (fo=15, unplaced)        0.150    16.109    atten/softmax/Memory_reg_0_1[0]
                         LUT6 (Prop_LUT6_I0_O)        0.038    16.147 f  atten/softmax/io_res_inferred_i_1721/O
                         net (fo=1, unplaced)         0.197    16.344    atten/softmax/io_res_inferred_i_1721_n_0
                         LUT6 (Prop_LUT6_I5_O)        0.038    16.382 r  atten/softmax/io_res_inferred_i_1430/O
                         net (fo=1, unplaced)         0.197    16.579    atten/softmax/io_res_inferred_i_1430_n_0
                         LUT6 (Prop_LUT6_I1_O)        0.038    16.617 r  atten/softmax/io_res_inferred_i_760/O
                         net (fo=2, unplaced)         0.197    16.814    atten/softmax/softmax/_exp2_2_io_out_3[7]
                         LUT5 (Prop_LUT5_I4_O)        0.038    16.852 r  atten/softmax/io_res_inferred_i_757/O
                         net (fo=2, unplaced)         0.197    17.049    atten/softmax/io_res_inferred_i_757_n_0
                         LUT6 (Prop_LUT6_I5_O)        0.038    17.087 r  atten/softmax/io_res_inferred_i_755/O
                         net (fo=2, unplaced)         0.197    17.284    atten/softmax/io_res_inferred_i_755_n_0
                         LUT6 (Prop_LUT6_I5_O)        0.038    17.322 r  atten/softmax/io_res_inferred_i_752/O
                         net (fo=2, unplaced)         0.197    17.519    atten/softmax/io_res_inferred_i_752_n_0
                         LUT6 (Prop_LUT6_I5_O)        0.038    17.557 r  atten/softmax/io_res_inferred_i_751/O
                         net (fo=2, unplaced)         0.197    17.754    atten/softmax/io_res_inferred_i_751_n_0
                         LUT6 (Prop_LUT6_I5_O)        0.038    17.792 r  atten/softmax/io_res_inferred_i_746/O
                         net (fo=2, unplaced)         0.197    17.989    atten/softmax/io_res_inferred_i_746_n_0
                         LUT6 (Prop_LUT6_I5_O)        0.038    18.027 r  atten/softmax/io_res_inferred_i_737/O
                         net (fo=2, unplaced)         0.197    18.224    atten/softmax/cu_inst/softmax/Memory_reg_0_14
                         LUT2 (Prop_LUT2_I0_O)        0.038    18.262 r  atten/softmax/cu_inst/softmax/io_res_inferred_i_178/O
                         net (fo=1, unplaced)         0.146    18.408    atten/dm2/ctxmem_inst/mem/mem_ext/Memory_reg_2_0[30]
                         RAMB36E2                                     r  atten/dm2/ctxmem_inst/mem/mem_ext/Memory_reg_0/DINADIN[30]
  -------------------------------------------------------------------    -------------------

                         (clock clk rise edge)       10.000    10.000 r  
                                                      0.000    10.000 r  clock (IN)
                         net (fo=206739, unset)       0.000    10.000    atten/dm2/ctxmem_inst/mem/mem_ext/clock
                         RAMB36E2                                     r  atten/dm2/ctxmem_inst/mem/mem_ext/Memory_reg_0/CLKBWRCLK
                         clock pessimism              0.000    10.000    
                         clock uncertainty           -0.535     9.465    
                         RAMB36E2 (Setup_RAMB36E2_CLKBWRCLK_DINADIN[30])
                                                     -0.327     9.138    atten/dm2/ctxmem_inst/mem/mem_ext/Memory_reg_0
  -------------------------------------------------------------------
                         required time                          9.138    
                         arrival time                         -18.408    
  -------------------------------------------------------------------
                         slack                                 -9.270    

Slack (VIOLATED) :        -9.270ns  (required time - arrival time)
  Source:                 atten/softmax/mem_inst/mem/mem_ext/Memory_reg_uram_0/CLK
                            (rising edge-triggered cell URAM288 clocked by clk  {rise@0.000ns fall@5.000ns period=10.000ns})
  Destination:            atten/dm2/ctxmem_inst/mem/mem_ext/Memory_reg_1/DINADIN[30]
                            (rising edge-triggered cell RAMB36E2 clocked by clk  {rise@0.000ns fall@5.000ns period=10.000ns})
  Path Group:             clk
  Path Type:              Setup (Max at Slow Process Corner)
  Requirement:            10.000ns  (clk rise@10.000ns - clk rise@0.000ns)
  Data Path Delay:        18.408ns  (logic 7.764ns (42.177%)  route 10.644ns (57.823%))
  Logic Levels:           62  (CARRY8=12 DSP_A_B_DATA=1 DSP_ALU=1 DSP_M_DATA=1 DSP_MULTIPLIER=1 DSP_OUTPUT=1 DSP_PREADD_DATA=1 LUT2=2 LUT3=6 LUT4=6 LUT5=10 LUT6=20)
  Clock Uncertainty:      0.535ns  ((TSJ^2 + TIJ^2)^1/2 + DJ) / 2 + PE + UU
    Total System Jitter     (TSJ):    0.071ns
    Total Input Jitter      (TIJ):    0.000ns
    Discrete Jitter          (DJ):    0.000ns
    Phase Error              (PE):    0.000ns
    User Uncertainty         (UU):    0.500ns

    Location             Delay type                Incr(ns)  Path(ns)    Netlist Resource(s)
  -------------------------------------------------------------------    -------------------
                         (clock clk rise edge)        0.000     0.000 r  
                                                      0.000     0.000 r  clock (IN)
                         net (fo=206739, unset)       0.000     0.000    atten/softmax/mem_inst/mem/mem_ext/clock
                         URAM288                                      r  atten/softmax/mem_inst/mem/mem_ext/Memory_reg_uram_0/CLK
  -------------------------------------------------------------------    -------------------
                         URAM288 (Prop_URAM288_CLK_DOUT_B[56])
                                                      1.991     1.991 f  atten/softmax/mem_inst/mem/mem_ext/Memory_reg_uram_0/DOUT_B[56]
                         net (fo=1, unplaced)         0.177     2.168    atten/softmax/lw_inst/R0_data0[56]
                         LUT4 (Prop_LUT4_I2_O)        0.100     2.268 f  atten/softmax/lw_inst/_xs_mul_log2e_fullwidth_7_T_i_19/O
                         net (fo=7, unplaced)         0.222     2.490    atten/softmax/lw_inst/_xs_mul_log2e_fullwidth_7_T_i_19_n_0
                         LUT6 (Prop_LUT6_I5_O)        0.038     2.528 r  atten/softmax/lw_inst/_xs_mul_log2e_fullwidth_0_T_i_202/O
                         net (fo=1, unplaced)         0.244     2.772    atten/softmax/lw_inst/_xs_mul_log2e_fullwidth_0_T_i_202_n_0
                         CARRY8 (Prop_CARRY8_DI[0]_CO[3])
                                                      0.182     2.954 r  atten/softmax/lw_inst/_xs_mul_log2e_fullwidth_0_T_i_117/CO[3]
                         net (fo=16, unplaced)        0.151     3.105    atten/softmax/lw_inst/cu_inst/softmax/maxPreProcess/_maxVal_T_11
                         LUT5 (Prop_LUT5_I3_O)        0.038     3.143 r  atten/softmax/lw_inst/_xs_mul_log2e_fullwidth_0_T_i_162/O
                         net (fo=3, unplaced)         0.161     3.304    atten/softmax/lw_inst/_xs_mul_log2e_fullwidth_0_T_i_162_n_0
                         LUT6 (Prop_LUT6_I0_O)        0.090     3.394 r  atten/softmax/lw_inst/_xs_mul_log2e_fullwidth_7_T_i_188/O
                         net (fo=1, unplaced)         0.244     3.638    atten/softmax/lw_inst/_xs_mul_log2e_fullwidth_7_T_i_188_n_0
                         CARRY8 (Prop_CARRY8_DI[0]_CO[3])
                                                      0.182     3.820 r  atten/softmax/lw_inst/_xs_mul_log2e_fullwidth_7_T_i_117/CO[3]
                         net (fo=8, unplaced)         0.135     3.955    atten/softmax/lw_inst/cu_inst/softmax/maxPreProcess/_maxVal_T_271
                         LUT3 (Prop_LUT3_I1_O)        0.038     3.993 f  atten/softmax/lw_inst/_xs_mul_log2e_fullwidth_7_T_i_58/O
                         net (fo=5, unplaced)         0.215     4.208    atten/softmax/lw_inst/_xs_mul_log2e_fullwidth_7_T_i_58_n_0
                         LUT6 (Prop_LUT6_I4_O)        0.038     4.246 r  atten/softmax/lw_inst/_xs_mul_log2e_fullwidth_7_T_i_111/O
                         net (fo=1, unplaced)         0.244     4.490    atten/softmax/lw_inst/_xs_mul_log2e_fullwidth_7_T_i_111_n_0
                         CARRY8 (Prop_CARRY8_DI[0]_CO[3])
                                                      0.182     4.672 r  atten/softmax/lw_inst/_xs_mul_log2e_fullwidth_7_T_i_57/CO[3]
                         net (fo=16, unplaced)        0.151     4.823    atten/softmax/lw_inst/cu_inst/softmax/maxPreProcess/_maxVal_T_391
                         LUT5 (Prop_LUT5_I3_O)        0.038     4.861 f  atten/softmax/lw_inst/_xs_mul_log2e_fullwidth_0_T_i_44/O
                         net (fo=4, unplaced)         0.210     5.071    atten/softmax/lw_inst/_xs_mul_log2e_fullwidth_0_T_i_44_n_0
                         LUT6 (Prop_LUT6_I4_O)        0.038     5.109 r  atten/softmax/lw_inst/_xs_mul_log2e_fullwidth_0_T_i_87/O
                         net (fo=1, unplaced)         0.244     5.353    atten/softmax/lw_inst/_xs_mul_log2e_fullwidth_0_T_i_87_n_0
                         CARRY8 (Prop_CARRY8_DI[0]_CO[3])
                                                      0.182     5.535 r  atten/softmax/lw_inst/_xs_mul_log2e_fullwidth_0_T_i_43/CO[3]
                         net (fo=9, unplaced)         0.138     5.673    atten/softmax/lw_inst/cu_inst/softmax/maxPreProcess/_maxVal_T_451
                         LUT3 (Prop_LUT3_I1_O)        0.070     5.743 r  atten/softmax/lw_inst/_xs_mul_log2e_fullwidth_7_T_i_20/O
                         net (fo=16, unplaced)        0.199     5.942    atten/softmax/lw_inst/_xs_mul_log2e_fullwidth_7_T_i_20_n_0
                         LUT6 (Prop_LUT6_I3_O)        0.090     6.032 r  atten/softmax/lw_inst/_xs_mul_log2e_fullwidth_7_T_i_30/O
                         net (fo=1, unplaced)         0.244     6.276    atten/softmax/lw_inst/_xs_mul_log2e_fullwidth_7_T_i_30_n_0
                         CARRY8 (Prop_CARRY8_DI[0]_CO[3])
                                                      0.182     6.458 r  atten/softmax/lw_inst/_xs_mul_log2e_fullwidth_7_T_i_21/CO[3]
                         net (fo=26, unplaced)        0.162     6.620    atten/softmax/lw_inst/cu_inst/softmax/maxPreProcess/maxVal1
                         LUT5 (Prop_LUT5_I3_O)        0.038     6.658 f  atten/softmax/lw_inst/_xs_mul_log2e_fullwidth_0_T_i_25/O
                         net (fo=48, unplaced)        0.266     6.924    atten/softmax/lw_inst/_xs_mul_log2e_fullwidth_0_T_i_25_n_0
                         LUT6 (Prop_LUT6_I4_O)        0.038     6.962 r  atten/softmax/lw_inst/_xs_mul_log2e_fullwidth_12_T_i_16/O
                         net (fo=2, unplaced)         0.197     7.159    atten/softmax/lw_inst/_xs_mul_log2e_fullwidth_12_T_i_16_n_0
                         LUT5 (Prop_LUT5_I4_O)        0.038     7.197 r  atten/softmax/lw_inst/_xs_mul_log2e_fullwidth_12_T_i_15/O
                         net (fo=2, unplaced)         0.197     7.394    atten/softmax/lw_inst/_xs_mul_log2e_fullwidth_12_T_i_15_n_0
                         LUT5 (Prop_LUT5_I4_O)        0.038     7.432 r  atten/softmax/lw_inst/_xs_mul_log2e_fullwidth_12_T_i_14/O
                         net (fo=2, unplaced)         0.197     7.629    atten/softmax/lw_inst/_xs_mul_log2e_fullwidth_12_T_i_14_n_0
                         LUT5 (Prop_LUT5_I4_O)        0.038     7.667 r  atten/softmax/lw_inst/_xs_mul_log2e_fullwidth_12_T_i_13/O
                         net (fo=2, unplaced)         0.197     7.864    atten/softmax/lw_inst/_xs_mul_log2e_fullwidth_12_T_i_13_n_0
                         LUT5 (Prop_LUT5_I4_O)        0.038     7.902 r  atten/softmax/lw_inst/_xs_mul_log2e_fullwidth_12_T_i_10/O
                         net (fo=2, unplaced)         0.197     8.099    atten/softmax/lw_inst/_xs_mul_log2e_fullwidth_12_T_i_10_n_0
                         LUT5 (Prop_LUT5_I3_O)        0.038     8.137 f  atten/softmax/lw_inst/_xs_mul_log2e_fullwidth_12_T_i_1/O
                         net (fo=17, unplaced)        0.260     8.397    atten/softmax/cu_inst/softmax/_xs_mul_log2e_fullwidth_12_T/A[8]
                         DSP_A_B_DATA (Prop_DSP_A_B_DATA_A[8]_A2_DATA[8])
                                                      0.192     8.589 r  atten/softmax/cu_inst/softmax/_xs_mul_log2e_fullwidth_12_T/DSP_A_B_DATA_INST/A2_DATA[8]
                         net (fo=1, unplaced)         0.000     8.589    atten/softmax/cu_inst/softmax/_xs_mul_log2e_fullwidth_12_T/DSP_A_B_DATA.A2_DATA<8>
                         DSP_PREADD_DATA (Prop_DSP_PREADD_DATA_A2_DATA[8]_A2A1[8])
                                                      0.076     8.665 r  atten/softmax/cu_inst/softmax/_xs_mul_log2e_fullwidth_12_T/DSP_PREADD_DATA_INST/A2A1[8]
                         net (fo=1, unplaced)         0.000     8.665    atten/softmax/cu_inst/softmax/_xs_mul_log2e_fullwidth_12_T/DSP_PREADD_DATA.A2A1<8>
                         DSP_MULTIPLIER (Prop_DSP_MULTIPLIER_A2A1[8]_U[21])
                                                      0.505     9.170 f  atten/softmax/cu_inst/softmax/_xs_mul_log2e_fullwidth_12_T/DSP_MULTIPLIER_INST/U[21]
                         net (fo=1, unplaced)         0.000     9.170    atten/softmax/cu_inst/softmax/_xs_mul_log2e_fullwidth_12_T/DSP_MULTIPLIER.U<21>
                         DSP_M_DATA (Prop_DSP_M_DATA_U[21]_U_DATA[21])
                                                      0.047     9.217 r  atten/softmax/cu_inst/softmax/_xs_mul_log2e_fullwidth_12_T/DSP_M_DATA_INST/U_DATA[21]
                         net (fo=1, unplaced)         0.000     9.217    atten/softmax/cu_inst/softmax/_xs_mul_log2e_fullwidth_12_T/DSP_M_DATA.U_DATA<21>
                         DSP_ALU (Prop_DSP_ALU_U_DATA[21]_ALU_OUT[21])
                                                      0.585     9.802 f  atten/softmax/cu_inst/softmax/_xs_mul_log2e_fullwidth_12_T/DSP_ALU_INST/ALU_OUT[21]
                         net (fo=1, unplaced)         0.000     9.802    atten/softmax/cu_inst/softmax/_xs_mul_log2e_fullwidth_12_T/DSP_ALU.ALU_OUT<21>
                         DSP_OUTPUT (Prop_DSP_OUTPUT_ALU_OUT[21]_P[21])
                                                      0.109     9.911 r  atten/softmax/cu_inst/softmax/_xs_mul_log2e_fullwidth_12_T/DSP_OUTPUT_INST/P[21]
                         net (fo=21, unplaced)        0.262    10.173    atten/softmax/cu_inst/softmax/sum/io_res_inferred_i_2982_0[13]
                         LUT3 (Prop_LUT3_I0_O)        0.112    10.285 r  atten/softmax/cu_inst/softmax/sum/io_res_inferred_i_4071/O
                         net (fo=5, unplaced)         0.215    10.500    atten/softmax/cu_inst/softmax/sum/io_res_inferred_i_4071_n_0
                         LUT6 (Prop_LUT6_I2_O)        0.038    10.538 r  atten/softmax/cu_inst/softmax/sum/io_res_inferred_i_4100/O
                         net (fo=2, unplaced)         0.197    10.735    atten/softmax/cu_inst/softmax/sum/io_res_inferred_i_4100_n_0
                         LUT6 (Prop_LUT6_I0_O)        0.038    10.773 r  atten/softmax/cu_inst/softmax/sum/io_res_inferred_i_3411/O
                         net (fo=1, unplaced)         0.197    10.970    atten/softmax/cu_inst/softmax/sum/io_res_inferred_i_3411_n_0
                         LUT6 (Prop_LUT6_I1_O)        0.038    11.008 r  atten/softmax/cu_inst/softmax/sum/io_res_inferred_i_2791/O
                         net (fo=2, unplaced)         0.155    11.163    atten/softmax/cu_inst/softmax/sum/_exp2_1_io_out_12[0]
                         LUT3 (Prop_LUT3_I0_O)        0.112    11.275 r  atten/softmax/cu_inst/softmax/sum/io_res_inferred_i_2334/O
                         net (fo=2, unplaced)         0.217    11.492    atten/softmax/cu_inst/softmax/sum/io_res_inferred_i_2334_n_0
                         LUT4 (Prop_LUT4_I3_O)        0.037    11.529 r  atten/softmax/cu_inst/softmax/sum/io_res_inferred_i_2341/O
                         net (fo=1, unplaced)         0.023    11.552    atten/softmax/cu_inst/softmax/sum/io_res_inferred_i_2341_n_0
                         CARRY8 (Prop_CARRY8_S[1]_O[5])
                                                      0.237    11.789 r  atten/softmax/cu_inst/softmax/sum/io_res_inferred_i_2085/O[5]
                         net (fo=2, unplaced)         0.171    11.960    atten/softmax/cu_inst/softmax/sum/io_res_inferred_i_2085_n_10
                         LUT3 (Prop_LUT3_I2_O)        0.105    12.065 r  atten/softmax/cu_inst/softmax/sum/io_res_inferred_i_1962/O
                         net (fo=2, unplaced)         0.216    12.281    atten/softmax/cu_inst/softmax/sum/io_res_inferred_i_1962_n_0
                         LUT4 (Prop_LUT4_I3_O)        0.037    12.318 r  atten/softmax/cu_inst/softmax/sum/io_res_inferred_i_1969/O
                         net (fo=1, unplaced)         0.023    12.341    atten/softmax/cu_inst/softmax/sum/io_res_inferred_i_1969_n_0
                         CARRY8 (Prop_CARRY8_S[6]_CO[7])
                                                      0.124    12.465 r  atten/softmax/cu_inst/softmax/sum/io_res_inferred_i_1886/CO[7]
                         net (fo=1, unplaced)         0.005    12.470    atten/softmax/cu_inst/softmax/sum/io_res_inferred_i_1886_n_0
                         CARRY8 (Prop_CARRY8_CI_O[0])
                                                      0.056    12.526 r  atten/softmax/cu_inst/softmax/sum/io_res_inferred_i_1919/O[0]
                         net (fo=3, unplaced)         0.203    12.729    atten/softmax/cu_inst/softmax/sum/io_res_inferred_i_1919_n_15
                         LUT3 (Prop_LUT3_I1_O)        0.038    12.767 r  atten/softmax/cu_inst/softmax/sum/io_res_inferred_i_1924/O
                         net (fo=2, unplaced)         0.197    12.964    atten/softmax/cu_inst/softmax/sum/io_res_inferred_i_1924_n_0
                         LUT5 (Prop_LUT5_I1_O)        0.038    13.002 r  atten/softmax/cu_inst/softmax/sum/io_res_inferred_i_1851/O
                         net (fo=2, unplaced)         0.197    13.199    atten/softmax/cu_inst/softmax/sum/io_res_inferred_i_1851_n_0
                         LUT6 (Prop_LUT6_I0_O)        0.037    13.236 r  atten/softmax/cu_inst/softmax/sum/io_res_inferred_i_1859/O
                         net (fo=1, unplaced)         0.023    13.259    atten/softmax/cu_inst/softmax/sum/io_res_inferred_i_1859_n_0
                         CARRY8 (Prop_CARRY8_S[1]_O[5])
                                                      0.237    13.496 f  atten/softmax/cu_inst/softmax/sum/io_res_inferred_i_1766/O[5]
                         net (fo=21, unplaced)        0.221    13.717    atten/softmax/cu_inst/softmax/sum/_sum_io_out[13]
                         LUT4 (Prop_LUT4_I2_O)        0.053    13.770 f  atten/softmax/cu_inst/softmax/sum/io_res_inferred_i_1759/O
                         net (fo=33, unplaced)        0.258    14.028    atten/softmax/cu_inst/softmax/sum/io_res_inferred_i_1759_n_0
                         LUT6 (Prop_LUT6_I5_O)        0.038    14.066 r  atten/softmax/cu_inst/softmax/sum/io_res_inferred_i_1797/O
                         net (fo=1, unplaced)         0.197    14.263    atten/softmax/cu_inst/softmax/sum/io_res_inferred_i_1797_n_0
                         LUT6 (Prop_LUT6_I5_O)        0.038    14.301 r  atten/softmax/cu_inst/softmax/sum/io_res_inferred_i_1749/O
                         net (fo=27, unplaced)        0.253    14.554    atten/softmax/cu_inst/softmax/sum/io_res_inferred_i_1749_n_0
                         LUT4 (Prop_LUT4_I0_O)        0.038    14.592 r  atten/softmax/cu_inst/softmax/sum/io_res_inferred_i_1796/O
                         net (fo=1, unplaced)         0.020    14.612    atten/softmax/cu_inst/softmax/sum/log2/x[7]
                         CARRY8 (Prop_CARRY8_S[0]_O[4])
                                                      0.206    14.818 r  atten/softmax/cu_inst/softmax/sum/io_res_inferred_i_1520/O[4]
                         net (fo=26, unplaced)        0.210    15.028    atten/softmax/cu_inst/softmax/sum/log2/io_out_00[11]
                         LUT4 (Prop_LUT4_I0_O)        0.051    15.079 r  atten/softmax/cu_inst/softmax/sum/io_res_inferred_i_1180/O
                         net (fo=1, unplaced)         0.032    15.111    atten/softmax/cu_inst/softmax/sum/io_res_inferred_i_1180_n_0
                         CARRY8 (Prop_CARRY8_S[3]_O[5])
                                                      0.184    15.295 f  atten/softmax/cu_inst/softmax/sum/io_res_inferred_i_531/O[5]
                         net (fo=5, unplaced)         0.189    15.484    atten/cu_inst/softmax/io_in_120[13]
                         LUT2 (Prop_LUT2_I0_O)        0.099    15.583 f  atten/io_res_inferred_i_1185/O
                         net (fo=1, unplaced)         0.242    15.825    atten/io_res_inferred_i_1185_n_0
                         CARRY8 (Prop_CARRY8_DI[2]_CO[3])
                                                      0.134    15.959 f  atten/io_res_inferred_i_532/CO[3]
                         net (fo=15, unplaced)        0.150    16.109    atten/softmax/Memory_reg_1_2[0]
                         LUT6 (Prop_LUT6_I0_O)        0.038    16.147 f  atten/softmax/io_res_inferred_i_1639/O
                         net (fo=1, unplaced)         0.197    16.344    atten/softmax/io_res_inferred_i_1639_n_0
                         LUT6 (Prop_LUT6_I5_O)        0.038    16.382 r  atten/softmax/io_res_inferred_i_1196/O
                         net (fo=1, unplaced)         0.197    16.579    atten/softmax/io_res_inferred_i_1196_n_0
                         LUT6 (Prop_LUT6_I1_O)        0.038    16.617 r  atten/softmax/io_res_inferred_i_544/O
                         net (fo=2, unplaced)         0.197    16.814    atten/softmax/softmax/_exp2_2_io_out_12[7]
                         LUT5 (Prop_LUT5_I4_O)        0.038    16.852 r  atten/softmax/io_res_inferred_i_541/O
                         net (fo=2, unplaced)         0.197    17.049    atten/softmax/io_res_inferred_i_541_n_0
                         LUT6 (Prop_LUT6_I5_O)        0.038    17.087 r  atten/softmax/io_res_inferred_i_539/O
                         net (fo=2, unplaced)         0.197    17.284    atten/softmax/io_res_inferred_i_539_n_0
                         LUT6 (Prop_LUT6_I5_O)        0.038    17.322 r  atten/softmax/io_res_inferred_i_536/O
                         net (fo=2, unplaced)         0.197    17.519    atten/softmax/io_res_inferred_i_536_n_0
                         LUT6 (Prop_LUT6_I5_O)        0.038    17.557 r  atten/softmax/io_res_inferred_i_535/O
                         net (fo=2, unplaced)         0.197    17.754    atten/softmax/io_res_inferred_i_535_n_0
                         LUT6 (Prop_LUT6_I5_O)        0.038    17.792 r  atten/softmax/io_res_inferred_i_530/O
                         net (fo=2, unplaced)         0.197    17.989    atten/softmax/io_res_inferred_i_530_n_0
                         LUT6 (Prop_LUT6_I5_O)        0.038    18.027 r  atten/softmax/io_res_inferred_i_521/O
                         net (fo=2, unplaced)         0.197    18.224    atten/softmax/cu_inst/softmax/Memory_reg_1_14
                         LUT2 (Prop_LUT2_I0_O)        0.038    18.262 r  atten/softmax/cu_inst/softmax/io_res_inferred_i_106/O
                         net (fo=1, unplaced)         0.146    18.408    atten/dm2/ctxmem_inst/mem/mem_ext/Memory_reg_2_0[102]
                         RAMB36E2                                     r  atten/dm2/ctxmem_inst/mem/mem_ext/Memory_reg_1/DINADIN[30]
  -------------------------------------------------------------------    -------------------

                         (clock clk rise edge)       10.000    10.000 r  
                                                      0.000    10.000 r  clock (IN)
                         net (fo=206739, unset)       0.000    10.000    atten/dm2/ctxmem_inst/mem/mem_ext/clock
                         RAMB36E2                                     r  atten/dm2/ctxmem_inst/mem/mem_ext/Memory_reg_1/CLKBWRCLK
                         clock pessimism              0.000    10.000    
                         clock uncertainty           -0.535     9.465    
                         RAMB36E2 (Setup_RAMB36E2_CLKBWRCLK_DINADIN[30])
                                                     -0.327     9.138    atten/dm2/ctxmem_inst/mem/mem_ext/Memory_reg_1
  -------------------------------------------------------------------
                         required time                          9.138    
                         arrival time                         -18.408    
  -------------------------------------------------------------------
                         slack                                 -9.270    

Slack (VIOLATED) :        -9.270ns  (required time - arrival time)
  Source:                 atten/softmax/mem_inst/mem/mem_ext/Memory_reg_uram_0/CLK
                            (rising edge-triggered cell URAM288 clocked by clk  {rise@0.000ns fall@5.000ns period=10.000ns})
  Destination:            atten/dm2/ctxmem_inst/mem/mem_ext/Memory_reg_2/DINADIN[30]
                            (rising edge-triggered cell RAMB36E2 clocked by clk  {rise@0.000ns fall@5.000ns period=10.000ns})
  Path Group:             clk
  Path Type:              Setup (Max at Slow Process Corner)
  Requirement:            10.000ns  (clk rise@10.000ns - clk rise@0.000ns)
  Data Path Delay:        18.408ns  (logic 7.764ns (42.177%)  route 10.644ns (57.823%))
  Logic Levels:           62  (CARRY8=12 DSP_A_B_DATA=1 DSP_ALU=1 DSP_M_DATA=1 DSP_MULTIPLIER=1 DSP_OUTPUT=1 DSP_PREADD_DATA=1 LUT2=2 LUT3=6 LUT4=6 LUT5=10 LUT6=20)
  Clock Uncertainty:      0.535ns  ((TSJ^2 + TIJ^2)^1/2 + DJ) / 2 + PE + UU
    Total System Jitter     (TSJ):    0.071ns
    Total Input Jitter      (TIJ):    0.000ns
    Discrete Jitter          (DJ):    0.000ns
    Phase Error              (PE):    0.000ns
    User Uncertainty         (UU):    0.500ns

    Location             Delay type                Incr(ns)  Path(ns)    Netlist Resource(s)
  -------------------------------------------------------------------    -------------------
                         (clock clk rise edge)        0.000     0.000 r  
                                                      0.000     0.000 r  clock (IN)
                         net (fo=206739, unset)       0.000     0.000    atten/softmax/mem_inst/mem/mem_ext/clock
                         URAM288                                      r  atten/softmax/mem_inst/mem/mem_ext/Memory_reg_uram_0/CLK
  -------------------------------------------------------------------    -------------------
                         URAM288 (Prop_URAM288_CLK_DOUT_B[56])
                                                      1.991     1.991 f  atten/softmax/mem_inst/mem/mem_ext/Memory_reg_uram_0/DOUT_B[56]
                         net (fo=1, unplaced)         0.177     2.168    atten/softmax/lw_inst/R0_data0[56]
                         LUT4 (Prop_LUT4_I2_O)        0.100     2.268 f  atten/softmax/lw_inst/_xs_mul_log2e_fullwidth_7_T_i_19/O
                         net (fo=7, unplaced)         0.222     2.490    atten/softmax/lw_inst/_xs_mul_log2e_fullwidth_7_T_i_19_n_0
                         LUT6 (Prop_LUT6_I5_O)        0.038     2.528 r  atten/softmax/lw_inst/_xs_mul_log2e_fullwidth_0_T_i_202/O
                         net (fo=1, unplaced)         0.244     2.772    atten/softmax/lw_inst/_xs_mul_log2e_fullwidth_0_T_i_202_n_0
                         CARRY8 (Prop_CARRY8_DI[0]_CO[3])
                                                      0.182     2.954 r  atten/softmax/lw_inst/_xs_mul_log2e_fullwidth_0_T_i_117/CO[3]
                         net (fo=16, unplaced)        0.151     3.105    atten/softmax/lw_inst/cu_inst/softmax/maxPreProcess/_maxVal_T_11
                         LUT5 (Prop_LUT5_I3_O)        0.038     3.143 r  atten/softmax/lw_inst/_xs_mul_log2e_fullwidth_0_T_i_162/O
                         net (fo=3, unplaced)         0.161     3.304    atten/softmax/lw_inst/_xs_mul_log2e_fullwidth_0_T_i_162_n_0
                         LUT6 (Prop_LUT6_I0_O)        0.090     3.394 r  atten/softmax/lw_inst/_xs_mul_log2e_fullwidth_7_T_i_188/O
                         net (fo=1, unplaced)         0.244     3.638    atten/softmax/lw_inst/_xs_mul_log2e_fullwidth_7_T_i_188_n_0
                         CARRY8 (Prop_CARRY8_DI[0]_CO[3])
                                                      0.182     3.820 r  atten/softmax/lw_inst/_xs_mul_log2e_fullwidth_7_T_i_117/CO[3]
                         net (fo=8, unplaced)         0.135     3.955    atten/softmax/lw_inst/cu_inst/softmax/maxPreProcess/_maxVal_T_271
                         LUT3 (Prop_LUT3_I1_O)        0.038     3.993 f  atten/softmax/lw_inst/_xs_mul_log2e_fullwidth_7_T_i_58/O
                         net (fo=5, unplaced)         0.215     4.208    atten/softmax/lw_inst/_xs_mul_log2e_fullwidth_7_T_i_58_n_0
                         LUT6 (Prop_LUT6_I4_O)        0.038     4.246 r  atten/softmax/lw_inst/_xs_mul_log2e_fullwidth_7_T_i_111/O
                         net (fo=1, unplaced)         0.244     4.490    atten/softmax/lw_inst/_xs_mul_log2e_fullwidth_7_T_i_111_n_0
                         CARRY8 (Prop_CARRY8_DI[0]_CO[3])
                                                      0.182     4.672 r  atten/softmax/lw_inst/_xs_mul_log2e_fullwidth_7_T_i_57/CO[3]
                         net (fo=16, unplaced)        0.151     4.823    atten/softmax/lw_inst/cu_inst/softmax/maxPreProcess/_maxVal_T_391
                         LUT5 (Prop_LUT5_I3_O)        0.038     4.861 f  atten/softmax/lw_inst/_xs_mul_log2e_fullwidth_0_T_i_44/O
                         net (fo=4, unplaced)         0.210     5.071    atten/softmax/lw_inst/_xs_mul_log2e_fullwidth_0_T_i_44_n_0
                         LUT6 (Prop_LUT6_I4_O)        0.038     5.109 r  atten/softmax/lw_inst/_xs_mul_log2e_fullwidth_0_T_i_87/O
                         net (fo=1, unplaced)         0.244     5.353    atten/softmax/lw_inst/_xs_mul_log2e_fullwidth_0_T_i_87_n_0
                         CARRY8 (Prop_CARRY8_DI[0]_CO[3])
                                                      0.182     5.535 r  atten/softmax/lw_inst/_xs_mul_log2e_fullwidth_0_T_i_43/CO[3]
                         net (fo=9, unplaced)         0.138     5.673    atten/softmax/lw_inst/cu_inst/softmax/maxPreProcess/_maxVal_T_451
                         LUT3 (Prop_LUT3_I1_O)        0.070     5.743 r  atten/softmax/lw_inst/_xs_mul_log2e_fullwidth_7_T_i_20/O
                         net (fo=16, unplaced)        0.199     5.942    atten/softmax/lw_inst/_xs_mul_log2e_fullwidth_7_T_i_20_n_0
                         LUT6 (Prop_LUT6_I3_O)        0.090     6.032 r  atten/softmax/lw_inst/_xs_mul_log2e_fullwidth_7_T_i_30/O
                         net (fo=1, unplaced)         0.244     6.276    atten/softmax/lw_inst/_xs_mul_log2e_fullwidth_7_T_i_30_n_0
                         CARRY8 (Prop_CARRY8_DI[0]_CO[3])
                                                      0.182     6.458 r  atten/softmax/lw_inst/_xs_mul_log2e_fullwidth_7_T_i_21/CO[3]
                         net (fo=26, unplaced)        0.162     6.620    atten/softmax/lw_inst/cu_inst/softmax/maxPreProcess/maxVal1
                         LUT5 (Prop_LUT5_I3_O)        0.038     6.658 f  atten/softmax/lw_inst/_xs_mul_log2e_fullwidth_0_T_i_25/O
                         net (fo=48, unplaced)        0.266     6.924    atten/softmax/lw_inst/_xs_mul_log2e_fullwidth_0_T_i_25_n_0
                         LUT6 (Prop_LUT6_I4_O)        0.038     6.962 r  atten/softmax/lw_inst/_xs_mul_log2e_fullwidth_12_T_i_16/O
                         net (fo=2, unplaced)         0.197     7.159    atten/softmax/lw_inst/_xs_mul_log2e_fullwidth_12_T_i_16_n_0
                         LUT5 (Prop_LUT5_I4_O)        0.038     7.197 r  atten/softmax/lw_inst/_xs_mul_log2e_fullwidth_12_T_i_15/O
                         net (fo=2, unplaced)         0.197     7.394    atten/softmax/lw_inst/_xs_mul_log2e_fullwidth_12_T_i_15_n_0
                         LUT5 (Prop_LUT5_I4_O)        0.038     7.432 r  atten/softmax/lw_inst/_xs_mul_log2e_fullwidth_12_T_i_14/O
                         net (fo=2, unplaced)         0.197     7.629    atten/softmax/lw_inst/_xs_mul_log2e_fullwidth_12_T_i_14_n_0
                         LUT5 (Prop_LUT5_I4_O)        0.038     7.667 r  atten/softmax/lw_inst/_xs_mul_log2e_fullwidth_12_T_i_13/O
                         net (fo=2, unplaced)         0.197     7.864    atten/softmax/lw_inst/_xs_mul_log2e_fullwidth_12_T_i_13_n_0
                         LUT5 (Prop_LUT5_I4_O)        0.038     7.902 r  atten/softmax/lw_inst/_xs_mul_log2e_fullwidth_12_T_i_10/O
                         net (fo=2, unplaced)         0.197     8.099    atten/softmax/lw_inst/_xs_mul_log2e_fullwidth_12_T_i_10_n_0
                         LUT5 (Prop_LUT5_I3_O)        0.038     8.137 f  atten/softmax/lw_inst/_xs_mul_log2e_fullwidth_12_T_i_1/O
                         net (fo=17, unplaced)        0.260     8.397    atten/softmax/cu_inst/softmax/_xs_mul_log2e_fullwidth_12_T/A[8]
                         DSP_A_B_DATA (Prop_DSP_A_B_DATA_A[8]_A2_DATA[8])
                                                      0.192     8.589 r  atten/softmax/cu_inst/softmax/_xs_mul_log2e_fullwidth_12_T/DSP_A_B_DATA_INST/A2_DATA[8]
                         net (fo=1, unplaced)         0.000     8.589    atten/softmax/cu_inst/softmax/_xs_mul_log2e_fullwidth_12_T/DSP_A_B_DATA.A2_DATA<8>
                         DSP_PREADD_DATA (Prop_DSP_PREADD_DATA_A2_DATA[8]_A2A1[8])
                                                      0.076     8.665 r  atten/softmax/cu_inst/softmax/_xs_mul_log2e_fullwidth_12_T/DSP_PREADD_DATA_INST/A2A1[8]
                         net (fo=1, unplaced)         0.000     8.665    atten/softmax/cu_inst/softmax/_xs_mul_log2e_fullwidth_12_T/DSP_PREADD_DATA.A2A1<8>
                         DSP_MULTIPLIER (Prop_DSP_MULTIPLIER_A2A1[8]_U[21])
                                                      0.505     9.170 f  atten/softmax/cu_inst/softmax/_xs_mul_log2e_fullwidth_12_T/DSP_MULTIPLIER_INST/U[21]
                         net (fo=1, unplaced)         0.000     9.170    atten/softmax/cu_inst/softmax/_xs_mul_log2e_fullwidth_12_T/DSP_MULTIPLIER.U<21>
                         DSP_M_DATA (Prop_DSP_M_DATA_U[21]_U_DATA[21])
                                                      0.047     9.217 r  atten/softmax/cu_inst/softmax/_xs_mul_log2e_fullwidth_12_T/DSP_M_DATA_INST/U_DATA[21]
                         net (fo=1, unplaced)         0.000     9.217    atten/softmax/cu_inst/softmax/_xs_mul_log2e_fullwidth_12_T/DSP_M_DATA.U_DATA<21>
                         DSP_ALU (Prop_DSP_ALU_U_DATA[21]_ALU_OUT[21])
                                                      0.585     9.802 f  atten/softmax/cu_inst/softmax/_xs_mul_log2e_fullwidth_12_T/DSP_ALU_INST/ALU_OUT[21]
                         net (fo=1, unplaced)         0.000     9.802    atten/softmax/cu_inst/softmax/_xs_mul_log2e_fullwidth_12_T/DSP_ALU.ALU_OUT<21>
                         DSP_OUTPUT (Prop_DSP_OUTPUT_ALU_OUT[21]_P[21])
                                                      0.109     9.911 r  atten/softmax/cu_inst/softmax/_xs_mul_log2e_fullwidth_12_T/DSP_OUTPUT_INST/P[21]
                         net (fo=21, unplaced)        0.262    10.173    atten/softmax/cu_inst/softmax/sum/io_res_inferred_i_2982_0[13]
                         LUT3 (Prop_LUT3_I0_O)        0.112    10.285 r  atten/softmax/cu_inst/softmax/sum/io_res_inferred_i_4071/O
                         net (fo=5, unplaced)         0.215    10.500    atten/softmax/cu_inst/softmax/sum/io_res_inferred_i_4071_n_0
                         LUT6 (Prop_LUT6_I2_O)        0.038    10.538 r  atten/softmax/cu_inst/softmax/sum/io_res_inferred_i_4100/O
                         net (fo=2, unplaced)         0.197    10.735    atten/softmax/cu_inst/softmax/sum/io_res_inferred_i_4100_n_0
                         LUT6 (Prop_LUT6_I0_O)        0.038    10.773 r  atten/softmax/cu_inst/softmax/sum/io_res_inferred_i_3411/O
                         net (fo=1, unplaced)         0.197    10.970    atten/softmax/cu_inst/softmax/sum/io_res_inferred_i_3411_n_0
                         LUT6 (Prop_LUT6_I1_O)        0.038    11.008 r  atten/softmax/cu_inst/softmax/sum/io_res_inferred_i_2791/O
                         net (fo=2, unplaced)         0.155    11.163    atten/softmax/cu_inst/softmax/sum/_exp2_1_io_out_12[0]
                         LUT3 (Prop_LUT3_I0_O)        0.112    11.275 r  atten/softmax/cu_inst/softmax/sum/io_res_inferred_i_2334/O
                         net (fo=2, unplaced)         0.217    11.492    atten/softmax/cu_inst/softmax/sum/io_res_inferred_i_2334_n_0
                         LUT4 (Prop_LUT4_I3_O)        0.037    11.529 r  atten/softmax/cu_inst/softmax/sum/io_res_inferred_i_2341/O
                         net (fo=1, unplaced)         0.023    11.552    atten/softmax/cu_inst/softmax/sum/io_res_inferred_i_2341_n_0
                         CARRY8 (Prop_CARRY8_S[1]_O[5])
                                                      0.237    11.789 r  atten/softmax/cu_inst/softmax/sum/io_res_inferred_i_2085/O[5]
                         net (fo=2, unplaced)         0.171    11.960    atten/softmax/cu_inst/softmax/sum/io_res_inferred_i_2085_n_10
                         LUT3 (Prop_LUT3_I2_O)        0.105    12.065 r  atten/softmax/cu_inst/softmax/sum/io_res_inferred_i_1962/O
                         net (fo=2, unplaced)         0.216    12.281    atten/softmax/cu_inst/softmax/sum/io_res_inferred_i_1962_n_0
                         LUT4 (Prop_LUT4_I3_O)        0.037    12.318 r  atten/softmax/cu_inst/softmax/sum/io_res_inferred_i_1969/O
                         net (fo=1, unplaced)         0.023    12.341    atten/softmax/cu_inst/softmax/sum/io_res_inferred_i_1969_n_0
                         CARRY8 (Prop_CARRY8_S[6]_CO[7])
                                                      0.124    12.465 r  atten/softmax/cu_inst/softmax/sum/io_res_inferred_i_1886/CO[7]
                         net (fo=1, unplaced)         0.005    12.470    atten/softmax/cu_inst/softmax/sum/io_res_inferred_i_1886_n_0
                         CARRY8 (Prop_CARRY8_CI_O[0])
                                                      0.056    12.526 r  atten/softmax/cu_inst/softmax/sum/io_res_inferred_i_1919/O[0]
                         net (fo=3, unplaced)         0.203    12.729    atten/softmax/cu_inst/softmax/sum/io_res_inferred_i_1919_n_15
                         LUT3 (Prop_LUT3_I1_O)        0.038    12.767 r  atten/softmax/cu_inst/softmax/sum/io_res_inferred_i_1924/O
                         net (fo=2, unplaced)         0.197    12.964    atten/softmax/cu_inst/softmax/sum/io_res_inferred_i_1924_n_0
                         LUT5 (Prop_LUT5_I1_O)        0.038    13.002 r  atten/softmax/cu_inst/softmax/sum/io_res_inferred_i_1851/O
                         net (fo=2, unplaced)         0.197    13.199    atten/softmax/cu_inst/softmax/sum/io_res_inferred_i_1851_n_0
                         LUT6 (Prop_LUT6_I0_O)        0.037    13.236 r  atten/softmax/cu_inst/softmax/sum/io_res_inferred_i_1859/O
                         net (fo=1, unplaced)         0.023    13.259    atten/softmax/cu_inst/softmax/sum/io_res_inferred_i_1859_n_0
                         CARRY8 (Prop_CARRY8_S[1]_O[5])
                                                      0.237    13.496 f  atten/softmax/cu_inst/softmax/sum/io_res_inferred_i_1766/O[5]
                         net (fo=21, unplaced)        0.221    13.717    atten/softmax/cu_inst/softmax/sum/_sum_io_out[13]
                         LUT4 (Prop_LUT4_I2_O)        0.053    13.770 f  atten/softmax/cu_inst/softmax/sum/io_res_inferred_i_1759/O
                         net (fo=33, unplaced)        0.258    14.028    atten/softmax/cu_inst/softmax/sum/io_res_inferred_i_1759_n_0
                         LUT6 (Prop_LUT6_I5_O)        0.038    14.066 r  atten/softmax/cu_inst/softmax/sum/io_res_inferred_i_1797/O
                         net (fo=1, unplaced)         0.197    14.263    atten/softmax/cu_inst/softmax/sum/io_res_inferred_i_1797_n_0
                         LUT6 (Prop_LUT6_I5_O)        0.038    14.301 r  atten/softmax/cu_inst/softmax/sum/io_res_inferred_i_1749/O
                         net (fo=27, unplaced)        0.253    14.554    atten/softmax/cu_inst/softmax/sum/io_res_inferred_i_1749_n_0
                         LUT4 (Prop_LUT4_I0_O)        0.038    14.592 r  atten/softmax/cu_inst/softmax/sum/io_res_inferred_i_1796/O
                         net (fo=1, unplaced)         0.020    14.612    atten/softmax/cu_inst/softmax/sum/log2/x[7]
                         CARRY8 (Prop_CARRY8_S[0]_O[4])
                                                      0.206    14.818 r  atten/softmax/cu_inst/softmax/sum/io_res_inferred_i_1520/O[4]
                         net (fo=26, unplaced)        0.210    15.028    atten/softmax/cu_inst/softmax/sum/log2/io_out_00[11]
                         LUT4 (Prop_LUT4_I0_O)        0.051    15.079 r  atten/softmax/cu_inst/softmax/sum/io_res_inferred_i_946/O
                         net (fo=1, unplaced)         0.032    15.111    atten/softmax/cu_inst/softmax/sum/io_res_inferred_i_946_n_0
                         CARRY8 (Prop_CARRY8_S[3]_O[5])
                                                      0.184    15.295 f  atten/softmax/cu_inst/softmax/sum/io_res_inferred_i_315/O[5]
                         net (fo=5, unplaced)         0.189    15.484    atten/cu_inst/softmax/io_in_210[13]
                         LUT2 (Prop_LUT2_I0_O)        0.099    15.583 f  atten/io_res_inferred_i_951/O
                         net (fo=1, unplaced)         0.242    15.825    atten/io_res_inferred_i_951_n_0
                         CARRY8 (Prop_CARRY8_DI[2]_CO[3])
                                                      0.134    15.959 f  atten/io_res_inferred_i_316/CO[3]
                         net (fo=15, unplaced)        0.150    16.109    atten/softmax/Memory_reg_2_2[0]
                         LUT6 (Prop_LUT6_I0_O)        0.038    16.147 f  atten/softmax/io_res_inferred_i_1557/O
                         net (fo=1, unplaced)         0.197    16.344    atten/softmax/io_res_inferred_i_1557_n_0
                         LUT6 (Prop_LUT6_I5_O)        0.038    16.382 r  atten/softmax/io_res_inferred_i_962/O
                         net (fo=1, unplaced)         0.197    16.579    atten/softmax/io_res_inferred_i_962_n_0
                         LUT6 (Prop_LUT6_I1_O)        0.038    16.617 r  atten/softmax/io_res_inferred_i_328/O
                         net (fo=2, unplaced)         0.197    16.814    atten/softmax/softmax/_exp2_2_io_out_21[7]
                         LUT5 (Prop_LUT5_I4_O)        0.038    16.852 r  atten/softmax/io_res_inferred_i_325/O
                         net (fo=2, unplaced)         0.197    17.049    atten/softmax/io_res_inferred_i_325_n_0
                         LUT6 (Prop_LUT6_I5_O)        0.038    17.087 r  atten/softmax/io_res_inferred_i_323/O
                         net (fo=2, unplaced)         0.197    17.284    atten/softmax/io_res_inferred_i_323_n_0
                         LUT6 (Prop_LUT6_I5_O)        0.038    17.322 r  atten/softmax/io_res_inferred_i_320/O
                         net (fo=2, unplaced)         0.197    17.519    atten/softmax/io_res_inferred_i_320_n_0
                         LUT6 (Prop_LUT6_I5_O)        0.038    17.557 r  atten/softmax/io_res_inferred_i_319/O
                         net (fo=2, unplaced)         0.197    17.754    atten/softmax/io_res_inferred_i_319_n_0
                         LUT6 (Prop_LUT6_I5_O)        0.038    17.792 r  atten/softmax/io_res_inferred_i_314/O
                         net (fo=2, unplaced)         0.197    17.989    atten/softmax/io_res_inferred_i_314_n_0
                         LUT6 (Prop_LUT6_I5_O)        0.038    18.027 r  atten/softmax/io_res_inferred_i_305/O
                         net (fo=2, unplaced)         0.197    18.224    atten/softmax/cu_inst/softmax/Memory_reg_2_14
                         LUT2 (Prop_LUT2_I0_O)        0.038    18.262 r  atten/softmax/cu_inst/softmax/io_res_inferred_i_34/O
                         net (fo=1, unplaced)         0.146    18.408    atten/dm2/ctxmem_inst/mem/mem_ext/Memory_reg_2_0[174]
                         RAMB36E2                                     r  atten/dm2/ctxmem_inst/mem/mem_ext/Memory_reg_2/DINADIN[30]
  -------------------------------------------------------------------    -------------------

                         (clock clk rise edge)       10.000    10.000 r  
                                                      0.000    10.000 r  clock (IN)
                         net (fo=206739, unset)       0.000    10.000    atten/dm2/ctxmem_inst/mem/mem_ext/clock
                         RAMB36E2                                     r  atten/dm2/ctxmem_inst/mem/mem_ext/Memory_reg_2/CLKBWRCLK
                         clock pessimism              0.000    10.000    
                         clock uncertainty           -0.535     9.465    
                         RAMB36E2 (Setup_RAMB36E2_CLKBWRCLK_DINADIN[30])
                                                     -0.327     9.138    atten/dm2/ctxmem_inst/mem/mem_ext/Memory_reg_2
  -------------------------------------------------------------------
                         required time                          9.138    
                         arrival time                         -18.408    
  -------------------------------------------------------------------
                         slack                                 -9.270    

Slack (VIOLATED) :        -9.265ns  (required time - arrival time)
  Source:                 atten/softmax/mem_inst/mem/mem_ext/Memory_reg_uram_0/CLK
                            (rising edge-triggered cell URAM288 clocked by clk  {rise@0.000ns fall@5.000ns period=10.000ns})
  Destination:            atten/dm2/ctxmem_inst/mem/mem_ext/Memory_reg_0/DINBDIN[14]
                            (rising edge-triggered cell RAMB36E2 clocked by clk  {rise@0.000ns fall@5.000ns period=10.000ns})
  Path Group:             clk
  Path Type:              Setup (Max at Slow Process Corner)
  Requirement:            10.000ns  (clk rise@10.000ns - clk rise@0.000ns)
  Data Path Delay:        18.458ns  (logic 7.764ns (42.063%)  route 10.694ns (57.937%))
  Logic Levels:           62  (CARRY8=12 DSP_A_B_DATA=1 DSP_ALU=1 DSP_M_DATA=1 DSP_MULTIPLIER=1 DSP_OUTPUT=1 DSP_PREADD_DATA=1 LUT2=2 LUT3=6 LUT4=6 LUT5=10 LUT6=20)
  Clock Uncertainty:      0.535ns  ((TSJ^2 + TIJ^2)^1/2 + DJ) / 2 + PE + UU
    Total System Jitter     (TSJ):    0.071ns
    Total Input Jitter      (TIJ):    0.000ns
    Discrete Jitter          (DJ):    0.000ns
    Phase Error              (PE):    0.000ns
    User Uncertainty         (UU):    0.500ns

    Location             Delay type                Incr(ns)  Path(ns)    Netlist Resource(s)
  -------------------------------------------------------------------    -------------------
                         (clock clk rise edge)        0.000     0.000 r  
                                                      0.000     0.000 r  clock (IN)
                         net (fo=206739, unset)       0.000     0.000    atten/softmax/mem_inst/mem/mem_ext/clock
                         URAM288                                      r  atten/softmax/mem_inst/mem/mem_ext/Memory_reg_uram_0/CLK
  -------------------------------------------------------------------    -------------------
                         URAM288 (Prop_URAM288_CLK_DOUT_B[56])
                                                      1.991     1.991 f  atten/softmax/mem_inst/mem/mem_ext/Memory_reg_uram_0/DOUT_B[56]
                         net (fo=1, unplaced)         0.177     2.168    atten/softmax/lw_inst/R0_data0[56]
                         LUT4 (Prop_LUT4_I2_O)        0.100     2.268 f  atten/softmax/lw_inst/_xs_mul_log2e_fullwidth_7_T_i_19/O
                         net (fo=7, unplaced)         0.222     2.490    atten/softmax/lw_inst/_xs_mul_log2e_fullwidth_7_T_i_19_n_0
                         LUT6 (Prop_LUT6_I5_O)        0.038     2.528 r  atten/softmax/lw_inst/_xs_mul_log2e_fullwidth_0_T_i_202/O
                         net (fo=1, unplaced)         0.244     2.772    atten/softmax/lw_inst/_xs_mul_log2e_fullwidth_0_T_i_202_n_0
                         CARRY8 (Prop_CARRY8_DI[0]_CO[3])
                                                      0.182     2.954 r  atten/softmax/lw_inst/_xs_mul_log2e_fullwidth_0_T_i_117/CO[3]
                         net (fo=16, unplaced)        0.151     3.105    atten/softmax/lw_inst/cu_inst/softmax/maxPreProcess/_maxVal_T_11
                         LUT5 (Prop_LUT5_I3_O)        0.038     3.143 r  atten/softmax/lw_inst/_xs_mul_log2e_fullwidth_0_T_i_162/O
                         net (fo=3, unplaced)         0.161     3.304    atten/softmax/lw_inst/_xs_mul_log2e_fullwidth_0_T_i_162_n_0
                         LUT6 (Prop_LUT6_I0_O)        0.090     3.394 r  atten/softmax/lw_inst/_xs_mul_log2e_fullwidth_7_T_i_188/O
                         net (fo=1, unplaced)         0.244     3.638    atten/softmax/lw_inst/_xs_mul_log2e_fullwidth_7_T_i_188_n_0
                         CARRY8 (Prop_CARRY8_DI[0]_CO[3])
                                                      0.182     3.820 r  atten/softmax/lw_inst/_xs_mul_log2e_fullwidth_7_T_i_117/CO[3]
                         net (fo=8, unplaced)         0.135     3.955    atten/softmax/lw_inst/cu_inst/softmax/maxPreProcess/_maxVal_T_271
                         LUT3 (Prop_LUT3_I1_O)        0.038     3.993 f  atten/softmax/lw_inst/_xs_mul_log2e_fullwidth_7_T_i_58/O
                         net (fo=5, unplaced)         0.215     4.208    atten/softmax/lw_inst/_xs_mul_log2e_fullwidth_7_T_i_58_n_0
                         LUT6 (Prop_LUT6_I4_O)        0.038     4.246 r  atten/softmax/lw_inst/_xs_mul_log2e_fullwidth_7_T_i_111/O
                         net (fo=1, unplaced)         0.244     4.490    atten/softmax/lw_inst/_xs_mul_log2e_fullwidth_7_T_i_111_n_0
                         CARRY8 (Prop_CARRY8_DI[0]_CO[3])
                                                      0.182     4.672 r  atten/softmax/lw_inst/_xs_mul_log2e_fullwidth_7_T_i_57/CO[3]
                         net (fo=16, unplaced)        0.151     4.823    atten/softmax/lw_inst/cu_inst/softmax/maxPreProcess/_maxVal_T_391
                         LUT5 (Prop_LUT5_I3_O)        0.038     4.861 f  atten/softmax/lw_inst/_xs_mul_log2e_fullwidth_0_T_i_44/O
                         net (fo=4, unplaced)         0.210     5.071    atten/softmax/lw_inst/_xs_mul_log2e_fullwidth_0_T_i_44_n_0
                         LUT6 (Prop_LUT6_I4_O)        0.038     5.109 r  atten/softmax/lw_inst/_xs_mul_log2e_fullwidth_0_T_i_87/O
                         net (fo=1, unplaced)         0.244     5.353    atten/softmax/lw_inst/_xs_mul_log2e_fullwidth_0_T_i_87_n_0
                         CARRY8 (Prop_CARRY8_DI[0]_CO[3])
                                                      0.182     5.535 r  atten/softmax/lw_inst/_xs_mul_log2e_fullwidth_0_T_i_43/CO[3]
                         net (fo=9, unplaced)         0.138     5.673    atten/softmax/lw_inst/cu_inst/softmax/maxPreProcess/_maxVal_T_451
                         LUT3 (Prop_LUT3_I1_O)        0.070     5.743 r  atten/softmax/lw_inst/_xs_mul_log2e_fullwidth_7_T_i_20/O
                         net (fo=16, unplaced)        0.199     5.942    atten/softmax/lw_inst/_xs_mul_log2e_fullwidth_7_T_i_20_n_0
                         LUT6 (Prop_LUT6_I3_O)        0.090     6.032 r  atten/softmax/lw_inst/_xs_mul_log2e_fullwidth_7_T_i_30/O
                         net (fo=1, unplaced)         0.244     6.276    atten/softmax/lw_inst/_xs_mul_log2e_fullwidth_7_T_i_30_n_0
                         CARRY8 (Prop_CARRY8_DI[0]_CO[3])
                                                      0.182     6.458 r  atten/softmax/lw_inst/_xs_mul_log2e_fullwidth_7_T_i_21/CO[3]
                         net (fo=26, unplaced)        0.162     6.620    atten/softmax/lw_inst/cu_inst/softmax/maxPreProcess/maxVal1
                         LUT5 (Prop_LUT5_I3_O)        0.038     6.658 f  atten/softmax/lw_inst/_xs_mul_log2e_fullwidth_0_T_i_25/O
                         net (fo=48, unplaced)        0.266     6.924    atten/softmax/lw_inst/_xs_mul_log2e_fullwidth_0_T_i_25_n_0
                         LUT6 (Prop_LUT6_I4_O)        0.038     6.962 r  atten/softmax/lw_inst/_xs_mul_log2e_fullwidth_12_T_i_16/O
                         net (fo=2, unplaced)         0.197     7.159    atten/softmax/lw_inst/_xs_mul_log2e_fullwidth_12_T_i_16_n_0
                         LUT5 (Prop_LUT5_I4_O)        0.038     7.197 r  atten/softmax/lw_inst/_xs_mul_log2e_fullwidth_12_T_i_15/O
                         net (fo=2, unplaced)         0.197     7.394    atten/softmax/lw_inst/_xs_mul_log2e_fullwidth_12_T_i_15_n_0
                         LUT5 (Prop_LUT5_I4_O)        0.038     7.432 r  atten/softmax/lw_inst/_xs_mul_log2e_fullwidth_12_T_i_14/O
                         net (fo=2, unplaced)         0.197     7.629    atten/softmax/lw_inst/_xs_mul_log2e_fullwidth_12_T_i_14_n_0
                         LUT5 (Prop_LUT5_I4_O)        0.038     7.667 r  atten/softmax/lw_inst/_xs_mul_log2e_fullwidth_12_T_i_13/O
                         net (fo=2, unplaced)         0.197     7.864    atten/softmax/lw_inst/_xs_mul_log2e_fullwidth_12_T_i_13_n_0
                         LUT5 (Prop_LUT5_I4_O)        0.038     7.902 r  atten/softmax/lw_inst/_xs_mul_log2e_fullwidth_12_T_i_10/O
                         net (fo=2, unplaced)         0.197     8.099    atten/softmax/lw_inst/_xs_mul_log2e_fullwidth_12_T_i_10_n_0
                         LUT5 (Prop_LUT5_I3_O)        0.038     8.137 f  atten/softmax/lw_inst/_xs_mul_log2e_fullwidth_12_T_i_1/O
                         net (fo=17, unplaced)        0.260     8.397    atten/softmax/cu_inst/softmax/_xs_mul_log2e_fullwidth_12_T/A[8]
                         DSP_A_B_DATA (Prop_DSP_A_B_DATA_A[8]_A2_DATA[8])
                                                      0.192     8.589 r  atten/softmax/cu_inst/softmax/_xs_mul_log2e_fullwidth_12_T/DSP_A_B_DATA_INST/A2_DATA[8]
                         net (fo=1, unplaced)         0.000     8.589    atten/softmax/cu_inst/softmax/_xs_mul_log2e_fullwidth_12_T/DSP_A_B_DATA.A2_DATA<8>
                         DSP_PREADD_DATA (Prop_DSP_PREADD_DATA_A2_DATA[8]_A2A1[8])
                                                      0.076     8.665 r  atten/softmax/cu_inst/softmax/_xs_mul_log2e_fullwidth_12_T/DSP_PREADD_DATA_INST/A2A1[8]
                         net (fo=1, unplaced)         0.000     8.665    atten/softmax/cu_inst/softmax/_xs_mul_log2e_fullwidth_12_T/DSP_PREADD_DATA.A2A1<8>
                         DSP_MULTIPLIER (Prop_DSP_MULTIPLIER_A2A1[8]_U[21])
                                                      0.505     9.170 f  atten/softmax/cu_inst/softmax/_xs_mul_log2e_fullwidth_12_T/DSP_MULTIPLIER_INST/U[21]
                         net (fo=1, unplaced)         0.000     9.170    atten/softmax/cu_inst/softmax/_xs_mul_log2e_fullwidth_12_T/DSP_MULTIPLIER.U<21>
                         DSP_M_DATA (Prop_DSP_M_DATA_U[21]_U_DATA[21])
                                                      0.047     9.217 r  atten/softmax/cu_inst/softmax/_xs_mul_log2e_fullwidth_12_T/DSP_M_DATA_INST/U_DATA[21]
                         net (fo=1, unplaced)         0.000     9.217    atten/softmax/cu_inst/softmax/_xs_mul_log2e_fullwidth_12_T/DSP_M_DATA.U_DATA<21>
                         DSP_ALU (Prop_DSP_ALU_U_DATA[21]_ALU_OUT[21])
                                                      0.585     9.802 f  atten/softmax/cu_inst/softmax/_xs_mul_log2e_fullwidth_12_T/DSP_ALU_INST/ALU_OUT[21]
                         net (fo=1, unplaced)         0.000     9.802    atten/softmax/cu_inst/softmax/_xs_mul_log2e_fullwidth_12_T/DSP_ALU.ALU_OUT<21>
                         DSP_OUTPUT (Prop_DSP_OUTPUT_ALU_OUT[21]_P[21])
                                                      0.109     9.911 r  atten/softmax/cu_inst/softmax/_xs_mul_log2e_fullwidth_12_T/DSP_OUTPUT_INST/P[21]
                         net (fo=21, unplaced)        0.262    10.173    atten/softmax/cu_inst/softmax/sum/io_res_inferred_i_2982_0[13]
                         LUT3 (Prop_LUT3_I0_O)        0.112    10.285 r  atten/softmax/cu_inst/softmax/sum/io_res_inferred_i_4071/O
                         net (fo=5, unplaced)         0.215    10.500    atten/softmax/cu_inst/softmax/sum/io_res_inferred_i_4071_n_0
                         LUT6 (Prop_LUT6_I2_O)        0.038    10.538 r  atten/softmax/cu_inst/softmax/sum/io_res_inferred_i_4100/O
                         net (fo=2, unplaced)         0.197    10.735    atten/softmax/cu_inst/softmax/sum/io_res_inferred_i_4100_n_0
                         LUT6 (Prop_LUT6_I0_O)        0.038    10.773 r  atten/softmax/cu_inst/softmax/sum/io_res_inferred_i_3411/O
                         net (fo=1, unplaced)         0.197    10.970    atten/softmax/cu_inst/softmax/sum/io_res_inferred_i_3411_n_0
                         LUT6 (Prop_LUT6_I1_O)        0.038    11.008 r  atten/softmax/cu_inst/softmax/sum/io_res_inferred_i_2791/O
                         net (fo=2, unplaced)         0.155    11.163    atten/softmax/cu_inst/softmax/sum/_exp2_1_io_out_12[0]
                         LUT3 (Prop_LUT3_I0_O)        0.112    11.275 r  atten/softmax/cu_inst/softmax/sum/io_res_inferred_i_2334/O
                         net (fo=2, unplaced)         0.217    11.492    atten/softmax/cu_inst/softmax/sum/io_res_inferred_i_2334_n_0
                         LUT4 (Prop_LUT4_I3_O)        0.037    11.529 r  atten/softmax/cu_inst/softmax/sum/io_res_inferred_i_2341/O
                         net (fo=1, unplaced)         0.023    11.552    atten/softmax/cu_inst/softmax/sum/io_res_inferred_i_2341_n_0
                         CARRY8 (Prop_CARRY8_S[1]_O[5])
                                                      0.237    11.789 r  atten/softmax/cu_inst/softmax/sum/io_res_inferred_i_2085/O[5]
                         net (fo=2, unplaced)         0.171    11.960    atten/softmax/cu_inst/softmax/sum/io_res_inferred_i_2085_n_10
                         LUT3 (Prop_LUT3_I2_O)        0.105    12.065 r  atten/softmax/cu_inst/softmax/sum/io_res_inferred_i_1962/O
                         net (fo=2, unplaced)         0.216    12.281    atten/softmax/cu_inst/softmax/sum/io_res_inferred_i_1962_n_0
                         LUT4 (Prop_LUT4_I3_O)        0.037    12.318 r  atten/softmax/cu_inst/softmax/sum/io_res_inferred_i_1969/O
                         net (fo=1, unplaced)         0.023    12.341    atten/softmax/cu_inst/softmax/sum/io_res_inferred_i_1969_n_0
                         CARRY8 (Prop_CARRY8_S[6]_CO[7])
                                                      0.124    12.465 r  atten/softmax/cu_inst/softmax/sum/io_res_inferred_i_1886/CO[7]
                         net (fo=1, unplaced)         0.005    12.470    atten/softmax/cu_inst/softmax/sum/io_res_inferred_i_1886_n_0
                         CARRY8 (Prop_CARRY8_CI_O[0])
                                                      0.056    12.526 r  atten/softmax/cu_inst/softmax/sum/io_res_inferred_i_1919/O[0]
                         net (fo=3, unplaced)         0.203    12.729    atten/softmax/cu_inst/softmax/sum/io_res_inferred_i_1919_n_15
                         LUT3 (Prop_LUT3_I1_O)        0.038    12.767 r  atten/softmax/cu_inst/softmax/sum/io_res_inferred_i_1924/O
                         net (fo=2, unplaced)         0.197    12.964    atten/softmax/cu_inst/softmax/sum/io_res_inferred_i_1924_n_0
                         LUT5 (Prop_LUT5_I1_O)        0.038    13.002 r  atten/softmax/cu_inst/softmax/sum/io_res_inferred_i_1851/O
                         net (fo=2, unplaced)         0.197    13.199    atten/softmax/cu_inst/softmax/sum/io_res_inferred_i_1851_n_0
                         LUT6 (Prop_LUT6_I0_O)        0.037    13.236 r  atten/softmax/cu_inst/softmax/sum/io_res_inferred_i_1859/O
                         net (fo=1, unplaced)         0.023    13.259    atten/softmax/cu_inst/softmax/sum/io_res_inferred_i_1859_n_0
                         CARRY8 (Prop_CARRY8_S[1]_O[5])
                                                      0.237    13.496 f  atten/softmax/cu_inst/softmax/sum/io_res_inferred_i_1766/O[5]
                         net (fo=21, unplaced)        0.221    13.717    atten/softmax/cu_inst/softmax/sum/_sum_io_out[13]
                         LUT4 (Prop_LUT4_I2_O)        0.053    13.770 f  atten/softmax/cu_inst/softmax/sum/io_res_inferred_i_1759/O
                         net (fo=33, unplaced)        0.258    14.028    atten/softmax/cu_inst/softmax/sum/io_res_inferred_i_1759_n_0
                         LUT6 (Prop_LUT6_I5_O)        0.038    14.066 r  atten/softmax/cu_inst/softmax/sum/io_res_inferred_i_1797/O
                         net (fo=1, unplaced)         0.197    14.263    atten/softmax/cu_inst/softmax/sum/io_res_inferred_i_1797_n_0
                         LUT6 (Prop_LUT6_I5_O)        0.038    14.301 r  atten/softmax/cu_inst/softmax/sum/io_res_inferred_i_1749/O
                         net (fo=27, unplaced)        0.253    14.554    atten/softmax/cu_inst/softmax/sum/io_res_inferred_i_1749_n_0
                         LUT4 (Prop_LUT4_I0_O)        0.038    14.592 r  atten/softmax/cu_inst/softmax/sum/io_res_inferred_i_1796/O
                         net (fo=1, unplaced)         0.020    14.612    atten/softmax/cu_inst/softmax/sum/log2/x[7]
                         CARRY8 (Prop_CARRY8_S[0]_O[4])
                                                      0.206    14.818 r  atten/softmax/cu_inst/softmax/sum/io_res_inferred_i_1520/O[4]
                         net (fo=26, unplaced)        0.210    15.028    atten/softmax/cu_inst/softmax/sum/log2/io_out_00[11]
                         LUT4 (Prop_LUT4_I0_O)        0.051    15.079 r  atten/softmax/cu_inst/softmax/sum/io_res_inferred_i_1362/O
                         net (fo=1, unplaced)         0.032    15.111    atten/softmax/cu_inst/softmax/sum/io_res_inferred_i_1362_n_0
                         CARRY8 (Prop_CARRY8_S[3]_O[5])
                                                      0.184    15.295 f  atten/softmax/cu_inst/softmax/sum/io_res_inferred_i_699/O[5]
                         net (fo=5, unplaced)         0.189    15.484    atten/cu_inst/softmax/io_in_50[13]
                         LUT2 (Prop_LUT2_I0_O)        0.099    15.583 f  atten/io_res_inferred_i_1367/O
                         net (fo=1, unplaced)         0.242    15.825    atten/io_res_inferred_i_1367_n_0
                         CARRY8 (Prop_CARRY8_DI[2]_CO[3])
                                                      0.134    15.959 f  atten/io_res_inferred_i_700/CO[3]
                         net (fo=15, unplaced)        0.150    16.109    atten/softmax/Memory_reg_0_3[0]
                         LUT6 (Prop_LUT6_I0_O)        0.038    16.147 f  atten/softmax/io_res_inferred_i_1703/O
                         net (fo=1, unplaced)         0.197    16.344    atten/softmax/io_res_inferred_i_1703_n_0
                         LUT6 (Prop_LUT6_I5_O)        0.038    16.382 r  atten/softmax/io_res_inferred_i_1378/O
                         net (fo=1, unplaced)         0.197    16.579    atten/softmax/io_res_inferred_i_1378_n_0
                         LUT6 (Prop_LUT6_I1_O)        0.038    16.617 r  atten/softmax/io_res_inferred_i_712/O
                         net (fo=2, unplaced)         0.197    16.814    atten/softmax/softmax/_exp2_2_io_out_5[7]
                         LUT5 (Prop_LUT5_I4_O)        0.038    16.852 r  atten/softmax/io_res_inferred_i_709/O
                         net (fo=2, unplaced)         0.197    17.049    atten/softmax/io_res_inferred_i_709_n_0
                         LUT6 (Prop_LUT6_I5_O)        0.038    17.087 r  atten/softmax/io_res_inferred_i_707/O
                         net (fo=2, unplaced)         0.197    17.284    atten/softmax/io_res_inferred_i_707_n_0
                         LUT6 (Prop_LUT6_I5_O)        0.038    17.322 r  atten/softmax/io_res_inferred_i_704/O
                         net (fo=2, unplaced)         0.197    17.519    atten/softmax/io_res_inferred_i_704_n_0
                         LUT6 (Prop_LUT6_I5_O)        0.038    17.557 r  atten/softmax/io_res_inferred_i_703/O
                         net (fo=2, unplaced)         0.197    17.754    atten/softmax/io_res_inferred_i_703_n_0
                         LUT6 (Prop_LUT6_I5_O)        0.038    17.792 r  atten/softmax/io_res_inferred_i_698/O
                         net (fo=2, unplaced)         0.197    17.989    atten/softmax/io_res_inferred_i_698_n_0
                         LUT6 (Prop_LUT6_I5_O)        0.038    18.027 r  atten/softmax/io_res_inferred_i_689/O
                         net (fo=2, unplaced)         0.197    18.224    atten/softmax/cu_inst/softmax/Memory_reg_0_24
                         LUT2 (Prop_LUT2_I0_O)        0.038    18.262 r  atten/softmax/cu_inst/softmax/io_res_inferred_i_162/O
                         net (fo=1, unplaced)         0.196    18.458    atten/dm2/ctxmem_inst/mem/mem_ext/Memory_reg_2_0[46]
                         RAMB36E2                                     r  atten/dm2/ctxmem_inst/mem/mem_ext/Memory_reg_0/DINBDIN[14]
  -------------------------------------------------------------------    -------------------

                         (clock clk rise edge)       10.000    10.000 r  
                                                      0.000    10.000 r  clock (IN)
                         net (fo=206739, unset)       0.000    10.000    atten/dm2/ctxmem_inst/mem/mem_ext/clock
                         RAMB36E2                                     r  atten/dm2/ctxmem_inst/mem/mem_ext/Memory_reg_0/CLKBWRCLK
                         clock pessimism              0.000    10.000    
                         clock uncertainty           -0.535     9.465    
                         RAMB36E2 (Setup_RAMB36E2_CLKBWRCLK_DINBDIN[14])
                                                     -0.272     9.193    atten/dm2/ctxmem_inst/mem/mem_ext/Memory_reg_0
  -------------------------------------------------------------------
                         required time                          9.193    
                         arrival time                         -18.458    
  -------------------------------------------------------------------
                         slack                                 -9.265    

Slack (VIOLATED) :        -9.265ns  (required time - arrival time)
  Source:                 atten/softmax/mem_inst/mem/mem_ext/Memory_reg_uram_0/CLK
                            (rising edge-triggered cell URAM288 clocked by clk  {rise@0.000ns fall@5.000ns period=10.000ns})
  Destination:            atten/dm2/ctxmem_inst/mem/mem_ext/Memory_reg_1/DINBDIN[14]
                            (rising edge-triggered cell RAMB36E2 clocked by clk  {rise@0.000ns fall@5.000ns period=10.000ns})
  Path Group:             clk
  Path Type:              Setup (Max at Slow Process Corner)
  Requirement:            10.000ns  (clk rise@10.000ns - clk rise@0.000ns)
  Data Path Delay:        18.458ns  (logic 7.764ns (42.063%)  route 10.694ns (57.937%))
  Logic Levels:           62  (CARRY8=12 DSP_A_B_DATA=1 DSP_ALU=1 DSP_M_DATA=1 DSP_MULTIPLIER=1 DSP_OUTPUT=1 DSP_PREADD_DATA=1 LUT2=2 LUT3=6 LUT4=6 LUT5=10 LUT6=20)
  Clock Uncertainty:      0.535ns  ((TSJ^2 + TIJ^2)^1/2 + DJ) / 2 + PE + UU
    Total System Jitter     (TSJ):    0.071ns
    Total Input Jitter      (TIJ):    0.000ns
    Discrete Jitter          (DJ):    0.000ns
    Phase Error              (PE):    0.000ns
    User Uncertainty         (UU):    0.500ns

    Location             Delay type                Incr(ns)  Path(ns)    Netlist Resource(s)
  -------------------------------------------------------------------    -------------------
                         (clock clk rise edge)        0.000     0.000 r  
                                                      0.000     0.000 r  clock (IN)
                         net (fo=206739, unset)       0.000     0.000    atten/softmax/mem_inst/mem/mem_ext/clock
                         URAM288                                      r  atten/softmax/mem_inst/mem/mem_ext/Memory_reg_uram_0/CLK
  -------------------------------------------------------------------    -------------------
                         URAM288 (Prop_URAM288_CLK_DOUT_B[56])
                                                      1.991     1.991 f  atten/softmax/mem_inst/mem/mem_ext/Memory_reg_uram_0/DOUT_B[56]
                         net (fo=1, unplaced)         0.177     2.168    atten/softmax/lw_inst/R0_data0[56]
                         LUT4 (Prop_LUT4_I2_O)        0.100     2.268 f  atten/softmax/lw_inst/_xs_mul_log2e_fullwidth_7_T_i_19/O
                         net (fo=7, unplaced)         0.222     2.490    atten/softmax/lw_inst/_xs_mul_log2e_fullwidth_7_T_i_19_n_0
                         LUT6 (Prop_LUT6_I5_O)        0.038     2.528 r  atten/softmax/lw_inst/_xs_mul_log2e_fullwidth_0_T_i_202/O
                         net (fo=1, unplaced)         0.244     2.772    atten/softmax/lw_inst/_xs_mul_log2e_fullwidth_0_T_i_202_n_0
                         CARRY8 (Prop_CARRY8_DI[0]_CO[3])
                                                      0.182     2.954 r  atten/softmax/lw_inst/_xs_mul_log2e_fullwidth_0_T_i_117/CO[3]
                         net (fo=16, unplaced)        0.151     3.105    atten/softmax/lw_inst/cu_inst/softmax/maxPreProcess/_maxVal_T_11
                         LUT5 (Prop_LUT5_I3_O)        0.038     3.143 r  atten/softmax/lw_inst/_xs_mul_log2e_fullwidth_0_T_i_162/O
                         net (fo=3, unplaced)         0.161     3.304    atten/softmax/lw_inst/_xs_mul_log2e_fullwidth_0_T_i_162_n_0
                         LUT6 (Prop_LUT6_I0_O)        0.090     3.394 r  atten/softmax/lw_inst/_xs_mul_log2e_fullwidth_7_T_i_188/O
                         net (fo=1, unplaced)         0.244     3.638    atten/softmax/lw_inst/_xs_mul_log2e_fullwidth_7_T_i_188_n_0
                         CARRY8 (Prop_CARRY8_DI[0]_CO[3])
                                                      0.182     3.820 r  atten/softmax/lw_inst/_xs_mul_log2e_fullwidth_7_T_i_117/CO[3]
                         net (fo=8, unplaced)         0.135     3.955    atten/softmax/lw_inst/cu_inst/softmax/maxPreProcess/_maxVal_T_271
                         LUT3 (Prop_LUT3_I1_O)        0.038     3.993 f  atten/softmax/lw_inst/_xs_mul_log2e_fullwidth_7_T_i_58/O
                         net (fo=5, unplaced)         0.215     4.208    atten/softmax/lw_inst/_xs_mul_log2e_fullwidth_7_T_i_58_n_0
                         LUT6 (Prop_LUT6_I4_O)        0.038     4.246 r  atten/softmax/lw_inst/_xs_mul_log2e_fullwidth_7_T_i_111/O
                         net (fo=1, unplaced)         0.244     4.490    atten/softmax/lw_inst/_xs_mul_log2e_fullwidth_7_T_i_111_n_0
                         CARRY8 (Prop_CARRY8_DI[0]_CO[3])
                                                      0.182     4.672 r  atten/softmax/lw_inst/_xs_mul_log2e_fullwidth_7_T_i_57/CO[3]
                         net (fo=16, unplaced)        0.151     4.823    atten/softmax/lw_inst/cu_inst/softmax/maxPreProcess/_maxVal_T_391
                         LUT5 (Prop_LUT5_I3_O)        0.038     4.861 f  atten/softmax/lw_inst/_xs_mul_log2e_fullwidth_0_T_i_44/O
                         net (fo=4, unplaced)         0.210     5.071    atten/softmax/lw_inst/_xs_mul_log2e_fullwidth_0_T_i_44_n_0
                         LUT6 (Prop_LUT6_I4_O)        0.038     5.109 r  atten/softmax/lw_inst/_xs_mul_log2e_fullwidth_0_T_i_87/O
                         net (fo=1, unplaced)         0.244     5.353    atten/softmax/lw_inst/_xs_mul_log2e_fullwidth_0_T_i_87_n_0
                         CARRY8 (Prop_CARRY8_DI[0]_CO[3])
                                                      0.182     5.535 r  atten/softmax/lw_inst/_xs_mul_log2e_fullwidth_0_T_i_43/CO[3]
                         net (fo=9, unplaced)         0.138     5.673    atten/softmax/lw_inst/cu_inst/softmax/maxPreProcess/_maxVal_T_451
                         LUT3 (Prop_LUT3_I1_O)        0.070     5.743 r  atten/softmax/lw_inst/_xs_mul_log2e_fullwidth_7_T_i_20/O
                         net (fo=16, unplaced)        0.199     5.942    atten/softmax/lw_inst/_xs_mul_log2e_fullwidth_7_T_i_20_n_0
                         LUT6 (Prop_LUT6_I3_O)        0.090     6.032 r  atten/softmax/lw_inst/_xs_mul_log2e_fullwidth_7_T_i_30/O
                         net (fo=1, unplaced)         0.244     6.276    atten/softmax/lw_inst/_xs_mul_log2e_fullwidth_7_T_i_30_n_0
                         CARRY8 (Prop_CARRY8_DI[0]_CO[3])
                                                      0.182     6.458 r  atten/softmax/lw_inst/_xs_mul_log2e_fullwidth_7_T_i_21/CO[3]
                         net (fo=26, unplaced)        0.162     6.620    atten/softmax/lw_inst/cu_inst/softmax/maxPreProcess/maxVal1
                         LUT5 (Prop_LUT5_I3_O)        0.038     6.658 f  atten/softmax/lw_inst/_xs_mul_log2e_fullwidth_0_T_i_25/O
                         net (fo=48, unplaced)        0.266     6.924    atten/softmax/lw_inst/_xs_mul_log2e_fullwidth_0_T_i_25_n_0
                         LUT6 (Prop_LUT6_I4_O)        0.038     6.962 r  atten/softmax/lw_inst/_xs_mul_log2e_fullwidth_12_T_i_16/O
                         net (fo=2, unplaced)         0.197     7.159    atten/softmax/lw_inst/_xs_mul_log2e_fullwidth_12_T_i_16_n_0
                         LUT5 (Prop_LUT5_I4_O)        0.038     7.197 r  atten/softmax/lw_inst/_xs_mul_log2e_fullwidth_12_T_i_15/O
                         net (fo=2, unplaced)         0.197     7.394    atten/softmax/lw_inst/_xs_mul_log2e_fullwidth_12_T_i_15_n_0
                         LUT5 (Prop_LUT5_I4_O)        0.038     7.432 r  atten/softmax/lw_inst/_xs_mul_log2e_fullwidth_12_T_i_14/O
                         net (fo=2, unplaced)         0.197     7.629    atten/softmax/lw_inst/_xs_mul_log2e_fullwidth_12_T_i_14_n_0
                         LUT5 (Prop_LUT5_I4_O)        0.038     7.667 r  atten/softmax/lw_inst/_xs_mul_log2e_fullwidth_12_T_i_13/O
                         net (fo=2, unplaced)         0.197     7.864    atten/softmax/lw_inst/_xs_mul_log2e_fullwidth_12_T_i_13_n_0
                         LUT5 (Prop_LUT5_I4_O)        0.038     7.902 r  atten/softmax/lw_inst/_xs_mul_log2e_fullwidth_12_T_i_10/O
                         net (fo=2, unplaced)         0.197     8.099    atten/softmax/lw_inst/_xs_mul_log2e_fullwidth_12_T_i_10_n_0
                         LUT5 (Prop_LUT5_I3_O)        0.038     8.137 f  atten/softmax/lw_inst/_xs_mul_log2e_fullwidth_12_T_i_1/O
                         net (fo=17, unplaced)        0.260     8.397    atten/softmax/cu_inst/softmax/_xs_mul_log2e_fullwidth_12_T/A[8]
                         DSP_A_B_DATA (Prop_DSP_A_B_DATA_A[8]_A2_DATA[8])
                                                      0.192     8.589 r  atten/softmax/cu_inst/softmax/_xs_mul_log2e_fullwidth_12_T/DSP_A_B_DATA_INST/A2_DATA[8]
                         net (fo=1, unplaced)         0.000     8.589    atten/softmax/cu_inst/softmax/_xs_mul_log2e_fullwidth_12_T/DSP_A_B_DATA.A2_DATA<8>
                         DSP_PREADD_DATA (Prop_DSP_PREADD_DATA_A2_DATA[8]_A2A1[8])
                                                      0.076     8.665 r  atten/softmax/cu_inst/softmax/_xs_mul_log2e_fullwidth_12_T/DSP_PREADD_DATA_INST/A2A1[8]
                         net (fo=1, unplaced)         0.000     8.665    atten/softmax/cu_inst/softmax/_xs_mul_log2e_fullwidth_12_T/DSP_PREADD_DATA.A2A1<8>
                         DSP_MULTIPLIER (Prop_DSP_MULTIPLIER_A2A1[8]_U[21])
                                                      0.505     9.170 f  atten/softmax/cu_inst/softmax/_xs_mul_log2e_fullwidth_12_T/DSP_MULTIPLIER_INST/U[21]
                         net (fo=1, unplaced)         0.000     9.170    atten/softmax/cu_inst/softmax/_xs_mul_log2e_fullwidth_12_T/DSP_MULTIPLIER.U<21>
                         DSP_M_DATA (Prop_DSP_M_DATA_U[21]_U_DATA[21])
                                                      0.047     9.217 r  atten/softmax/cu_inst/softmax/_xs_mul_log2e_fullwidth_12_T/DSP_M_DATA_INST/U_DATA[21]
                         net (fo=1, unplaced)         0.000     9.217    atten/softmax/cu_inst/softmax/_xs_mul_log2e_fullwidth_12_T/DSP_M_DATA.U_DATA<21>
                         DSP_ALU (Prop_DSP_ALU_U_DATA[21]_ALU_OUT[21])
                                                      0.585     9.802 f  atten/softmax/cu_inst/softmax/_xs_mul_log2e_fullwidth_12_T/DSP_ALU_INST/ALU_OUT[21]
                         net (fo=1, unplaced)         0.000     9.802    atten/softmax/cu_inst/softmax/_xs_mul_log2e_fullwidth_12_T/DSP_ALU.ALU_OUT<21>
                         DSP_OUTPUT (Prop_DSP_OUTPUT_ALU_OUT[21]_P[21])
                                                      0.109     9.911 r  atten/softmax/cu_inst/softmax/_xs_mul_log2e_fullwidth_12_T/DSP_OUTPUT_INST/P[21]
                         net (fo=21, unplaced)        0.262    10.173    atten/softmax/cu_inst/softmax/sum/io_res_inferred_i_2982_0[13]
                         LUT3 (Prop_LUT3_I0_O)        0.112    10.285 r  atten/softmax/cu_inst/softmax/sum/io_res_inferred_i_4071/O
                         net (fo=5, unplaced)         0.215    10.500    atten/softmax/cu_inst/softmax/sum/io_res_inferred_i_4071_n_0
                         LUT6 (Prop_LUT6_I2_O)        0.038    10.538 r  atten/softmax/cu_inst/softmax/sum/io_res_inferred_i_4100/O
                         net (fo=2, unplaced)         0.197    10.735    atten/softmax/cu_inst/softmax/sum/io_res_inferred_i_4100_n_0
                         LUT6 (Prop_LUT6_I0_O)        0.038    10.773 r  atten/softmax/cu_inst/softmax/sum/io_res_inferred_i_3411/O
                         net (fo=1, unplaced)         0.197    10.970    atten/softmax/cu_inst/softmax/sum/io_res_inferred_i_3411_n_0
                         LUT6 (Prop_LUT6_I1_O)        0.038    11.008 r  atten/softmax/cu_inst/softmax/sum/io_res_inferred_i_2791/O
                         net (fo=2, unplaced)         0.155    11.163    atten/softmax/cu_inst/softmax/sum/_exp2_1_io_out_12[0]
                         LUT3 (Prop_LUT3_I0_O)        0.112    11.275 r  atten/softmax/cu_inst/softmax/sum/io_res_inferred_i_2334/O
                         net (fo=2, unplaced)         0.217    11.492    atten/softmax/cu_inst/softmax/sum/io_res_inferred_i_2334_n_0
                         LUT4 (Prop_LUT4_I3_O)        0.037    11.529 r  atten/softmax/cu_inst/softmax/sum/io_res_inferred_i_2341/O
                         net (fo=1, unplaced)         0.023    11.552    atten/softmax/cu_inst/softmax/sum/io_res_inferred_i_2341_n_0
                         CARRY8 (Prop_CARRY8_S[1]_O[5])
                                                      0.237    11.789 r  atten/softmax/cu_inst/softmax/sum/io_res_inferred_i_2085/O[5]
                         net (fo=2, unplaced)         0.171    11.960    atten/softmax/cu_inst/softmax/sum/io_res_inferred_i_2085_n_10
                         LUT3 (Prop_LUT3_I2_O)        0.105    12.065 r  atten/softmax/cu_inst/softmax/sum/io_res_inferred_i_1962/O
                         net (fo=2, unplaced)         0.216    12.281    atten/softmax/cu_inst/softmax/sum/io_res_inferred_i_1962_n_0
                         LUT4 (Prop_LUT4_I3_O)        0.037    12.318 r  atten/softmax/cu_inst/softmax/sum/io_res_inferred_i_1969/O
                         net (fo=1, unplaced)         0.023    12.341    atten/softmax/cu_inst/softmax/sum/io_res_inferred_i_1969_n_0
                         CARRY8 (Prop_CARRY8_S[6]_CO[7])
                                                      0.124    12.465 r  atten/softmax/cu_inst/softmax/sum/io_res_inferred_i_1886/CO[7]
                         net (fo=1, unplaced)         0.005    12.470    atten/softmax/cu_inst/softmax/sum/io_res_inferred_i_1886_n_0
                         CARRY8 (Prop_CARRY8_CI_O[0])
                                                      0.056    12.526 r  atten/softmax/cu_inst/softmax/sum/io_res_inferred_i_1919/O[0]
                         net (fo=3, unplaced)         0.203    12.729    atten/softmax/cu_inst/softmax/sum/io_res_inferred_i_1919_n_15
                         LUT3 (Prop_LUT3_I1_O)        0.038    12.767 r  atten/softmax/cu_inst/softmax/sum/io_res_inferred_i_1924/O
                         net (fo=2, unplaced)         0.197    12.964    atten/softmax/cu_inst/softmax/sum/io_res_inferred_i_1924_n_0
                         LUT5 (Prop_LUT5_I1_O)        0.038    13.002 r  atten/softmax/cu_inst/softmax/sum/io_res_inferred_i_1851/O
                         net (fo=2, unplaced)         0.197    13.199    atten/softmax/cu_inst/softmax/sum/io_res_inferred_i_1851_n_0
                         LUT6 (Prop_LUT6_I0_O)        0.037    13.236 r  atten/softmax/cu_inst/softmax/sum/io_res_inferred_i_1859/O
                         net (fo=1, unplaced)         0.023    13.259    atten/softmax/cu_inst/softmax/sum/io_res_inferred_i_1859_n_0
                         CARRY8 (Prop_CARRY8_S[1]_O[5])
                                                      0.237    13.496 f  atten/softmax/cu_inst/softmax/sum/io_res_inferred_i_1766/O[5]
                         net (fo=21, unplaced)        0.221    13.717    atten/softmax/cu_inst/softmax/sum/_sum_io_out[13]
                         LUT4 (Prop_LUT4_I2_O)        0.053    13.770 f  atten/softmax/cu_inst/softmax/sum/io_res_inferred_i_1759/O
                         net (fo=33, unplaced)        0.258    14.028    atten/softmax/cu_inst/softmax/sum/io_res_inferred_i_1759_n_0
                         LUT6 (Prop_LUT6_I5_O)        0.038    14.066 r  atten/softmax/cu_inst/softmax/sum/io_res_inferred_i_1797/O
                         net (fo=1, unplaced)         0.197    14.263    atten/softmax/cu_inst/softmax/sum/io_res_inferred_i_1797_n_0
                         LUT6 (Prop_LUT6_I5_O)        0.038    14.301 r  atten/softmax/cu_inst/softmax/sum/io_res_inferred_i_1749/O
                         net (fo=27, unplaced)        0.253    14.554    atten/softmax/cu_inst/softmax/sum/io_res_inferred_i_1749_n_0
                         LUT4 (Prop_LUT4_I0_O)        0.038    14.592 r  atten/softmax/cu_inst/softmax/sum/io_res_inferred_i_1796/O
                         net (fo=1, unplaced)         0.020    14.612    atten/softmax/cu_inst/softmax/sum/log2/x[7]
                         CARRY8 (Prop_CARRY8_S[0]_O[4])
                                                      0.206    14.818 r  atten/softmax/cu_inst/softmax/sum/io_res_inferred_i_1520/O[4]
                         net (fo=26, unplaced)        0.210    15.028    atten/softmax/cu_inst/softmax/sum/log2/io_out_00[11]
                         LUT4 (Prop_LUT4_I0_O)        0.051    15.079 r  atten/softmax/cu_inst/softmax/sum/io_res_inferred_i_1128/O
                         net (fo=1, unplaced)         0.032    15.111    atten/softmax/cu_inst/softmax/sum/io_res_inferred_i_1128_n_0
                         CARRY8 (Prop_CARRY8_S[3]_O[5])
                                                      0.184    15.295 f  atten/softmax/cu_inst/softmax/sum/io_res_inferred_i_483/O[5]
                         net (fo=5, unplaced)         0.189    15.484    atten/cu_inst/softmax/io_in_140[13]
                         LUT2 (Prop_LUT2_I0_O)        0.099    15.583 f  atten/io_res_inferred_i_1133/O
                         net (fo=1, unplaced)         0.242    15.825    atten/io_res_inferred_i_1133_n_0
                         CARRY8 (Prop_CARRY8_DI[2]_CO[3])
                                                      0.134    15.959 f  atten/io_res_inferred_i_484/CO[3]
                         net (fo=15, unplaced)        0.150    16.109    atten/softmax/Memory_reg_1_4[0]
                         LUT6 (Prop_LUT6_I0_O)        0.038    16.147 f  atten/softmax/io_res_inferred_i_1621/O
                         net (fo=1, unplaced)         0.197    16.344    atten/softmax/io_res_inferred_i_1621_n_0
                         LUT6 (Prop_LUT6_I5_O)        0.038    16.382 r  atten/softmax/io_res_inferred_i_1144/O
                         net (fo=1, unplaced)         0.197    16.579    atten/softmax/io_res_inferred_i_1144_n_0
                         LUT6 (Prop_LUT6_I1_O)        0.038    16.617 r  atten/softmax/io_res_inferred_i_496/O
                         net (fo=2, unplaced)         0.197    16.814    atten/softmax/softmax/_exp2_2_io_out_14[7]
                         LUT5 (Prop_LUT5_I4_O)        0.038    16.852 r  atten/softmax/io_res_inferred_i_493/O
                         net (fo=2, unplaced)         0.197    17.049    atten/softmax/io_res_inferred_i_493_n_0
                         LUT6 (Prop_LUT6_I5_O)        0.038    17.087 r  atten/softmax/io_res_inferred_i_491/O
                         net (fo=2, unplaced)         0.197    17.284    atten/softmax/io_res_inferred_i_491_n_0
                         LUT6 (Prop_LUT6_I5_O)        0.038    17.322 r  atten/softmax/io_res_inferred_i_488/O
                         net (fo=2, unplaced)         0.197    17.519    atten/softmax/io_res_inferred_i_488_n_0
                         LUT6 (Prop_LUT6_I5_O)        0.038    17.557 r  atten/softmax/io_res_inferred_i_487/O
                         net (fo=2, unplaced)         0.197    17.754    atten/softmax/io_res_inferred_i_487_n_0
                         LUT6 (Prop_LUT6_I5_O)        0.038    17.792 r  atten/softmax/io_res_inferred_i_482/O
                         net (fo=2, unplaced)         0.197    17.989    atten/softmax/io_res_inferred_i_482_n_0
                         LUT6 (Prop_LUT6_I5_O)        0.038    18.027 r  atten/softmax/io_res_inferred_i_473/O
                         net (fo=2, unplaced)         0.197    18.224    atten/softmax/cu_inst/softmax/Memory_reg_1_24
                         LUT2 (Prop_LUT2_I0_O)        0.038    18.262 r  atten/softmax/cu_inst/softmax/io_res_inferred_i_90/O
                         net (fo=1, unplaced)         0.196    18.458    atten/dm2/ctxmem_inst/mem/mem_ext/Memory_reg_2_0[118]
                         RAMB36E2                                     r  atten/dm2/ctxmem_inst/mem/mem_ext/Memory_reg_1/DINBDIN[14]
  -------------------------------------------------------------------    -------------------

                         (clock clk rise edge)       10.000    10.000 r  
                                                      0.000    10.000 r  clock (IN)
                         net (fo=206739, unset)       0.000    10.000    atten/dm2/ctxmem_inst/mem/mem_ext/clock
                         RAMB36E2                                     r  atten/dm2/ctxmem_inst/mem/mem_ext/Memory_reg_1/CLKBWRCLK
                         clock pessimism              0.000    10.000    
                         clock uncertainty           -0.535     9.465    
                         RAMB36E2 (Setup_RAMB36E2_CLKBWRCLK_DINBDIN[14])
                                                     -0.272     9.193    atten/dm2/ctxmem_inst/mem/mem_ext/Memory_reg_1
  -------------------------------------------------------------------
                         required time                          9.193    
                         arrival time                         -18.458    
  -------------------------------------------------------------------
                         slack                                 -9.265    

Slack (VIOLATED) :        -9.265ns  (required time - arrival time)
  Source:                 atten/softmax/mem_inst/mem/mem_ext/Memory_reg_uram_0/CLK
                            (rising edge-triggered cell URAM288 clocked by clk  {rise@0.000ns fall@5.000ns period=10.000ns})
  Destination:            atten/dm2/ctxmem_inst/mem/mem_ext/Memory_reg_2/DINBDIN[14]
                            (rising edge-triggered cell RAMB36E2 clocked by clk  {rise@0.000ns fall@5.000ns period=10.000ns})
  Path Group:             clk
  Path Type:              Setup (Max at Slow Process Corner)
  Requirement:            10.000ns  (clk rise@10.000ns - clk rise@0.000ns)
  Data Path Delay:        18.458ns  (logic 7.764ns (42.063%)  route 10.694ns (57.937%))
  Logic Levels:           62  (CARRY8=12 DSP_A_B_DATA=1 DSP_ALU=1 DSP_M_DATA=1 DSP_MULTIPLIER=1 DSP_OUTPUT=1 DSP_PREADD_DATA=1 LUT2=2 LUT3=6 LUT4=6 LUT5=10 LUT6=20)
  Clock Uncertainty:      0.535ns  ((TSJ^2 + TIJ^2)^1/2 + DJ) / 2 + PE + UU
    Total System Jitter     (TSJ):    0.071ns
    Total Input Jitter      (TIJ):    0.000ns
    Discrete Jitter          (DJ):    0.000ns
    Phase Error              (PE):    0.000ns
    User Uncertainty         (UU):    0.500ns

    Location             Delay type                Incr(ns)  Path(ns)    Netlist Resource(s)
  -------------------------------------------------------------------    -------------------
                         (clock clk rise edge)        0.000     0.000 r  
                                                      0.000     0.000 r  clock (IN)
                         net (fo=206739, unset)       0.000     0.000    atten/softmax/mem_inst/mem/mem_ext/clock
                         URAM288                                      r  atten/softmax/mem_inst/mem/mem_ext/Memory_reg_uram_0/CLK
  -------------------------------------------------------------------    -------------------
                         URAM288 (Prop_URAM288_CLK_DOUT_B[56])
                                                      1.991     1.991 f  atten/softmax/mem_inst/mem/mem_ext/Memory_reg_uram_0/DOUT_B[56]
                         net (fo=1, unplaced)         0.177     2.168    atten/softmax/lw_inst/R0_data0[56]
                         LUT4 (Prop_LUT4_I2_O)        0.100     2.268 f  atten/softmax/lw_inst/_xs_mul_log2e_fullwidth_7_T_i_19/O
                         net (fo=7, unplaced)         0.222     2.490    atten/softmax/lw_inst/_xs_mul_log2e_fullwidth_7_T_i_19_n_0
                         LUT6 (Prop_LUT6_I5_O)        0.038     2.528 r  atten/softmax/lw_inst/_xs_mul_log2e_fullwidth_0_T_i_202/O
                         net (fo=1, unplaced)         0.244     2.772    atten/softmax/lw_inst/_xs_mul_log2e_fullwidth_0_T_i_202_n_0
                         CARRY8 (Prop_CARRY8_DI[0]_CO[3])
                                                      0.182     2.954 r  atten/softmax/lw_inst/_xs_mul_log2e_fullwidth_0_T_i_117/CO[3]
                         net (fo=16, unplaced)        0.151     3.105    atten/softmax/lw_inst/cu_inst/softmax/maxPreProcess/_maxVal_T_11
                         LUT5 (Prop_LUT5_I3_O)        0.038     3.143 r  atten/softmax/lw_inst/_xs_mul_log2e_fullwidth_0_T_i_162/O
                         net (fo=3, unplaced)         0.161     3.304    atten/softmax/lw_inst/_xs_mul_log2e_fullwidth_0_T_i_162_n_0
                         LUT6 (Prop_LUT6_I0_O)        0.090     3.394 r  atten/softmax/lw_inst/_xs_mul_log2e_fullwidth_7_T_i_188/O
                         net (fo=1, unplaced)         0.244     3.638    atten/softmax/lw_inst/_xs_mul_log2e_fullwidth_7_T_i_188_n_0
                         CARRY8 (Prop_CARRY8_DI[0]_CO[3])
                                                      0.182     3.820 r  atten/softmax/lw_inst/_xs_mul_log2e_fullwidth_7_T_i_117/CO[3]
                         net (fo=8, unplaced)         0.135     3.955    atten/softmax/lw_inst/cu_inst/softmax/maxPreProcess/_maxVal_T_271
                         LUT3 (Prop_LUT3_I1_O)        0.038     3.993 f  atten/softmax/lw_inst/_xs_mul_log2e_fullwidth_7_T_i_58/O
                         net (fo=5, unplaced)         0.215     4.208    atten/softmax/lw_inst/_xs_mul_log2e_fullwidth_7_T_i_58_n_0
                         LUT6 (Prop_LUT6_I4_O)        0.038     4.246 r  atten/softmax/lw_inst/_xs_mul_log2e_fullwidth_7_T_i_111/O
                         net (fo=1, unplaced)         0.244     4.490    atten/softmax/lw_inst/_xs_mul_log2e_fullwidth_7_T_i_111_n_0
                         CARRY8 (Prop_CARRY8_DI[0]_CO[3])
                                                      0.182     4.672 r  atten/softmax/lw_inst/_xs_mul_log2e_fullwidth_7_T_i_57/CO[3]
                         net (fo=16, unplaced)        0.151     4.823    atten/softmax/lw_inst/cu_inst/softmax/maxPreProcess/_maxVal_T_391
                         LUT5 (Prop_LUT5_I3_O)        0.038     4.861 f  atten/softmax/lw_inst/_xs_mul_log2e_fullwidth_0_T_i_44/O
                         net (fo=4, unplaced)         0.210     5.071    atten/softmax/lw_inst/_xs_mul_log2e_fullwidth_0_T_i_44_n_0
                         LUT6 (Prop_LUT6_I4_O)        0.038     5.109 r  atten/softmax/lw_inst/_xs_mul_log2e_fullwidth_0_T_i_87/O
                         net (fo=1, unplaced)         0.244     5.353    atten/softmax/lw_inst/_xs_mul_log2e_fullwidth_0_T_i_87_n_0
                         CARRY8 (Prop_CARRY8_DI[0]_CO[3])
                                                      0.182     5.535 r  atten/softmax/lw_inst/_xs_mul_log2e_fullwidth_0_T_i_43/CO[3]
                         net (fo=9, unplaced)         0.138     5.673    atten/softmax/lw_inst/cu_inst/softmax/maxPreProcess/_maxVal_T_451
                         LUT3 (Prop_LUT3_I1_O)        0.070     5.743 r  atten/softmax/lw_inst/_xs_mul_log2e_fullwidth_7_T_i_20/O
                         net (fo=16, unplaced)        0.199     5.942    atten/softmax/lw_inst/_xs_mul_log2e_fullwidth_7_T_i_20_n_0
                         LUT6 (Prop_LUT6_I3_O)        0.090     6.032 r  atten/softmax/lw_inst/_xs_mul_log2e_fullwidth_7_T_i_30/O
                         net (fo=1, unplaced)         0.244     6.276    atten/softmax/lw_inst/_xs_mul_log2e_fullwidth_7_T_i_30_n_0
                         CARRY8 (Prop_CARRY8_DI[0]_CO[3])
                                                      0.182     6.458 r  atten/softmax/lw_inst/_xs_mul_log2e_fullwidth_7_T_i_21/CO[3]
                         net (fo=26, unplaced)        0.162     6.620    atten/softmax/lw_inst/cu_inst/softmax/maxPreProcess/maxVal1
                         LUT5 (Prop_LUT5_I3_O)        0.038     6.658 f  atten/softmax/lw_inst/_xs_mul_log2e_fullwidth_0_T_i_25/O
                         net (fo=48, unplaced)        0.266     6.924    atten/softmax/lw_inst/_xs_mul_log2e_fullwidth_0_T_i_25_n_0
                         LUT6 (Prop_LUT6_I4_O)        0.038     6.962 r  atten/softmax/lw_inst/_xs_mul_log2e_fullwidth_12_T_i_16/O
                         net (fo=2, unplaced)         0.197     7.159    atten/softmax/lw_inst/_xs_mul_log2e_fullwidth_12_T_i_16_n_0
                         LUT5 (Prop_LUT5_I4_O)        0.038     7.197 r  atten/softmax/lw_inst/_xs_mul_log2e_fullwidth_12_T_i_15/O
                         net (fo=2, unplaced)         0.197     7.394    atten/softmax/lw_inst/_xs_mul_log2e_fullwidth_12_T_i_15_n_0
                         LUT5 (Prop_LUT5_I4_O)        0.038     7.432 r  atten/softmax/lw_inst/_xs_mul_log2e_fullwidth_12_T_i_14/O
                         net (fo=2, unplaced)         0.197     7.629    atten/softmax/lw_inst/_xs_mul_log2e_fullwidth_12_T_i_14_n_0
                         LUT5 (Prop_LUT5_I4_O)        0.038     7.667 r  atten/softmax/lw_inst/_xs_mul_log2e_fullwidth_12_T_i_13/O
                         net (fo=2, unplaced)         0.197     7.864    atten/softmax/lw_inst/_xs_mul_log2e_fullwidth_12_T_i_13_n_0
                         LUT5 (Prop_LUT5_I4_O)        0.038     7.902 r  atten/softmax/lw_inst/_xs_mul_log2e_fullwidth_12_T_i_10/O
                         net (fo=2, unplaced)         0.197     8.099    atten/softmax/lw_inst/_xs_mul_log2e_fullwidth_12_T_i_10_n_0
                         LUT5 (Prop_LUT5_I3_O)        0.038     8.137 f  atten/softmax/lw_inst/_xs_mul_log2e_fullwidth_12_T_i_1/O
                         net (fo=17, unplaced)        0.260     8.397    atten/softmax/cu_inst/softmax/_xs_mul_log2e_fullwidth_12_T/A[8]
                         DSP_A_B_DATA (Prop_DSP_A_B_DATA_A[8]_A2_DATA[8])
                                                      0.192     8.589 r  atten/softmax/cu_inst/softmax/_xs_mul_log2e_fullwidth_12_T/DSP_A_B_DATA_INST/A2_DATA[8]
                         net (fo=1, unplaced)         0.000     8.589    atten/softmax/cu_inst/softmax/_xs_mul_log2e_fullwidth_12_T/DSP_A_B_DATA.A2_DATA<8>
                         DSP_PREADD_DATA (Prop_DSP_PREADD_DATA_A2_DATA[8]_A2A1[8])
                                                      0.076     8.665 r  atten/softmax/cu_inst/softmax/_xs_mul_log2e_fullwidth_12_T/DSP_PREADD_DATA_INST/A2A1[8]
                         net (fo=1, unplaced)         0.000     8.665    atten/softmax/cu_inst/softmax/_xs_mul_log2e_fullwidth_12_T/DSP_PREADD_DATA.A2A1<8>
                         DSP_MULTIPLIER (Prop_DSP_MULTIPLIER_A2A1[8]_U[21])
                                                      0.505     9.170 f  atten/softmax/cu_inst/softmax/_xs_mul_log2e_fullwidth_12_T/DSP_MULTIPLIER_INST/U[21]
                         net (fo=1, unplaced)         0.000     9.170    atten/softmax/cu_inst/softmax/_xs_mul_log2e_fullwidth_12_T/DSP_MULTIPLIER.U<21>
                         DSP_M_DATA (Prop_DSP_M_DATA_U[21]_U_DATA[21])
                                                      0.047     9.217 r  atten/softmax/cu_inst/softmax/_xs_mul_log2e_fullwidth_12_T/DSP_M_DATA_INST/U_DATA[21]
                         net (fo=1, unplaced)         0.000     9.217    atten/softmax/cu_inst/softmax/_xs_mul_log2e_fullwidth_12_T/DSP_M_DATA.U_DATA<21>
                         DSP_ALU (Prop_DSP_ALU_U_DATA[21]_ALU_OUT[21])
                                                      0.585     9.802 f  atten/softmax/cu_inst/softmax/_xs_mul_log2e_fullwidth_12_T/DSP_ALU_INST/ALU_OUT[21]
                         net (fo=1, unplaced)         0.000     9.802    atten/softmax/cu_inst/softmax/_xs_mul_log2e_fullwidth_12_T/DSP_ALU.ALU_OUT<21>
                         DSP_OUTPUT (Prop_DSP_OUTPUT_ALU_OUT[21]_P[21])
                                                      0.109     9.911 r  atten/softmax/cu_inst/softmax/_xs_mul_log2e_fullwidth_12_T/DSP_OUTPUT_INST/P[21]
                         net (fo=21, unplaced)        0.262    10.173    atten/softmax/cu_inst/softmax/sum/io_res_inferred_i_2982_0[13]
                         LUT3 (Prop_LUT3_I0_O)        0.112    10.285 r  atten/softmax/cu_inst/softmax/sum/io_res_inferred_i_4071/O
                         net (fo=5, unplaced)         0.215    10.500    atten/softmax/cu_inst/softmax/sum/io_res_inferred_i_4071_n_0
                         LUT6 (Prop_LUT6_I2_O)        0.038    10.538 r  atten/softmax/cu_inst/softmax/sum/io_res_inferred_i_4100/O
                         net (fo=2, unplaced)         0.197    10.735    atten/softmax/cu_inst/softmax/sum/io_res_inferred_i_4100_n_0
                         LUT6 (Prop_LUT6_I0_O)        0.038    10.773 r  atten/softmax/cu_inst/softmax/sum/io_res_inferred_i_3411/O
                         net (fo=1, unplaced)         0.197    10.970    atten/softmax/cu_inst/softmax/sum/io_res_inferred_i_3411_n_0
                         LUT6 (Prop_LUT6_I1_O)        0.038    11.008 r  atten/softmax/cu_inst/softmax/sum/io_res_inferred_i_2791/O
                         net (fo=2, unplaced)         0.155    11.163    atten/softmax/cu_inst/softmax/sum/_exp2_1_io_out_12[0]
                         LUT3 (Prop_LUT3_I0_O)        0.112    11.275 r  atten/softmax/cu_inst/softmax/sum/io_res_inferred_i_2334/O
                         net (fo=2, unplaced)         0.217    11.492    atten/softmax/cu_inst/softmax/sum/io_res_inferred_i_2334_n_0
                         LUT4 (Prop_LUT4_I3_O)        0.037    11.529 r  atten/softmax/cu_inst/softmax/sum/io_res_inferred_i_2341/O
                         net (fo=1, unplaced)         0.023    11.552    atten/softmax/cu_inst/softmax/sum/io_res_inferred_i_2341_n_0
                         CARRY8 (Prop_CARRY8_S[1]_O[5])
                                                      0.237    11.789 r  atten/softmax/cu_inst/softmax/sum/io_res_inferred_i_2085/O[5]
                         net (fo=2, unplaced)         0.171    11.960    atten/softmax/cu_inst/softmax/sum/io_res_inferred_i_2085_n_10
                         LUT3 (Prop_LUT3_I2_O)        0.105    12.065 r  atten/softmax/cu_inst/softmax/sum/io_res_inferred_i_1962/O
                         net (fo=2, unplaced)         0.216    12.281    atten/softmax/cu_inst/softmax/sum/io_res_inferred_i_1962_n_0
                         LUT4 (Prop_LUT4_I3_O)        0.037    12.318 r  atten/softmax/cu_inst/softmax/sum/io_res_inferred_i_1969/O
                         net (fo=1, unplaced)         0.023    12.341    atten/softmax/cu_inst/softmax/sum/io_res_inferred_i_1969_n_0
                         CARRY8 (Prop_CARRY8_S[6]_CO[7])
                                                      0.124    12.465 r  atten/softmax/cu_inst/softmax/sum/io_res_inferred_i_1886/CO[7]
                         net (fo=1, unplaced)         0.005    12.470    atten/softmax/cu_inst/softmax/sum/io_res_inferred_i_1886_n_0
                         CARRY8 (Prop_CARRY8_CI_O[0])
                                                      0.056    12.526 r  atten/softmax/cu_inst/softmax/sum/io_res_inferred_i_1919/O[0]
                         net (fo=3, unplaced)         0.203    12.729    atten/softmax/cu_inst/softmax/sum/io_res_inferred_i_1919_n_15
                         LUT3 (Prop_LUT3_I1_O)        0.038    12.767 r  atten/softmax/cu_inst/softmax/sum/io_res_inferred_i_1924/O
                         net (fo=2, unplaced)         0.197    12.964    atten/softmax/cu_inst/softmax/sum/io_res_inferred_i_1924_n_0
                         LUT5 (Prop_LUT5_I1_O)        0.038    13.002 r  atten/softmax/cu_inst/softmax/sum/io_res_inferred_i_1851/O
                         net (fo=2, unplaced)         0.197    13.199    atten/softmax/cu_inst/softmax/sum/io_res_inferred_i_1851_n_0
                         LUT6 (Prop_LUT6_I0_O)        0.037    13.236 r  atten/softmax/cu_inst/softmax/sum/io_res_inferred_i_1859/O
                         net (fo=1, unplaced)         0.023    13.259    atten/softmax/cu_inst/softmax/sum/io_res_inferred_i_1859_n_0
                         CARRY8 (Prop_CARRY8_S[1]_O[5])
                                                      0.237    13.496 f  atten/softmax/cu_inst/softmax/sum/io_res_inferred_i_1766/O[5]
                         net (fo=21, unplaced)        0.221    13.717    atten/softmax/cu_inst/softmax/sum/_sum_io_out[13]
                         LUT4 (Prop_LUT4_I2_O)        0.053    13.770 f  atten/softmax/cu_inst/softmax/sum/io_res_inferred_i_1759/O
                         net (fo=33, unplaced)        0.258    14.028    atten/softmax/cu_inst/softmax/sum/io_res_inferred_i_1759_n_0
                         LUT6 (Prop_LUT6_I5_O)        0.038    14.066 r  atten/softmax/cu_inst/softmax/sum/io_res_inferred_i_1797/O
                         net (fo=1, unplaced)         0.197    14.263    atten/softmax/cu_inst/softmax/sum/io_res_inferred_i_1797_n_0
                         LUT6 (Prop_LUT6_I5_O)        0.038    14.301 r  atten/softmax/cu_inst/softmax/sum/io_res_inferred_i_1749/O
                         net (fo=27, unplaced)        0.253    14.554    atten/softmax/cu_inst/softmax/sum/io_res_inferred_i_1749_n_0
                         LUT4 (Prop_LUT4_I0_O)        0.038    14.592 r  atten/softmax/cu_inst/softmax/sum/io_res_inferred_i_1796/O
                         net (fo=1, unplaced)         0.020    14.612    atten/softmax/cu_inst/softmax/sum/log2/x[7]
                         CARRY8 (Prop_CARRY8_S[0]_O[4])
                                                      0.206    14.818 r  atten/softmax/cu_inst/softmax/sum/io_res_inferred_i_1520/O[4]
                         net (fo=26, unplaced)        0.210    15.028    atten/softmax/cu_inst/softmax/sum/log2/io_out_00[11]
                         LUT4 (Prop_LUT4_I0_O)        0.051    15.079 r  atten/softmax/cu_inst/softmax/sum/io_res_inferred_i_894/O
                         net (fo=1, unplaced)         0.032    15.111    atten/softmax/cu_inst/softmax/sum/io_res_inferred_i_894_n_0
                         CARRY8 (Prop_CARRY8_S[3]_O[5])
                                                      0.184    15.295 f  atten/softmax/cu_inst/softmax/sum/io_res_inferred_i_267/O[5]
                         net (fo=5, unplaced)         0.189    15.484    atten/cu_inst/softmax/io_in_230[13]
                         LUT2 (Prop_LUT2_I0_O)        0.099    15.583 f  atten/io_res_inferred_i_899/O
                         net (fo=1, unplaced)         0.242    15.825    atten/io_res_inferred_i_899_n_0
                         CARRY8 (Prop_CARRY8_DI[2]_CO[3])
                                                      0.134    15.959 f  atten/io_res_inferred_i_268/CO[3]
                         net (fo=15, unplaced)        0.150    16.109    atten/softmax/Memory_reg_2_4[0]
                         LUT6 (Prop_LUT6_I0_O)        0.038    16.147 f  atten/softmax/io_res_inferred_i_1539/O
                         net (fo=1, unplaced)         0.197    16.344    atten/softmax/io_res_inferred_i_1539_n_0
                         LUT6 (Prop_LUT6_I5_O)        0.038    16.382 r  atten/softmax/io_res_inferred_i_910/O
                         net (fo=1, unplaced)         0.197    16.579    atten/softmax/io_res_inferred_i_910_n_0
                         LUT6 (Prop_LUT6_I1_O)        0.038    16.617 r  atten/softmax/io_res_inferred_i_280/O
                         net (fo=2, unplaced)         0.197    16.814    atten/softmax/softmax/_exp2_2_io_out_23[7]
                         LUT5 (Prop_LUT5_I4_O)        0.038    16.852 r  atten/softmax/io_res_inferred_i_277/O
                         net (fo=2, unplaced)         0.197    17.049    atten/softmax/io_res_inferred_i_277_n_0
                         LUT6 (Prop_LUT6_I5_O)        0.038    17.087 r  atten/softmax/io_res_inferred_i_275/O
                         net (fo=2, unplaced)         0.197    17.284    atten/softmax/io_res_inferred_i_275_n_0
                         LUT6 (Prop_LUT6_I5_O)        0.038    17.322 r  atten/softmax/io_res_inferred_i_272/O
                         net (fo=2, unplaced)         0.197    17.519    atten/softmax/io_res_inferred_i_272_n_0
                         LUT6 (Prop_LUT6_I5_O)        0.038    17.557 r  atten/softmax/io_res_inferred_i_271/O
                         net (fo=2, unplaced)         0.197    17.754    atten/softmax/io_res_inferred_i_271_n_0
                         LUT6 (Prop_LUT6_I5_O)        0.038    17.792 r  atten/softmax/io_res_inferred_i_266/O
                         net (fo=2, unplaced)         0.197    17.989    atten/softmax/io_res_inferred_i_266_n_0
                         LUT6 (Prop_LUT6_I5_O)        0.038    18.027 r  atten/softmax/io_res_inferred_i_257/O
                         net (fo=2, unplaced)         0.197    18.224    atten/softmax/cu_inst/softmax/Memory_reg_2_24
                         LUT2 (Prop_LUT2_I0_O)        0.038    18.262 r  atten/softmax/cu_inst/softmax/io_res_inferred_i_18/O
                         net (fo=1, unplaced)         0.196    18.458    atten/dm2/ctxmem_inst/mem/mem_ext/Memory_reg_2_0[190]
                         RAMB36E2                                     r  atten/dm2/ctxmem_inst/mem/mem_ext/Memory_reg_2/DINBDIN[14]
  -------------------------------------------------------------------    -------------------

                         (clock clk rise edge)       10.000    10.000 r  
                                                      0.000    10.000 r  clock (IN)
                         net (fo=206739, unset)       0.000    10.000    atten/dm2/ctxmem_inst/mem/mem_ext/clock
                         RAMB36E2                                     r  atten/dm2/ctxmem_inst/mem/mem_ext/Memory_reg_2/CLKBWRCLK
                         clock pessimism              0.000    10.000    
                         clock uncertainty           -0.535     9.465    
                         RAMB36E2 (Setup_RAMB36E2_CLKBWRCLK_DINBDIN[14])
                                                     -0.272     9.193    atten/dm2/ctxmem_inst/mem/mem_ext/Memory_reg_2
  -------------------------------------------------------------------
                         required time                          9.193    
                         arrival time                         -18.458    
  -------------------------------------------------------------------
                         slack                                 -9.265    

Slack (VIOLATED) :        -9.250ns  (required time - arrival time)
  Source:                 atten/softmax/mem_inst/mem/mem_ext/Memory_reg_uram_0/CLK
                            (rising edge-triggered cell URAM288 clocked by clk  {rise@0.000ns fall@5.000ns period=10.000ns})
  Destination:            atten/dm2/ctxmem_inst/mem/mem_ext/Memory_reg_0/DINADIN[14]
                            (rising edge-triggered cell RAMB36E2 clocked by clk  {rise@0.000ns fall@5.000ns period=10.000ns})
  Path Group:             clk
  Path Type:              Setup (Max at Slow Process Corner)
  Requirement:            10.000ns  (clk rise@10.000ns - clk rise@0.000ns)
  Data Path Delay:        18.460ns  (logic 7.764ns (42.059%)  route 10.696ns (57.942%))
  Logic Levels:           62  (CARRY8=12 DSP_A_B_DATA=1 DSP_ALU=1 DSP_M_DATA=1 DSP_MULTIPLIER=1 DSP_OUTPUT=1 DSP_PREADD_DATA=1 LUT2=2 LUT3=6 LUT4=6 LUT5=10 LUT6=20)
  Clock Uncertainty:      0.535ns  ((TSJ^2 + TIJ^2)^1/2 + DJ) / 2 + PE + UU
    Total System Jitter     (TSJ):    0.071ns
    Total Input Jitter      (TIJ):    0.000ns
    Discrete Jitter          (DJ):    0.000ns
    Phase Error              (PE):    0.000ns
    User Uncertainty         (UU):    0.500ns

    Location             Delay type                Incr(ns)  Path(ns)    Netlist Resource(s)
  -------------------------------------------------------------------    -------------------
                         (clock clk rise edge)        0.000     0.000 r  
                                                      0.000     0.000 r  clock (IN)
                         net (fo=206739, unset)       0.000     0.000    atten/softmax/mem_inst/mem/mem_ext/clock
                         URAM288                                      r  atten/softmax/mem_inst/mem/mem_ext/Memory_reg_uram_0/CLK
  -------------------------------------------------------------------    -------------------
                         URAM288 (Prop_URAM288_CLK_DOUT_B[56])
                                                      1.991     1.991 f  atten/softmax/mem_inst/mem/mem_ext/Memory_reg_uram_0/DOUT_B[56]
                         net (fo=1, unplaced)         0.177     2.168    atten/softmax/lw_inst/R0_data0[56]
                         LUT4 (Prop_LUT4_I2_O)        0.100     2.268 f  atten/softmax/lw_inst/_xs_mul_log2e_fullwidth_7_T_i_19/O
                         net (fo=7, unplaced)         0.222     2.490    atten/softmax/lw_inst/_xs_mul_log2e_fullwidth_7_T_i_19_n_0
                         LUT6 (Prop_LUT6_I5_O)        0.038     2.528 r  atten/softmax/lw_inst/_xs_mul_log2e_fullwidth_0_T_i_202/O
                         net (fo=1, unplaced)         0.244     2.772    atten/softmax/lw_inst/_xs_mul_log2e_fullwidth_0_T_i_202_n_0
                         CARRY8 (Prop_CARRY8_DI[0]_CO[3])
                                                      0.182     2.954 r  atten/softmax/lw_inst/_xs_mul_log2e_fullwidth_0_T_i_117/CO[3]
                         net (fo=16, unplaced)        0.151     3.105    atten/softmax/lw_inst/cu_inst/softmax/maxPreProcess/_maxVal_T_11
                         LUT5 (Prop_LUT5_I3_O)        0.038     3.143 r  atten/softmax/lw_inst/_xs_mul_log2e_fullwidth_0_T_i_162/O
                         net (fo=3, unplaced)         0.161     3.304    atten/softmax/lw_inst/_xs_mul_log2e_fullwidth_0_T_i_162_n_0
                         LUT6 (Prop_LUT6_I0_O)        0.090     3.394 r  atten/softmax/lw_inst/_xs_mul_log2e_fullwidth_7_T_i_188/O
                         net (fo=1, unplaced)         0.244     3.638    atten/softmax/lw_inst/_xs_mul_log2e_fullwidth_7_T_i_188_n_0
                         CARRY8 (Prop_CARRY8_DI[0]_CO[3])
                                                      0.182     3.820 r  atten/softmax/lw_inst/_xs_mul_log2e_fullwidth_7_T_i_117/CO[3]
                         net (fo=8, unplaced)         0.135     3.955    atten/softmax/lw_inst/cu_inst/softmax/maxPreProcess/_maxVal_T_271
                         LUT3 (Prop_LUT3_I1_O)        0.038     3.993 f  atten/softmax/lw_inst/_xs_mul_log2e_fullwidth_7_T_i_58/O
                         net (fo=5, unplaced)         0.215     4.208    atten/softmax/lw_inst/_xs_mul_log2e_fullwidth_7_T_i_58_n_0
                         LUT6 (Prop_LUT6_I4_O)        0.038     4.246 r  atten/softmax/lw_inst/_xs_mul_log2e_fullwidth_7_T_i_111/O
                         net (fo=1, unplaced)         0.244     4.490    atten/softmax/lw_inst/_xs_mul_log2e_fullwidth_7_T_i_111_n_0
                         CARRY8 (Prop_CARRY8_DI[0]_CO[3])
                                                      0.182     4.672 r  atten/softmax/lw_inst/_xs_mul_log2e_fullwidth_7_T_i_57/CO[3]
                         net (fo=16, unplaced)        0.151     4.823    atten/softmax/lw_inst/cu_inst/softmax/maxPreProcess/_maxVal_T_391
                         LUT5 (Prop_LUT5_I3_O)        0.038     4.861 f  atten/softmax/lw_inst/_xs_mul_log2e_fullwidth_0_T_i_44/O
                         net (fo=4, unplaced)         0.210     5.071    atten/softmax/lw_inst/_xs_mul_log2e_fullwidth_0_T_i_44_n_0
                         LUT6 (Prop_LUT6_I4_O)        0.038     5.109 r  atten/softmax/lw_inst/_xs_mul_log2e_fullwidth_0_T_i_87/O
                         net (fo=1, unplaced)         0.244     5.353    atten/softmax/lw_inst/_xs_mul_log2e_fullwidth_0_T_i_87_n_0
                         CARRY8 (Prop_CARRY8_DI[0]_CO[3])
                                                      0.182     5.535 r  atten/softmax/lw_inst/_xs_mul_log2e_fullwidth_0_T_i_43/CO[3]
                         net (fo=9, unplaced)         0.138     5.673    atten/softmax/lw_inst/cu_inst/softmax/maxPreProcess/_maxVal_T_451
                         LUT3 (Prop_LUT3_I1_O)        0.070     5.743 r  atten/softmax/lw_inst/_xs_mul_log2e_fullwidth_7_T_i_20/O
                         net (fo=16, unplaced)        0.199     5.942    atten/softmax/lw_inst/_xs_mul_log2e_fullwidth_7_T_i_20_n_0
                         LUT6 (Prop_LUT6_I3_O)        0.090     6.032 r  atten/softmax/lw_inst/_xs_mul_log2e_fullwidth_7_T_i_30/O
                         net (fo=1, unplaced)         0.244     6.276    atten/softmax/lw_inst/_xs_mul_log2e_fullwidth_7_T_i_30_n_0
                         CARRY8 (Prop_CARRY8_DI[0]_CO[3])
                                                      0.182     6.458 r  atten/softmax/lw_inst/_xs_mul_log2e_fullwidth_7_T_i_21/CO[3]
                         net (fo=26, unplaced)        0.162     6.620    atten/softmax/lw_inst/cu_inst/softmax/maxPreProcess/maxVal1
                         LUT5 (Prop_LUT5_I3_O)        0.038     6.658 f  atten/softmax/lw_inst/_xs_mul_log2e_fullwidth_0_T_i_25/O
                         net (fo=48, unplaced)        0.266     6.924    atten/softmax/lw_inst/_xs_mul_log2e_fullwidth_0_T_i_25_n_0
                         LUT6 (Prop_LUT6_I4_O)        0.038     6.962 r  atten/softmax/lw_inst/_xs_mul_log2e_fullwidth_12_T_i_16/O
                         net (fo=2, unplaced)         0.197     7.159    atten/softmax/lw_inst/_xs_mul_log2e_fullwidth_12_T_i_16_n_0
                         LUT5 (Prop_LUT5_I4_O)        0.038     7.197 r  atten/softmax/lw_inst/_xs_mul_log2e_fullwidth_12_T_i_15/O
                         net (fo=2, unplaced)         0.197     7.394    atten/softmax/lw_inst/_xs_mul_log2e_fullwidth_12_T_i_15_n_0
                         LUT5 (Prop_LUT5_I4_O)        0.038     7.432 r  atten/softmax/lw_inst/_xs_mul_log2e_fullwidth_12_T_i_14/O
                         net (fo=2, unplaced)         0.197     7.629    atten/softmax/lw_inst/_xs_mul_log2e_fullwidth_12_T_i_14_n_0
                         LUT5 (Prop_LUT5_I4_O)        0.038     7.667 r  atten/softmax/lw_inst/_xs_mul_log2e_fullwidth_12_T_i_13/O
                         net (fo=2, unplaced)         0.197     7.864    atten/softmax/lw_inst/_xs_mul_log2e_fullwidth_12_T_i_13_n_0
                         LUT5 (Prop_LUT5_I4_O)        0.038     7.902 r  atten/softmax/lw_inst/_xs_mul_log2e_fullwidth_12_T_i_10/O
                         net (fo=2, unplaced)         0.197     8.099    atten/softmax/lw_inst/_xs_mul_log2e_fullwidth_12_T_i_10_n_0
                         LUT5 (Prop_LUT5_I3_O)        0.038     8.137 f  atten/softmax/lw_inst/_xs_mul_log2e_fullwidth_12_T_i_1/O
                         net (fo=17, unplaced)        0.260     8.397    atten/softmax/cu_inst/softmax/_xs_mul_log2e_fullwidth_12_T/A[8]
                         DSP_A_B_DATA (Prop_DSP_A_B_DATA_A[8]_A2_DATA[8])
                                                      0.192     8.589 r  atten/softmax/cu_inst/softmax/_xs_mul_log2e_fullwidth_12_T/DSP_A_B_DATA_INST/A2_DATA[8]
                         net (fo=1, unplaced)         0.000     8.589    atten/softmax/cu_inst/softmax/_xs_mul_log2e_fullwidth_12_T/DSP_A_B_DATA.A2_DATA<8>
                         DSP_PREADD_DATA (Prop_DSP_PREADD_DATA_A2_DATA[8]_A2A1[8])
                                                      0.076     8.665 r  atten/softmax/cu_inst/softmax/_xs_mul_log2e_fullwidth_12_T/DSP_PREADD_DATA_INST/A2A1[8]
                         net (fo=1, unplaced)         0.000     8.665    atten/softmax/cu_inst/softmax/_xs_mul_log2e_fullwidth_12_T/DSP_PREADD_DATA.A2A1<8>
                         DSP_MULTIPLIER (Prop_DSP_MULTIPLIER_A2A1[8]_U[21])
                                                      0.505     9.170 f  atten/softmax/cu_inst/softmax/_xs_mul_log2e_fullwidth_12_T/DSP_MULTIPLIER_INST/U[21]
                         net (fo=1, unplaced)         0.000     9.170    atten/softmax/cu_inst/softmax/_xs_mul_log2e_fullwidth_12_T/DSP_MULTIPLIER.U<21>
                         DSP_M_DATA (Prop_DSP_M_DATA_U[21]_U_DATA[21])
                                                      0.047     9.217 r  atten/softmax/cu_inst/softmax/_xs_mul_log2e_fullwidth_12_T/DSP_M_DATA_INST/U_DATA[21]
                         net (fo=1, unplaced)         0.000     9.217    atten/softmax/cu_inst/softmax/_xs_mul_log2e_fullwidth_12_T/DSP_M_DATA.U_DATA<21>
                         DSP_ALU (Prop_DSP_ALU_U_DATA[21]_ALU_OUT[21])
                                                      0.585     9.802 f  atten/softmax/cu_inst/softmax/_xs_mul_log2e_fullwidth_12_T/DSP_ALU_INST/ALU_OUT[21]
                         net (fo=1, unplaced)         0.000     9.802    atten/softmax/cu_inst/softmax/_xs_mul_log2e_fullwidth_12_T/DSP_ALU.ALU_OUT<21>
                         DSP_OUTPUT (Prop_DSP_OUTPUT_ALU_OUT[21]_P[21])
                                                      0.109     9.911 r  atten/softmax/cu_inst/softmax/_xs_mul_log2e_fullwidth_12_T/DSP_OUTPUT_INST/P[21]
                         net (fo=21, unplaced)        0.262    10.173    atten/softmax/cu_inst/softmax/sum/io_res_inferred_i_2982_0[13]
                         LUT3 (Prop_LUT3_I0_O)        0.112    10.285 r  atten/softmax/cu_inst/softmax/sum/io_res_inferred_i_4071/O
                         net (fo=5, unplaced)         0.215    10.500    atten/softmax/cu_inst/softmax/sum/io_res_inferred_i_4071_n_0
                         LUT6 (Prop_LUT6_I2_O)        0.038    10.538 r  atten/softmax/cu_inst/softmax/sum/io_res_inferred_i_4100/O
                         net (fo=2, unplaced)         0.197    10.735    atten/softmax/cu_inst/softmax/sum/io_res_inferred_i_4100_n_0
                         LUT6 (Prop_LUT6_I0_O)        0.038    10.773 r  atten/softmax/cu_inst/softmax/sum/io_res_inferred_i_3411/O
                         net (fo=1, unplaced)         0.197    10.970    atten/softmax/cu_inst/softmax/sum/io_res_inferred_i_3411_n_0
                         LUT6 (Prop_LUT6_I1_O)        0.038    11.008 r  atten/softmax/cu_inst/softmax/sum/io_res_inferred_i_2791/O
                         net (fo=2, unplaced)         0.155    11.163    atten/softmax/cu_inst/softmax/sum/_exp2_1_io_out_12[0]
                         LUT3 (Prop_LUT3_I0_O)        0.112    11.275 r  atten/softmax/cu_inst/softmax/sum/io_res_inferred_i_2334/O
                         net (fo=2, unplaced)         0.217    11.492    atten/softmax/cu_inst/softmax/sum/io_res_inferred_i_2334_n_0
                         LUT4 (Prop_LUT4_I3_O)        0.037    11.529 r  atten/softmax/cu_inst/softmax/sum/io_res_inferred_i_2341/O
                         net (fo=1, unplaced)         0.023    11.552    atten/softmax/cu_inst/softmax/sum/io_res_inferred_i_2341_n_0
                         CARRY8 (Prop_CARRY8_S[1]_O[5])
                                                      0.237    11.789 r  atten/softmax/cu_inst/softmax/sum/io_res_inferred_i_2085/O[5]
                         net (fo=2, unplaced)         0.171    11.960    atten/softmax/cu_inst/softmax/sum/io_res_inferred_i_2085_n_10
                         LUT3 (Prop_LUT3_I2_O)        0.105    12.065 r  atten/softmax/cu_inst/softmax/sum/io_res_inferred_i_1962/O
                         net (fo=2, unplaced)         0.216    12.281    atten/softmax/cu_inst/softmax/sum/io_res_inferred_i_1962_n_0
                         LUT4 (Prop_LUT4_I3_O)        0.037    12.318 r  atten/softmax/cu_inst/softmax/sum/io_res_inferred_i_1969/O
                         net (fo=1, unplaced)         0.023    12.341    atten/softmax/cu_inst/softmax/sum/io_res_inferred_i_1969_n_0
                         CARRY8 (Prop_CARRY8_S[6]_CO[7])
                                                      0.124    12.465 r  atten/softmax/cu_inst/softmax/sum/io_res_inferred_i_1886/CO[7]
                         net (fo=1, unplaced)         0.005    12.470    atten/softmax/cu_inst/softmax/sum/io_res_inferred_i_1886_n_0
                         CARRY8 (Prop_CARRY8_CI_O[0])
                                                      0.056    12.526 r  atten/softmax/cu_inst/softmax/sum/io_res_inferred_i_1919/O[0]
                         net (fo=3, unplaced)         0.203    12.729    atten/softmax/cu_inst/softmax/sum/io_res_inferred_i_1919_n_15
                         LUT3 (Prop_LUT3_I1_O)        0.038    12.767 r  atten/softmax/cu_inst/softmax/sum/io_res_inferred_i_1924/O
                         net (fo=2, unplaced)         0.197    12.964    atten/softmax/cu_inst/softmax/sum/io_res_inferred_i_1924_n_0
                         LUT5 (Prop_LUT5_I1_O)        0.038    13.002 r  atten/softmax/cu_inst/softmax/sum/io_res_inferred_i_1851/O
                         net (fo=2, unplaced)         0.197    13.199    atten/softmax/cu_inst/softmax/sum/io_res_inferred_i_1851_n_0
                         LUT6 (Prop_LUT6_I0_O)        0.037    13.236 r  atten/softmax/cu_inst/softmax/sum/io_res_inferred_i_1859/O
                         net (fo=1, unplaced)         0.023    13.259    atten/softmax/cu_inst/softmax/sum/io_res_inferred_i_1859_n_0
                         CARRY8 (Prop_CARRY8_S[1]_O[5])
                                                      0.237    13.496 f  atten/softmax/cu_inst/softmax/sum/io_res_inferred_i_1766/O[5]
                         net (fo=21, unplaced)        0.221    13.717    atten/softmax/cu_inst/softmax/sum/_sum_io_out[13]
                         LUT4 (Prop_LUT4_I2_O)        0.053    13.770 f  atten/softmax/cu_inst/softmax/sum/io_res_inferred_i_1759/O
                         net (fo=33, unplaced)        0.258    14.028    atten/softmax/cu_inst/softmax/sum/io_res_inferred_i_1759_n_0
                         LUT6 (Prop_LUT6_I5_O)        0.038    14.066 r  atten/softmax/cu_inst/softmax/sum/io_res_inferred_i_1797/O
                         net (fo=1, unplaced)         0.197    14.263    atten/softmax/cu_inst/softmax/sum/io_res_inferred_i_1797_n_0
                         LUT6 (Prop_LUT6_I5_O)        0.038    14.301 r  atten/softmax/cu_inst/softmax/sum/io_res_inferred_i_1749/O
                         net (fo=27, unplaced)        0.253    14.554    atten/softmax/cu_inst/softmax/sum/io_res_inferred_i_1749_n_0
                         LUT4 (Prop_LUT4_I0_O)        0.038    14.592 r  atten/softmax/cu_inst/softmax/sum/io_res_inferred_i_1796/O
                         net (fo=1, unplaced)         0.020    14.612    atten/softmax/cu_inst/softmax/sum/log2/x[7]
                         CARRY8 (Prop_CARRY8_S[0]_O[4])
                                                      0.206    14.818 r  atten/softmax/cu_inst/softmax/sum/io_res_inferred_i_1520/O[4]
                         net (fo=26, unplaced)        0.210    15.028    atten/softmax/cu_inst/softmax/sum/log2/io_out_00[11]
                         LUT4 (Prop_LUT4_I0_O)        0.051    15.079 r  atten/softmax/cu_inst/softmax/sum/io_res_inferred_i_1466/O
                         net (fo=1, unplaced)         0.032    15.111    atten/softmax/cu_inst/softmax/sum/io_res_inferred_i_1466_n_0
                         CARRY8 (Prop_CARRY8_S[3]_O[5])
                                                      0.184    15.295 f  atten/softmax/cu_inst/softmax/sum/io_res_inferred_i_795/O[5]
                         net (fo=5, unplaced)         0.189    15.484    atten/softmax_n_232
                         LUT2 (Prop_LUT2_I0_O)        0.099    15.583 f  atten/io_res_inferred_i_1471/O
                         net (fo=1, unplaced)         0.242    15.825    atten/io_res_inferred_i_1471_n_0
                         CARRY8 (Prop_CARRY8_DI[2]_CO[3])
                                                      0.134    15.959 f  atten/io_res_inferred_i_796/CO[3]
                         net (fo=15, unplaced)        0.150    16.109    atten/softmax/Memory_reg_0[0]
                         LUT6 (Prop_LUT6_I0_O)        0.038    16.147 f  atten/softmax/io_res_inferred_i_1739/O
                         net (fo=1, unplaced)         0.197    16.344    atten/softmax/io_res_inferred_i_1739_n_0
                         LUT6 (Prop_LUT6_I5_O)        0.038    16.382 r  atten/softmax/io_res_inferred_i_1482/O
                         net (fo=1, unplaced)         0.197    16.579    atten/softmax/io_res_inferred_i_1482_n_0
                         LUT6 (Prop_LUT6_I1_O)        0.038    16.617 r  atten/softmax/io_res_inferred_i_808/O
                         net (fo=2, unplaced)         0.197    16.814    atten/softmax/softmax/_exp2_2_io_out_1[7]
                         LUT5 (Prop_LUT5_I4_O)        0.038    16.852 r  atten/softmax/io_res_inferred_i_805/O
                         net (fo=2, unplaced)         0.197    17.049    atten/softmax/io_res_inferred_i_805_n_0
                         LUT6 (Prop_LUT6_I5_O)        0.038    17.087 r  atten/softmax/io_res_inferred_i_803/O
                         net (fo=2, unplaced)         0.197    17.284    atten/softmax/io_res_inferred_i_803_n_0
                         LUT6 (Prop_LUT6_I5_O)        0.038    17.322 r  atten/softmax/io_res_inferred_i_800/O
                         net (fo=2, unplaced)         0.197    17.519    atten/softmax/io_res_inferred_i_800_n_0
                         LUT6 (Prop_LUT6_I5_O)        0.038    17.557 r  atten/softmax/io_res_inferred_i_799/O
                         net (fo=2, unplaced)         0.197    17.754    atten/softmax/io_res_inferred_i_799_n_0
                         LUT6 (Prop_LUT6_I5_O)        0.038    17.792 r  atten/softmax/io_res_inferred_i_794/O
                         net (fo=2, unplaced)         0.197    17.989    atten/softmax/io_res_inferred_i_794_n_0
                         LUT6 (Prop_LUT6_I5_O)        0.038    18.027 r  atten/softmax/io_res_inferred_i_785/O
                         net (fo=2, unplaced)         0.197    18.224    atten/softmax/cu_inst/softmax/Memory_reg_0_4
                         LUT2 (Prop_LUT2_I0_O)        0.038    18.262 r  atten/softmax/cu_inst/softmax/io_res_inferred_i_194/O
                         net (fo=1, unplaced)         0.198    18.460    atten/dm2/ctxmem_inst/mem/mem_ext/Memory_reg_2_0[14]
                         RAMB36E2                                     r  atten/dm2/ctxmem_inst/mem/mem_ext/Memory_reg_0/DINADIN[14]
  -------------------------------------------------------------------    -------------------

                         (clock clk rise edge)       10.000    10.000 r  
                                                      0.000    10.000 r  clock (IN)
                         net (fo=206739, unset)       0.000    10.000    atten/dm2/ctxmem_inst/mem/mem_ext/clock
                         RAMB36E2                                     r  atten/dm2/ctxmem_inst/mem/mem_ext/Memory_reg_0/CLKBWRCLK
                         clock pessimism              0.000    10.000    
                         clock uncertainty           -0.535     9.465    
                         RAMB36E2 (Setup_RAMB36E2_CLKBWRCLK_DINADIN[14])
                                                     -0.255     9.210    atten/dm2/ctxmem_inst/mem/mem_ext/Memory_reg_0
  -------------------------------------------------------------------
                         required time                          9.210    
                         arrival time                         -18.460    
  -------------------------------------------------------------------
                         slack                                 -9.250    

Slack (VIOLATED) :        -9.250ns  (required time - arrival time)
  Source:                 atten/softmax/mem_inst/mem/mem_ext/Memory_reg_uram_0/CLK
                            (rising edge-triggered cell URAM288 clocked by clk  {rise@0.000ns fall@5.000ns period=10.000ns})
  Destination:            atten/dm2/ctxmem_inst/mem/mem_ext/Memory_reg_1/DINADIN[14]
                            (rising edge-triggered cell RAMB36E2 clocked by clk  {rise@0.000ns fall@5.000ns period=10.000ns})
  Path Group:             clk
  Path Type:              Setup (Max at Slow Process Corner)
  Requirement:            10.000ns  (clk rise@10.000ns - clk rise@0.000ns)
  Data Path Delay:        18.460ns  (logic 7.764ns (42.059%)  route 10.696ns (57.942%))
  Logic Levels:           62  (CARRY8=12 DSP_A_B_DATA=1 DSP_ALU=1 DSP_M_DATA=1 DSP_MULTIPLIER=1 DSP_OUTPUT=1 DSP_PREADD_DATA=1 LUT2=2 LUT3=6 LUT4=6 LUT5=10 LUT6=20)
  Clock Uncertainty:      0.535ns  ((TSJ^2 + TIJ^2)^1/2 + DJ) / 2 + PE + UU
    Total System Jitter     (TSJ):    0.071ns
    Total Input Jitter      (TIJ):    0.000ns
    Discrete Jitter          (DJ):    0.000ns
    Phase Error              (PE):    0.000ns
    User Uncertainty         (UU):    0.500ns

    Location             Delay type                Incr(ns)  Path(ns)    Netlist Resource(s)
  -------------------------------------------------------------------    -------------------
                         (clock clk rise edge)        0.000     0.000 r  
                                                      0.000     0.000 r  clock (IN)
                         net (fo=206739, unset)       0.000     0.000    atten/softmax/mem_inst/mem/mem_ext/clock
                         URAM288                                      r  atten/softmax/mem_inst/mem/mem_ext/Memory_reg_uram_0/CLK
  -------------------------------------------------------------------    -------------------
                         URAM288 (Prop_URAM288_CLK_DOUT_B[56])
                                                      1.991     1.991 f  atten/softmax/mem_inst/mem/mem_ext/Memory_reg_uram_0/DOUT_B[56]
                         net (fo=1, unplaced)         0.177     2.168    atten/softmax/lw_inst/R0_data0[56]
                         LUT4 (Prop_LUT4_I2_O)        0.100     2.268 f  atten/softmax/lw_inst/_xs_mul_log2e_fullwidth_7_T_i_19/O
                         net (fo=7, unplaced)         0.222     2.490    atten/softmax/lw_inst/_xs_mul_log2e_fullwidth_7_T_i_19_n_0
                         LUT6 (Prop_LUT6_I5_O)        0.038     2.528 r  atten/softmax/lw_inst/_xs_mul_log2e_fullwidth_0_T_i_202/O
                         net (fo=1, unplaced)         0.244     2.772    atten/softmax/lw_inst/_xs_mul_log2e_fullwidth_0_T_i_202_n_0
                         CARRY8 (Prop_CARRY8_DI[0]_CO[3])
                                                      0.182     2.954 r  atten/softmax/lw_inst/_xs_mul_log2e_fullwidth_0_T_i_117/CO[3]
                         net (fo=16, unplaced)        0.151     3.105    atten/softmax/lw_inst/cu_inst/softmax/maxPreProcess/_maxVal_T_11
                         LUT5 (Prop_LUT5_I3_O)        0.038     3.143 r  atten/softmax/lw_inst/_xs_mul_log2e_fullwidth_0_T_i_162/O
                         net (fo=3, unplaced)         0.161     3.304    atten/softmax/lw_inst/_xs_mul_log2e_fullwidth_0_T_i_162_n_0
                         LUT6 (Prop_LUT6_I0_O)        0.090     3.394 r  atten/softmax/lw_inst/_xs_mul_log2e_fullwidth_7_T_i_188/O
                         net (fo=1, unplaced)         0.244     3.638    atten/softmax/lw_inst/_xs_mul_log2e_fullwidth_7_T_i_188_n_0
                         CARRY8 (Prop_CARRY8_DI[0]_CO[3])
                                                      0.182     3.820 r  atten/softmax/lw_inst/_xs_mul_log2e_fullwidth_7_T_i_117/CO[3]
                         net (fo=8, unplaced)         0.135     3.955    atten/softmax/lw_inst/cu_inst/softmax/maxPreProcess/_maxVal_T_271
                         LUT3 (Prop_LUT3_I1_O)        0.038     3.993 f  atten/softmax/lw_inst/_xs_mul_log2e_fullwidth_7_T_i_58/O
                         net (fo=5, unplaced)         0.215     4.208    atten/softmax/lw_inst/_xs_mul_log2e_fullwidth_7_T_i_58_n_0
                         LUT6 (Prop_LUT6_I4_O)        0.038     4.246 r  atten/softmax/lw_inst/_xs_mul_log2e_fullwidth_7_T_i_111/O
                         net (fo=1, unplaced)         0.244     4.490    atten/softmax/lw_inst/_xs_mul_log2e_fullwidth_7_T_i_111_n_0
                         CARRY8 (Prop_CARRY8_DI[0]_CO[3])
                                                      0.182     4.672 r  atten/softmax/lw_inst/_xs_mul_log2e_fullwidth_7_T_i_57/CO[3]
                         net (fo=16, unplaced)        0.151     4.823    atten/softmax/lw_inst/cu_inst/softmax/maxPreProcess/_maxVal_T_391
                         LUT5 (Prop_LUT5_I3_O)        0.038     4.861 f  atten/softmax/lw_inst/_xs_mul_log2e_fullwidth_0_T_i_44/O
                         net (fo=4, unplaced)         0.210     5.071    atten/softmax/lw_inst/_xs_mul_log2e_fullwidth_0_T_i_44_n_0
                         LUT6 (Prop_LUT6_I4_O)        0.038     5.109 r  atten/softmax/lw_inst/_xs_mul_log2e_fullwidth_0_T_i_87/O
                         net (fo=1, unplaced)         0.244     5.353    atten/softmax/lw_inst/_xs_mul_log2e_fullwidth_0_T_i_87_n_0
                         CARRY8 (Prop_CARRY8_DI[0]_CO[3])
                                                      0.182     5.535 r  atten/softmax/lw_inst/_xs_mul_log2e_fullwidth_0_T_i_43/CO[3]
                         net (fo=9, unplaced)         0.138     5.673    atten/softmax/lw_inst/cu_inst/softmax/maxPreProcess/_maxVal_T_451
                         LUT3 (Prop_LUT3_I1_O)        0.070     5.743 r  atten/softmax/lw_inst/_xs_mul_log2e_fullwidth_7_T_i_20/O
                         net (fo=16, unplaced)        0.199     5.942    atten/softmax/lw_inst/_xs_mul_log2e_fullwidth_7_T_i_20_n_0
                         LUT6 (Prop_LUT6_I3_O)        0.090     6.032 r  atten/softmax/lw_inst/_xs_mul_log2e_fullwidth_7_T_i_30/O
                         net (fo=1, unplaced)         0.244     6.276    atten/softmax/lw_inst/_xs_mul_log2e_fullwidth_7_T_i_30_n_0
                         CARRY8 (Prop_CARRY8_DI[0]_CO[3])
                                                      0.182     6.458 r  atten/softmax/lw_inst/_xs_mul_log2e_fullwidth_7_T_i_21/CO[3]
                         net (fo=26, unplaced)        0.162     6.620    atten/softmax/lw_inst/cu_inst/softmax/maxPreProcess/maxVal1
                         LUT5 (Prop_LUT5_I3_O)        0.038     6.658 f  atten/softmax/lw_inst/_xs_mul_log2e_fullwidth_0_T_i_25/O
                         net (fo=48, unplaced)        0.266     6.924    atten/softmax/lw_inst/_xs_mul_log2e_fullwidth_0_T_i_25_n_0
                         LUT6 (Prop_LUT6_I4_O)        0.038     6.962 r  atten/softmax/lw_inst/_xs_mul_log2e_fullwidth_12_T_i_16/O
                         net (fo=2, unplaced)         0.197     7.159    atten/softmax/lw_inst/_xs_mul_log2e_fullwidth_12_T_i_16_n_0
                         LUT5 (Prop_LUT5_I4_O)        0.038     7.197 r  atten/softmax/lw_inst/_xs_mul_log2e_fullwidth_12_T_i_15/O
                         net (fo=2, unplaced)         0.197     7.394    atten/softmax/lw_inst/_xs_mul_log2e_fullwidth_12_T_i_15_n_0
                         LUT5 (Prop_LUT5_I4_O)        0.038     7.432 r  atten/softmax/lw_inst/_xs_mul_log2e_fullwidth_12_T_i_14/O
                         net (fo=2, unplaced)         0.197     7.629    atten/softmax/lw_inst/_xs_mul_log2e_fullwidth_12_T_i_14_n_0
                         LUT5 (Prop_LUT5_I4_O)        0.038     7.667 r  atten/softmax/lw_inst/_xs_mul_log2e_fullwidth_12_T_i_13/O
                         net (fo=2, unplaced)         0.197     7.864    atten/softmax/lw_inst/_xs_mul_log2e_fullwidth_12_T_i_13_n_0
                         LUT5 (Prop_LUT5_I4_O)        0.038     7.902 r  atten/softmax/lw_inst/_xs_mul_log2e_fullwidth_12_T_i_10/O
                         net (fo=2, unplaced)         0.197     8.099    atten/softmax/lw_inst/_xs_mul_log2e_fullwidth_12_T_i_10_n_0
                         LUT5 (Prop_LUT5_I3_O)        0.038     8.137 f  atten/softmax/lw_inst/_xs_mul_log2e_fullwidth_12_T_i_1/O
                         net (fo=17, unplaced)        0.260     8.397    atten/softmax/cu_inst/softmax/_xs_mul_log2e_fullwidth_12_T/A[8]
                         DSP_A_B_DATA (Prop_DSP_A_B_DATA_A[8]_A2_DATA[8])
                                                      0.192     8.589 r  atten/softmax/cu_inst/softmax/_xs_mul_log2e_fullwidth_12_T/DSP_A_B_DATA_INST/A2_DATA[8]
                         net (fo=1, unplaced)         0.000     8.589    atten/softmax/cu_inst/softmax/_xs_mul_log2e_fullwidth_12_T/DSP_A_B_DATA.A2_DATA<8>
                         DSP_PREADD_DATA (Prop_DSP_PREADD_DATA_A2_DATA[8]_A2A1[8])
                                                      0.076     8.665 r  atten/softmax/cu_inst/softmax/_xs_mul_log2e_fullwidth_12_T/DSP_PREADD_DATA_INST/A2A1[8]
                         net (fo=1, unplaced)         0.000     8.665    atten/softmax/cu_inst/softmax/_xs_mul_log2e_fullwidth_12_T/DSP_PREADD_DATA.A2A1<8>
                         DSP_MULTIPLIER (Prop_DSP_MULTIPLIER_A2A1[8]_U[21])
                                                      0.505     9.170 f  atten/softmax/cu_inst/softmax/_xs_mul_log2e_fullwidth_12_T/DSP_MULTIPLIER_INST/U[21]
                         net (fo=1, unplaced)         0.000     9.170    atten/softmax/cu_inst/softmax/_xs_mul_log2e_fullwidth_12_T/DSP_MULTIPLIER.U<21>
                         DSP_M_DATA (Prop_DSP_M_DATA_U[21]_U_DATA[21])
                                                      0.047     9.217 r  atten/softmax/cu_inst/softmax/_xs_mul_log2e_fullwidth_12_T/DSP_M_DATA_INST/U_DATA[21]
                         net (fo=1, unplaced)         0.000     9.217    atten/softmax/cu_inst/softmax/_xs_mul_log2e_fullwidth_12_T/DSP_M_DATA.U_DATA<21>
                         DSP_ALU (Prop_DSP_ALU_U_DATA[21]_ALU_OUT[21])
                                                      0.585     9.802 f  atten/softmax/cu_inst/softmax/_xs_mul_log2e_fullwidth_12_T/DSP_ALU_INST/ALU_OUT[21]
                         net (fo=1, unplaced)         0.000     9.802    atten/softmax/cu_inst/softmax/_xs_mul_log2e_fullwidth_12_T/DSP_ALU.ALU_OUT<21>
                         DSP_OUTPUT (Prop_DSP_OUTPUT_ALU_OUT[21]_P[21])
                                                      0.109     9.911 r  atten/softmax/cu_inst/softmax/_xs_mul_log2e_fullwidth_12_T/DSP_OUTPUT_INST/P[21]
                         net (fo=21, unplaced)        0.262    10.173    atten/softmax/cu_inst/softmax/sum/io_res_inferred_i_2982_0[13]
                         LUT3 (Prop_LUT3_I0_O)        0.112    10.285 r  atten/softmax/cu_inst/softmax/sum/io_res_inferred_i_4071/O
                         net (fo=5, unplaced)         0.215    10.500    atten/softmax/cu_inst/softmax/sum/io_res_inferred_i_4071_n_0
                         LUT6 (Prop_LUT6_I2_O)        0.038    10.538 r  atten/softmax/cu_inst/softmax/sum/io_res_inferred_i_4100/O
                         net (fo=2, unplaced)         0.197    10.735    atten/softmax/cu_inst/softmax/sum/io_res_inferred_i_4100_n_0
                         LUT6 (Prop_LUT6_I0_O)        0.038    10.773 r  atten/softmax/cu_inst/softmax/sum/io_res_inferred_i_3411/O
                         net (fo=1, unplaced)         0.197    10.970    atten/softmax/cu_inst/softmax/sum/io_res_inferred_i_3411_n_0
                         LUT6 (Prop_LUT6_I1_O)        0.038    11.008 r  atten/softmax/cu_inst/softmax/sum/io_res_inferred_i_2791/O
                         net (fo=2, unplaced)         0.155    11.163    atten/softmax/cu_inst/softmax/sum/_exp2_1_io_out_12[0]
                         LUT3 (Prop_LUT3_I0_O)        0.112    11.275 r  atten/softmax/cu_inst/softmax/sum/io_res_inferred_i_2334/O
                         net (fo=2, unplaced)         0.217    11.492    atten/softmax/cu_inst/softmax/sum/io_res_inferred_i_2334_n_0
                         LUT4 (Prop_LUT4_I3_O)        0.037    11.529 r  atten/softmax/cu_inst/softmax/sum/io_res_inferred_i_2341/O
                         net (fo=1, unplaced)         0.023    11.552    atten/softmax/cu_inst/softmax/sum/io_res_inferred_i_2341_n_0
                         CARRY8 (Prop_CARRY8_S[1]_O[5])
                                                      0.237    11.789 r  atten/softmax/cu_inst/softmax/sum/io_res_inferred_i_2085/O[5]
                         net (fo=2, unplaced)         0.171    11.960    atten/softmax/cu_inst/softmax/sum/io_res_inferred_i_2085_n_10
                         LUT3 (Prop_LUT3_I2_O)        0.105    12.065 r  atten/softmax/cu_inst/softmax/sum/io_res_inferred_i_1962/O
                         net (fo=2, unplaced)         0.216    12.281    atten/softmax/cu_inst/softmax/sum/io_res_inferred_i_1962_n_0
                         LUT4 (Prop_LUT4_I3_O)        0.037    12.318 r  atten/softmax/cu_inst/softmax/sum/io_res_inferred_i_1969/O
                         net (fo=1, unplaced)         0.023    12.341    atten/softmax/cu_inst/softmax/sum/io_res_inferred_i_1969_n_0
                         CARRY8 (Prop_CARRY8_S[6]_CO[7])
                                                      0.124    12.465 r  atten/softmax/cu_inst/softmax/sum/io_res_inferred_i_1886/CO[7]
                         net (fo=1, unplaced)         0.005    12.470    atten/softmax/cu_inst/softmax/sum/io_res_inferred_i_1886_n_0
                         CARRY8 (Prop_CARRY8_CI_O[0])
                                                      0.056    12.526 r  atten/softmax/cu_inst/softmax/sum/io_res_inferred_i_1919/O[0]
                         net (fo=3, unplaced)         0.203    12.729    atten/softmax/cu_inst/softmax/sum/io_res_inferred_i_1919_n_15
                         LUT3 (Prop_LUT3_I1_O)        0.038    12.767 r  atten/softmax/cu_inst/softmax/sum/io_res_inferred_i_1924/O
                         net (fo=2, unplaced)         0.197    12.964    atten/softmax/cu_inst/softmax/sum/io_res_inferred_i_1924_n_0
                         LUT5 (Prop_LUT5_I1_O)        0.038    13.002 r  atten/softmax/cu_inst/softmax/sum/io_res_inferred_i_1851/O
                         net (fo=2, unplaced)         0.197    13.199    atten/softmax/cu_inst/softmax/sum/io_res_inferred_i_1851_n_0
                         LUT6 (Prop_LUT6_I0_O)        0.037    13.236 r  atten/softmax/cu_inst/softmax/sum/io_res_inferred_i_1859/O
                         net (fo=1, unplaced)         0.023    13.259    atten/softmax/cu_inst/softmax/sum/io_res_inferred_i_1859_n_0
                         CARRY8 (Prop_CARRY8_S[1]_O[5])
                                                      0.237    13.496 f  atten/softmax/cu_inst/softmax/sum/io_res_inferred_i_1766/O[5]
                         net (fo=21, unplaced)        0.221    13.717    atten/softmax/cu_inst/softmax/sum/_sum_io_out[13]
                         LUT4 (Prop_LUT4_I2_O)        0.053    13.770 f  atten/softmax/cu_inst/softmax/sum/io_res_inferred_i_1759/O
                         net (fo=33, unplaced)        0.258    14.028    atten/softmax/cu_inst/softmax/sum/io_res_inferred_i_1759_n_0
                         LUT6 (Prop_LUT6_I5_O)        0.038    14.066 r  atten/softmax/cu_inst/softmax/sum/io_res_inferred_i_1797/O
                         net (fo=1, unplaced)         0.197    14.263    atten/softmax/cu_inst/softmax/sum/io_res_inferred_i_1797_n_0
                         LUT6 (Prop_LUT6_I5_O)        0.038    14.301 r  atten/softmax/cu_inst/softmax/sum/io_res_inferred_i_1749/O
                         net (fo=27, unplaced)        0.253    14.554    atten/softmax/cu_inst/softmax/sum/io_res_inferred_i_1749_n_0
                         LUT4 (Prop_LUT4_I0_O)        0.038    14.592 r  atten/softmax/cu_inst/softmax/sum/io_res_inferred_i_1796/O
                         net (fo=1, unplaced)         0.020    14.612    atten/softmax/cu_inst/softmax/sum/log2/x[7]
                         CARRY8 (Prop_CARRY8_S[0]_O[4])
                                                      0.206    14.818 r  atten/softmax/cu_inst/softmax/sum/io_res_inferred_i_1520/O[4]
                         net (fo=26, unplaced)        0.210    15.028    atten/softmax/cu_inst/softmax/sum/log2/io_out_00[11]
                         LUT4 (Prop_LUT4_I0_O)        0.051    15.079 r  atten/softmax/cu_inst/softmax/sum/io_res_inferred_i_1232/O
                         net (fo=1, unplaced)         0.032    15.111    atten/softmax/cu_inst/softmax/sum/io_res_inferred_i_1232_n_0
                         CARRY8 (Prop_CARRY8_S[3]_O[5])
                                                      0.184    15.295 f  atten/softmax/cu_inst/softmax/sum/io_res_inferred_i_579/O[5]
                         net (fo=5, unplaced)         0.189    15.484    atten/cu_inst/softmax/io_in_100[13]
                         LUT2 (Prop_LUT2_I0_O)        0.099    15.583 f  atten/io_res_inferred_i_1237/O
                         net (fo=1, unplaced)         0.242    15.825    atten/io_res_inferred_i_1237_n_0
                         CARRY8 (Prop_CARRY8_DI[2]_CO[3])
                                                      0.134    15.959 f  atten/io_res_inferred_i_580/CO[3]
                         net (fo=15, unplaced)        0.150    16.109    atten/softmax/Memory_reg_1_0[0]
                         LUT6 (Prop_LUT6_I0_O)        0.038    16.147 f  atten/softmax/io_res_inferred_i_1657/O
                         net (fo=1, unplaced)         0.197    16.344    atten/softmax/io_res_inferred_i_1657_n_0
                         LUT6 (Prop_LUT6_I5_O)        0.038    16.382 r  atten/softmax/io_res_inferred_i_1248/O
                         net (fo=1, unplaced)         0.197    16.579    atten/softmax/io_res_inferred_i_1248_n_0
                         LUT6 (Prop_LUT6_I1_O)        0.038    16.617 r  atten/softmax/io_res_inferred_i_592/O
                         net (fo=2, unplaced)         0.197    16.814    atten/softmax/softmax/_exp2_2_io_out_10[7]
                         LUT5 (Prop_LUT5_I4_O)        0.038    16.852 r  atten/softmax/io_res_inferred_i_589/O
                         net (fo=2, unplaced)         0.197    17.049    atten/softmax/io_res_inferred_i_589_n_0
                         LUT6 (Prop_LUT6_I5_O)        0.038    17.087 r  atten/softmax/io_res_inferred_i_587/O
                         net (fo=2, unplaced)         0.197    17.284    atten/softmax/io_res_inferred_i_587_n_0
                         LUT6 (Prop_LUT6_I5_O)        0.038    17.322 r  atten/softmax/io_res_inferred_i_584/O
                         net (fo=2, unplaced)         0.197    17.519    atten/softmax/io_res_inferred_i_584_n_0
                         LUT6 (Prop_LUT6_I5_O)        0.038    17.557 r  atten/softmax/io_res_inferred_i_583/O
                         net (fo=2, unplaced)         0.197    17.754    atten/softmax/io_res_inferred_i_583_n_0
                         LUT6 (Prop_LUT6_I5_O)        0.038    17.792 r  atten/softmax/io_res_inferred_i_578/O
                         net (fo=2, unplaced)         0.197    17.989    atten/softmax/io_res_inferred_i_578_n_0
                         LUT6 (Prop_LUT6_I5_O)        0.038    18.027 r  atten/softmax/io_res_inferred_i_569/O
                         net (fo=2, unplaced)         0.197    18.224    atten/softmax/cu_inst/softmax/Memory_reg_1_4
                         LUT2 (Prop_LUT2_I0_O)        0.038    18.262 r  atten/softmax/cu_inst/softmax/io_res_inferred_i_122/O
                         net (fo=1, unplaced)         0.198    18.460    atten/dm2/ctxmem_inst/mem/mem_ext/Memory_reg_2_0[86]
                         RAMB36E2                                     r  atten/dm2/ctxmem_inst/mem/mem_ext/Memory_reg_1/DINADIN[14]
  -------------------------------------------------------------------    -------------------

                         (clock clk rise edge)       10.000    10.000 r  
                                                      0.000    10.000 r  clock (IN)
                         net (fo=206739, unset)       0.000    10.000    atten/dm2/ctxmem_inst/mem/mem_ext/clock
                         RAMB36E2                                     r  atten/dm2/ctxmem_inst/mem/mem_ext/Memory_reg_1/CLKBWRCLK
                         clock pessimism              0.000    10.000    
                         clock uncertainty           -0.535     9.465    
                         RAMB36E2 (Setup_RAMB36E2_CLKBWRCLK_DINADIN[14])
                                                     -0.255     9.210    atten/dm2/ctxmem_inst/mem/mem_ext/Memory_reg_1
  -------------------------------------------------------------------
                         required time                          9.210    
                         arrival time                         -18.460    
  -------------------------------------------------------------------
                         slack                                 -9.250    

Slack (VIOLATED) :        -9.250ns  (required time - arrival time)
  Source:                 atten/softmax/mem_inst/mem/mem_ext/Memory_reg_uram_0/CLK
                            (rising edge-triggered cell URAM288 clocked by clk  {rise@0.000ns fall@5.000ns period=10.000ns})
  Destination:            atten/dm2/ctxmem_inst/mem/mem_ext/Memory_reg_2/DINADIN[14]
                            (rising edge-triggered cell RAMB36E2 clocked by clk  {rise@0.000ns fall@5.000ns period=10.000ns})
  Path Group:             clk
  Path Type:              Setup (Max at Slow Process Corner)
  Requirement:            10.000ns  (clk rise@10.000ns - clk rise@0.000ns)
  Data Path Delay:        18.460ns  (logic 7.764ns (42.059%)  route 10.696ns (57.942%))
  Logic Levels:           62  (CARRY8=12 DSP_A_B_DATA=1 DSP_ALU=1 DSP_M_DATA=1 DSP_MULTIPLIER=1 DSP_OUTPUT=1 DSP_PREADD_DATA=1 LUT2=2 LUT3=6 LUT4=6 LUT5=10 LUT6=20)
  Clock Uncertainty:      0.535ns  ((TSJ^2 + TIJ^2)^1/2 + DJ) / 2 + PE + UU
    Total System Jitter     (TSJ):    0.071ns
    Total Input Jitter      (TIJ):    0.000ns
    Discrete Jitter          (DJ):    0.000ns
    Phase Error              (PE):    0.000ns
    User Uncertainty         (UU):    0.500ns

    Location             Delay type                Incr(ns)  Path(ns)    Netlist Resource(s)
  -------------------------------------------------------------------    -------------------
                         (clock clk rise edge)        0.000     0.000 r  
                                                      0.000     0.000 r  clock (IN)
                         net (fo=206739, unset)       0.000     0.000    atten/softmax/mem_inst/mem/mem_ext/clock
                         URAM288                                      r  atten/softmax/mem_inst/mem/mem_ext/Memory_reg_uram_0/CLK
  -------------------------------------------------------------------    -------------------
                         URAM288 (Prop_URAM288_CLK_DOUT_B[56])
                                                      1.991     1.991 f  atten/softmax/mem_inst/mem/mem_ext/Memory_reg_uram_0/DOUT_B[56]
                         net (fo=1, unplaced)         0.177     2.168    atten/softmax/lw_inst/R0_data0[56]
                         LUT4 (Prop_LUT4_I2_O)        0.100     2.268 f  atten/softmax/lw_inst/_xs_mul_log2e_fullwidth_7_T_i_19/O
                         net (fo=7, unplaced)         0.222     2.490    atten/softmax/lw_inst/_xs_mul_log2e_fullwidth_7_T_i_19_n_0
                         LUT6 (Prop_LUT6_I5_O)        0.038     2.528 r  atten/softmax/lw_inst/_xs_mul_log2e_fullwidth_0_T_i_202/O
                         net (fo=1, unplaced)         0.244     2.772    atten/softmax/lw_inst/_xs_mul_log2e_fullwidth_0_T_i_202_n_0
                         CARRY8 (Prop_CARRY8_DI[0]_CO[3])
                                                      0.182     2.954 r  atten/softmax/lw_inst/_xs_mul_log2e_fullwidth_0_T_i_117/CO[3]
                         net (fo=16, unplaced)        0.151     3.105    atten/softmax/lw_inst/cu_inst/softmax/maxPreProcess/_maxVal_T_11
                         LUT5 (Prop_LUT5_I3_O)        0.038     3.143 r  atten/softmax/lw_inst/_xs_mul_log2e_fullwidth_0_T_i_162/O
                         net (fo=3, unplaced)         0.161     3.304    atten/softmax/lw_inst/_xs_mul_log2e_fullwidth_0_T_i_162_n_0
                         LUT6 (Prop_LUT6_I0_O)        0.090     3.394 r  atten/softmax/lw_inst/_xs_mul_log2e_fullwidth_7_T_i_188/O
                         net (fo=1, unplaced)         0.244     3.638    atten/softmax/lw_inst/_xs_mul_log2e_fullwidth_7_T_i_188_n_0
                         CARRY8 (Prop_CARRY8_DI[0]_CO[3])
                                                      0.182     3.820 r  atten/softmax/lw_inst/_xs_mul_log2e_fullwidth_7_T_i_117/CO[3]
                         net (fo=8, unplaced)         0.135     3.955    atten/softmax/lw_inst/cu_inst/softmax/maxPreProcess/_maxVal_T_271
                         LUT3 (Prop_LUT3_I1_O)        0.038     3.993 f  atten/softmax/lw_inst/_xs_mul_log2e_fullwidth_7_T_i_58/O
                         net (fo=5, unplaced)         0.215     4.208    atten/softmax/lw_inst/_xs_mul_log2e_fullwidth_7_T_i_58_n_0
                         LUT6 (Prop_LUT6_I4_O)        0.038     4.246 r  atten/softmax/lw_inst/_xs_mul_log2e_fullwidth_7_T_i_111/O
                         net (fo=1, unplaced)         0.244     4.490    atten/softmax/lw_inst/_xs_mul_log2e_fullwidth_7_T_i_111_n_0
                         CARRY8 (Prop_CARRY8_DI[0]_CO[3])
                                                      0.182     4.672 r  atten/softmax/lw_inst/_xs_mul_log2e_fullwidth_7_T_i_57/CO[3]
                         net (fo=16, unplaced)        0.151     4.823    atten/softmax/lw_inst/cu_inst/softmax/maxPreProcess/_maxVal_T_391
                         LUT5 (Prop_LUT5_I3_O)        0.038     4.861 f  atten/softmax/lw_inst/_xs_mul_log2e_fullwidth_0_T_i_44/O
                         net (fo=4, unplaced)         0.210     5.071    atten/softmax/lw_inst/_xs_mul_log2e_fullwidth_0_T_i_44_n_0
                         LUT6 (Prop_LUT6_I4_O)        0.038     5.109 r  atten/softmax/lw_inst/_xs_mul_log2e_fullwidth_0_T_i_87/O
                         net (fo=1, unplaced)         0.244     5.353    atten/softmax/lw_inst/_xs_mul_log2e_fullwidth_0_T_i_87_n_0
                         CARRY8 (Prop_CARRY8_DI[0]_CO[3])
                                                      0.182     5.535 r  atten/softmax/lw_inst/_xs_mul_log2e_fullwidth_0_T_i_43/CO[3]
                         net (fo=9, unplaced)         0.138     5.673    atten/softmax/lw_inst/cu_inst/softmax/maxPreProcess/_maxVal_T_451
                         LUT3 (Prop_LUT3_I1_O)        0.070     5.743 r  atten/softmax/lw_inst/_xs_mul_log2e_fullwidth_7_T_i_20/O
                         net (fo=16, unplaced)        0.199     5.942    atten/softmax/lw_inst/_xs_mul_log2e_fullwidth_7_T_i_20_n_0
                         LUT6 (Prop_LUT6_I3_O)        0.090     6.032 r  atten/softmax/lw_inst/_xs_mul_log2e_fullwidth_7_T_i_30/O
                         net (fo=1, unplaced)         0.244     6.276    atten/softmax/lw_inst/_xs_mul_log2e_fullwidth_7_T_i_30_n_0
                         CARRY8 (Prop_CARRY8_DI[0]_CO[3])
                                                      0.182     6.458 r  atten/softmax/lw_inst/_xs_mul_log2e_fullwidth_7_T_i_21/CO[3]
                         net (fo=26, unplaced)        0.162     6.620    atten/softmax/lw_inst/cu_inst/softmax/maxPreProcess/maxVal1
                         LUT5 (Prop_LUT5_I3_O)        0.038     6.658 f  atten/softmax/lw_inst/_xs_mul_log2e_fullwidth_0_T_i_25/O
                         net (fo=48, unplaced)        0.266     6.924    atten/softmax/lw_inst/_xs_mul_log2e_fullwidth_0_T_i_25_n_0
                         LUT6 (Prop_LUT6_I4_O)        0.038     6.962 r  atten/softmax/lw_inst/_xs_mul_log2e_fullwidth_12_T_i_16/O
                         net (fo=2, unplaced)         0.197     7.159    atten/softmax/lw_inst/_xs_mul_log2e_fullwidth_12_T_i_16_n_0
                         LUT5 (Prop_LUT5_I4_O)        0.038     7.197 r  atten/softmax/lw_inst/_xs_mul_log2e_fullwidth_12_T_i_15/O
                         net (fo=2, unplaced)         0.197     7.394    atten/softmax/lw_inst/_xs_mul_log2e_fullwidth_12_T_i_15_n_0
                         LUT5 (Prop_LUT5_I4_O)        0.038     7.432 r  atten/softmax/lw_inst/_xs_mul_log2e_fullwidth_12_T_i_14/O
                         net (fo=2, unplaced)         0.197     7.629    atten/softmax/lw_inst/_xs_mul_log2e_fullwidth_12_T_i_14_n_0
                         LUT5 (Prop_LUT5_I4_O)        0.038     7.667 r  atten/softmax/lw_inst/_xs_mul_log2e_fullwidth_12_T_i_13/O
                         net (fo=2, unplaced)         0.197     7.864    atten/softmax/lw_inst/_xs_mul_log2e_fullwidth_12_T_i_13_n_0
                         LUT5 (Prop_LUT5_I4_O)        0.038     7.902 r  atten/softmax/lw_inst/_xs_mul_log2e_fullwidth_12_T_i_10/O
                         net (fo=2, unplaced)         0.197     8.099    atten/softmax/lw_inst/_xs_mul_log2e_fullwidth_12_T_i_10_n_0
                         LUT5 (Prop_LUT5_I3_O)        0.038     8.137 f  atten/softmax/lw_inst/_xs_mul_log2e_fullwidth_12_T_i_1/O
                         net (fo=17, unplaced)        0.260     8.397    atten/softmax/cu_inst/softmax/_xs_mul_log2e_fullwidth_12_T/A[8]
                         DSP_A_B_DATA (Prop_DSP_A_B_DATA_A[8]_A2_DATA[8])
                                                      0.192     8.589 r  atten/softmax/cu_inst/softmax/_xs_mul_log2e_fullwidth_12_T/DSP_A_B_DATA_INST/A2_DATA[8]
                         net (fo=1, unplaced)         0.000     8.589    atten/softmax/cu_inst/softmax/_xs_mul_log2e_fullwidth_12_T/DSP_A_B_DATA.A2_DATA<8>
                         DSP_PREADD_DATA (Prop_DSP_PREADD_DATA_A2_DATA[8]_A2A1[8])
                                                      0.076     8.665 r  atten/softmax/cu_inst/softmax/_xs_mul_log2e_fullwidth_12_T/DSP_PREADD_DATA_INST/A2A1[8]
                         net (fo=1, unplaced)         0.000     8.665    atten/softmax/cu_inst/softmax/_xs_mul_log2e_fullwidth_12_T/DSP_PREADD_DATA.A2A1<8>
                         DSP_MULTIPLIER (Prop_DSP_MULTIPLIER_A2A1[8]_U[21])
                                                      0.505     9.170 f  atten/softmax/cu_inst/softmax/_xs_mul_log2e_fullwidth_12_T/DSP_MULTIPLIER_INST/U[21]
                         net (fo=1, unplaced)         0.000     9.170    atten/softmax/cu_inst/softmax/_xs_mul_log2e_fullwidth_12_T/DSP_MULTIPLIER.U<21>
                         DSP_M_DATA (Prop_DSP_M_DATA_U[21]_U_DATA[21])
                                                      0.047     9.217 r  atten/softmax/cu_inst/softmax/_xs_mul_log2e_fullwidth_12_T/DSP_M_DATA_INST/U_DATA[21]
                         net (fo=1, unplaced)         0.000     9.217    atten/softmax/cu_inst/softmax/_xs_mul_log2e_fullwidth_12_T/DSP_M_DATA.U_DATA<21>
                         DSP_ALU (Prop_DSP_ALU_U_DATA[21]_ALU_OUT[21])
                                                      0.585     9.802 f  atten/softmax/cu_inst/softmax/_xs_mul_log2e_fullwidth_12_T/DSP_ALU_INST/ALU_OUT[21]
                         net (fo=1, unplaced)         0.000     9.802    atten/softmax/cu_inst/softmax/_xs_mul_log2e_fullwidth_12_T/DSP_ALU.ALU_OUT<21>
                         DSP_OUTPUT (Prop_DSP_OUTPUT_ALU_OUT[21]_P[21])
                                                      0.109     9.911 r  atten/softmax/cu_inst/softmax/_xs_mul_log2e_fullwidth_12_T/DSP_OUTPUT_INST/P[21]
                         net (fo=21, unplaced)        0.262    10.173    atten/softmax/cu_inst/softmax/sum/io_res_inferred_i_2982_0[13]
                         LUT3 (Prop_LUT3_I0_O)        0.112    10.285 r  atten/softmax/cu_inst/softmax/sum/io_res_inferred_i_4071/O
                         net (fo=5, unplaced)         0.215    10.500    atten/softmax/cu_inst/softmax/sum/io_res_inferred_i_4071_n_0
                         LUT6 (Prop_LUT6_I2_O)        0.038    10.538 r  atten/softmax/cu_inst/softmax/sum/io_res_inferred_i_4100/O
                         net (fo=2, unplaced)         0.197    10.735    atten/softmax/cu_inst/softmax/sum/io_res_inferred_i_4100_n_0
                         LUT6 (Prop_LUT6_I0_O)        0.038    10.773 r  atten/softmax/cu_inst/softmax/sum/io_res_inferred_i_3411/O
                         net (fo=1, unplaced)         0.197    10.970    atten/softmax/cu_inst/softmax/sum/io_res_inferred_i_3411_n_0
                         LUT6 (Prop_LUT6_I1_O)        0.038    11.008 r  atten/softmax/cu_inst/softmax/sum/io_res_inferred_i_2791/O
                         net (fo=2, unplaced)         0.155    11.163    atten/softmax/cu_inst/softmax/sum/_exp2_1_io_out_12[0]
                         LUT3 (Prop_LUT3_I0_O)        0.112    11.275 r  atten/softmax/cu_inst/softmax/sum/io_res_inferred_i_2334/O
                         net (fo=2, unplaced)         0.217    11.492    atten/softmax/cu_inst/softmax/sum/io_res_inferred_i_2334_n_0
                         LUT4 (Prop_LUT4_I3_O)        0.037    11.529 r  atten/softmax/cu_inst/softmax/sum/io_res_inferred_i_2341/O
                         net (fo=1, unplaced)         0.023    11.552    atten/softmax/cu_inst/softmax/sum/io_res_inferred_i_2341_n_0
                         CARRY8 (Prop_CARRY8_S[1]_O[5])
                                                      0.237    11.789 r  atten/softmax/cu_inst/softmax/sum/io_res_inferred_i_2085/O[5]
                         net (fo=2, unplaced)         0.171    11.960    atten/softmax/cu_inst/softmax/sum/io_res_inferred_i_2085_n_10
                         LUT3 (Prop_LUT3_I2_O)        0.105    12.065 r  atten/softmax/cu_inst/softmax/sum/io_res_inferred_i_1962/O
                         net (fo=2, unplaced)         0.216    12.281    atten/softmax/cu_inst/softmax/sum/io_res_inferred_i_1962_n_0
                         LUT4 (Prop_LUT4_I3_O)        0.037    12.318 r  atten/softmax/cu_inst/softmax/sum/io_res_inferred_i_1969/O
                         net (fo=1, unplaced)         0.023    12.341    atten/softmax/cu_inst/softmax/sum/io_res_inferred_i_1969_n_0
                         CARRY8 (Prop_CARRY8_S[6]_CO[7])
                                                      0.124    12.465 r  atten/softmax/cu_inst/softmax/sum/io_res_inferred_i_1886/CO[7]
                         net (fo=1, unplaced)         0.005    12.470    atten/softmax/cu_inst/softmax/sum/io_res_inferred_i_1886_n_0
                         CARRY8 (Prop_CARRY8_CI_O[0])
                                                      0.056    12.526 r  atten/softmax/cu_inst/softmax/sum/io_res_inferred_i_1919/O[0]
                         net (fo=3, unplaced)         0.203    12.729    atten/softmax/cu_inst/softmax/sum/io_res_inferred_i_1919_n_15
                         LUT3 (Prop_LUT3_I1_O)        0.038    12.767 r  atten/softmax/cu_inst/softmax/sum/io_res_inferred_i_1924/O
                         net (fo=2, unplaced)         0.197    12.964    atten/softmax/cu_inst/softmax/sum/io_res_inferred_i_1924_n_0
                         LUT5 (Prop_LUT5_I1_O)        0.038    13.002 r  atten/softmax/cu_inst/softmax/sum/io_res_inferred_i_1851/O
                         net (fo=2, unplaced)         0.197    13.199    atten/softmax/cu_inst/softmax/sum/io_res_inferred_i_1851_n_0
                         LUT6 (Prop_LUT6_I0_O)        0.037    13.236 r  atten/softmax/cu_inst/softmax/sum/io_res_inferred_i_1859/O
                         net (fo=1, unplaced)         0.023    13.259    atten/softmax/cu_inst/softmax/sum/io_res_inferred_i_1859_n_0
                         CARRY8 (Prop_CARRY8_S[1]_O[5])
                                                      0.237    13.496 f  atten/softmax/cu_inst/softmax/sum/io_res_inferred_i_1766/O[5]
                         net (fo=21, unplaced)        0.221    13.717    atten/softmax/cu_inst/softmax/sum/_sum_io_out[13]
                         LUT4 (Prop_LUT4_I2_O)        0.053    13.770 f  atten/softmax/cu_inst/softmax/sum/io_res_inferred_i_1759/O
                         net (fo=33, unplaced)        0.258    14.028    atten/softmax/cu_inst/softmax/sum/io_res_inferred_i_1759_n_0
                         LUT6 (Prop_LUT6_I5_O)        0.038    14.066 r  atten/softmax/cu_inst/softmax/sum/io_res_inferred_i_1797/O
                         net (fo=1, unplaced)         0.197    14.263    atten/softmax/cu_inst/softmax/sum/io_res_inferred_i_1797_n_0
                         LUT6 (Prop_LUT6_I5_O)        0.038    14.301 r  atten/softmax/cu_inst/softmax/sum/io_res_inferred_i_1749/O
                         net (fo=27, unplaced)        0.253    14.554    atten/softmax/cu_inst/softmax/sum/io_res_inferred_i_1749_n_0
                         LUT4 (Prop_LUT4_I0_O)        0.038    14.592 r  atten/softmax/cu_inst/softmax/sum/io_res_inferred_i_1796/O
                         net (fo=1, unplaced)         0.020    14.612    atten/softmax/cu_inst/softmax/sum/log2/x[7]
                         CARRY8 (Prop_CARRY8_S[0]_O[4])
                                                      0.206    14.818 r  atten/softmax/cu_inst/softmax/sum/io_res_inferred_i_1520/O[4]
                         net (fo=26, unplaced)        0.210    15.028    atten/softmax/cu_inst/softmax/sum/log2/io_out_00[11]
                         LUT4 (Prop_LUT4_I0_O)        0.051    15.079 r  atten/softmax/cu_inst/softmax/sum/io_res_inferred_i_998/O
                         net (fo=1, unplaced)         0.032    15.111    atten/softmax/cu_inst/softmax/sum/io_res_inferred_i_998_n_0
                         CARRY8 (Prop_CARRY8_S[3]_O[5])
                                                      0.184    15.295 f  atten/softmax/cu_inst/softmax/sum/io_res_inferred_i_363/O[5]
                         net (fo=5, unplaced)         0.189    15.484    atten/cu_inst/softmax/io_in_190[13]
                         LUT2 (Prop_LUT2_I0_O)        0.099    15.583 f  atten/io_res_inferred_i_1003/O
                         net (fo=1, unplaced)         0.242    15.825    atten/io_res_inferred_i_1003_n_0
                         CARRY8 (Prop_CARRY8_DI[2]_CO[3])
                                                      0.134    15.959 f  atten/io_res_inferred_i_364/CO[3]
                         net (fo=15, unplaced)        0.150    16.109    atten/softmax/Memory_reg_2_0[0]
                         LUT6 (Prop_LUT6_I0_O)        0.038    16.147 f  atten/softmax/io_res_inferred_i_1575/O
                         net (fo=1, unplaced)         0.197    16.344    atten/softmax/io_res_inferred_i_1575_n_0
                         LUT6 (Prop_LUT6_I5_O)        0.038    16.382 r  atten/softmax/io_res_inferred_i_1014/O
                         net (fo=1, unplaced)         0.197    16.579    atten/softmax/io_res_inferred_i_1014_n_0
                         LUT6 (Prop_LUT6_I1_O)        0.038    16.617 r  atten/softmax/io_res_inferred_i_376/O
                         net (fo=2, unplaced)         0.197    16.814    atten/softmax/softmax/_exp2_2_io_out_19[7]
                         LUT5 (Prop_LUT5_I4_O)        0.038    16.852 r  atten/softmax/io_res_inferred_i_373/O
                         net (fo=2, unplaced)         0.197    17.049    atten/softmax/io_res_inferred_i_373_n_0
                         LUT6 (Prop_LUT6_I5_O)        0.038    17.087 r  atten/softmax/io_res_inferred_i_371/O
                         net (fo=2, unplaced)         0.197    17.284    atten/softmax/io_res_inferred_i_371_n_0
                         LUT6 (Prop_LUT6_I5_O)        0.038    17.322 r  atten/softmax/io_res_inferred_i_368/O
                         net (fo=2, unplaced)         0.197    17.519    atten/softmax/io_res_inferred_i_368_n_0
                         LUT6 (Prop_LUT6_I5_O)        0.038    17.557 r  atten/softmax/io_res_inferred_i_367/O
                         net (fo=2, unplaced)         0.197    17.754    atten/softmax/io_res_inferred_i_367_n_0
                         LUT6 (Prop_LUT6_I5_O)        0.038    17.792 r  atten/softmax/io_res_inferred_i_362/O
                         net (fo=2, unplaced)         0.197    17.989    atten/softmax/io_res_inferred_i_362_n_0
                         LUT6 (Prop_LUT6_I5_O)        0.038    18.027 r  atten/softmax/io_res_inferred_i_353/O
                         net (fo=2, unplaced)         0.197    18.224    atten/softmax/cu_inst/softmax/Memory_reg_2_4
                         LUT2 (Prop_LUT2_I0_O)        0.038    18.262 r  atten/softmax/cu_inst/softmax/io_res_inferred_i_50/O
                         net (fo=1, unplaced)         0.198    18.460    atten/dm2/ctxmem_inst/mem/mem_ext/Memory_reg_2_0[158]
                         RAMB36E2                                     r  atten/dm2/ctxmem_inst/mem/mem_ext/Memory_reg_2/DINADIN[14]
  -------------------------------------------------------------------    -------------------

                         (clock clk rise edge)       10.000    10.000 r  
                                                      0.000    10.000 r  clock (IN)
                         net (fo=206739, unset)       0.000    10.000    atten/dm2/ctxmem_inst/mem/mem_ext/clock
                         RAMB36E2                                     r  atten/dm2/ctxmem_inst/mem/mem_ext/Memory_reg_2/CLKBWRCLK
                         clock pessimism              0.000    10.000    
                         clock uncertainty           -0.535     9.465    
                         RAMB36E2 (Setup_RAMB36E2_CLKBWRCLK_DINADIN[14])
                                                     -0.255     9.210    atten/dm2/ctxmem_inst/mem/mem_ext/Memory_reg_2
  -------------------------------------------------------------------
                         required time                          9.210    
                         arrival time                         -18.460    
  -------------------------------------------------------------------
                         slack                                 -9.250    

Slack (VIOLATED) :        -9.195ns  (required time - arrival time)
  Source:                 atten/softmax/mem_inst/mem/mem_ext/Memory_reg_uram_0/CLK
                            (rising edge-triggered cell URAM288 clocked by clk  {rise@0.000ns fall@5.000ns period=10.000ns})
  Destination:            atten/dm2/ctxmem_inst/mem/mem_ext/Memory_reg_0/DINBDIN[30]
                            (rising edge-triggered cell RAMB36E2 clocked by clk  {rise@0.000ns fall@5.000ns period=10.000ns})
  Path Group:             clk
  Path Type:              Setup (Max at Slow Process Corner)
  Requirement:            10.000ns  (clk rise@10.000ns - clk rise@0.000ns)
  Data Path Delay:        18.361ns  (logic 7.764ns (42.285%)  route 10.597ns (57.715%))
  Logic Levels:           62  (CARRY8=12 DSP_A_B_DATA=1 DSP_ALU=1 DSP_M_DATA=1 DSP_MULTIPLIER=1 DSP_OUTPUT=1 DSP_PREADD_DATA=1 LUT2=2 LUT3=6 LUT4=6 LUT5=10 LUT6=20)
  Clock Uncertainty:      0.535ns  ((TSJ^2 + TIJ^2)^1/2 + DJ) / 2 + PE + UU
    Total System Jitter     (TSJ):    0.071ns
    Total Input Jitter      (TIJ):    0.000ns
    Discrete Jitter          (DJ):    0.000ns
    Phase Error              (PE):    0.000ns
    User Uncertainty         (UU):    0.500ns

    Location             Delay type                Incr(ns)  Path(ns)    Netlist Resource(s)
  -------------------------------------------------------------------    -------------------
                         (clock clk rise edge)        0.000     0.000 r  
                                                      0.000     0.000 r  clock (IN)
                         net (fo=206739, unset)       0.000     0.000    atten/softmax/mem_inst/mem/mem_ext/clock
                         URAM288                                      r  atten/softmax/mem_inst/mem/mem_ext/Memory_reg_uram_0/CLK
  -------------------------------------------------------------------    -------------------
                         URAM288 (Prop_URAM288_CLK_DOUT_B[56])
                                                      1.991     1.991 f  atten/softmax/mem_inst/mem/mem_ext/Memory_reg_uram_0/DOUT_B[56]
                         net (fo=1, unplaced)         0.177     2.168    atten/softmax/lw_inst/R0_data0[56]
                         LUT4 (Prop_LUT4_I2_O)        0.100     2.268 f  atten/softmax/lw_inst/_xs_mul_log2e_fullwidth_7_T_i_19/O
                         net (fo=7, unplaced)         0.222     2.490    atten/softmax/lw_inst/_xs_mul_log2e_fullwidth_7_T_i_19_n_0
                         LUT6 (Prop_LUT6_I5_O)        0.038     2.528 r  atten/softmax/lw_inst/_xs_mul_log2e_fullwidth_0_T_i_202/O
                         net (fo=1, unplaced)         0.244     2.772    atten/softmax/lw_inst/_xs_mul_log2e_fullwidth_0_T_i_202_n_0
                         CARRY8 (Prop_CARRY8_DI[0]_CO[3])
                                                      0.182     2.954 r  atten/softmax/lw_inst/_xs_mul_log2e_fullwidth_0_T_i_117/CO[3]
                         net (fo=16, unplaced)        0.151     3.105    atten/softmax/lw_inst/cu_inst/softmax/maxPreProcess/_maxVal_T_11
                         LUT5 (Prop_LUT5_I3_O)        0.038     3.143 r  atten/softmax/lw_inst/_xs_mul_log2e_fullwidth_0_T_i_162/O
                         net (fo=3, unplaced)         0.161     3.304    atten/softmax/lw_inst/_xs_mul_log2e_fullwidth_0_T_i_162_n_0
                         LUT6 (Prop_LUT6_I0_O)        0.090     3.394 r  atten/softmax/lw_inst/_xs_mul_log2e_fullwidth_7_T_i_188/O
                         net (fo=1, unplaced)         0.244     3.638    atten/softmax/lw_inst/_xs_mul_log2e_fullwidth_7_T_i_188_n_0
                         CARRY8 (Prop_CARRY8_DI[0]_CO[3])
                                                      0.182     3.820 r  atten/softmax/lw_inst/_xs_mul_log2e_fullwidth_7_T_i_117/CO[3]
                         net (fo=8, unplaced)         0.135     3.955    atten/softmax/lw_inst/cu_inst/softmax/maxPreProcess/_maxVal_T_271
                         LUT3 (Prop_LUT3_I1_O)        0.038     3.993 f  atten/softmax/lw_inst/_xs_mul_log2e_fullwidth_7_T_i_58/O
                         net (fo=5, unplaced)         0.215     4.208    atten/softmax/lw_inst/_xs_mul_log2e_fullwidth_7_T_i_58_n_0
                         LUT6 (Prop_LUT6_I4_O)        0.038     4.246 r  atten/softmax/lw_inst/_xs_mul_log2e_fullwidth_7_T_i_111/O
                         net (fo=1, unplaced)         0.244     4.490    atten/softmax/lw_inst/_xs_mul_log2e_fullwidth_7_T_i_111_n_0
                         CARRY8 (Prop_CARRY8_DI[0]_CO[3])
                                                      0.182     4.672 r  atten/softmax/lw_inst/_xs_mul_log2e_fullwidth_7_T_i_57/CO[3]
                         net (fo=16, unplaced)        0.151     4.823    atten/softmax/lw_inst/cu_inst/softmax/maxPreProcess/_maxVal_T_391
                         LUT5 (Prop_LUT5_I3_O)        0.038     4.861 f  atten/softmax/lw_inst/_xs_mul_log2e_fullwidth_0_T_i_44/O
                         net (fo=4, unplaced)         0.210     5.071    atten/softmax/lw_inst/_xs_mul_log2e_fullwidth_0_T_i_44_n_0
                         LUT6 (Prop_LUT6_I4_O)        0.038     5.109 r  atten/softmax/lw_inst/_xs_mul_log2e_fullwidth_0_T_i_87/O
                         net (fo=1, unplaced)         0.244     5.353    atten/softmax/lw_inst/_xs_mul_log2e_fullwidth_0_T_i_87_n_0
                         CARRY8 (Prop_CARRY8_DI[0]_CO[3])
                                                      0.182     5.535 r  atten/softmax/lw_inst/_xs_mul_log2e_fullwidth_0_T_i_43/CO[3]
                         net (fo=9, unplaced)         0.138     5.673    atten/softmax/lw_inst/cu_inst/softmax/maxPreProcess/_maxVal_T_451
                         LUT3 (Prop_LUT3_I1_O)        0.070     5.743 r  atten/softmax/lw_inst/_xs_mul_log2e_fullwidth_7_T_i_20/O
                         net (fo=16, unplaced)        0.199     5.942    atten/softmax/lw_inst/_xs_mul_log2e_fullwidth_7_T_i_20_n_0
                         LUT6 (Prop_LUT6_I3_O)        0.090     6.032 r  atten/softmax/lw_inst/_xs_mul_log2e_fullwidth_7_T_i_30/O
                         net (fo=1, unplaced)         0.244     6.276    atten/softmax/lw_inst/_xs_mul_log2e_fullwidth_7_T_i_30_n_0
                         CARRY8 (Prop_CARRY8_DI[0]_CO[3])
                                                      0.182     6.458 r  atten/softmax/lw_inst/_xs_mul_log2e_fullwidth_7_T_i_21/CO[3]
                         net (fo=26, unplaced)        0.162     6.620    atten/softmax/lw_inst/cu_inst/softmax/maxPreProcess/maxVal1
                         LUT5 (Prop_LUT5_I3_O)        0.038     6.658 f  atten/softmax/lw_inst/_xs_mul_log2e_fullwidth_0_T_i_25/O
                         net (fo=48, unplaced)        0.266     6.924    atten/softmax/lw_inst/_xs_mul_log2e_fullwidth_0_T_i_25_n_0
                         LUT6 (Prop_LUT6_I4_O)        0.038     6.962 r  atten/softmax/lw_inst/_xs_mul_log2e_fullwidth_12_T_i_16/O
                         net (fo=2, unplaced)         0.197     7.159    atten/softmax/lw_inst/_xs_mul_log2e_fullwidth_12_T_i_16_n_0
                         LUT5 (Prop_LUT5_I4_O)        0.038     7.197 r  atten/softmax/lw_inst/_xs_mul_log2e_fullwidth_12_T_i_15/O
                         net (fo=2, unplaced)         0.197     7.394    atten/softmax/lw_inst/_xs_mul_log2e_fullwidth_12_T_i_15_n_0
                         LUT5 (Prop_LUT5_I4_O)        0.038     7.432 r  atten/softmax/lw_inst/_xs_mul_log2e_fullwidth_12_T_i_14/O
                         net (fo=2, unplaced)         0.197     7.629    atten/softmax/lw_inst/_xs_mul_log2e_fullwidth_12_T_i_14_n_0
                         LUT5 (Prop_LUT5_I4_O)        0.038     7.667 r  atten/softmax/lw_inst/_xs_mul_log2e_fullwidth_12_T_i_13/O
                         net (fo=2, unplaced)         0.197     7.864    atten/softmax/lw_inst/_xs_mul_log2e_fullwidth_12_T_i_13_n_0
                         LUT5 (Prop_LUT5_I4_O)        0.038     7.902 r  atten/softmax/lw_inst/_xs_mul_log2e_fullwidth_12_T_i_10/O
                         net (fo=2, unplaced)         0.197     8.099    atten/softmax/lw_inst/_xs_mul_log2e_fullwidth_12_T_i_10_n_0
                         LUT5 (Prop_LUT5_I3_O)        0.038     8.137 f  atten/softmax/lw_inst/_xs_mul_log2e_fullwidth_12_T_i_1/O
                         net (fo=17, unplaced)        0.260     8.397    atten/softmax/cu_inst/softmax/_xs_mul_log2e_fullwidth_12_T/A[8]
                         DSP_A_B_DATA (Prop_DSP_A_B_DATA_A[8]_A2_DATA[8])
                                                      0.192     8.589 r  atten/softmax/cu_inst/softmax/_xs_mul_log2e_fullwidth_12_T/DSP_A_B_DATA_INST/A2_DATA[8]
                         net (fo=1, unplaced)         0.000     8.589    atten/softmax/cu_inst/softmax/_xs_mul_log2e_fullwidth_12_T/DSP_A_B_DATA.A2_DATA<8>
                         DSP_PREADD_DATA (Prop_DSP_PREADD_DATA_A2_DATA[8]_A2A1[8])
                                                      0.076     8.665 r  atten/softmax/cu_inst/softmax/_xs_mul_log2e_fullwidth_12_T/DSP_PREADD_DATA_INST/A2A1[8]
                         net (fo=1, unplaced)         0.000     8.665    atten/softmax/cu_inst/softmax/_xs_mul_log2e_fullwidth_12_T/DSP_PREADD_DATA.A2A1<8>
                         DSP_MULTIPLIER (Prop_DSP_MULTIPLIER_A2A1[8]_U[21])
                                                      0.505     9.170 f  atten/softmax/cu_inst/softmax/_xs_mul_log2e_fullwidth_12_T/DSP_MULTIPLIER_INST/U[21]
                         net (fo=1, unplaced)         0.000     9.170    atten/softmax/cu_inst/softmax/_xs_mul_log2e_fullwidth_12_T/DSP_MULTIPLIER.U<21>
                         DSP_M_DATA (Prop_DSP_M_DATA_U[21]_U_DATA[21])
                                                      0.047     9.217 r  atten/softmax/cu_inst/softmax/_xs_mul_log2e_fullwidth_12_T/DSP_M_DATA_INST/U_DATA[21]
                         net (fo=1, unplaced)         0.000     9.217    atten/softmax/cu_inst/softmax/_xs_mul_log2e_fullwidth_12_T/DSP_M_DATA.U_DATA<21>
                         DSP_ALU (Prop_DSP_ALU_U_DATA[21]_ALU_OUT[21])
                                                      0.585     9.802 f  atten/softmax/cu_inst/softmax/_xs_mul_log2e_fullwidth_12_T/DSP_ALU_INST/ALU_OUT[21]
                         net (fo=1, unplaced)         0.000     9.802    atten/softmax/cu_inst/softmax/_xs_mul_log2e_fullwidth_12_T/DSP_ALU.ALU_OUT<21>
                         DSP_OUTPUT (Prop_DSP_OUTPUT_ALU_OUT[21]_P[21])
                                                      0.109     9.911 r  atten/softmax/cu_inst/softmax/_xs_mul_log2e_fullwidth_12_T/DSP_OUTPUT_INST/P[21]
                         net (fo=21, unplaced)        0.262    10.173    atten/softmax/cu_inst/softmax/sum/io_res_inferred_i_2982_0[13]
                         LUT3 (Prop_LUT3_I0_O)        0.112    10.285 r  atten/softmax/cu_inst/softmax/sum/io_res_inferred_i_4071/O
                         net (fo=5, unplaced)         0.215    10.500    atten/softmax/cu_inst/softmax/sum/io_res_inferred_i_4071_n_0
                         LUT6 (Prop_LUT6_I2_O)        0.038    10.538 r  atten/softmax/cu_inst/softmax/sum/io_res_inferred_i_4100/O
                         net (fo=2, unplaced)         0.197    10.735    atten/softmax/cu_inst/softmax/sum/io_res_inferred_i_4100_n_0
                         LUT6 (Prop_LUT6_I0_O)        0.038    10.773 r  atten/softmax/cu_inst/softmax/sum/io_res_inferred_i_3411/O
                         net (fo=1, unplaced)         0.197    10.970    atten/softmax/cu_inst/softmax/sum/io_res_inferred_i_3411_n_0
                         LUT6 (Prop_LUT6_I1_O)        0.038    11.008 r  atten/softmax/cu_inst/softmax/sum/io_res_inferred_i_2791/O
                         net (fo=2, unplaced)         0.155    11.163    atten/softmax/cu_inst/softmax/sum/_exp2_1_io_out_12[0]
                         LUT3 (Prop_LUT3_I0_O)        0.112    11.275 r  atten/softmax/cu_inst/softmax/sum/io_res_inferred_i_2334/O
                         net (fo=2, unplaced)         0.217    11.492    atten/softmax/cu_inst/softmax/sum/io_res_inferred_i_2334_n_0
                         LUT4 (Prop_LUT4_I3_O)        0.037    11.529 r  atten/softmax/cu_inst/softmax/sum/io_res_inferred_i_2341/O
                         net (fo=1, unplaced)         0.023    11.552    atten/softmax/cu_inst/softmax/sum/io_res_inferred_i_2341_n_0
                         CARRY8 (Prop_CARRY8_S[1]_O[5])
                                                      0.237    11.789 r  atten/softmax/cu_inst/softmax/sum/io_res_inferred_i_2085/O[5]
                         net (fo=2, unplaced)         0.171    11.960    atten/softmax/cu_inst/softmax/sum/io_res_inferred_i_2085_n_10
                         LUT3 (Prop_LUT3_I2_O)        0.105    12.065 r  atten/softmax/cu_inst/softmax/sum/io_res_inferred_i_1962/O
                         net (fo=2, unplaced)         0.216    12.281    atten/softmax/cu_inst/softmax/sum/io_res_inferred_i_1962_n_0
                         LUT4 (Prop_LUT4_I3_O)        0.037    12.318 r  atten/softmax/cu_inst/softmax/sum/io_res_inferred_i_1969/O
                         net (fo=1, unplaced)         0.023    12.341    atten/softmax/cu_inst/softmax/sum/io_res_inferred_i_1969_n_0
                         CARRY8 (Prop_CARRY8_S[6]_CO[7])
                                                      0.124    12.465 r  atten/softmax/cu_inst/softmax/sum/io_res_inferred_i_1886/CO[7]
                         net (fo=1, unplaced)         0.005    12.470    atten/softmax/cu_inst/softmax/sum/io_res_inferred_i_1886_n_0
                         CARRY8 (Prop_CARRY8_CI_O[0])
                                                      0.056    12.526 r  atten/softmax/cu_inst/softmax/sum/io_res_inferred_i_1919/O[0]
                         net (fo=3, unplaced)         0.203    12.729    atten/softmax/cu_inst/softmax/sum/io_res_inferred_i_1919_n_15
                         LUT3 (Prop_LUT3_I1_O)        0.038    12.767 r  atten/softmax/cu_inst/softmax/sum/io_res_inferred_i_1924/O
                         net (fo=2, unplaced)         0.197    12.964    atten/softmax/cu_inst/softmax/sum/io_res_inferred_i_1924_n_0
                         LUT5 (Prop_LUT5_I1_O)        0.038    13.002 r  atten/softmax/cu_inst/softmax/sum/io_res_inferred_i_1851/O
                         net (fo=2, unplaced)         0.197    13.199    atten/softmax/cu_inst/softmax/sum/io_res_inferred_i_1851_n_0
                         LUT6 (Prop_LUT6_I0_O)        0.037    13.236 r  atten/softmax/cu_inst/softmax/sum/io_res_inferred_i_1859/O
                         net (fo=1, unplaced)         0.023    13.259    atten/softmax/cu_inst/softmax/sum/io_res_inferred_i_1859_n_0
                         CARRY8 (Prop_CARRY8_S[1]_O[5])
                                                      0.237    13.496 f  atten/softmax/cu_inst/softmax/sum/io_res_inferred_i_1766/O[5]
                         net (fo=21, unplaced)        0.221    13.717    atten/softmax/cu_inst/softmax/sum/_sum_io_out[13]
                         LUT4 (Prop_LUT4_I2_O)        0.053    13.770 f  atten/softmax/cu_inst/softmax/sum/io_res_inferred_i_1759/O
                         net (fo=33, unplaced)        0.258    14.028    atten/softmax/cu_inst/softmax/sum/io_res_inferred_i_1759_n_0
                         LUT6 (Prop_LUT6_I5_O)        0.038    14.066 r  atten/softmax/cu_inst/softmax/sum/io_res_inferred_i_1797/O
                         net (fo=1, unplaced)         0.197    14.263    atten/softmax/cu_inst/softmax/sum/io_res_inferred_i_1797_n_0
                         LUT6 (Prop_LUT6_I5_O)        0.038    14.301 r  atten/softmax/cu_inst/softmax/sum/io_res_inferred_i_1749/O
                         net (fo=27, unplaced)        0.253    14.554    atten/softmax/cu_inst/softmax/sum/io_res_inferred_i_1749_n_0
                         LUT4 (Prop_LUT4_I0_O)        0.038    14.592 r  atten/softmax/cu_inst/softmax/sum/io_res_inferred_i_1796/O
                         net (fo=1, unplaced)         0.020    14.612    atten/softmax/cu_inst/softmax/sum/log2/x[7]
                         CARRY8 (Prop_CARRY8_S[0]_O[4])
                                                      0.206    14.818 r  atten/softmax/cu_inst/softmax/sum/io_res_inferred_i_1520/O[4]
                         net (fo=26, unplaced)        0.210    15.028    atten/softmax/cu_inst/softmax/sum/log2/io_out_00[11]
                         LUT4 (Prop_LUT4_I0_O)        0.051    15.079 r  atten/softmax/cu_inst/softmax/sum/io_res_inferred_i_1310/O
                         net (fo=1, unplaced)         0.032    15.111    atten/softmax/cu_inst/softmax/sum/io_res_inferred_i_1310_n_0
                         CARRY8 (Prop_CARRY8_S[3]_O[5])
                                                      0.184    15.295 f  atten/softmax/cu_inst/softmax/sum/io_res_inferred_i_651/O[5]
                         net (fo=5, unplaced)         0.189    15.484    atten/cu_inst/softmax/io_in_70[13]
                         LUT2 (Prop_LUT2_I0_O)        0.099    15.583 f  atten/io_res_inferred_i_1315/O
                         net (fo=1, unplaced)         0.242    15.825    atten/io_res_inferred_i_1315_n_0
                         CARRY8 (Prop_CARRY8_DI[2]_CO[3])
                                                      0.134    15.959 f  atten/io_res_inferred_i_652/CO[3]
                         net (fo=15, unplaced)        0.150    16.109    atten/softmax/Memory_reg_0_5[0]
                         LUT6 (Prop_LUT6_I0_O)        0.038    16.147 f  atten/softmax/io_res_inferred_i_1685/O
                         net (fo=1, unplaced)         0.197    16.344    atten/softmax/io_res_inferred_i_1685_n_0
                         LUT6 (Prop_LUT6_I5_O)        0.038    16.382 r  atten/softmax/io_res_inferred_i_1326/O
                         net (fo=1, unplaced)         0.197    16.579    atten/softmax/io_res_inferred_i_1326_n_0
                         LUT6 (Prop_LUT6_I1_O)        0.038    16.617 r  atten/softmax/io_res_inferred_i_664/O
                         net (fo=2, unplaced)         0.197    16.814    atten/softmax/softmax/_exp2_2_io_out_7[7]
                         LUT5 (Prop_LUT5_I4_O)        0.038    16.852 r  atten/softmax/io_res_inferred_i_661/O
                         net (fo=2, unplaced)         0.197    17.049    atten/softmax/io_res_inferred_i_661_n_0
                         LUT6 (Prop_LUT6_I5_O)        0.038    17.087 r  atten/softmax/io_res_inferred_i_659/O
                         net (fo=2, unplaced)         0.197    17.284    atten/softmax/io_res_inferred_i_659_n_0
                         LUT6 (Prop_LUT6_I5_O)        0.038    17.322 r  atten/softmax/io_res_inferred_i_656/O
                         net (fo=2, unplaced)         0.197    17.519    atten/softmax/io_res_inferred_i_656_n_0
                         LUT6 (Prop_LUT6_I5_O)        0.038    17.557 r  atten/softmax/io_res_inferred_i_655/O
                         net (fo=2, unplaced)         0.197    17.754    atten/softmax/io_res_inferred_i_655_n_0
                         LUT6 (Prop_LUT6_I5_O)        0.038    17.792 r  atten/softmax/io_res_inferred_i_650/O
                         net (fo=2, unplaced)         0.197    17.989    atten/softmax/io_res_inferred_i_650_n_0
                         LUT6 (Prop_LUT6_I5_O)        0.038    18.027 r  atten/softmax/io_res_inferred_i_641/O
                         net (fo=2, unplaced)         0.197    18.224    atten/softmax/cu_inst/softmax/Memory_reg_0_34
                         LUT2 (Prop_LUT2_I0_O)        0.038    18.262 r  atten/softmax/cu_inst/softmax/io_res_inferred_i_146/O
                         net (fo=1, unplaced)         0.099    18.361    atten/dm2/ctxmem_inst/mem/mem_ext/Memory_reg_2_0[62]
                         RAMB36E2                                     r  atten/dm2/ctxmem_inst/mem/mem_ext/Memory_reg_0/DINBDIN[30]
  -------------------------------------------------------------------    -------------------

                         (clock clk rise edge)       10.000    10.000 r  
                                                      0.000    10.000 r  clock (IN)
                         net (fo=206739, unset)       0.000    10.000    atten/dm2/ctxmem_inst/mem/mem_ext/clock
                         RAMB36E2                                     r  atten/dm2/ctxmem_inst/mem/mem_ext/Memory_reg_0/CLKBWRCLK
                         clock pessimism              0.000    10.000    
                         clock uncertainty           -0.535     9.465    
                         RAMB36E2 (Setup_RAMB36E2_CLKBWRCLK_DINBDIN[30])
                                                     -0.299     9.166    atten/dm2/ctxmem_inst/mem/mem_ext/Memory_reg_0
  -------------------------------------------------------------------
                         required time                          9.166    
                         arrival time                         -18.361    
  -------------------------------------------------------------------
                         slack                                 -9.195    





Min Delay Paths
--------------------------------------------------------------------------------------
Slack (VIOLATED) :        -0.431ns  (arrival time - required time)
  Source:                 atten/dm1/cu_inst/QVec_0_r_reg[4]/C
                            (rising edge-triggered cell FDRE clocked by clk  {rise@0.000ns fall@5.000ns period=10.000ns})
  Destination:            atten/dm1/cu_inst/QCache/mem_ext/Memory_reg_0_7_0_13/RAMC/I
                            (rising edge-triggered cell RAMD32 clocked by clk  {rise@0.000ns fall@5.000ns period=10.000ns})
  Path Group:             clk
  Path Type:              Hold (Min at Fast Process Corner)
  Requirement:            0.000ns  (clk rise@0.000ns - clk rise@0.000ns)
  Data Path Delay:        0.124ns  (logic 0.038ns (30.645%)  route 0.086ns (69.355%))
  Logic Levels:           0  
  Clock Uncertainty:      0.500ns  ((TSJ^2 + TIJ^2)^1/2 + DJ) / 2 + PE + UU
    Total System Jitter     (TSJ):    0.000ns
    Total Input Jitter      (TIJ):    0.000ns
    Discrete Jitter          (DJ):    0.000ns
    Phase Error              (PE):    0.000ns
    User Uncertainty         (UU):    0.500ns

    Location             Delay type                Incr(ns)  Path(ns)    Netlist Resource(s)
  -------------------------------------------------------------------    -------------------
                         (clock clk rise edge)        0.000     0.000 r  
                                                      0.000     0.000 r  clock (IN)
                         net (fo=206739, unset)       0.000     0.000    atten/dm1/cu_inst/clock
                         FDRE                                         r  atten/dm1/cu_inst/QVec_0_r_reg[4]/C
  -------------------------------------------------------------------    -------------------
                         FDRE (Prop_FDRE_C_Q)         0.038     0.038 r  atten/dm1/cu_inst/QVec_0_r_reg[4]/Q
                         net (fo=1, unplaced)         0.086     0.124    atten/dm1/cu_inst/QCache/mem_ext/Memory_reg_0_7_0_13/DIC0
                         RAMD32                                       r  atten/dm1/cu_inst/QCache/mem_ext/Memory_reg_0_7_0_13/RAMC/I
  -------------------------------------------------------------------    -------------------

                         (clock clk rise edge)        0.000     0.000 r  
                                                      0.000     0.000 r  clock (IN)
                         net (fo=206739, unset)       0.000     0.000    atten/dm1/cu_inst/QCache/mem_ext/Memory_reg_0_7_0_13/WCLK
                         RAMD32                                       r  atten/dm1/cu_inst/QCache/mem_ext/Memory_reg_0_7_0_13/RAMC/CLK
                         clock pessimism              0.000     0.000    
                         clock uncertainty            0.500     0.500    
                         RAMD32 (Hold_RAMD32_CLK_I)
                                                      0.055     0.555    atten/dm1/cu_inst/QCache/mem_ext/Memory_reg_0_7_0_13/RAMC
  -------------------------------------------------------------------
                         required time                         -0.555    
                         arrival time                           0.124    
  -------------------------------------------------------------------
                         slack                                 -0.431    

Slack (VIOLATED) :        -0.431ns  (arrival time - required time)
  Source:                 atten/dm1/cu_inst/QVec_0_r_reg[10]/C
                            (rising edge-triggered cell FDRE clocked by clk  {rise@0.000ns fall@5.000ns period=10.000ns})
  Destination:            atten/dm1/cu_inst/QCache/mem_ext/Memory_reg_0_7_0_13/RAMF/I
                            (rising edge-triggered cell RAMD32 clocked by clk  {rise@0.000ns fall@5.000ns period=10.000ns})
  Path Group:             clk
  Path Type:              Hold (Min at Fast Process Corner)
  Requirement:            0.000ns  (clk rise@0.000ns - clk rise@0.000ns)
  Data Path Delay:        0.124ns  (logic 0.038ns (30.645%)  route 0.086ns (69.355%))
  Logic Levels:           0  
  Clock Uncertainty:      0.500ns  ((TSJ^2 + TIJ^2)^1/2 + DJ) / 2 + PE + UU
    Total System Jitter     (TSJ):    0.000ns
    Total Input Jitter      (TIJ):    0.000ns
    Discrete Jitter          (DJ):    0.000ns
    Phase Error              (PE):    0.000ns
    User Uncertainty         (UU):    0.500ns

    Location             Delay type                Incr(ns)  Path(ns)    Netlist Resource(s)
  -------------------------------------------------------------------    -------------------
                         (clock clk rise edge)        0.000     0.000 r  
                                                      0.000     0.000 r  clock (IN)
                         net (fo=206739, unset)       0.000     0.000    atten/dm1/cu_inst/clock
                         FDRE                                         r  atten/dm1/cu_inst/QVec_0_r_reg[10]/C
  -------------------------------------------------------------------    -------------------
                         FDRE (Prop_FDRE_C_Q)         0.038     0.038 r  atten/dm1/cu_inst/QVec_0_r_reg[10]/Q
                         net (fo=1, unplaced)         0.086     0.124    atten/dm1/cu_inst/QCache/mem_ext/Memory_reg_0_7_0_13/DIF0
                         RAMD32                                       r  atten/dm1/cu_inst/QCache/mem_ext/Memory_reg_0_7_0_13/RAMF/I
  -------------------------------------------------------------------    -------------------

                         (clock clk rise edge)        0.000     0.000 r  
                                                      0.000     0.000 r  clock (IN)
                         net (fo=206739, unset)       0.000     0.000    atten/dm1/cu_inst/QCache/mem_ext/Memory_reg_0_7_0_13/WCLK
                         RAMD32                                       r  atten/dm1/cu_inst/QCache/mem_ext/Memory_reg_0_7_0_13/RAMF/CLK
                         clock pessimism              0.000     0.000    
                         clock uncertainty            0.500     0.500    
                         RAMD32 (Hold_RAMD32_CLK_I)
                                                      0.055     0.555    atten/dm1/cu_inst/QCache/mem_ext/Memory_reg_0_7_0_13/RAMF
  -------------------------------------------------------------------
                         required time                         -0.555    
                         arrival time                           0.124    
  -------------------------------------------------------------------
                         slack                                 -0.431    

Slack (VIOLATED) :        -0.431ns  (arrival time - required time)
  Source:                 atten/dm1/cu_inst/QVec_0_r_reg[12]/C
                            (rising edge-triggered cell FDRE clocked by clk  {rise@0.000ns fall@5.000ns period=10.000ns})
  Destination:            atten/dm1/cu_inst/QCache/mem_ext/Memory_reg_0_7_0_13/RAMG/I
                            (rising edge-triggered cell RAMD32 clocked by clk  {rise@0.000ns fall@5.000ns period=10.000ns})
  Path Group:             clk
  Path Type:              Hold (Min at Fast Process Corner)
  Requirement:            0.000ns  (clk rise@0.000ns - clk rise@0.000ns)
  Data Path Delay:        0.124ns  (logic 0.038ns (30.645%)  route 0.086ns (69.355%))
  Logic Levels:           0  
  Clock Uncertainty:      0.500ns  ((TSJ^2 + TIJ^2)^1/2 + DJ) / 2 + PE + UU
    Total System Jitter     (TSJ):    0.000ns
    Total Input Jitter      (TIJ):    0.000ns
    Discrete Jitter          (DJ):    0.000ns
    Phase Error              (PE):    0.000ns
    User Uncertainty         (UU):    0.500ns

    Location             Delay type                Incr(ns)  Path(ns)    Netlist Resource(s)
  -------------------------------------------------------------------    -------------------
                         (clock clk rise edge)        0.000     0.000 r  
                                                      0.000     0.000 r  clock (IN)
                         net (fo=206739, unset)       0.000     0.000    atten/dm1/cu_inst/clock
                         FDRE                                         r  atten/dm1/cu_inst/QVec_0_r_reg[12]/C
  -------------------------------------------------------------------    -------------------
                         FDRE (Prop_FDRE_C_Q)         0.038     0.038 r  atten/dm1/cu_inst/QVec_0_r_reg[12]/Q
                         net (fo=1, unplaced)         0.086     0.124    atten/dm1/cu_inst/QCache/mem_ext/Memory_reg_0_7_0_13/DIG0
                         RAMD32                                       r  atten/dm1/cu_inst/QCache/mem_ext/Memory_reg_0_7_0_13/RAMG/I
  -------------------------------------------------------------------    -------------------

                         (clock clk rise edge)        0.000     0.000 r  
                                                      0.000     0.000 r  clock (IN)
                         net (fo=206739, unset)       0.000     0.000    atten/dm1/cu_inst/QCache/mem_ext/Memory_reg_0_7_0_13/WCLK
                         RAMD32                                       r  atten/dm1/cu_inst/QCache/mem_ext/Memory_reg_0_7_0_13/RAMG/CLK
                         clock pessimism              0.000     0.000    
                         clock uncertainty            0.500     0.500    
                         RAMD32 (Hold_RAMD32_CLK_I)
                                                      0.055     0.555    atten/dm1/cu_inst/QCache/mem_ext/Memory_reg_0_7_0_13/RAMG
  -------------------------------------------------------------------
                         required time                         -0.555    
                         arrival time                           0.124    
  -------------------------------------------------------------------
                         slack                                 -0.431    

Slack (VIOLATED) :        -0.431ns  (arrival time - required time)
  Source:                 atten/dm1/cu_inst/QVec_7_r_reg[4]/C
                            (rising edge-triggered cell FDRE clocked by clk  {rise@0.000ns fall@5.000ns period=10.000ns})
  Destination:            atten/dm1/cu_inst/QCache/mem_ext/Memory_reg_0_7_112_125/RAMC/I
                            (rising edge-triggered cell RAMD32 clocked by clk  {rise@0.000ns fall@5.000ns period=10.000ns})
  Path Group:             clk
  Path Type:              Hold (Min at Fast Process Corner)
  Requirement:            0.000ns  (clk rise@0.000ns - clk rise@0.000ns)
  Data Path Delay:        0.124ns  (logic 0.038ns (30.645%)  route 0.086ns (69.355%))
  Logic Levels:           0  
  Clock Uncertainty:      0.500ns  ((TSJ^2 + TIJ^2)^1/2 + DJ) / 2 + PE + UU
    Total System Jitter     (TSJ):    0.000ns
    Total Input Jitter      (TIJ):    0.000ns
    Discrete Jitter          (DJ):    0.000ns
    Phase Error              (PE):    0.000ns
    User Uncertainty         (UU):    0.500ns

    Location             Delay type                Incr(ns)  Path(ns)    Netlist Resource(s)
  -------------------------------------------------------------------    -------------------
                         (clock clk rise edge)        0.000     0.000 r  
                                                      0.000     0.000 r  clock (IN)
                         net (fo=206739, unset)       0.000     0.000    atten/dm1/cu_inst/clock
                         FDRE                                         r  atten/dm1/cu_inst/QVec_7_r_reg[4]/C
  -------------------------------------------------------------------    -------------------
                         FDRE (Prop_FDRE_C_Q)         0.038     0.038 r  atten/dm1/cu_inst/QVec_7_r_reg[4]/Q
                         net (fo=1, unplaced)         0.086     0.124    atten/dm1/cu_inst/QCache/mem_ext/Memory_reg_0_7_112_125/DIC0
                         RAMD32                                       r  atten/dm1/cu_inst/QCache/mem_ext/Memory_reg_0_7_112_125/RAMC/I
  -------------------------------------------------------------------    -------------------

                         (clock clk rise edge)        0.000     0.000 r  
                                                      0.000     0.000 r  clock (IN)
                         net (fo=206739, unset)       0.000     0.000    atten/dm1/cu_inst/QCache/mem_ext/Memory_reg_0_7_112_125/WCLK
                         RAMD32                                       r  atten/dm1/cu_inst/QCache/mem_ext/Memory_reg_0_7_112_125/RAMC/CLK
                         clock pessimism              0.000     0.000    
                         clock uncertainty            0.500     0.500    
                         RAMD32 (Hold_RAMD32_CLK_I)
                                                      0.055     0.555    atten/dm1/cu_inst/QCache/mem_ext/Memory_reg_0_7_112_125/RAMC
  -------------------------------------------------------------------
                         required time                         -0.555    
                         arrival time                           0.124    
  -------------------------------------------------------------------
                         slack                                 -0.431    

Slack (VIOLATED) :        -0.431ns  (arrival time - required time)
  Source:                 atten/dm1/cu_inst/QVec_7_r_reg[10]/C
                            (rising edge-triggered cell FDRE clocked by clk  {rise@0.000ns fall@5.000ns period=10.000ns})
  Destination:            atten/dm1/cu_inst/QCache/mem_ext/Memory_reg_0_7_112_125/RAMF/I
                            (rising edge-triggered cell RAMD32 clocked by clk  {rise@0.000ns fall@5.000ns period=10.000ns})
  Path Group:             clk
  Path Type:              Hold (Min at Fast Process Corner)
  Requirement:            0.000ns  (clk rise@0.000ns - clk rise@0.000ns)
  Data Path Delay:        0.124ns  (logic 0.038ns (30.645%)  route 0.086ns (69.355%))
  Logic Levels:           0  
  Clock Uncertainty:      0.500ns  ((TSJ^2 + TIJ^2)^1/2 + DJ) / 2 + PE + UU
    Total System Jitter     (TSJ):    0.000ns
    Total Input Jitter      (TIJ):    0.000ns
    Discrete Jitter          (DJ):    0.000ns
    Phase Error              (PE):    0.000ns
    User Uncertainty         (UU):    0.500ns

    Location             Delay type                Incr(ns)  Path(ns)    Netlist Resource(s)
  -------------------------------------------------------------------    -------------------
                         (clock clk rise edge)        0.000     0.000 r  
                                                      0.000     0.000 r  clock (IN)
                         net (fo=206739, unset)       0.000     0.000    atten/dm1/cu_inst/clock
                         FDRE                                         r  atten/dm1/cu_inst/QVec_7_r_reg[10]/C
  -------------------------------------------------------------------    -------------------
                         FDRE (Prop_FDRE_C_Q)         0.038     0.038 r  atten/dm1/cu_inst/QVec_7_r_reg[10]/Q
                         net (fo=1, unplaced)         0.086     0.124    atten/dm1/cu_inst/QCache/mem_ext/Memory_reg_0_7_112_125/DIF0
                         RAMD32                                       r  atten/dm1/cu_inst/QCache/mem_ext/Memory_reg_0_7_112_125/RAMF/I
  -------------------------------------------------------------------    -------------------

                         (clock clk rise edge)        0.000     0.000 r  
                                                      0.000     0.000 r  clock (IN)
                         net (fo=206739, unset)       0.000     0.000    atten/dm1/cu_inst/QCache/mem_ext/Memory_reg_0_7_112_125/WCLK
                         RAMD32                                       r  atten/dm1/cu_inst/QCache/mem_ext/Memory_reg_0_7_112_125/RAMF/CLK
                         clock pessimism              0.000     0.000    
                         clock uncertainty            0.500     0.500    
                         RAMD32 (Hold_RAMD32_CLK_I)
                                                      0.055     0.555    atten/dm1/cu_inst/QCache/mem_ext/Memory_reg_0_7_112_125/RAMF
  -------------------------------------------------------------------
                         required time                         -0.555    
                         arrival time                           0.124    
  -------------------------------------------------------------------
                         slack                                 -0.431    

Slack (VIOLATED) :        -0.431ns  (arrival time - required time)
  Source:                 atten/dm1/cu_inst/QVec_7_r_reg[12]/C
                            (rising edge-triggered cell FDRE clocked by clk  {rise@0.000ns fall@5.000ns period=10.000ns})
  Destination:            atten/dm1/cu_inst/QCache/mem_ext/Memory_reg_0_7_112_125/RAMG/I
                            (rising edge-triggered cell RAMD32 clocked by clk  {rise@0.000ns fall@5.000ns period=10.000ns})
  Path Group:             clk
  Path Type:              Hold (Min at Fast Process Corner)
  Requirement:            0.000ns  (clk rise@0.000ns - clk rise@0.000ns)
  Data Path Delay:        0.124ns  (logic 0.038ns (30.645%)  route 0.086ns (69.355%))
  Logic Levels:           0  
  Clock Uncertainty:      0.500ns  ((TSJ^2 + TIJ^2)^1/2 + DJ) / 2 + PE + UU
    Total System Jitter     (TSJ):    0.000ns
    Total Input Jitter      (TIJ):    0.000ns
    Discrete Jitter          (DJ):    0.000ns
    Phase Error              (PE):    0.000ns
    User Uncertainty         (UU):    0.500ns

    Location             Delay type                Incr(ns)  Path(ns)    Netlist Resource(s)
  -------------------------------------------------------------------    -------------------
                         (clock clk rise edge)        0.000     0.000 r  
                                                      0.000     0.000 r  clock (IN)
                         net (fo=206739, unset)       0.000     0.000    atten/dm1/cu_inst/clock
                         FDRE                                         r  atten/dm1/cu_inst/QVec_7_r_reg[12]/C
  -------------------------------------------------------------------    -------------------
                         FDRE (Prop_FDRE_C_Q)         0.038     0.038 r  atten/dm1/cu_inst/QVec_7_r_reg[12]/Q
                         net (fo=1, unplaced)         0.086     0.124    atten/dm1/cu_inst/QCache/mem_ext/Memory_reg_0_7_112_125/DIG0
                         RAMD32                                       r  atten/dm1/cu_inst/QCache/mem_ext/Memory_reg_0_7_112_125/RAMG/I
  -------------------------------------------------------------------    -------------------

                         (clock clk rise edge)        0.000     0.000 r  
                                                      0.000     0.000 r  clock (IN)
                         net (fo=206739, unset)       0.000     0.000    atten/dm1/cu_inst/QCache/mem_ext/Memory_reg_0_7_112_125/WCLK
                         RAMD32                                       r  atten/dm1/cu_inst/QCache/mem_ext/Memory_reg_0_7_112_125/RAMG/CLK
                         clock pessimism              0.000     0.000    
                         clock uncertainty            0.500     0.500    
                         RAMD32 (Hold_RAMD32_CLK_I)
                                                      0.055     0.555    atten/dm1/cu_inst/QCache/mem_ext/Memory_reg_0_7_112_125/RAMG
  -------------------------------------------------------------------
                         required time                         -0.555    
                         arrival time                           0.124    
  -------------------------------------------------------------------
                         slack                                 -0.431    

Slack (VIOLATED) :        -0.431ns  (arrival time - required time)
  Source:                 atten/dm1/cu_inst/QVec_8_r_reg[2]/C
                            (rising edge-triggered cell FDRE clocked by clk  {rise@0.000ns fall@5.000ns period=10.000ns})
  Destination:            atten/dm1/cu_inst/QCache/mem_ext/Memory_reg_0_7_126_139/RAMC/I
                            (rising edge-triggered cell RAMD32 clocked by clk  {rise@0.000ns fall@5.000ns period=10.000ns})
  Path Group:             clk
  Path Type:              Hold (Min at Fast Process Corner)
  Requirement:            0.000ns  (clk rise@0.000ns - clk rise@0.000ns)
  Data Path Delay:        0.124ns  (logic 0.038ns (30.645%)  route 0.086ns (69.355%))
  Logic Levels:           0  
  Clock Uncertainty:      0.500ns  ((TSJ^2 + TIJ^2)^1/2 + DJ) / 2 + PE + UU
    Total System Jitter     (TSJ):    0.000ns
    Total Input Jitter      (TIJ):    0.000ns
    Discrete Jitter          (DJ):    0.000ns
    Phase Error              (PE):    0.000ns
    User Uncertainty         (UU):    0.500ns

    Location             Delay type                Incr(ns)  Path(ns)    Netlist Resource(s)
  -------------------------------------------------------------------    -------------------
                         (clock clk rise edge)        0.000     0.000 r  
                                                      0.000     0.000 r  clock (IN)
                         net (fo=206739, unset)       0.000     0.000    atten/dm1/cu_inst/clock
                         FDRE                                         r  atten/dm1/cu_inst/QVec_8_r_reg[2]/C
  -------------------------------------------------------------------    -------------------
                         FDRE (Prop_FDRE_C_Q)         0.038     0.038 r  atten/dm1/cu_inst/QVec_8_r_reg[2]/Q
                         net (fo=1, unplaced)         0.086     0.124    atten/dm1/cu_inst/QCache/mem_ext/Memory_reg_0_7_126_139/DIC0
                         RAMD32                                       r  atten/dm1/cu_inst/QCache/mem_ext/Memory_reg_0_7_126_139/RAMC/I
  -------------------------------------------------------------------    -------------------

                         (clock clk rise edge)        0.000     0.000 r  
                                                      0.000     0.000 r  clock (IN)
                         net (fo=206739, unset)       0.000     0.000    atten/dm1/cu_inst/QCache/mem_ext/Memory_reg_0_7_126_139/WCLK
                         RAMD32                                       r  atten/dm1/cu_inst/QCache/mem_ext/Memory_reg_0_7_126_139/RAMC/CLK
                         clock pessimism              0.000     0.000    
                         clock uncertainty            0.500     0.500    
                         RAMD32 (Hold_RAMD32_CLK_I)
                                                      0.055     0.555    atten/dm1/cu_inst/QCache/mem_ext/Memory_reg_0_7_126_139/RAMC
  -------------------------------------------------------------------
                         required time                         -0.555    
                         arrival time                           0.124    
  -------------------------------------------------------------------
                         slack                                 -0.431    

Slack (VIOLATED) :        -0.431ns  (arrival time - required time)
  Source:                 atten/dm1/cu_inst/QVec_8_r_reg[8]/C
                            (rising edge-triggered cell FDRE clocked by clk  {rise@0.000ns fall@5.000ns period=10.000ns})
  Destination:            atten/dm1/cu_inst/QCache/mem_ext/Memory_reg_0_7_126_139/RAMF/I
                            (rising edge-triggered cell RAMD32 clocked by clk  {rise@0.000ns fall@5.000ns period=10.000ns})
  Path Group:             clk
  Path Type:              Hold (Min at Fast Process Corner)
  Requirement:            0.000ns  (clk rise@0.000ns - clk rise@0.000ns)
  Data Path Delay:        0.124ns  (logic 0.038ns (30.645%)  route 0.086ns (69.355%))
  Logic Levels:           0  
  Clock Uncertainty:      0.500ns  ((TSJ^2 + TIJ^2)^1/2 + DJ) / 2 + PE + UU
    Total System Jitter     (TSJ):    0.000ns
    Total Input Jitter      (TIJ):    0.000ns
    Discrete Jitter          (DJ):    0.000ns
    Phase Error              (PE):    0.000ns
    User Uncertainty         (UU):    0.500ns

    Location             Delay type                Incr(ns)  Path(ns)    Netlist Resource(s)
  -------------------------------------------------------------------    -------------------
                         (clock clk rise edge)        0.000     0.000 r  
                                                      0.000     0.000 r  clock (IN)
                         net (fo=206739, unset)       0.000     0.000    atten/dm1/cu_inst/clock
                         FDRE                                         r  atten/dm1/cu_inst/QVec_8_r_reg[8]/C
  -------------------------------------------------------------------    -------------------
                         FDRE (Prop_FDRE_C_Q)         0.038     0.038 r  atten/dm1/cu_inst/QVec_8_r_reg[8]/Q
                         net (fo=1, unplaced)         0.086     0.124    atten/dm1/cu_inst/QCache/mem_ext/Memory_reg_0_7_126_139/DIF0
                         RAMD32                                       r  atten/dm1/cu_inst/QCache/mem_ext/Memory_reg_0_7_126_139/RAMF/I
  -------------------------------------------------------------------    -------------------

                         (clock clk rise edge)        0.000     0.000 r  
                                                      0.000     0.000 r  clock (IN)
                         net (fo=206739, unset)       0.000     0.000    atten/dm1/cu_inst/QCache/mem_ext/Memory_reg_0_7_126_139/WCLK
                         RAMD32                                       r  atten/dm1/cu_inst/QCache/mem_ext/Memory_reg_0_7_126_139/RAMF/CLK
                         clock pessimism              0.000     0.000    
                         clock uncertainty            0.500     0.500    
                         RAMD32 (Hold_RAMD32_CLK_I)
                                                      0.055     0.555    atten/dm1/cu_inst/QCache/mem_ext/Memory_reg_0_7_126_139/RAMF
  -------------------------------------------------------------------
                         required time                         -0.555    
                         arrival time                           0.124    
  -------------------------------------------------------------------
                         slack                                 -0.431    

Slack (VIOLATED) :        -0.431ns  (arrival time - required time)
  Source:                 atten/dm1/cu_inst/QVec_8_r_reg[10]/C
                            (rising edge-triggered cell FDRE clocked by clk  {rise@0.000ns fall@5.000ns period=10.000ns})
  Destination:            atten/dm1/cu_inst/QCache/mem_ext/Memory_reg_0_7_126_139/RAMG/I
                            (rising edge-triggered cell RAMD32 clocked by clk  {rise@0.000ns fall@5.000ns period=10.000ns})
  Path Group:             clk
  Path Type:              Hold (Min at Fast Process Corner)
  Requirement:            0.000ns  (clk rise@0.000ns - clk rise@0.000ns)
  Data Path Delay:        0.124ns  (logic 0.038ns (30.645%)  route 0.086ns (69.355%))
  Logic Levels:           0  
  Clock Uncertainty:      0.500ns  ((TSJ^2 + TIJ^2)^1/2 + DJ) / 2 + PE + UU
    Total System Jitter     (TSJ):    0.000ns
    Total Input Jitter      (TIJ):    0.000ns
    Discrete Jitter          (DJ):    0.000ns
    Phase Error              (PE):    0.000ns
    User Uncertainty         (UU):    0.500ns

    Location             Delay type                Incr(ns)  Path(ns)    Netlist Resource(s)
  -------------------------------------------------------------------    -------------------
                         (clock clk rise edge)        0.000     0.000 r  
                                                      0.000     0.000 r  clock (IN)
                         net (fo=206739, unset)       0.000     0.000    atten/dm1/cu_inst/clock
                         FDRE                                         r  atten/dm1/cu_inst/QVec_8_r_reg[10]/C
  -------------------------------------------------------------------    -------------------
                         FDRE (Prop_FDRE_C_Q)         0.038     0.038 r  atten/dm1/cu_inst/QVec_8_r_reg[10]/Q
                         net (fo=1, unplaced)         0.086     0.124    atten/dm1/cu_inst/QCache/mem_ext/Memory_reg_0_7_126_139/DIG0
                         RAMD32                                       r  atten/dm1/cu_inst/QCache/mem_ext/Memory_reg_0_7_126_139/RAMG/I
  -------------------------------------------------------------------    -------------------

                         (clock clk rise edge)        0.000     0.000 r  
                                                      0.000     0.000 r  clock (IN)
                         net (fo=206739, unset)       0.000     0.000    atten/dm1/cu_inst/QCache/mem_ext/Memory_reg_0_7_126_139/WCLK
                         RAMD32                                       r  atten/dm1/cu_inst/QCache/mem_ext/Memory_reg_0_7_126_139/RAMG/CLK
                         clock pessimism              0.000     0.000    
                         clock uncertainty            0.500     0.500    
                         RAMD32 (Hold_RAMD32_CLK_I)
                                                      0.055     0.555    atten/dm1/cu_inst/QCache/mem_ext/Memory_reg_0_7_126_139/RAMG
  -------------------------------------------------------------------
                         required time                         -0.555    
                         arrival time                           0.124    
  -------------------------------------------------------------------
                         slack                                 -0.431    

Slack (VIOLATED) :        -0.431ns  (arrival time - required time)
  Source:                 atten/dm1/cu_inst/QVec_9_r_reg[0]/C
                            (rising edge-triggered cell FDRE clocked by clk  {rise@0.000ns fall@5.000ns period=10.000ns})
  Destination:            atten/dm1/cu_inst/QCache/mem_ext/Memory_reg_0_7_140_153/RAMC/I
                            (rising edge-triggered cell RAMD32 clocked by clk  {rise@0.000ns fall@5.000ns period=10.000ns})
  Path Group:             clk
  Path Type:              Hold (Min at Fast Process Corner)
  Requirement:            0.000ns  (clk rise@0.000ns - clk rise@0.000ns)
  Data Path Delay:        0.124ns  (logic 0.038ns (30.645%)  route 0.086ns (69.355%))
  Logic Levels:           0  
  Clock Uncertainty:      0.500ns  ((TSJ^2 + TIJ^2)^1/2 + DJ) / 2 + PE + UU
    Total System Jitter     (TSJ):    0.000ns
    Total Input Jitter      (TIJ):    0.000ns
    Discrete Jitter          (DJ):    0.000ns
    Phase Error              (PE):    0.000ns
    User Uncertainty         (UU):    0.500ns

    Location             Delay type                Incr(ns)  Path(ns)    Netlist Resource(s)
  -------------------------------------------------------------------    -------------------
                         (clock clk rise edge)        0.000     0.000 r  
                                                      0.000     0.000 r  clock (IN)
                         net (fo=206739, unset)       0.000     0.000    atten/dm1/cu_inst/clock
                         FDRE                                         r  atten/dm1/cu_inst/QVec_9_r_reg[0]/C
  -------------------------------------------------------------------    -------------------
                         FDRE (Prop_FDRE_C_Q)         0.038     0.038 r  atten/dm1/cu_inst/QVec_9_r_reg[0]/Q
                         net (fo=1, unplaced)         0.086     0.124    atten/dm1/cu_inst/QCache/mem_ext/Memory_reg_0_7_140_153/DIC0
                         RAMD32                                       r  atten/dm1/cu_inst/QCache/mem_ext/Memory_reg_0_7_140_153/RAMC/I
  -------------------------------------------------------------------    -------------------

                         (clock clk rise edge)        0.000     0.000 r  
                                                      0.000     0.000 r  clock (IN)
                         net (fo=206739, unset)       0.000     0.000    atten/dm1/cu_inst/QCache/mem_ext/Memory_reg_0_7_140_153/WCLK
                         RAMD32                                       r  atten/dm1/cu_inst/QCache/mem_ext/Memory_reg_0_7_140_153/RAMC/CLK
                         clock pessimism              0.000     0.000    
                         clock uncertainty            0.500     0.500    
                         RAMD32 (Hold_RAMD32_CLK_I)
                                                      0.055     0.555    atten/dm1/cu_inst/QCache/mem_ext/Memory_reg_0_7_140_153/RAMC
  -------------------------------------------------------------------
                         required time                         -0.555    
                         arrival time                           0.124    
  -------------------------------------------------------------------
                         slack                                 -0.431    





Pulse Width Checks
--------------------------------------------------------------------------------------
Clock Name:         clk
Waveform(ns):       { 0.000 5.000 }
Period(ns):         10.000
Sources:            { clock }

Check Type        Corner  Lib Pin      Reference Pin  Required(ns)  Actual(ns)  Slack(ns)  Location  Pin
Min Period        n/a     URAM288/CLK  n/a            2.000         10.000      8.000                acc_mem_ext/Memory_reg_uram_0/CLK
Min Period        n/a     URAM288/CLK  n/a            2.000         10.000      8.000                acc_mem_ext/Memory_reg_uram_1/CLK
Min Period        n/a     URAM288/CLK  n/a            2.000         10.000      8.000                acc_mem_ext/Memory_reg_uram_2/CLK
Min Period        n/a     URAM288/CLK  n/a            2.000         10.000      8.000                atten/dm1/cu_inst/KCache/mem_ext/Memory_reg_uram_0/CLK
Min Period        n/a     URAM288/CLK  n/a            2.000         10.000      8.000                atten/dm1/cu_inst/KCache/mem_ext/Memory_reg_uram_1/CLK
Min Period        n/a     URAM288/CLK  n/a            2.000         10.000      8.000                atten/dm1/cu_inst/KCache/mem_ext/Memory_reg_uram_2/CLK
Min Period        n/a     URAM288/CLK  n/a            2.000         10.000      8.000                atten/dm1/cu_inst/KCache/mem_ext/Memory_reg_uram_3/CLK
Min Period        n/a     URAM288/CLK  n/a            2.000         10.000      8.000                atten/dm1/cu_inst/KCache/mem_ext/Memory_reg_uram_4/CLK
Min Period        n/a     URAM288/CLK  n/a            2.000         10.000      8.000                atten/dm1/cu_inst/KCache/mem_ext/Memory_reg_uram_5/CLK
Min Period        n/a     URAM288/CLK  n/a            2.000         10.000      8.000                atten/dm1/cu_inst/KCache/mem_ext/Memory_reg_uram_6/CLK
Low Pulse Width   Slow    URAM288/CLK  n/a            0.700         5.000       4.300                acc_mem_ext/Memory_reg_uram_0/CLK
Low Pulse Width   Fast    URAM288/CLK  n/a            0.700         5.000       4.300                acc_mem_ext/Memory_reg_uram_0/CLK
Low Pulse Width   Slow    URAM288/CLK  n/a            0.700         5.000       4.300                acc_mem_ext/Memory_reg_uram_1/CLK
Low Pulse Width   Fast    URAM288/CLK  n/a            0.700         5.000       4.300                acc_mem_ext/Memory_reg_uram_1/CLK
Low Pulse Width   Slow    URAM288/CLK  n/a            0.700         5.000       4.300                acc_mem_ext/Memory_reg_uram_2/CLK
Low Pulse Width   Fast    URAM288/CLK  n/a            0.700         5.000       4.300                acc_mem_ext/Memory_reg_uram_2/CLK
Low Pulse Width   Slow    URAM288/CLK  n/a            0.700         5.000       4.300                atten/dm1/cu_inst/KCache/mem_ext/Memory_reg_uram_0/CLK
Low Pulse Width   Fast    URAM288/CLK  n/a            0.700         5.000       4.300                atten/dm1/cu_inst/KCache/mem_ext/Memory_reg_uram_0/CLK
Low Pulse Width   Slow    URAM288/CLK  n/a            0.700         5.000       4.300                atten/dm1/cu_inst/KCache/mem_ext/Memory_reg_uram_1/CLK
Low Pulse Width   Fast    URAM288/CLK  n/a            0.700         5.000       4.300                atten/dm1/cu_inst/KCache/mem_ext/Memory_reg_uram_1/CLK
High Pulse Width  Slow    URAM288/CLK  n/a            0.700         5.000       4.300                acc_mem_ext/Memory_reg_uram_0/CLK
High Pulse Width  Fast    URAM288/CLK  n/a            0.700         5.000       4.300                acc_mem_ext/Memory_reg_uram_0/CLK
High Pulse Width  Slow    URAM288/CLK  n/a            0.700         5.000       4.300                acc_mem_ext/Memory_reg_uram_1/CLK
High Pulse Width  Fast    URAM288/CLK  n/a            0.700         5.000       4.300                acc_mem_ext/Memory_reg_uram_1/CLK
High Pulse Width  Slow    URAM288/CLK  n/a            0.700         5.000       4.300                acc_mem_ext/Memory_reg_uram_2/CLK
High Pulse Width  Fast    URAM288/CLK  n/a            0.700         5.000       4.300                acc_mem_ext/Memory_reg_uram_2/CLK
High Pulse Width  Slow    URAM288/CLK  n/a            0.700         5.000       4.300                atten/dm1/cu_inst/KCache/mem_ext/Memory_reg_uram_0/CLK
High Pulse Width  Fast    URAM288/CLK  n/a            0.700         5.000       4.300                atten/dm1/cu_inst/KCache/mem_ext/Memory_reg_uram_0/CLK
High Pulse Width  Slow    URAM288/CLK  n/a            0.700         5.000       4.300                atten/dm1/cu_inst/KCache/mem_ext/Memory_reg_uram_1/CLK
High Pulse Width  Fast    URAM288/CLK  n/a            0.700         5.000       4.300                atten/dm1/cu_inst/KCache/mem_ext/Memory_reg_uram_1/CLK



