Copyright 1986-2021 Xilinx, Inc. All Rights Reserved.
--------------------------------------------------------------------------------------------
| Tool Version      : Vivado v.2021.1 (lin64) Build 3247384 Thu Jun 10 19:36:07 MDT 2021
| Date              : Tue Mar 24 09:07:48 2026
| Host              : dsic-h3c-server03 running 64-bit CentOS Linux release 7.9.2009 (Core)
| Command           : report_timing_summary -file timing_summary_fixed.rpt -max_paths 10
| Design            : Top
| Device            : xcvu9p-flga2104
| Speed File        : -2  PRODUCTION 1.27 02-28-2020
| Temperature Grade : I
--------------------------------------------------------------------------------------------

Timing Summary Report

------------------------------------------------------------------------------------------------
| Timer Settings
| --------------
------------------------------------------------------------------------------------------------

  Enable Multi Corner Analysis               :  Yes
  Enable Pessimism Removal                   :  Yes
  Pessimism Removal Resolution               :  Nearest Common Node
  Enable Input Delay Default Clock           :  No
  Enable Preset / Clear Arcs                 :  No
  Disable Flight Delays                      :  No
  Ignore I/O Paths                           :  No
  Timing Early Launch at Borrowing Latches   :  No
  Borrow Time for Max Delay Exceptions       :  Yes
  Merge Timing Exceptions                    :  Yes

  Corner  Analyze    Analyze    
  Name    Max Paths  Min Paths  
  ------  ---------  ---------  
  Slow    Yes        Yes        
  Fast    Yes        Yes        


------------------------------------------------------------------------------------------------
| Report Methodology
| ------------------
------------------------------------------------------------------------------------------------

No report available as report_methodology has not been run prior. Run report_methodology on the current design for the summary of methodology violations.



check_timing report

Table of Contents
-----------------
1. checking no_clock (0)
2. checking constant_clock (0)
3. checking pulse_width_clock (0)
4. checking unconstrained_internal_endpoints (0)
5. checking no_input_delay (3620)
6. checking no_output_delay (479)
7. checking multiple_clock (0)
8. checking generated_clocks (0)
9. checking loops (0)
10. checking partial_input_delay (0)
11. checking partial_output_delay (0)
12. checking latch_loops (0)

1. checking no_clock (0)
------------------------
 There are 0 register/latch pins with no clock.


2. checking constant_clock (0)
------------------------------
 There are 0 register/latch pins with constant_clock.


3. checking pulse_width_clock (0)
---------------------------------
 There are 0 register/latch pins which need pulse_width check


4. checking unconstrained_internal_endpoints (0)
------------------------------------------------
 There are 0 pins that are not constrained for maximum delay.

 There are 0 pins that are not constrained for maximum delay due to constant clock.


5. checking no_input_delay (3620)
---------------------------------
 There are 3620 input ports with no input delay specified. (HIGH)

 There are 0 input ports with no input delay but user has a false path constraint.


6. checking no_output_delay (479)
---------------------------------
 There are 479 ports with no output delay specified. (HIGH)

 There are 0 ports with no output delay but user has a false path constraint

 There are 0 ports with no output delay but with a timing clock defined on it or propagating through it


7. checking multiple_clock (0)
------------------------------
 There are 0 register/latch pins with multiple clocks.


8. checking generated_clocks (0)
--------------------------------
 There are 0 generated clocks that are not connected to a clock source.


9. checking loops (0)
---------------------
 There are 0 combinational loops in the design.


10. checking partial_input_delay (0)
------------------------------------
 There are 0 input ports with partial input delay specified.


11. checking partial_output_delay (0)
-------------------------------------
 There are 0 ports with partial output delay specified.


12. checking latch_loops (0)
----------------------------
 There are 0 combinational latch loops in the design through latch input



------------------------------------------------------------------------------------------------
| Design Timing Summary
| ---------------------
------------------------------------------------------------------------------------------------

    WNS(ns)      TNS(ns)  TNS Failing Endpoints  TNS Total Endpoints      WHS(ns)      THS(ns)  THS Failing Endpoints  THS Total Endpoints     WPWS(ns)     TPWS(ns)  TPWS Failing Endpoints  TPWS Total Endpoints  
    -------      -------  ---------------------  -------------------      -------      -------  ---------------------  -------------------     --------     --------  ----------------------  --------------------  
    -48.496   -57958.422                   5489              1465432        0.069        0.000                      0              1465432        4.300        0.000                       0                794962  


Timing constraints are not met.


------------------------------------------------------------------------------------------------
| Clock Summary
| -------------
------------------------------------------------------------------------------------------------

Clock  Waveform(ns)       Period(ns)      Frequency(MHz)
-----  ------------       ----------      --------------
clk    {0.000 5.000}      10.000          100.000         


------------------------------------------------------------------------------------------------
| Intra Clock Table
| -----------------
------------------------------------------------------------------------------------------------

Clock             WNS(ns)      TNS(ns)  TNS Failing Endpoints  TNS Total Endpoints      WHS(ns)      THS(ns)  THS Failing Endpoints  THS Total Endpoints     WPWS(ns)     TPWS(ns)  TPWS Failing Endpoints  TPWS Total Endpoints  
-----             -------      -------  ---------------------  -------------------      -------      -------  ---------------------  -------------------     --------     --------  ----------------------  --------------------  
clk               -48.496   -57958.422                   5489              1465432        0.069        0.000                      0              1465432        4.300        0.000                       0                794962  


------------------------------------------------------------------------------------------------
| Inter Clock Table
| -----------------
------------------------------------------------------------------------------------------------

From Clock    To Clock          WNS(ns)      TNS(ns)  TNS Failing Endpoints  TNS Total Endpoints      WHS(ns)      THS(ns)  THS Failing Endpoints  THS Total Endpoints  
----------    --------          -------      -------  ---------------------  -------------------      -------      -------  ---------------------  -------------------  


------------------------------------------------------------------------------------------------
| Other Path Groups Table
| -----------------------
------------------------------------------------------------------------------------------------

Path Group    From Clock    To Clock          WNS(ns)      TNS(ns)  TNS Failing Endpoints  TNS Total Endpoints      WHS(ns)      THS(ns)  THS Failing Endpoints  THS Total Endpoints  
----------    ----------    --------          -------      -------  ---------------------  -------------------      -------      -------  ---------------------  -------------------  


------------------------------------------------------------------------------------------------
| Timing Details
| --------------
------------------------------------------------------------------------------------------------


---------------------------------------------------------------------------------------------------
From Clock:  clk
  To Clock:  clk

Setup :         5489  Failing Endpoints,  Worst Slack      -48.496ns,  Total Violation   -57958.423ns
Hold  :            0  Failing Endpoints,  Worst Slack        0.069ns,  Total Violation        0.000ns
PW    :            0  Failing Endpoints,  Worst Slack        4.300ns,  Total Violation        0.000ns
---------------------------------------------------------------------------------------------------


Max Delay Paths
--------------------------------------------------------------------------------------
Slack (VIOLATED) :        -48.496ns  (required time - arrival time)
  Source:                 atten/softmax/memInst/mem/mem_ext/Memory_reg_uram_6/CLK
                            (rising edge-triggered cell URAM288 clocked by clk  {rise@0.000ns fall@5.000ns period=10.000ns})
  Destination:            atten/dm2/ctxmemInst/mem/mem_ext/Memory_reg_0/DINADIN[9]
                            (rising edge-triggered cell RAMB36E2 clocked by clk  {rise@0.000ns fall@5.000ns period=10.000ns})
  Path Group:             clk
  Path Type:              Setup (Max at Slow Process Corner)
  Requirement:            10.000ns  (clk rise@10.000ns - clk rise@0.000ns)
  Data Path Delay:        58.189ns  (logic 22.550ns (38.753%)  route 35.639ns (61.247%))
  Logic Levels:           203  (CARRY8=23 DSP_A_B_DATA=4 DSP_ALU=7 DSP_C_DATA=3 DSP_M_DATA=4 DSP_MULTIPLIER=4 DSP_OUTPUT=7 DSP_PREADD_DATA=4 LUT1=1 LUT2=15 LUT3=25 LUT4=13 LUT5=26 LUT6=67)
  Clock Uncertainty:      0.035ns  ((TSJ^2 + TIJ^2)^1/2 + DJ) / 2 + PE
    Total System Jitter     (TSJ):    0.071ns
    Total Input Jitter      (TIJ):    0.000ns
    Discrete Jitter          (DJ):    0.000ns
    Phase Error              (PE):    0.000ns

    Location             Delay type                Incr(ns)  Path(ns)    Netlist Resource(s)
  -------------------------------------------------------------------    -------------------
                         (clock clk rise edge)        0.000     0.000 r  
                                                      0.000     0.000 r  clock (IN)
                         net (fo=803906, unset)       0.000     0.000    atten/softmax/memInst/mem/mem_ext/R0_clk
                         URAM288                                      r  atten/softmax/memInst/mem/mem_ext/Memory_reg_uram_6/CLK
  -------------------------------------------------------------------    -------------------
                         URAM288 (Prop_URAM288_CLK_DOUT_B[56])
                                                      1.991     1.991 r  atten/softmax/memInst/mem/mem_ext/Memory_reg_uram_6/DOUT_B[56]
                         net (fo=1, unplaced)         0.226     2.217    atten/softmax/cuInst/io_data_in[488]
                         LUT2 (Prop_LUT2_I1_O)        0.070     2.287 r  atten/softmax/cuInst/softmax_i_504/O
                         net (fo=7, unplaced)         0.180     2.467    atten/softmax/cuInst/softmax/mul_15/io_a[8]
                         LUT4 (Prop_LUT4_I1_O)        0.090     2.557 r  atten/softmax/cuInst/softmax/mul_15/mul_i_70/O
                         net (fo=3, unplaced)         0.162     2.719    atten/softmax/cuInst/softmax/mul_15/mul_i_70_n_0
                         LUT5 (Prop_LUT5_I1_O)        0.100     2.819 r  atten/softmax/cuInst/softmax/mul_15/mul_i_41/O
                         net (fo=29, unplaced)        0.255     3.074    atten/softmax/cuInst/softmax/mul_15/mul_i_41_n_0
                         LUT6 (Prop_LUT6_I5_O)        0.038     3.112 f  atten/softmax/cuInst/softmax/mul_15/mul_i_93/O
                         net (fo=2, unplaced)         0.197     3.309    atten/softmax/cuInst/softmax/mul_15/mul_i_93_n_0
                         LUT3 (Prop_LUT3_I2_O)        0.038     3.347 f  atten/softmax/cuInst/softmax/mul_15/mul_i_50/O
                         net (fo=2, unplaced)         0.155     3.502    atten/softmax/cuInst/softmax/mul_15/mul_i_50_n_0
                         LUT5 (Prop_LUT5_I0_O)        0.090     3.592 f  atten/softmax/cuInst/softmax/mul_15/mul_i_16/O
                         net (fo=1, unplaced)         0.214     3.806    atten/softmax/cuInst/softmax/mul_15/mul/mulRawFN/mulFullRaw/io_rawOut_sig__0/B[16]
                         DSP_A_B_DATA (Prop_DSP_A_B_DATA_B[16]_B2_DATA[16])
                                                      0.151     3.957 r  atten/softmax/cuInst/softmax/mul_15/mul/mulRawFN/mulFullRaw/io_rawOut_sig__0/DSP_A_B_DATA_INST/B2_DATA[16]
                         net (fo=1, unplaced)         0.000     3.957    atten/softmax/cuInst/softmax/mul_15/mul/mulRawFN/mulFullRaw/io_rawOut_sig__0/DSP_A_B_DATA.B2_DATA<16>
                         DSP_PREADD_DATA (Prop_DSP_PREADD_DATA_B2_DATA[16]_B2B1[16])
                                                      0.073     4.030 r  atten/softmax/cuInst/softmax/mul_15/mul/mulRawFN/mulFullRaw/io_rawOut_sig__0/DSP_PREADD_DATA_INST/B2B1[16]
                         net (fo=1, unplaced)         0.000     4.030    atten/softmax/cuInst/softmax/mul_15/mul/mulRawFN/mulFullRaw/io_rawOut_sig__0/DSP_PREADD_DATA.B2B1<16>
                         DSP_MULTIPLIER (Prop_DSP_MULTIPLIER_B2B1[16]_V[19])
                                                      0.609     4.639 f  atten/softmax/cuInst/softmax/mul_15/mul/mulRawFN/mulFullRaw/io_rawOut_sig__0/DSP_MULTIPLIER_INST/V[19]
                         net (fo=1, unplaced)         0.000     4.639    atten/softmax/cuInst/softmax/mul_15/mul/mulRawFN/mulFullRaw/io_rawOut_sig__0/DSP_MULTIPLIER.V<19>
                         DSP_M_DATA (Prop_DSP_M_DATA_V[19]_V_DATA[19])
                                                      0.046     4.685 r  atten/softmax/cuInst/softmax/mul_15/mul/mulRawFN/mulFullRaw/io_rawOut_sig__0/DSP_M_DATA_INST/V_DATA[19]
                         net (fo=1, unplaced)         0.000     4.685    atten/softmax/cuInst/softmax/mul_15/mul/mulRawFN/mulFullRaw/io_rawOut_sig__0/DSP_M_DATA.V_DATA<19>
                         DSP_ALU (Prop_DSP_ALU_V_DATA[19]_ALU_OUT[19])
                                                      0.571     5.256 f  atten/softmax/cuInst/softmax/mul_15/mul/mulRawFN/mulFullRaw/io_rawOut_sig__0/DSP_ALU_INST/ALU_OUT[19]
                         net (fo=1, unplaced)         0.000     5.256    atten/softmax/cuInst/softmax/mul_15/mul/mulRawFN/mulFullRaw/io_rawOut_sig__0/DSP_ALU.ALU_OUT<19>
                         DSP_OUTPUT (Prop_DSP_OUTPUT_ALU_OUT[19]_P[19])
                                                      0.109     5.365 r  atten/softmax/cuInst/softmax/mul_15/mul/mulRawFN/mulFullRaw/io_rawOut_sig__0/DSP_OUTPUT_INST/P[19]
                         net (fo=1, unplaced)         0.211     5.576    atten/softmax/cuInst/softmax/mul_15/mul/mulRawFN/mulFullRaw/io_rawOut_sig__1/C[2]
                         DSP_C_DATA (Prop_DSP_C_DATA_C[2]_C_DATA[2])
                                                      0.105     5.681 r  atten/softmax/cuInst/softmax/mul_15/mul/mulRawFN/mulFullRaw/io_rawOut_sig__1/DSP_C_DATA_INST/C_DATA[2]
                         net (fo=2, unplaced)         0.000     5.681    atten/softmax/cuInst/softmax/mul_15/mul/mulRawFN/mulFullRaw/io_rawOut_sig__1/DSP_C_DATA.C_DATA<2>
                         DSP_ALU (Prop_DSP_ALU_C_DATA[2]_ALU_OUT[3])
                                                      0.585     6.266 r  atten/softmax/cuInst/softmax/mul_15/mul/mulRawFN/mulFullRaw/io_rawOut_sig__1/DSP_ALU_INST/ALU_OUT[3]
                         net (fo=1, unplaced)         0.000     6.266    atten/softmax/cuInst/softmax/mul_15/mul/mulRawFN/mulFullRaw/io_rawOut_sig__1/DSP_ALU.ALU_OUT<3>
                         DSP_OUTPUT (Prop_DSP_OUTPUT_ALU_OUT[3]_P[3])
                                                      0.109     6.375 f  atten/softmax/cuInst/softmax/mul_15/mul/mulRawFN/mulFullRaw/io_rawOut_sig__1/DSP_OUTPUT_INST/P[3]
                         net (fo=1, unplaced)         0.218     6.593    atten/softmax/cuInst/softmax/mul_15/mul/mulRawFN/_mulFullRaw_io_rawOut_sig[20]
                         LUT6 (Prop_LUT6_I0_O)        0.150     6.743 f  atten/softmax/cuInst/softmax/mul_15/mul/mulRawFN/io_rawOut_sig[0]_INST_0_i_2/O
                         net (fo=1, unplaced)         0.155     6.898    atten/softmax/cuInst/softmax/mul_15/mul/mulRawFN/io_rawOut_sig[0]_INST_0_i_2_n_0
                         LUT4 (Prop_LUT4_I1_O)        0.090     6.988 f  atten/softmax/cuInst/softmax/mul_15/mul/mulRawFN/io_rawOut_sig[0]_INST_0/O
                         net (fo=2, unplaced)         0.156     7.144    atten/softmax/cuInst/softmax/mul_15/mul/roundRawFNToRecFN/roundAnyRawFNToRecFN/io_in_sig[0]
                         LUT6 (Prop_LUT6_I5_O)        0.100     7.244 f  atten/softmax/cuInst/softmax/mul_15/mul/roundRawFNToRecFN/roundAnyRawFNToRecFN/io_out[26]_INST_0_i_58/O
                         net (fo=1, unplaced)         0.197     7.441    atten/softmax/cuInst/softmax/mul_15/mul/roundRawFNToRecFN/roundAnyRawFNToRecFN/io_out[26]_INST_0_i_58_n_0
                         LUT5 (Prop_LUT5_I4_O)        0.038     7.479 f  atten/softmax/cuInst/softmax/mul_15/mul/roundRawFNToRecFN/roundAnyRawFNToRecFN/io_out[26]_INST_0_i_19/O
                         net (fo=1, unplaced)         0.152     7.631    atten/softmax/cuInst/softmax/mul_15/mul/roundRawFNToRecFN/roundAnyRawFNToRecFN/io_out[26]_INST_0_i_19_n_0
                         LUT6 (Prop_LUT6_I3_O)        0.053     7.684 f  atten/softmax/cuInst/softmax/mul_15/mul/roundRawFNToRecFN/roundAnyRawFNToRecFN/io_out[26]_INST_0_i_5/O
                         net (fo=27, unplaced)        0.208     7.892    atten/softmax/cuInst/softmax/mul_15/mul/roundRawFNToRecFN/roundAnyRawFNToRecFN/io_out[26]_INST_0_i_5_n_0
                         LUT4 (Prop_LUT4_I2_O)        0.053     7.945 f  atten/softmax/cuInst/softmax/mul_15/mul/roundRawFNToRecFN/roundAnyRawFNToRecFN/io_out[26]_INST_0_i_1/O
                         net (fo=8, unplaced)         0.225     8.170    atten/softmax/cuInst/softmax/mul_15/mul/roundRawFNToRecFN/roundAnyRawFNToRecFN/io_out[26]_INST_0_i_1_n_0
                         LUT6 (Prop_LUT6_I4_O)        0.038     8.208 r  atten/softmax/cuInst/softmax/mul_15/mul/roundRawFNToRecFN/roundAnyRawFNToRecFN/io_out[28]_INST_0_i_1/O
                         net (fo=6, unplaced)         0.219     8.427    atten/softmax/cuInst/softmax/mul_15/mul/roundRawFNToRecFN/roundAnyRawFNToRecFN/io_out[28]_INST_0_i_1_n_0
                         LUT3 (Prop_LUT3_I0_O)        0.068     8.495 f  atten/softmax/cuInst/softmax/mul_15/mul/roundRawFNToRecFN/roundAnyRawFNToRecFN/io_out[30]_INST_0_i_5/O
                         net (fo=1, unplaced)         0.242     8.737    atten/softmax/cuInst/softmax/mul_15/mul/roundRawFNToRecFN/roundAnyRawFNToRecFN/io_out[30]_INST_0_i_5_n_0
                         CARRY8 (Prop_CARRY8_DI[2]_CO[5])
                                                      0.148     8.885 f  atten/softmax/cuInst/softmax/mul_15/mul/roundRawFNToRecFN/roundAnyRawFNToRecFN/io_out[30]_INST_0_i_1/CO[5]
                         net (fo=5, unplaced)         0.141     9.026    atten/softmax/cuInst/softmax/mul_15/mul/roundRawFNToRecFN/roundAnyRawFNToRecFN/common_totalUnderflow
                         LUT2 (Prop_LUT2_I0_O)        0.038     9.064 f  atten/softmax/cuInst/softmax/mul_15/mul/roundRawFNToRecFN/roundAnyRawFNToRecFN/io_out[31]_INST_0_i_3/O
                         net (fo=1, unplaced)         0.197     9.261    atten/softmax/cuInst/softmax/mul_15/mul/roundRawFNToRecFN/roundAnyRawFNToRecFN/io_out[31]_INST_0_i_3_n_0
                         LUT6 (Prop_LUT6_I3_O)        0.038     9.299 r  atten/softmax/cuInst/softmax/mul_15/mul/roundRawFNToRecFN/roundAnyRawFNToRecFN/io_out[31]_INST_0/O
                         net (fo=12, unplaced)        0.235     9.534    atten/softmax/cuInst/softmax/mul_15/_mul_io_out[31]
                         LUT3 (Prop_LUT3_I1_O)        0.038     9.572 r  atten/softmax/cuInst/softmax/mul_15/io_out[21]_INST_0_i_3/O
                         net (fo=4, unplaced)         0.210     9.782    atten/softmax/cuInst/softmax/mul_15/io_out[21]_INST_0_i_3_n_0
                         LUT5 (Prop_LUT5_I2_O)        0.038     9.820 r  atten/softmax/cuInst/softmax/mul_15/io_out[2]_INST_0_i_2/O
                         net (fo=3, unplaced)         0.203    10.023    atten/softmax/cuInst/softmax/mul_15/io_out[2]_INST_0_i_2_n_0
                         LUT6 (Prop_LUT6_I5_O)        0.038    10.061 r  atten/softmax/cuInst/softmax/mul_15/io_out[6]_INST_0_i_2/O
                         net (fo=2, unplaced)         0.197    10.258    atten/softmax/cuInst/softmax/mul_15/io_out[6]_INST_0_i_2_n_0
                         LUT3 (Prop_LUT3_I2_O)        0.038    10.296 r  atten/softmax/cuInst/softmax/mul_15/io_out[6]_INST_0_i_1/O
                         net (fo=2, unplaced)         0.197    10.493    atten/softmax/cuInst/softmax/mul_15/io_out[6]_INST_0_i_1_n_0
                         LUT6 (Prop_LUT6_I2_O)        0.038    10.531 r  atten/softmax/cuInst/softmax/mul_15/io_out[5]_INST_0/O
                         net (fo=10, unplaced)        0.189    10.720    atten/softmax/cuInst/softmax/toInt_15/io_in[5]
                         LUT6 (Prop_LUT6_I0_O)        0.100    10.820 f  atten/softmax/cuInst/softmax/toInt_15/cvt_i_76/O
                         net (fo=1, unplaced)         0.197    11.017    atten/softmax/cuInst/softmax/toInt_15/cvt_i_76_n_0
                         LUT6 (Prop_LUT6_I0_O)        0.038    11.055 f  atten/softmax/cuInst/softmax/toInt_15/cvt_i_42/O
                         net (fo=26, unplaced)        0.252    11.307    atten/softmax/cuInst/softmax/toInt_15/cvt_i_42_n_0
                         LUT6 (Prop_LUT6_I4_O)        0.038    11.345 f  atten/softmax/cuInst/softmax/toInt_15/cvt_i_38/O
                         net (fo=3, unplaced)         0.203    11.548    atten/softmax/cuInst/softmax/toInt_15/cvt_i_38_n_0
                         LUT6 (Prop_LUT6_I2_O)        0.038    11.586 r  atten/softmax/cuInst/softmax/toInt_15/cvt_i_33/O
                         net (fo=2, unplaced)         0.197    11.783    atten/softmax/cuInst/softmax/toInt_15/cvt_i_33_n_0
                         LUT3 (Prop_LUT3_I0_O)        0.038    11.821 r  atten/softmax/cuInst/softmax/toInt_15/cvt_i_1/O
                         net (fo=48, unplaced)        0.266    12.087    atten/softmax/cuInst/softmax/toInt_15/cvt/io_in[31]
                         LUT2 (Prop_LUT2_I0_O)        0.038    12.125 r  atten/softmax/cuInst/softmax/toInt_15/cvt/io_out[13]_INST_0_i_5/O
                         net (fo=18, unplaced)        0.244    12.369    atten/softmax/cuInst/softmax/toInt_15/cvt/io_out[13]_INST_0_i_5_n_0
                         LUT6 (Prop_LUT6_I4_O)        0.038    12.407 f  atten/softmax/cuInst/softmax/toInt_15/cvt/io_out[0]_INST_0_i_2/O
                         net (fo=4, unplaced)         0.168    12.575    atten/softmax/cuInst/softmax/toInt_15/cvt/io_out[0]_INST_0_i_2_n_0
                         LUT6 (Prop_LUT6_I0_O)        0.090    12.665 f  atten/softmax/cuInst/softmax/toInt_15/cvt/io_out[0]_INST_0_i_1/O
                         net (fo=10, unplaced)        0.188    12.853    atten/softmax/cuInst/softmax/toInt_15/cvt/io_out[0]_INST_0_i_1_n_0
                         LUT4 (Prop_LUT4_I1_O)        0.090    12.943 r  atten/softmax/cuInst/softmax/toInt_15/cvt/io_out[15]_INST_0_i_20/O
                         net (fo=1, unplaced)         0.197    13.140    atten/softmax/cuInst/softmax/toInt_15/cvt/io_out[15]_INST_0_i_20_n_0
                         LUT5 (Prop_LUT5_I4_O)        0.038    13.178 f  atten/softmax/cuInst/softmax/toInt_15/cvt/io_out[15]_INST_0_i_8/O
                         net (fo=1, unplaced)         0.155    13.333    atten/softmax/cuInst/softmax/toInt_15/cvt/io_out[15]_INST_0_i_8_n_0
                         LUT6 (Prop_LUT6_I2_O)        0.090    13.423 r  atten/softmax/cuInst/softmax/toInt_15/cvt/io_out[15]_INST_0_i_2/O
                         net (fo=16, unplaced)        0.241    13.664    atten/softmax/cuInst/softmax/toInt_15/cvt/io_out[15]_INST_0_i_2_n_0
                         LUT6 (Prop_LUT6_I2_O)        0.038    13.702 f  atten/softmax/cuInst/softmax/toInt_15/cvt/io_out[0]_INST_0/O
                         net (fo=1, unplaced)         0.197    13.899    atten/softmax/cuInst/softmax/_toInt_15_io_out[0]
                         LUT2 (Prop_LUT2_I1_O)        0.070    13.969 f  atten/softmax/cuInst/softmax/maxPreProcess_i_256/O
                         net (fo=7, unplaced)         0.222    14.191    atten/softmax/cuInst/softmax/maxPreProcess/io_in_15[0]
                         LUT4 (Prop_LUT4_I3_O)        0.070    14.261 r  atten/softmax/cuInst/softmax/maxPreProcess/io_out_0[8]_INST_0_i_258/O
                         net (fo=1, unplaced)         0.260    14.521    atten/softmax/cuInst/softmax/maxPreProcess/io_out_0[8]_INST_0_i_258_n_0
                         CARRY8 (Prop_CARRY8_DI[0]_CO[7])
                                                      0.140    14.661 r  atten/softmax/cuInst/softmax/maxPreProcess/io_out_0[8]_INST_0_i_129/CO[7]
                         net (fo=48, unplaced)        0.313    14.974    atten/softmax/cuInst/softmax/maxPreProcess/io_out_0[8]_INST_0_i_129_n_0
                         LUT3 (Prop_LUT3_I1_O)        0.038    15.012 r  atten/softmax/cuInst/softmax/maxPreProcess/io_out_0[8]_INST_0_i_480/O
                         net (fo=1, unplaced)         0.155    15.167    atten/softmax/cuInst/softmax/maxPreProcess/io_out_0[8]_INST_0_i_480_n_0
                         LUT6 (Prop_LUT6_I0_O)        0.090    15.257 r  atten/softmax/cuInst/softmax/maxPreProcess/io_out_0[8]_INST_0_i_274/O
                         net (fo=1, unplaced)         0.244    15.501    atten/softmax/cuInst/softmax/maxPreProcess/io_out_0[8]_INST_0_i_274_n_0
                         CARRY8 (Prop_CARRY8_DI[0]_CO[7])
                                                      0.140    15.641 r  atten/softmax/cuInst/softmax/maxPreProcess/io_out_0[8]_INST_0_i_130/CO[7]
                         net (fo=16, unplaced)        0.289    15.930    atten/softmax/cuInst/softmax/maxPreProcess/io_out_0[8]_INST_0_i_130_n_0
                         LUT5 (Prop_LUT5_I3_O)        0.038    15.968 f  atten/softmax/cuInst/softmax/maxPreProcess/io_out_0[0]_INST_0_i_118/O
                         net (fo=3, unplaced)         0.203    16.171    atten/softmax/cuInst/softmax/maxPreProcess/io_out_0[0]_INST_0_i_118_n_0
                         LUT4 (Prop_LUT4_I3_O)        0.070    16.241 r  atten/softmax/cuInst/softmax/maxPreProcess/io_out_0[8]_INST_0_i_120/O
                         net (fo=1, unplaced)         0.260    16.501    atten/softmax/cuInst/softmax/maxPreProcess/io_out_0[8]_INST_0_i_120_n_0
                         CARRY8 (Prop_CARRY8_DI[0]_CO[7])
                                                      0.140    16.641 r  atten/softmax/cuInst/softmax/maxPreProcess/io_out_0[8]_INST_0_i_32/CO[7]
                         net (fo=16, unplaced)        0.289    16.930    atten/softmax/cuInst/softmax/maxPreProcess/io_out_0[8]_INST_0_i_32_n_0
                         LUT3 (Prop_LUT3_I1_O)        0.038    16.968 r  atten/softmax/cuInst/softmax/maxPreProcess/io_out_0[0]_INST_0_i_24/O
                         net (fo=30, unplaced)        0.213    17.181    atten/softmax/cuInst/softmax/maxPreProcess/io_out_0[0]_INST_0_i_24_n_0
                         LUT6 (Prop_LUT6_I3_O)        0.090    17.271 r  atten/softmax/cuInst/softmax/maxPreProcess/io_out_0[8]_INST_0_i_41/O
                         net (fo=1, unplaced)         0.244    17.515    atten/softmax/cuInst/softmax/maxPreProcess/io_out_0[8]_INST_0_i_41_n_0
                         CARRY8 (Prop_CARRY8_DI[0]_CO[7])
                                                      0.140    17.655 r  atten/softmax/cuInst/softmax/maxPreProcess/io_out_0[8]_INST_0_i_10/CO[7]
                         net (fo=232, unplaced)       0.349    18.004    atten/softmax/cuInst/softmax/maxPreProcess/io_out_0[8]_INST_0_i_10_n_0
                         LUT5 (Prop_LUT5_I4_O)        0.038    18.042 f  atten/softmax/cuInst/softmax/maxPreProcess/io_out_0[0]_INST_0_i_27/O
                         net (fo=28, unplaced)        0.212    18.254    atten/softmax/cuInst/softmax/maxPreProcess/io_out_0[0]_INST_0_i_27_n_0
                         LUT6 (Prop_LUT6_I5_O)        0.090    18.344 r  atten/softmax/cuInst/softmax/maxPreProcess/io_out_0[8]_INST_0_i_60/O
                         net (fo=1, unplaced)         0.244    18.588    atten/softmax/cuInst/softmax/maxPreProcess/io_out_0[8]_INST_0_i_60_n_0
                         CARRY8 (Prop_CARRY8_DI[0]_CO[7])
                                                      0.140    18.728 r  atten/softmax/cuInst/softmax/maxPreProcess/io_out_0[8]_INST_0_i_12/CO[7]
                         net (fo=416, unplaced)       0.362    19.090    atten/softmax/cuInst/softmax/maxPreProcess/io_out_0[8]_INST_0_i_12_n_0
                         LUT6 (Prop_LUT6_I4_O)        0.037    19.127 r  atten/softmax/cuInst/softmax/maxPreProcess/io_out_23[0]_INST_0_i_7/O
                         net (fo=1, unplaced)         0.023    19.150    atten/softmax/cuInst/softmax/maxPreProcess/io_out_23[0]_INST_0_i_7_n_0
                         CARRY8 (Prop_CARRY8_S[1]_CO[7])
                                                      0.197    19.347 r  atten/softmax/cuInst/softmax/maxPreProcess/io_out_23[0]_INST_0/CO[7]
                         net (fo=1, unplaced)         0.005    19.352    atten/softmax/cuInst/softmax/maxPreProcess/io_out_23[0]_INST_0_n_0
                         CARRY8 (Prop_CARRY8_CI_O[7])
                                                      0.116    19.468 f  atten/softmax/cuInst/softmax/maxPreProcess/io_out_23[8]_INST_0/O[7]
                         net (fo=9, unplaced)         0.239    19.707    atten/softmax/cuInst/softmax/full_23/A[15]
                         DSP_A_B_DATA (Prop_DSP_A_B_DATA_A[15]_A2_DATA[15])
                                                      0.192    19.899 r  atten/softmax/cuInst/softmax/full_23/DSP_A_B_DATA_INST/A2_DATA[15]
                         net (fo=1, unplaced)         0.000    19.899    atten/softmax/cuInst/softmax/full_23/DSP_A_B_DATA.A2_DATA<15>
                         DSP_PREADD_DATA (Prop_DSP_PREADD_DATA_A2_DATA[15]_A2A1[15])
                                                      0.076    19.975 r  atten/softmax/cuInst/softmax/full_23/DSP_PREADD_DATA_INST/A2A1[15]
                         net (fo=1, unplaced)         0.000    19.975    atten/softmax/cuInst/softmax/full_23/DSP_PREADD_DATA.A2A1<15>
                         DSP_MULTIPLIER (Prop_DSP_MULTIPLIER_A2A1[15]_U[16])
                                                      0.505    20.480 f  atten/softmax/cuInst/softmax/full_23/DSP_MULTIPLIER_INST/U[16]
                         net (fo=1, unplaced)         0.000    20.480    atten/softmax/cuInst/softmax/full_23/DSP_MULTIPLIER.U<16>
                         DSP_M_DATA (Prop_DSP_M_DATA_U[16]_U_DATA[16])
                                                      0.047    20.527 r  atten/softmax/cuInst/softmax/full_23/DSP_M_DATA_INST/U_DATA[16]
                         net (fo=1, unplaced)         0.000    20.527    atten/softmax/cuInst/softmax/full_23/DSP_M_DATA.U_DATA<16>
                         DSP_ALU (Prop_DSP_ALU_U_DATA[16]_ALU_OUT[16])
                                                      0.585    21.112 r  atten/softmax/cuInst/softmax/full_23/DSP_ALU_INST/ALU_OUT[16]
                         net (fo=1, unplaced)         0.000    21.112    atten/softmax/cuInst/softmax/full_23/DSP_ALU.ALU_OUT<16>
                         DSP_OUTPUT (Prop_DSP_OUTPUT_ALU_OUT[16]_P[16])
                                                      0.109    21.221 f  atten/softmax/cuInst/softmax/full_23/DSP_OUTPUT_INST/P[16]
                         net (fo=47, unplaced)        0.219    21.440    atten/softmax/cuInst/softmax/exp2Stage1/io_in_23[8]
                         LUT2 (Prop_LUT2_I0_O)        0.100    21.540 f  atten/softmax/cuInst/softmax/exp2Stage1/io_out_23[15]_INST_0_i_11/O
                         net (fo=1, unplaced)         0.260    21.800    atten/softmax/cuInst/softmax/exp2Stage1/io_out_23[15]_INST_0_i_11_n_0
                         CARRY8 (Prop_CARRY8_DI[0]_CO[3])
                                                      0.182    21.982 f  atten/softmax/cuInst/softmax/exp2Stage1/io_out_23[15]_INST_0_i_3/CO[3]
                         net (fo=16, unplaced)        0.198    22.180    atten/softmax/cuInst/softmax/exp2Stage1/io_out_23[15]_INST_0_i_3_n_4
                         LUT6 (Prop_LUT6_I0_O)        0.053    22.233 r  atten/softmax/cuInst/softmax/exp2Stage1/io_out_23[0]_INST_0/O
                         net (fo=3, unplaced)         0.161    22.394    atten/softmax/cuInst/softmax/sum/io_in_23[0]
                         LUT3 (Prop_LUT3_I0_O)        0.090    22.484 r  atten/softmax/cuInst/softmax/sum/io_out[8]_INST_0_i_246/O
                         net (fo=1, unplaced)         0.221    22.705    atten/softmax/cuInst/softmax/sum/io_out[8]_INST_0_i_246_n_0
                         CARRY8 (Prop_CARRY8_DI[1]_O[2])
                                                      0.099    22.804 r  atten/softmax/cuInst/softmax/sum/io_out[8]_INST_0_i_156/O[2]
                         net (fo=3, unplaced)         0.207    23.011    atten/softmax/cuInst/softmax/sum/io_out[8]_INST_0_i_156_n_13
                         LUT3 (Prop_LUT3_I0_O)        0.090    23.101 r  atten/softmax/cuInst/softmax/sum/io_out[8]_INST_0_i_125/O
                         net (fo=1, unplaced)         0.198    23.299    atten/softmax/cuInst/softmax/sum/io_out[8]_INST_0_i_125_n_0
                         CARRY8 (Prop_CARRY8_DI[3]_O[7])
                                                      0.184    23.483 r  atten/softmax/cuInst/softmax/sum/io_out[8]_INST_0_i_26/O[7]
                         net (fo=5, unplaced)         0.173    23.656    atten/softmax/cuInst/softmax/sum/io_out[8]_INST_0_i_26_n_8
                         LUT3 (Prop_LUT3_I2_O)        0.038    23.694 r  atten/softmax/cuInst/softmax/sum/io_out[8]_INST_0_i_29/O
                         net (fo=1, unplaced)         0.197    23.891    atten/softmax/cuInst/softmax/sum/io_out[8]_INST_0_i_29_n_0
                         LUT5 (Prop_LUT5_I3_O)        0.038    23.929 r  atten/softmax/cuInst/softmax/sum/io_out[8]_INST_0_i_7/O
                         net (fo=1, unplaced)         0.244    24.173    atten/softmax/cuInst/softmax/sum/io_out[8]_INST_0_i_7_n_0
                         CARRY8 (Prop_CARRY8_DI[0]_O[5])
                                                      0.208    24.381 f  atten/softmax/cuInst/softmax/sum/io_out[8]_INST_0/O[5]
                         net (fo=27, unplaced)        0.197    24.578    atten/softmax/cuInst/softmax/log2/io_in_0[13]
                         LUT4 (Prop_LUT4_I0_O)        0.100    24.678 f  atten/softmax/cuInst/softmax/log2/io_out_0[7]_INST_0_i_4/O
                         net (fo=15, unplaced)        0.195    24.873    atten/softmax/cuInst/softmax/log2/io_out_0[7]_INST_0_i_4_n_0
                         LUT6 (Prop_LUT6_I2_O)        0.053    24.926 r  atten/softmax/cuInst/softmax/log2/io_out_0[7]_INST_0_i_1/O
                         net (fo=2, unplaced)         0.197    25.123    atten/softmax/cuInst/softmax/log2/io_out_0[7]_INST_0_i_1_n_0
                         LUT3 (Prop_LUT3_I0_O)        0.038    25.161 r  atten/softmax/cuInst/softmax/log2/io_out_0[14]_INST_0_i_16/O
                         net (fo=1, unplaced)         0.020    25.181    atten/softmax/cuInst/softmax/log2/x[7]
                         CARRY8 (Prop_CARRY8_S[0]_O[4])
                                                      0.206    25.387 r  atten/softmax/cuInst/softmax/log2/io_out_0[14]_INST_0_i_1/O[4]
                         net (fo=1, unplaced)         0.155    25.542    atten/softmax/cuInst/softmax/log2/io_out_0[14]_INST_0_i_1_n_11
                         LUT3 (Prop_LUT3_I0_O)        0.053    25.595 r  atten/softmax/cuInst/softmax/log2/io_out_0[11]_INST_0/O
                         net (fo=26, unplaced)        0.252    25.847    atten/softmax/cuInst/softmax/_log2_io_out_0[11]
                         LUT2 (Prop_LUT2_I1_O)        0.037    25.884 r  atten/softmax/cuInst/softmax/exp2Stage2_i_73/O
                         net (fo=1, unplaced)         0.032    25.916    atten/softmax/cuInst/softmax/exp2Stage2_i_73_n_0
                         CARRY8 (Prop_CARRY8_S[3]_O[4])
                                                      0.149    26.065 r  atten/softmax/cuInst/softmax/exp2Stage2_i_3/O[4]
                         net (fo=28, unplaced)        0.212    26.277    atten/softmax/cuInst/softmax/exp2Stage2/io_in_1[12]
                         LUT2 (Prop_LUT2_I0_O)        0.099    26.376 r  atten/softmax/cuInst/softmax/exp2Stage2/io_out_1[15]_INST_0_i_9/O
                         net (fo=1, unplaced)         0.242    26.618    atten/softmax/cuInst/softmax/exp2Stage2/io_out_1[15]_INST_0_i_9_n_0
                         CARRY8 (Prop_CARRY8_DI[2]_CO[3])
                                                      0.134    26.752 r  atten/softmax/cuInst/softmax/exp2Stage2/io_out_1[15]_INST_0_i_3/CO[3]
                         net (fo=16, unplaced)        0.198    26.950    atten/softmax/cuInst/softmax/exp2Stage2/io_out_1[15]_INST_0_i_3_n_4
                         LUT6 (Prop_LUT6_I0_O)        0.053    27.003 f  atten/softmax/cuInst/softmax/exp2Stage2/io_out_1[0]_INST_0/O
                         net (fo=18, unplaced)        0.203    27.206    atten/softmax/cuInst/softmax/toFp_1/cvt/io_in[0]
                         LUT6 (Prop_LUT6_I2_O)        0.100    27.306 r  atten/softmax/cuInst/softmax/toFp_1/cvt/io_out[31]_INST_0_i_28/O
                         net (fo=10, unplaced)        0.230    27.536    atten/softmax/cuInst/softmax/toFp_1/cvt/io_out[31]_INST_0_i_28_n_0
                         LUT5 (Prop_LUT5_I2_O)        0.038    27.574 r  atten/softmax/cuInst/softmax/toFp_1/cvt/io_out[31]_INST_0_i_30/O
                         net (fo=3, unplaced)         0.203    27.777    atten/softmax/cuInst/softmax/toFp_1/cvt/io_out[31]_INST_0_i_30_n_0
                         LUT5 (Prop_LUT5_I1_O)        0.070    27.847 f  atten/softmax/cuInst/softmax/toFp_1/cvt/io_out[31]_INST_0_i_23/O
                         net (fo=3, unplaced)         0.161    28.008    atten/softmax/cuInst/softmax/toFp_1/cvt/io_out[31]_INST_0_i_23_n_0
                         LUT5 (Prop_LUT5_I0_O)        0.090    28.098 r  atten/softmax/cuInst/softmax/toFp_1/cvt/io_out[26]_INST_0_i_1/O
                         net (fo=20, unplaced)        0.246    28.344    atten/softmax/cuInst/softmax/toFp_1/cvt/intAsRawFloat_adjustedNormDist[3]
                         LUT6 (Prop_LUT6_I4_O)        0.038    28.382 f  atten/softmax/cuInst/softmax/toFp_1/cvt/io_out[31]_INST_0_i_4/O
                         net (fo=4, unplaced)         0.169    28.551    atten/softmax/cuInst/softmax/toFp_1/cvt/io_out[31]_INST_0_i_4_n_0
                         LUT6 (Prop_LUT6_I2_O)        0.100    28.651 r  atten/softmax/cuInst/softmax/toFp_1/cvt/roundAnyRawFNToRecFN_i_1/O
                         net (fo=15, unplaced)        0.240    28.891    atten/softmax/cuInst/softmax/toFp_1/cvt/roundAnyRawFNToRecFN/io_in_isZero
                         LUT2 (Prop_LUT2_I1_O)        0.070    28.961 f  atten/softmax/cuInst/softmax/toFp_1/cvt/roundAnyRawFNToRecFN/io_out[20]_INST_0/O
                         net (fo=4, unplaced)         0.210    29.171    atten/softmax/cuInst/softmax/toFp_1/_cvt_io_out[20]
                         LUT5 (Prop_LUT5_I4_O)        0.038    29.209 f  atten/softmax/cuInst/softmax/toFp_1/io_out[1]_INST_0_i_1/O
                         net (fo=2, unplaced)         0.197    29.406    atten/softmax/cuInst/softmax/toFp_1/io_out[1]_INST_0_i_1_n_0
                         LUT5 (Prop_LUT5_I3_O)        0.038    29.444 f  atten/softmax/cuInst/softmax/toFp_1/io_out[1]_INST_0/O
                         net (fo=13, unplaced)        0.236    29.680    atten/softmax/cuInst/softmax/mul_27/io_a[1]
                         LUT6 (Prop_LUT6_I4_O)        0.038    29.718 r  atten/softmax/cuInst/softmax/mul_27/mul_i_97/O
                         net (fo=1, unplaced)         0.197    29.915    atten/softmax/cuInst/softmax/mul_27/mul_i_97_n_0
                         LUT5 (Prop_LUT5_I0_O)        0.038    29.953 r  atten/softmax/cuInst/softmax/mul_27/mul_i_77/O
                         net (fo=1, unplaced)         0.197    30.150    atten/softmax/cuInst/softmax/mul_27/mul_i_77_n_0
                         LUT6 (Prop_LUT6_I0_O)        0.038    30.188 r  atten/softmax/cuInst/softmax/mul_27/mul_i_39/O
                         net (fo=27, unplaced)        0.253    30.441    atten/softmax/cuInst/softmax/mul_27/mul_i_39_n_0
                         LUT3 (Prop_LUT3_I0_O)        0.038    30.479 f  atten/softmax/cuInst/softmax/mul_27/mul_i_50/O
                         net (fo=2, unplaced)         0.197    30.676    atten/softmax/cuInst/softmax/mul_27/mul_i_50_n_0
                         LUT5 (Prop_LUT5_I2_O)        0.038    30.714 f  atten/softmax/cuInst/softmax/mul_27/mul_i_16/O
                         net (fo=1, unplaced)         0.214    30.928    atten/softmax/cuInst/softmax/mul_27/mul/mulRawFN/mulFullRaw/io_rawOut_sig__0/B[16]
                         DSP_A_B_DATA (Prop_DSP_A_B_DATA_B[16]_B2_DATA[16])
                                                      0.151    31.079 r  atten/softmax/cuInst/softmax/mul_27/mul/mulRawFN/mulFullRaw/io_rawOut_sig__0/DSP_A_B_DATA_INST/B2_DATA[16]
                         net (fo=1, unplaced)         0.000    31.079    atten/softmax/cuInst/softmax/mul_27/mul/mulRawFN/mulFullRaw/io_rawOut_sig__0/DSP_A_B_DATA.B2_DATA<16>
                         DSP_PREADD_DATA (Prop_DSP_PREADD_DATA_B2_DATA[16]_B2B1[16])
                                                      0.073    31.152 r  atten/softmax/cuInst/softmax/mul_27/mul/mulRawFN/mulFullRaw/io_rawOut_sig__0/DSP_PREADD_DATA_INST/B2B1[16]
                         net (fo=1, unplaced)         0.000    31.152    atten/softmax/cuInst/softmax/mul_27/mul/mulRawFN/mulFullRaw/io_rawOut_sig__0/DSP_PREADD_DATA.B2B1<16>
                         DSP_MULTIPLIER (Prop_DSP_MULTIPLIER_B2B1[16]_V[19])
                                                      0.609    31.761 f  atten/softmax/cuInst/softmax/mul_27/mul/mulRawFN/mulFullRaw/io_rawOut_sig__0/DSP_MULTIPLIER_INST/V[19]
                         net (fo=1, unplaced)         0.000    31.761    atten/softmax/cuInst/softmax/mul_27/mul/mulRawFN/mulFullRaw/io_rawOut_sig__0/DSP_MULTIPLIER.V<19>
                         DSP_M_DATA (Prop_DSP_M_DATA_V[19]_V_DATA[19])
                                                      0.046    31.807 r  atten/softmax/cuInst/softmax/mul_27/mul/mulRawFN/mulFullRaw/io_rawOut_sig__0/DSP_M_DATA_INST/V_DATA[19]
                         net (fo=1, unplaced)         0.000    31.807    atten/softmax/cuInst/softmax/mul_27/mul/mulRawFN/mulFullRaw/io_rawOut_sig__0/DSP_M_DATA.V_DATA<19>
                         DSP_ALU (Prop_DSP_ALU_V_DATA[19]_ALU_OUT[19])
                                                      0.571    32.378 f  atten/softmax/cuInst/softmax/mul_27/mul/mulRawFN/mulFullRaw/io_rawOut_sig__0/DSP_ALU_INST/ALU_OUT[19]
                         net (fo=1, unplaced)         0.000    32.378    atten/softmax/cuInst/softmax/mul_27/mul/mulRawFN/mulFullRaw/io_rawOut_sig__0/DSP_ALU.ALU_OUT<19>
                         DSP_OUTPUT (Prop_DSP_OUTPUT_ALU_OUT[19]_P[19])
                                                      0.109    32.487 r  atten/softmax/cuInst/softmax/mul_27/mul/mulRawFN/mulFullRaw/io_rawOut_sig__0/DSP_OUTPUT_INST/P[19]
                         net (fo=1, unplaced)         0.211    32.698    atten/softmax/cuInst/softmax/mul_27/mul/mulRawFN/mulFullRaw/io_rawOut_sig__1/C[2]
                         DSP_C_DATA (Prop_DSP_C_DATA_C[2]_C_DATA[2])
                                                      0.105    32.803 r  atten/softmax/cuInst/softmax/mul_27/mul/mulRawFN/mulFullRaw/io_rawOut_sig__1/DSP_C_DATA_INST/C_DATA[2]
                         net (fo=2, unplaced)         0.000    32.803    atten/softmax/cuInst/softmax/mul_27/mul/mulRawFN/mulFullRaw/io_rawOut_sig__1/DSP_C_DATA.C_DATA<2>
                         DSP_ALU (Prop_DSP_ALU_C_DATA[2]_ALU_OUT[3])
                                                      0.585    33.388 r  atten/softmax/cuInst/softmax/mul_27/mul/mulRawFN/mulFullRaw/io_rawOut_sig__1/DSP_ALU_INST/ALU_OUT[3]
                         net (fo=1, unplaced)         0.000    33.388    atten/softmax/cuInst/softmax/mul_27/mul/mulRawFN/mulFullRaw/io_rawOut_sig__1/DSP_ALU.ALU_OUT<3>
                         DSP_OUTPUT (Prop_DSP_OUTPUT_ALU_OUT[3]_P[3])
                                                      0.109    33.497 f  atten/softmax/cuInst/softmax/mul_27/mul/mulRawFN/mulFullRaw/io_rawOut_sig__1/DSP_OUTPUT_INST/P[3]
                         net (fo=1, unplaced)         0.218    33.715    atten/softmax/cuInst/softmax/mul_27/mul/mulRawFN/_mulFullRaw_io_rawOut_sig[20]
                         LUT6 (Prop_LUT6_I0_O)        0.150    33.865 f  atten/softmax/cuInst/softmax/mul_27/mul/mulRawFN/io_rawOut_sig[0]_INST_0_i_2/O
                         net (fo=1, unplaced)         0.155    34.020    atten/softmax/cuInst/softmax/mul_27/mul/mulRawFN/io_rawOut_sig[0]_INST_0_i_2_n_0
                         LUT4 (Prop_LUT4_I1_O)        0.090    34.110 f  atten/softmax/cuInst/softmax/mul_27/mul/mulRawFN/io_rawOut_sig[0]_INST_0/O
                         net (fo=2, unplaced)         0.156    34.266    atten/softmax/cuInst/softmax/mul_27/mul/roundRawFNToRecFN/roundAnyRawFNToRecFN/io_in_sig[0]
                         LUT6 (Prop_LUT6_I5_O)        0.100    34.366 f  atten/softmax/cuInst/softmax/mul_27/mul/roundRawFNToRecFN/roundAnyRawFNToRecFN/io_out[26]_INST_0_i_39/O
                         net (fo=1, unplaced)         0.197    34.563    atten/softmax/cuInst/softmax/mul_27/mul/roundRawFNToRecFN/roundAnyRawFNToRecFN/io_out[26]_INST_0_i_39_n_0
                         LUT5 (Prop_LUT5_I4_O)        0.038    34.601 f  atten/softmax/cuInst/softmax/mul_27/mul/roundRawFNToRecFN/roundAnyRawFNToRecFN/io_out[26]_INST_0_i_12/O
                         net (fo=1, unplaced)         0.152    34.753    atten/softmax/cuInst/softmax/mul_27/mul/roundRawFNToRecFN/roundAnyRawFNToRecFN/io_out[26]_INST_0_i_12_n_0
                         LUT6 (Prop_LUT6_I3_O)        0.053    34.806 f  atten/softmax/cuInst/softmax/mul_27/mul/roundRawFNToRecFN/roundAnyRawFNToRecFN/io_out[26]_INST_0_i_4/O
                         net (fo=27, unplaced)        0.211    35.017    atten/softmax/cuInst/softmax/mul_27/mul/roundRawFNToRecFN/roundAnyRawFNToRecFN/io_out[26]_INST_0_i_4_n_0
                         LUT4 (Prop_LUT4_I1_O)        0.112    35.129 f  atten/softmax/cuInst/softmax/mul_27/mul/roundRawFNToRecFN/roundAnyRawFNToRecFN/io_out[26]_INST_0_i_1/O
                         net (fo=8, unplaced)         0.225    35.354    atten/softmax/cuInst/softmax/mul_27/mul/roundRawFNToRecFN/roundAnyRawFNToRecFN/io_out[26]_INST_0_i_1_n_0
                         LUT6 (Prop_LUT6_I4_O)        0.038    35.392 r  atten/softmax/cuInst/softmax/mul_27/mul/roundRawFNToRecFN/roundAnyRawFNToRecFN/io_out[28]_INST_0_i_1/O
                         net (fo=6, unplaced)         0.219    35.611    atten/softmax/cuInst/softmax/mul_27/mul/roundRawFNToRecFN/roundAnyRawFNToRecFN/io_out[28]_INST_0_i_1_n_0
                         LUT3 (Prop_LUT3_I0_O)        0.068    35.679 r  atten/softmax/cuInst/softmax/mul_27/mul/roundRawFNToRecFN/roundAnyRawFNToRecFN/io_out[30]_INST_0_i_5/O
                         net (fo=1, unplaced)         0.242    35.921    atten/softmax/cuInst/softmax/mul_27/mul/roundRawFNToRecFN/roundAnyRawFNToRecFN/io_out[30]_INST_0_i_5_n_0
                         CARRY8 (Prop_CARRY8_DI[2]_CO[5])
                                                      0.148    36.069 r  atten/softmax/cuInst/softmax/mul_27/mul/roundRawFNToRecFN/roundAnyRawFNToRecFN/io_out[30]_INST_0_i_1/CO[5]
                         net (fo=5, unplaced)         0.141    36.210    atten/softmax/cuInst/softmax/mul_27/mul/roundRawFNToRecFN/roundAnyRawFNToRecFN/common_totalUnderflow
                         LUT2 (Prop_LUT2_I0_O)        0.038    36.248 r  atten/softmax/cuInst/softmax/mul_27/mul/roundRawFNToRecFN/roundAnyRawFNToRecFN/io_out[31]_INST_0_i_3/O
                         net (fo=1, unplaced)         0.197    36.445    atten/softmax/cuInst/softmax/mul_27/mul/roundRawFNToRecFN/roundAnyRawFNToRecFN/io_out[31]_INST_0_i_3_n_0
                         LUT6 (Prop_LUT6_I3_O)        0.038    36.483 f  atten/softmax/cuInst/softmax/mul_27/mul/roundRawFNToRecFN/roundAnyRawFNToRecFN/io_out[31]_INST_0/O
                         net (fo=12, unplaced)        0.235    36.718    atten/softmax/cuInst/softmax/mul_27/_mul_io_out[31]
                         LUT3 (Prop_LUT3_I0_O)        0.038    36.756 f  atten/softmax/cuInst/softmax/mul_27/io_out[21]_INST_0_i_3/O
                         net (fo=4, unplaced)         0.210    36.966    atten/softmax/cuInst/softmax/mul_27/io_out[21]_INST_0_i_3_n_0
                         LUT5 (Prop_LUT5_I2_O)        0.038    37.004 f  atten/softmax/cuInst/softmax/mul_27/io_out[0]_INST_0_i_2/O
                         net (fo=3, unplaced)         0.203    37.207    atten/softmax/cuInst/softmax/mul_27/io_out[0]_INST_0_i_2_n_0
                         LUT6 (Prop_LUT6_I5_O)        0.038    37.245 f  atten/softmax/cuInst/softmax/mul_27/io_out[6]_INST_0_i_2/O
                         net (fo=2, unplaced)         0.197    37.442    atten/softmax/cuInst/softmax/mul_27/io_out[6]_INST_0_i_2_n_0
                         LUT3 (Prop_LUT3_I2_O)        0.038    37.480 f  atten/softmax/cuInst/softmax/mul_27/io_out[6]_INST_0_i_1/O
                         net (fo=2, unplaced)         0.197    37.677    atten/softmax/cuInst/softmax/mul_27/io_out[6]_INST_0_i_1_n_0
                         LUT6 (Prop_LUT6_I2_O)        0.038    37.715 f  atten/softmax/cuInst/softmax/mul_27/io_out[5]_INST_0/O
                         net (fo=1, unplaced)         0.197    37.912    atten/softmax/cuInst/softmax/_mul_27_io_out[5]
                         LUT2 (Prop_LUT2_I1_O)        0.070    37.982 f  atten/softmax/cuInst/softmax/io_out_1[5]_INST_0/O
                         net (fo=10, unplaced)        0.189    38.171    atten/dm2/ctxQuant/mul_1/io_a[5]
                         LUT4 (Prop_LUT4_I0_O)        0.100    38.271 f  atten/dm2/ctxQuant/mul_1/mul_i_134/O
                         net (fo=2, unplaced)         0.197    38.468    atten/dm2/ctxQuant/mul_1/mul_i_134_n_0
                         LUT5 (Prop_LUT5_I2_O)        0.038    38.506 r  atten/dm2/ctxQuant/mul_1/mul_i_73/O
                         net (fo=29, unplaced)        0.255    38.761    atten/dm2/ctxQuant/mul_1/mul_i_73_n_0
                         LUT6 (Prop_LUT6_I2_O)        0.038    38.799 f  atten/dm2/ctxQuant/mul_1/mul_i_159/O
                         net (fo=2, unplaced)         0.197    38.996    atten/dm2/ctxQuant/mul_1/mul_i_159_n_0
                         LUT3 (Prop_LUT3_I2_O)        0.038    39.034 f  atten/dm2/ctxQuant/mul_1/mul_i_83/O
                         net (fo=2, unplaced)         0.197    39.231    atten/dm2/ctxQuant/mul_1/mul_i_83_n_0
                         LUT5 (Prop_LUT5_I2_O)        0.038    39.269 f  atten/dm2/ctxQuant/mul_1/mul_i_16/O
                         net (fo=1, unplaced)         0.214    39.483    atten/dm2/ctxQuant/mul_1/mul/mulRawFN/mulFullRaw/io_rawOut_sig__0/B[16]
                         DSP_A_B_DATA (Prop_DSP_A_B_DATA_B[16]_B2_DATA[16])
                                                      0.151    39.634 r  atten/dm2/ctxQuant/mul_1/mul/mulRawFN/mulFullRaw/io_rawOut_sig__0/DSP_A_B_DATA_INST/B2_DATA[16]
                         net (fo=1, unplaced)         0.000    39.634    atten/dm2/ctxQuant/mul_1/mul/mulRawFN/mulFullRaw/io_rawOut_sig__0/DSP_A_B_DATA.B2_DATA<16>
                         DSP_PREADD_DATA (Prop_DSP_PREADD_DATA_B2_DATA[16]_B2B1[16])
                                                      0.073    39.707 r  atten/dm2/ctxQuant/mul_1/mul/mulRawFN/mulFullRaw/io_rawOut_sig__0/DSP_PREADD_DATA_INST/B2B1[16]
                         net (fo=1, unplaced)         0.000    39.707    atten/dm2/ctxQuant/mul_1/mul/mulRawFN/mulFullRaw/io_rawOut_sig__0/DSP_PREADD_DATA.B2B1<16>
                         DSP_MULTIPLIER (Prop_DSP_MULTIPLIER_B2B1[16]_V[19])
                                                      0.609    40.316 f  atten/dm2/ctxQuant/mul_1/mul/mulRawFN/mulFullRaw/io_rawOut_sig__0/DSP_MULTIPLIER_INST/V[19]
                         net (fo=1, unplaced)         0.000    40.316    atten/dm2/ctxQuant/mul_1/mul/mulRawFN/mulFullRaw/io_rawOut_sig__0/DSP_MULTIPLIER.V<19>
                         DSP_M_DATA (Prop_DSP_M_DATA_V[19]_V_DATA[19])
                                                      0.046    40.362 r  atten/dm2/ctxQuant/mul_1/mul/mulRawFN/mulFullRaw/io_rawOut_sig__0/DSP_M_DATA_INST/V_DATA[19]
                         net (fo=1, unplaced)         0.000    40.362    atten/dm2/ctxQuant/mul_1/mul/mulRawFN/mulFullRaw/io_rawOut_sig__0/DSP_M_DATA.V_DATA<19>
                         DSP_ALU (Prop_DSP_ALU_V_DATA[19]_ALU_OUT[19])
                                                      0.571    40.933 f  atten/dm2/ctxQuant/mul_1/mul/mulRawFN/mulFullRaw/io_rawOut_sig__0/DSP_ALU_INST/ALU_OUT[19]
                         net (fo=1, unplaced)         0.000    40.933    atten/dm2/ctxQuant/mul_1/mul/mulRawFN/mulFullRaw/io_rawOut_sig__0/DSP_ALU.ALU_OUT<19>
                         DSP_OUTPUT (Prop_DSP_OUTPUT_ALU_OUT[19]_P[19])
                                                      0.109    41.042 r  atten/dm2/ctxQuant/mul_1/mul/mulRawFN/mulFullRaw/io_rawOut_sig__0/DSP_OUTPUT_INST/P[19]
                         net (fo=1, unplaced)         0.211    41.253    atten/dm2/ctxQuant/mul_1/mul/mulRawFN/mulFullRaw/io_rawOut_sig__1/C[2]
                         DSP_C_DATA (Prop_DSP_C_DATA_C[2]_C_DATA[2])
                                                      0.105    41.358 r  atten/dm2/ctxQuant/mul_1/mul/mulRawFN/mulFullRaw/io_rawOut_sig__1/DSP_C_DATA_INST/C_DATA[2]
                         net (fo=2, unplaced)         0.000    41.358    atten/dm2/ctxQuant/mul_1/mul/mulRawFN/mulFullRaw/io_rawOut_sig__1/DSP_C_DATA.C_DATA<2>
                         DSP_ALU (Prop_DSP_ALU_C_DATA[2]_ALU_OUT[3])
                                                      0.585    41.943 r  atten/dm2/ctxQuant/mul_1/mul/mulRawFN/mulFullRaw/io_rawOut_sig__1/DSP_ALU_INST/ALU_OUT[3]
                         net (fo=1, unplaced)         0.000    41.943    atten/dm2/ctxQuant/mul_1/mul/mulRawFN/mulFullRaw/io_rawOut_sig__1/DSP_ALU.ALU_OUT<3>
                         DSP_OUTPUT (Prop_DSP_OUTPUT_ALU_OUT[3]_P[3])
                                                      0.109    42.052 f  atten/dm2/ctxQuant/mul_1/mul/mulRawFN/mulFullRaw/io_rawOut_sig__1/DSP_OUTPUT_INST/P[3]
                         net (fo=1, unplaced)         0.218    42.270    atten/dm2/ctxQuant/mul_1/mul/mulRawFN/_mulFullRaw_io_rawOut_sig[20]
                         LUT6 (Prop_LUT6_I0_O)        0.150    42.420 f  atten/dm2/ctxQuant/mul_1/mul/mulRawFN/io_rawOut_sig[0]_INST_0_i_2/O
                         net (fo=1, unplaced)         0.155    42.575    atten/dm2/ctxQuant/mul_1/mul/mulRawFN/io_rawOut_sig[0]_INST_0_i_2_n_0
                         LUT4 (Prop_LUT4_I1_O)        0.090    42.665 f  atten/dm2/ctxQuant/mul_1/mul/mulRawFN/io_rawOut_sig[0]_INST_0/O
                         net (fo=2, unplaced)         0.156    42.821    atten/dm2/ctxQuant/mul_1/mul/roundRawFNToRecFN/roundAnyRawFNToRecFN/io_in_sig[0]
                         LUT6 (Prop_LUT6_I5_O)        0.100    42.921 f  atten/dm2/ctxQuant/mul_1/mul/roundRawFNToRecFN/roundAnyRawFNToRecFN/io_out[26]_INST_0_i_39/O
                         net (fo=1, unplaced)         0.197    43.118    atten/dm2/ctxQuant/mul_1/mul/roundRawFNToRecFN/roundAnyRawFNToRecFN/io_out[26]_INST_0_i_39_n_0
                         LUT5 (Prop_LUT5_I4_O)        0.038    43.156 f  atten/dm2/ctxQuant/mul_1/mul/roundRawFNToRecFN/roundAnyRawFNToRecFN/io_out[26]_INST_0_i_12/O
                         net (fo=1, unplaced)         0.152    43.308    atten/dm2/ctxQuant/mul_1/mul/roundRawFNToRecFN/roundAnyRawFNToRecFN/io_out[26]_INST_0_i_12_n_0
                         LUT6 (Prop_LUT6_I3_O)        0.053    43.361 f  atten/dm2/ctxQuant/mul_1/mul/roundRawFNToRecFN/roundAnyRawFNToRecFN/io_out[26]_INST_0_i_4/O
                         net (fo=27, unplaced)        0.211    43.572    atten/dm2/ctxQuant/mul_1/mul/roundRawFNToRecFN/roundAnyRawFNToRecFN/io_out[26]_INST_0_i_4_n_0
                         LUT4 (Prop_LUT4_I1_O)        0.112    43.684 f  atten/dm2/ctxQuant/mul_1/mul/roundRawFNToRecFN/roundAnyRawFNToRecFN/io_out[26]_INST_0_i_1/O
                         net (fo=8, unplaced)         0.225    43.909    atten/dm2/ctxQuant/mul_1/mul/roundRawFNToRecFN/roundAnyRawFNToRecFN/io_out[26]_INST_0_i_1_n_0
                         LUT6 (Prop_LUT6_I4_O)        0.038    43.947 r  atten/dm2/ctxQuant/mul_1/mul/roundRawFNToRecFN/roundAnyRawFNToRecFN/io_out[28]_INST_0_i_1/O
                         net (fo=6, unplaced)         0.219    44.166    atten/dm2/ctxQuant/mul_1/mul/roundRawFNToRecFN/roundAnyRawFNToRecFN/io_out[28]_INST_0_i_1_n_0
                         LUT3 (Prop_LUT3_I0_O)        0.068    44.234 f  atten/dm2/ctxQuant/mul_1/mul/roundRawFNToRecFN/roundAnyRawFNToRecFN/io_out[30]_INST_0_i_5/O
                         net (fo=1, unplaced)         0.242    44.476    atten/dm2/ctxQuant/mul_1/mul/roundRawFNToRecFN/roundAnyRawFNToRecFN/io_out[30]_INST_0_i_5_n_0
                         CARRY8 (Prop_CARRY8_DI[2]_CO[5])
                                                      0.148    44.624 f  atten/dm2/ctxQuant/mul_1/mul/roundRawFNToRecFN/roundAnyRawFNToRecFN/io_out[30]_INST_0_i_1/CO[5]
                         net (fo=5, unplaced)         0.141    44.765    atten/dm2/ctxQuant/mul_1/mul/roundRawFNToRecFN/roundAnyRawFNToRecFN/common_totalUnderflow
                         LUT2 (Prop_LUT2_I0_O)        0.038    44.803 f  atten/dm2/ctxQuant/mul_1/mul/roundRawFNToRecFN/roundAnyRawFNToRecFN/io_out[31]_INST_0_i_3/O
                         net (fo=1, unplaced)         0.197    45.000    atten/dm2/ctxQuant/mul_1/mul/roundRawFNToRecFN/roundAnyRawFNToRecFN/io_out[31]_INST_0_i_3_n_0
                         LUT6 (Prop_LUT6_I3_O)        0.038    45.038 r  atten/dm2/ctxQuant/mul_1/mul/roundRawFNToRecFN/roundAnyRawFNToRecFN/io_out[31]_INST_0/O
                         net (fo=12, unplaced)        0.235    45.273    atten/dm2/ctxQuant/mul_1/_mul_io_out[31]
                         LUT3 (Prop_LUT3_I0_O)        0.038    45.311 r  atten/dm2/ctxQuant/mul_1/io_out[21]_INST_0_i_3/O
                         net (fo=4, unplaced)         0.210    45.521    atten/dm2/ctxQuant/mul_1/io_out[21]_INST_0_i_3_n_0
                         LUT5 (Prop_LUT5_I2_O)        0.038    45.559 r  atten/dm2/ctxQuant/mul_1/io_out[0]_INST_0_i_2/O
                         net (fo=3, unplaced)         0.203    45.762    atten/dm2/ctxQuant/mul_1/io_out[0]_INST_0_i_2_n_0
                         LUT6 (Prop_LUT6_I5_O)        0.038    45.800 r  atten/dm2/ctxQuant/mul_1/io_out[6]_INST_0_i_2/O
                         net (fo=2, unplaced)         0.197    45.997    atten/dm2/ctxQuant/mul_1/io_out[6]_INST_0_i_2_n_0
                         LUT3 (Prop_LUT3_I0_O)        0.070    46.067 r  atten/dm2/ctxQuant/mul_1/io_out[4]_INST_0_i_1/O
                         net (fo=2, unplaced)         0.197    46.264    atten/dm2/ctxQuant/mul_1/io_out[4]_INST_0_i_1_n_0
                         LUT6 (Prop_LUT6_I2_O)        0.038    46.302 r  atten/dm2/ctxQuant/mul_1/io_out[3]_INST_0/O
                         net (fo=11, unplaced)        0.233    46.535    atten/dm2/ctxQuant/add_1/io_a[3]
                         LUT6 (Prop_LUT6_I5_O)        0.038    46.573 r  atten/dm2/ctxQuant/add_1/add_i_141/O
                         net (fo=1, unplaced)         0.197    46.770    atten/dm2/ctxQuant/add_1/add_i_141_n_0
                         LUT6 (Prop_LUT6_I0_O)        0.038    46.808 r  atten/dm2/ctxQuant/add_1/add_i_74/O
                         net (fo=26, unplaced)        0.252    47.060    atten/dm2/ctxQuant/add_1/add_i_74_n_0
                         LUT6 (Prop_LUT6_I4_O)        0.038    47.098 r  atten/dm2/ctxQuant/add_1/add_i_70/O
                         net (fo=3, unplaced)         0.203    47.301    atten/dm2/ctxQuant/add_1/add_i_70_n_0
                         LUT6 (Prop_LUT6_I2_O)        0.038    47.339 r  atten/dm2/ctxQuant/add_1/add_i_67/O
                         net (fo=2, unplaced)         0.197    47.536    atten/dm2/ctxQuant/add_1/add_i_67_n_0
                         LUT3 (Prop_LUT3_I0_O)        0.038    47.574 r  atten/dm2/ctxQuant/add_1/add_i_4/O
                         net (fo=5, unplaced)         0.215    47.789    atten/dm2/ctxQuant/add_1/add/addRawFN/io_a_sExp[5]
                         LUT2 (Prop_LUT2_I0_O)        0.037    47.826 r  atten/dm2/ctxQuant/add_1/add/addRawFN/io_rawOut_sExp[5]_INST_0_i_6/O
                         net (fo=1, unplaced)         0.029    47.855    atten/dm2/ctxQuant/add_1/add/addRawFN/io_rawOut_sExp[5]_INST_0_i_6_n_0
                         CARRY8 (Prop_CARRY8_S[5]_CO[7])
                                                      0.166    48.021 r  atten/dm2/ctxQuant/add_1/add/addRawFN/io_rawOut_sExp[5]_INST_0_i_2/CO[7]
                         net (fo=1, unplaced)         0.005    48.026    atten/dm2/ctxQuant/add_1/add/addRawFN/io_rawOut_sExp[5]_INST_0_i_2_n_0
                         CARRY8 (Prop_CARRY8_CI_CO[1])
                                                      0.042    48.068 r  atten/dm2/ctxQuant/add_1/add/addRawFN/io_rawOut_sExp[5]_INST_0_i_1/CO[1]
                         net (fo=154, unplaced)       0.249    48.317    atten/dm2/ctxQuant/add_1/add/addRawFN/io_rawOut_sExp[5]_INST_0_i_1_n_6
                         LUT5 (Prop_LUT5_I4_O)        0.038    48.355 r  atten/dm2/ctxQuant/add_1/add/addRawFN/io_rawOut_sig[6]_INST_0_i_33/O
                         net (fo=3, unplaced)         0.203    48.558    atten/dm2/ctxQuant/add_1/add/addRawFN/p_1_in[2]
                         LUT2 (Prop_LUT2_I0_O)        0.068    48.626 r  atten/dm2/ctxQuant/add_1/add/addRawFN/io_rawOut_sig[6]_INST_0_i_10/O
                         net (fo=1, unplaced)         0.242    48.868    atten/dm2/ctxQuant/add_1/add/addRawFN/io_rawOut_sig[6]_INST_0_i_10_n_0
                         CARRY8 (Prop_CARRY8_DI[2]_O[4])
                                                      0.150    49.018 f  atten/dm2/ctxQuant/add_1/add/addRawFN/io_rawOut_sig[6]_INST_0_i_3/O[4]
                         net (fo=3, unplaced)         0.210    49.228    atten/dm2/ctxQuant/add_1/add/addRawFN/_close_sSigSum_T_3[5]
                         LUT1 (Prop_LUT1_I0_O)        0.037    49.265 r  atten/dm2/ctxQuant/add_1/add/addRawFN/io_rawOut_sig[6]_INST_0_i_22/O
                         net (fo=1, unplaced)         0.029    49.294    atten/dm2/ctxQuant/add_1/add/addRawFN/io_rawOut_sig[6]_INST_0_i_22_n_0
                         CARRY8 (Prop_CARRY8_S[5]_CO[7])
                                                      0.166    49.460 r  atten/dm2/ctxQuant/add_1/add/addRawFN/io_rawOut_sig[6]_INST_0_i_4/CO[7]
                         net (fo=1, unplaced)         0.005    49.465    atten/dm2/ctxQuant/add_1/add/addRawFN/io_rawOut_sig[6]_INST_0_i_4_n_0
                         CARRY8 (Prop_CARRY8_CI_O[2])
                                                      0.067    49.532 f  atten/dm2/ctxQuant/add_1/add/addRawFN/io_rawOut_sExp[4]_INST_0_i_12/O[2]
                         net (fo=4, unplaced)         0.214    49.746    atten/dm2/ctxQuant/add_1/add/addRawFN/io_rawOut_sExp[4]_INST_0_i_12_n_13
                         LUT5 (Prop_LUT5_I1_O)        0.090    49.836 f  atten/dm2/ctxQuant/add_1/add/addRawFN/io_rawOut_sExp[4]_INST_0_i_7/O
                         net (fo=6, unplaced)         0.177    50.013    atten/dm2/ctxQuant/add_1/add/addRawFN/io_rawOut_sExp[4]_INST_0_i_7_n_0
                         LUT6 (Prop_LUT6_I5_O)        0.090    50.103 f  atten/dm2/ctxQuant/add_1/add/addRawFN/io_rawOut_sExp[2]_INST_0_i_3/O
                         net (fo=1, unplaced)         0.155    50.258    atten/dm2/ctxQuant/add_1/add/addRawFN/io_rawOut_sExp[2]_INST_0_i_3_n_0
                         LUT5 (Prop_LUT5_I1_O)        0.090    50.348 f  atten/dm2/ctxQuant/add_1/add/addRawFN/io_rawOut_sExp[2]_INST_0_i_1/O
                         net (fo=35, unplaced)        0.259    50.607    atten/dm2/ctxQuant/add_1/add/addRawFN/close_normDistReduced2[1]
                         LUT6 (Prop_LUT6_I4_O)        0.038    50.645 r  atten/dm2/ctxQuant/add_1/add/addRawFN/io_rawOut_sExp[9]_INST_0_i_6/O
                         net (fo=2, unplaced)         0.197    50.842    atten/dm2/ctxQuant/add_1/add/addRawFN/io_rawOut_sExp[9]_INST_0_i_6_n_0
                         LUT6 (Prop_LUT6_I0_O)        0.038    50.880 r  atten/dm2/ctxQuant/add_1/add/addRawFN/io_rawOut_sExp[9]_INST_0_i_3/O
                         net (fo=4, unplaced)         0.210    51.090    atten/dm2/ctxQuant/add_1/add/addRawFN/io_rawOut_sExp[9]_INST_0_i_3_n_0
                         LUT6 (Prop_LUT6_I2_O)        0.038    51.128 r  atten/dm2/ctxQuant/add_1/add/addRawFN/io_rawOut_sExp[6]_INST_0/O
                         net (fo=25, unplaced)        0.210    51.338    atten/dm2/ctxQuant/add_1/add/roundRawFNToRecFN/roundAnyRawFNToRecFN/io_in_sExp[6]
                         LUT5 (Prop_LUT5_I1_O)        0.100    51.438 r  atten/dm2/ctxQuant/add_1/add/roundRawFNToRecFN/roundAnyRawFNToRecFN/io_out[26]_INST_0_i_15/O
                         net (fo=27, unplaced)        0.211    51.649    atten/dm2/ctxQuant/add_1/add/roundRawFNToRecFN/roundAnyRawFNToRecFN/io_out[26]_INST_0_i_15_n_0
                         LUT6 (Prop_LUT6_I2_O)        0.090    51.739 r  atten/dm2/ctxQuant/add_1/add/roundRawFNToRecFN/roundAnyRawFNToRecFN/io_out[26]_INST_0_i_39/O
                         net (fo=1, unplaced)         0.156    51.895    atten/dm2/ctxQuant/add_1/add/roundRawFNToRecFN/roundAnyRawFNToRecFN/io_out[26]_INST_0_i_39_n_0
                         LUT6 (Prop_LUT6_I2_O)        0.100    51.995 r  atten/dm2/ctxQuant/add_1/add/roundRawFNToRecFN/roundAnyRawFNToRecFN/io_out[26]_INST_0_i_11/O
                         net (fo=1, unplaced)         0.155    52.150    atten/dm2/ctxQuant/add_1/add/roundRawFNToRecFN/roundAnyRawFNToRecFN/io_out[26]_INST_0_i_11_n_0
                         LUT6 (Prop_LUT6_I2_O)        0.090    52.240 r  atten/dm2/ctxQuant/add_1/add/roundRawFNToRecFN/roundAnyRawFNToRecFN/io_out[26]_INST_0_i_3/O
                         net (fo=28, unplaced)        0.212    52.452    atten/dm2/ctxQuant/add_1/add/roundRawFNToRecFN/roundAnyRawFNToRecFN/io_out[26]_INST_0_i_3_n_0
                         LUT4 (Prop_LUT4_I0_O)        0.090    52.542 f  atten/dm2/ctxQuant/add_1/add/roundRawFNToRecFN/roundAnyRawFNToRecFN/io_out[26]_INST_0_i_1/O
                         net (fo=8, unplaced)         0.225    52.767    atten/dm2/ctxQuant/add_1/add/roundRawFNToRecFN/roundAnyRawFNToRecFN/io_out[26]_INST_0_i_1_n_0
                         LUT6 (Prop_LUT6_I4_O)        0.038    52.805 r  atten/dm2/ctxQuant/add_1/add/roundRawFNToRecFN/roundAnyRawFNToRecFN/io_out[28]_INST_0_i_1/O
                         net (fo=6, unplaced)         0.219    53.024    atten/dm2/ctxQuant/add_1/add/roundRawFNToRecFN/roundAnyRawFNToRecFN/io_out[28]_INST_0_i_1_n_0
                         LUT3 (Prop_LUT3_I0_O)        0.068    53.092 f  atten/dm2/ctxQuant/add_1/add/roundRawFNToRecFN/roundAnyRawFNToRecFN/io_out[30]_INST_0_i_5/O
                         net (fo=1, unplaced)         0.242    53.334    atten/dm2/ctxQuant/add_1/add/roundRawFNToRecFN/roundAnyRawFNToRecFN/io_out[30]_INST_0_i_5_n_0
                         CARRY8 (Prop_CARRY8_DI[2]_CO[5])
                                                      0.148    53.482 f  atten/dm2/ctxQuant/add_1/add/roundRawFNToRecFN/roundAnyRawFNToRecFN/io_out[30]_INST_0_i_1/CO[5]
                         net (fo=5, unplaced)         0.141    53.623    atten/dm2/ctxQuant/add_1/add/roundRawFNToRecFN/roundAnyRawFNToRecFN/common_totalUnderflow
                         LUT2 (Prop_LUT2_I0_O)        0.038    53.661 f  atten/dm2/ctxQuant/add_1/add/roundRawFNToRecFN/roundAnyRawFNToRecFN/io_out[31]_INST_0_i_3/O
                         net (fo=1, unplaced)         0.197    53.858    atten/dm2/ctxQuant/add_1/add/roundRawFNToRecFN/roundAnyRawFNToRecFN/io_out[31]_INST_0_i_3_n_0
                         LUT6 (Prop_LUT6_I3_O)        0.038    53.896 r  atten/dm2/ctxQuant/add_1/add/roundRawFNToRecFN/roundAnyRawFNToRecFN/io_out[31]_INST_0/O
                         net (fo=12, unplaced)        0.235    54.131    atten/dm2/ctxQuant/add_1/_add_io_out[31]
                         LUT3 (Prop_LUT3_I1_O)        0.038    54.169 r  atten/dm2/ctxQuant/add_1/io_out[21]_INST_0_i_3/O
                         net (fo=4, unplaced)         0.210    54.379    atten/dm2/ctxQuant/add_1/io_out[21]_INST_0_i_3_n_0
                         LUT5 (Prop_LUT5_I2_O)        0.038    54.417 r  atten/dm2/ctxQuant/add_1/io_out[2]_INST_0_i_2/O
                         net (fo=3, unplaced)         0.203    54.620    atten/dm2/ctxQuant/add_1/io_out[2]_INST_0_i_2_n_0
                         LUT6 (Prop_LUT6_I5_O)        0.038    54.658 r  atten/dm2/ctxQuant/add_1/io_out[6]_INST_0_i_2/O
                         net (fo=2, unplaced)         0.197    54.855    atten/dm2/ctxQuant/add_1/io_out[6]_INST_0_i_2_n_0
                         LUT3 (Prop_LUT3_I2_O)        0.038    54.893 r  atten/dm2/ctxQuant/add_1/io_out[6]_INST_0_i_1/O
                         net (fo=2, unplaced)         0.197    55.090    atten/dm2/ctxQuant/add_1/io_out[6]_INST_0_i_1_n_0
                         LUT6 (Prop_LUT6_I2_O)        0.038    55.128 r  atten/dm2/ctxQuant/add_1/io_out[5]_INST_0/O
                         net (fo=10, unplaced)        0.189    55.317    atten/dm2/ctxQuant/toInt_1/io_in[5]
                         LUT6 (Prop_LUT6_I0_O)        0.100    55.417 f  atten/dm2/ctxQuant/toInt_1/cvt_i_76/O
                         net (fo=1, unplaced)         0.197    55.614    atten/dm2/ctxQuant/toInt_1/cvt_i_76_n_0
                         LUT6 (Prop_LUT6_I0_O)        0.038    55.652 f  atten/dm2/ctxQuant/toInt_1/cvt_i_42/O
                         net (fo=26, unplaced)        0.252    55.904    atten/dm2/ctxQuant/toInt_1/cvt_i_42_n_0
                         LUT6 (Prop_LUT6_I4_O)        0.038    55.942 f  atten/dm2/ctxQuant/toInt_1/cvt_i_38/O
                         net (fo=3, unplaced)         0.203    56.145    atten/dm2/ctxQuant/toInt_1/cvt_i_38_n_0
                         LUT6 (Prop_LUT6_I2_O)        0.038    56.183 r  atten/dm2/ctxQuant/toInt_1/cvt_i_33/O
                         net (fo=2, unplaced)         0.197    56.380    atten/dm2/ctxQuant/toInt_1/cvt_i_33_n_0
                         LUT3 (Prop_LUT3_I0_O)        0.038    56.418 r  atten/dm2/ctxQuant/toInt_1/cvt_i_1/O
                         net (fo=35, unplaced)        0.259    56.677    atten/dm2/ctxQuant/toInt_1/cvt/io_in[31]
                         LUT2 (Prop_LUT2_I0_O)        0.038    56.715 r  atten/dm2/ctxQuant/toInt_1/cvt/io_out[1]_INST_0_i_4/O
                         net (fo=6, unplaced)         0.219    56.934    atten/dm2/ctxQuant/toInt_1/cvt/io_out[1]_INST_0_i_4_n_0
                         LUT6 (Prop_LUT6_I4_O)        0.038    56.972 f  atten/dm2/ctxQuant/toInt_1/cvt/io_out[1]_INST_0_i_3/O
                         net (fo=1, unplaced)         0.197    57.169    atten/dm2/ctxQuant/toInt_1/cvt/io_out[1]_INST_0_i_3_n_0
                         LUT6 (Prop_LUT6_I0_O)        0.038    57.207 f  atten/dm2/ctxQuant/toInt_1/cvt/io_out[1]_INST_0_i_2/O
                         net (fo=4, unplaced)         0.169    57.376    atten/dm2/ctxQuant/toInt_1/cvt/io_out[1]_INST_0_i_2_n_0
                         LUT6 (Prop_LUT6_I0_O)        0.100    57.476 r  atten/dm2/ctxQuant/toInt_1/cvt/io_out[7]_INST_0_i_7/O
                         net (fo=1, unplaced)         0.155    57.631    atten/dm2/ctxQuant/toInt_1/cvt/io_out[7]_INST_0_i_7_n_0
                         LUT6 (Prop_LUT6_I0_O)        0.090    57.721 r  atten/dm2/ctxQuant/toInt_1/cvt/io_out[7]_INST_0_i_2/O
                         net (fo=8, unplaced)         0.225    57.946    atten/dm2/ctxQuant/toInt_1/cvt/io_out[7]_INST_0_i_2_n_0
                         LUT6 (Prop_LUT6_I3_O)        0.038    57.984 r  atten/dm2/ctxQuant/toInt_1/cvt/io_out[1]_INST_0/O
                         net (fo=1, unplaced)         0.205    58.189    atten/dm2/ctxmemInst/mem/mem_ext/W0_data[9]
                         RAMB36E2                                     r  atten/dm2/ctxmemInst/mem/mem_ext/Memory_reg_0/DINADIN[9]
  -------------------------------------------------------------------    -------------------

                         (clock clk rise edge)       10.000    10.000 r  
                                                      0.000    10.000 r  clock (IN)
                         net (fo=803906, unset)       0.000    10.000    atten/dm2/ctxmemInst/mem/mem_ext/R0_clk
                         RAMB36E2                                     r  atten/dm2/ctxmemInst/mem/mem_ext/Memory_reg_0/CLKBWRCLK
                         clock pessimism              0.000    10.000    
                         clock uncertainty           -0.035     9.965    
                         RAMB36E2 (Setup_RAMB36E2_CLKBWRCLK_DINADIN[9])
                                                     -0.272     9.693    atten/dm2/ctxmemInst/mem/mem_ext/Memory_reg_0
  -------------------------------------------------------------------
                         required time                          9.693    
                         arrival time                         -58.189    
  -------------------------------------------------------------------
                         slack                                -48.496    

Slack (VIOLATED) :        -48.458ns  (required time - arrival time)
  Source:                 atten/softmax/memInst/mem/mem_ext/Memory_reg_uram_6/CLK
                            (rising edge-triggered cell URAM288 clocked by clk  {rise@0.000ns fall@5.000ns period=10.000ns})
  Destination:            atten/dm2/ctxmemInst/mem/mem_ext/Memory_reg_0/DINADIN[16]
                            (rising edge-triggered cell RAMB36E2 clocked by clk  {rise@0.000ns fall@5.000ns period=10.000ns})
  Path Group:             clk
  Path Type:              Setup (Max at Slow Process Corner)
  Requirement:            10.000ns  (clk rise@10.000ns - clk rise@0.000ns)
  Data Path Delay:        58.146ns  (logic 22.550ns (38.782%)  route 35.596ns (61.218%))
  Logic Levels:           203  (CARRY8=23 DSP_A_B_DATA=4 DSP_ALU=7 DSP_C_DATA=3 DSP_M_DATA=4 DSP_MULTIPLIER=4 DSP_OUTPUT=7 DSP_PREADD_DATA=4 LUT1=1 LUT2=15 LUT3=25 LUT4=14 LUT5=26 LUT6=66)
  Clock Uncertainty:      0.035ns  ((TSJ^2 + TIJ^2)^1/2 + DJ) / 2 + PE
    Total System Jitter     (TSJ):    0.071ns
    Total Input Jitter      (TIJ):    0.000ns
    Discrete Jitter          (DJ):    0.000ns
    Phase Error              (PE):    0.000ns

    Location             Delay type                Incr(ns)  Path(ns)    Netlist Resource(s)
  -------------------------------------------------------------------    -------------------
                         (clock clk rise edge)        0.000     0.000 r  
                                                      0.000     0.000 r  clock (IN)
                         net (fo=803906, unset)       0.000     0.000    atten/softmax/memInst/mem/mem_ext/R0_clk
                         URAM288                                      r  atten/softmax/memInst/mem/mem_ext/Memory_reg_uram_6/CLK
  -------------------------------------------------------------------    -------------------
                         URAM288 (Prop_URAM288_CLK_DOUT_B[56])
                                                      1.991     1.991 r  atten/softmax/memInst/mem/mem_ext/Memory_reg_uram_6/DOUT_B[56]
                         net (fo=1, unplaced)         0.226     2.217    atten/softmax/cuInst/io_data_in[488]
                         LUT2 (Prop_LUT2_I1_O)        0.070     2.287 r  atten/softmax/cuInst/softmax_i_504/O
                         net (fo=7, unplaced)         0.180     2.467    atten/softmax/cuInst/softmax/mul_15/io_a[8]
                         LUT4 (Prop_LUT4_I1_O)        0.090     2.557 r  atten/softmax/cuInst/softmax/mul_15/mul_i_70/O
                         net (fo=3, unplaced)         0.162     2.719    atten/softmax/cuInst/softmax/mul_15/mul_i_70_n_0
                         LUT5 (Prop_LUT5_I1_O)        0.100     2.819 r  atten/softmax/cuInst/softmax/mul_15/mul_i_41/O
                         net (fo=29, unplaced)        0.255     3.074    atten/softmax/cuInst/softmax/mul_15/mul_i_41_n_0
                         LUT6 (Prop_LUT6_I5_O)        0.038     3.112 f  atten/softmax/cuInst/softmax/mul_15/mul_i_93/O
                         net (fo=2, unplaced)         0.197     3.309    atten/softmax/cuInst/softmax/mul_15/mul_i_93_n_0
                         LUT3 (Prop_LUT3_I2_O)        0.038     3.347 f  atten/softmax/cuInst/softmax/mul_15/mul_i_50/O
                         net (fo=2, unplaced)         0.155     3.502    atten/softmax/cuInst/softmax/mul_15/mul_i_50_n_0
                         LUT5 (Prop_LUT5_I0_O)        0.090     3.592 f  atten/softmax/cuInst/softmax/mul_15/mul_i_16/O
                         net (fo=1, unplaced)         0.214     3.806    atten/softmax/cuInst/softmax/mul_15/mul/mulRawFN/mulFullRaw/io_rawOut_sig__0/B[16]
                         DSP_A_B_DATA (Prop_DSP_A_B_DATA_B[16]_B2_DATA[16])
                                                      0.151     3.957 r  atten/softmax/cuInst/softmax/mul_15/mul/mulRawFN/mulFullRaw/io_rawOut_sig__0/DSP_A_B_DATA_INST/B2_DATA[16]
                         net (fo=1, unplaced)         0.000     3.957    atten/softmax/cuInst/softmax/mul_15/mul/mulRawFN/mulFullRaw/io_rawOut_sig__0/DSP_A_B_DATA.B2_DATA<16>
                         DSP_PREADD_DATA (Prop_DSP_PREADD_DATA_B2_DATA[16]_B2B1[16])
                                                      0.073     4.030 r  atten/softmax/cuInst/softmax/mul_15/mul/mulRawFN/mulFullRaw/io_rawOut_sig__0/DSP_PREADD_DATA_INST/B2B1[16]
                         net (fo=1, unplaced)         0.000     4.030    atten/softmax/cuInst/softmax/mul_15/mul/mulRawFN/mulFullRaw/io_rawOut_sig__0/DSP_PREADD_DATA.B2B1<16>
                         DSP_MULTIPLIER (Prop_DSP_MULTIPLIER_B2B1[16]_V[19])
                                                      0.609     4.639 f  atten/softmax/cuInst/softmax/mul_15/mul/mulRawFN/mulFullRaw/io_rawOut_sig__0/DSP_MULTIPLIER_INST/V[19]
                         net (fo=1, unplaced)         0.000     4.639    atten/softmax/cuInst/softmax/mul_15/mul/mulRawFN/mulFullRaw/io_rawOut_sig__0/DSP_MULTIPLIER.V<19>
                         DSP_M_DATA (Prop_DSP_M_DATA_V[19]_V_DATA[19])
                                                      0.046     4.685 r  atten/softmax/cuInst/softmax/mul_15/mul/mulRawFN/mulFullRaw/io_rawOut_sig__0/DSP_M_DATA_INST/V_DATA[19]
                         net (fo=1, unplaced)         0.000     4.685    atten/softmax/cuInst/softmax/mul_15/mul/mulRawFN/mulFullRaw/io_rawOut_sig__0/DSP_M_DATA.V_DATA<19>
                         DSP_ALU (Prop_DSP_ALU_V_DATA[19]_ALU_OUT[19])
                                                      0.571     5.256 f  atten/softmax/cuInst/softmax/mul_15/mul/mulRawFN/mulFullRaw/io_rawOut_sig__0/DSP_ALU_INST/ALU_OUT[19]
                         net (fo=1, unplaced)         0.000     5.256    atten/softmax/cuInst/softmax/mul_15/mul/mulRawFN/mulFullRaw/io_rawOut_sig__0/DSP_ALU.ALU_OUT<19>
                         DSP_OUTPUT (Prop_DSP_OUTPUT_ALU_OUT[19]_P[19])
                                                      0.109     5.365 r  atten/softmax/cuInst/softmax/mul_15/mul/mulRawFN/mulFullRaw/io_rawOut_sig__0/DSP_OUTPUT_INST/P[19]
                         net (fo=1, unplaced)         0.211     5.576    atten/softmax/cuInst/softmax/mul_15/mul/mulRawFN/mulFullRaw/io_rawOut_sig__1/C[2]
                         DSP_C_DATA (Prop_DSP_C_DATA_C[2]_C_DATA[2])
                                                      0.105     5.681 r  atten/softmax/cuInst/softmax/mul_15/mul/mulRawFN/mulFullRaw/io_rawOut_sig__1/DSP_C_DATA_INST/C_DATA[2]
                         net (fo=2, unplaced)         0.000     5.681    atten/softmax/cuInst/softmax/mul_15/mul/mulRawFN/mulFullRaw/io_rawOut_sig__1/DSP_C_DATA.C_DATA<2>
                         DSP_ALU (Prop_DSP_ALU_C_DATA[2]_ALU_OUT[3])
                                                      0.585     6.266 r  atten/softmax/cuInst/softmax/mul_15/mul/mulRawFN/mulFullRaw/io_rawOut_sig__1/DSP_ALU_INST/ALU_OUT[3]
                         net (fo=1, unplaced)         0.000     6.266    atten/softmax/cuInst/softmax/mul_15/mul/mulRawFN/mulFullRaw/io_rawOut_sig__1/DSP_ALU.ALU_OUT<3>
                         DSP_OUTPUT (Prop_DSP_OUTPUT_ALU_OUT[3]_P[3])
                                                      0.109     6.375 f  atten/softmax/cuInst/softmax/mul_15/mul/mulRawFN/mulFullRaw/io_rawOut_sig__1/DSP_OUTPUT_INST/P[3]
                         net (fo=1, unplaced)         0.218     6.593    atten/softmax/cuInst/softmax/mul_15/mul/mulRawFN/_mulFullRaw_io_rawOut_sig[20]
                         LUT6 (Prop_LUT6_I0_O)        0.150     6.743 f  atten/softmax/cuInst/softmax/mul_15/mul/mulRawFN/io_rawOut_sig[0]_INST_0_i_2/O
                         net (fo=1, unplaced)         0.155     6.898    atten/softmax/cuInst/softmax/mul_15/mul/mulRawFN/io_rawOut_sig[0]_INST_0_i_2_n_0
                         LUT4 (Prop_LUT4_I1_O)        0.090     6.988 f  atten/softmax/cuInst/softmax/mul_15/mul/mulRawFN/io_rawOut_sig[0]_INST_0/O
                         net (fo=2, unplaced)         0.156     7.144    atten/softmax/cuInst/softmax/mul_15/mul/roundRawFNToRecFN/roundAnyRawFNToRecFN/io_in_sig[0]
                         LUT6 (Prop_LUT6_I5_O)        0.100     7.244 f  atten/softmax/cuInst/softmax/mul_15/mul/roundRawFNToRecFN/roundAnyRawFNToRecFN/io_out[26]_INST_0_i_58/O
                         net (fo=1, unplaced)         0.197     7.441    atten/softmax/cuInst/softmax/mul_15/mul/roundRawFNToRecFN/roundAnyRawFNToRecFN/io_out[26]_INST_0_i_58_n_0
                         LUT5 (Prop_LUT5_I4_O)        0.038     7.479 f  atten/softmax/cuInst/softmax/mul_15/mul/roundRawFNToRecFN/roundAnyRawFNToRecFN/io_out[26]_INST_0_i_19/O
                         net (fo=1, unplaced)         0.152     7.631    atten/softmax/cuInst/softmax/mul_15/mul/roundRawFNToRecFN/roundAnyRawFNToRecFN/io_out[26]_INST_0_i_19_n_0
                         LUT6 (Prop_LUT6_I3_O)        0.053     7.684 f  atten/softmax/cuInst/softmax/mul_15/mul/roundRawFNToRecFN/roundAnyRawFNToRecFN/io_out[26]_INST_0_i_5/O
                         net (fo=27, unplaced)        0.208     7.892    atten/softmax/cuInst/softmax/mul_15/mul/roundRawFNToRecFN/roundAnyRawFNToRecFN/io_out[26]_INST_0_i_5_n_0
                         LUT4 (Prop_LUT4_I2_O)        0.053     7.945 f  atten/softmax/cuInst/softmax/mul_15/mul/roundRawFNToRecFN/roundAnyRawFNToRecFN/io_out[26]_INST_0_i_1/O
                         net (fo=8, unplaced)         0.225     8.170    atten/softmax/cuInst/softmax/mul_15/mul/roundRawFNToRecFN/roundAnyRawFNToRecFN/io_out[26]_INST_0_i_1_n_0
                         LUT6 (Prop_LUT6_I4_O)        0.038     8.208 r  atten/softmax/cuInst/softmax/mul_15/mul/roundRawFNToRecFN/roundAnyRawFNToRecFN/io_out[28]_INST_0_i_1/O
                         net (fo=6, unplaced)         0.219     8.427    atten/softmax/cuInst/softmax/mul_15/mul/roundRawFNToRecFN/roundAnyRawFNToRecFN/io_out[28]_INST_0_i_1_n_0
                         LUT3 (Prop_LUT3_I0_O)        0.068     8.495 f  atten/softmax/cuInst/softmax/mul_15/mul/roundRawFNToRecFN/roundAnyRawFNToRecFN/io_out[30]_INST_0_i_5/O
                         net (fo=1, unplaced)         0.242     8.737    atten/softmax/cuInst/softmax/mul_15/mul/roundRawFNToRecFN/roundAnyRawFNToRecFN/io_out[30]_INST_0_i_5_n_0
                         CARRY8 (Prop_CARRY8_DI[2]_CO[5])
                                                      0.148     8.885 f  atten/softmax/cuInst/softmax/mul_15/mul/roundRawFNToRecFN/roundAnyRawFNToRecFN/io_out[30]_INST_0_i_1/CO[5]
                         net (fo=5, unplaced)         0.141     9.026    atten/softmax/cuInst/softmax/mul_15/mul/roundRawFNToRecFN/roundAnyRawFNToRecFN/common_totalUnderflow
                         LUT2 (Prop_LUT2_I0_O)        0.038     9.064 f  atten/softmax/cuInst/softmax/mul_15/mul/roundRawFNToRecFN/roundAnyRawFNToRecFN/io_out[31]_INST_0_i_3/O
                         net (fo=1, unplaced)         0.197     9.261    atten/softmax/cuInst/softmax/mul_15/mul/roundRawFNToRecFN/roundAnyRawFNToRecFN/io_out[31]_INST_0_i_3_n_0
                         LUT6 (Prop_LUT6_I3_O)        0.038     9.299 r  atten/softmax/cuInst/softmax/mul_15/mul/roundRawFNToRecFN/roundAnyRawFNToRecFN/io_out[31]_INST_0/O
                         net (fo=12, unplaced)        0.235     9.534    atten/softmax/cuInst/softmax/mul_15/_mul_io_out[31]
                         LUT3 (Prop_LUT3_I1_O)        0.038     9.572 r  atten/softmax/cuInst/softmax/mul_15/io_out[21]_INST_0_i_3/O
                         net (fo=4, unplaced)         0.210     9.782    atten/softmax/cuInst/softmax/mul_15/io_out[21]_INST_0_i_3_n_0
                         LUT5 (Prop_LUT5_I2_O)        0.038     9.820 r  atten/softmax/cuInst/softmax/mul_15/io_out[2]_INST_0_i_2/O
                         net (fo=3, unplaced)         0.203    10.023    atten/softmax/cuInst/softmax/mul_15/io_out[2]_INST_0_i_2_n_0
                         LUT6 (Prop_LUT6_I5_O)        0.038    10.061 r  atten/softmax/cuInst/softmax/mul_15/io_out[6]_INST_0_i_2/O
                         net (fo=2, unplaced)         0.197    10.258    atten/softmax/cuInst/softmax/mul_15/io_out[6]_INST_0_i_2_n_0
                         LUT3 (Prop_LUT3_I2_O)        0.038    10.296 r  atten/softmax/cuInst/softmax/mul_15/io_out[6]_INST_0_i_1/O
                         net (fo=2, unplaced)         0.197    10.493    atten/softmax/cuInst/softmax/mul_15/io_out[6]_INST_0_i_1_n_0
                         LUT6 (Prop_LUT6_I2_O)        0.038    10.531 r  atten/softmax/cuInst/softmax/mul_15/io_out[5]_INST_0/O
                         net (fo=10, unplaced)        0.189    10.720    atten/softmax/cuInst/softmax/toInt_15/io_in[5]
                         LUT6 (Prop_LUT6_I0_O)        0.100    10.820 f  atten/softmax/cuInst/softmax/toInt_15/cvt_i_76/O
                         net (fo=1, unplaced)         0.197    11.017    atten/softmax/cuInst/softmax/toInt_15/cvt_i_76_n_0
                         LUT6 (Prop_LUT6_I0_O)        0.038    11.055 f  atten/softmax/cuInst/softmax/toInt_15/cvt_i_42/O
                         net (fo=26, unplaced)        0.252    11.307    atten/softmax/cuInst/softmax/toInt_15/cvt_i_42_n_0
                         LUT6 (Prop_LUT6_I4_O)        0.038    11.345 f  atten/softmax/cuInst/softmax/toInt_15/cvt_i_38/O
                         net (fo=3, unplaced)         0.203    11.548    atten/softmax/cuInst/softmax/toInt_15/cvt_i_38_n_0
                         LUT6 (Prop_LUT6_I2_O)        0.038    11.586 r  atten/softmax/cuInst/softmax/toInt_15/cvt_i_33/O
                         net (fo=2, unplaced)         0.197    11.783    atten/softmax/cuInst/softmax/toInt_15/cvt_i_33_n_0
                         LUT3 (Prop_LUT3_I0_O)        0.038    11.821 r  atten/softmax/cuInst/softmax/toInt_15/cvt_i_1/O
                         net (fo=48, unplaced)        0.266    12.087    atten/softmax/cuInst/softmax/toInt_15/cvt/io_in[31]
                         LUT2 (Prop_LUT2_I0_O)        0.038    12.125 r  atten/softmax/cuInst/softmax/toInt_15/cvt/io_out[13]_INST_0_i_5/O
                         net (fo=18, unplaced)        0.244    12.369    atten/softmax/cuInst/softmax/toInt_15/cvt/io_out[13]_INST_0_i_5_n_0
                         LUT6 (Prop_LUT6_I4_O)        0.038    12.407 f  atten/softmax/cuInst/softmax/toInt_15/cvt/io_out[0]_INST_0_i_2/O
                         net (fo=4, unplaced)         0.168    12.575    atten/softmax/cuInst/softmax/toInt_15/cvt/io_out[0]_INST_0_i_2_n_0
                         LUT6 (Prop_LUT6_I0_O)        0.090    12.665 f  atten/softmax/cuInst/softmax/toInt_15/cvt/io_out[0]_INST_0_i_1/O
                         net (fo=10, unplaced)        0.188    12.853    atten/softmax/cuInst/softmax/toInt_15/cvt/io_out[0]_INST_0_i_1_n_0
                         LUT4 (Prop_LUT4_I1_O)        0.090    12.943 r  atten/softmax/cuInst/softmax/toInt_15/cvt/io_out[15]_INST_0_i_20/O
                         net (fo=1, unplaced)         0.197    13.140    atten/softmax/cuInst/softmax/toInt_15/cvt/io_out[15]_INST_0_i_20_n_0
                         LUT5 (Prop_LUT5_I4_O)        0.038    13.178 f  atten/softmax/cuInst/softmax/toInt_15/cvt/io_out[15]_INST_0_i_8/O
                         net (fo=1, unplaced)         0.155    13.333    atten/softmax/cuInst/softmax/toInt_15/cvt/io_out[15]_INST_0_i_8_n_0
                         LUT6 (Prop_LUT6_I2_O)        0.090    13.423 r  atten/softmax/cuInst/softmax/toInt_15/cvt/io_out[15]_INST_0_i_2/O
                         net (fo=16, unplaced)        0.241    13.664    atten/softmax/cuInst/softmax/toInt_15/cvt/io_out[15]_INST_0_i_2_n_0
                         LUT6 (Prop_LUT6_I2_O)        0.038    13.702 f  atten/softmax/cuInst/softmax/toInt_15/cvt/io_out[0]_INST_0/O
                         net (fo=1, unplaced)         0.197    13.899    atten/softmax/cuInst/softmax/_toInt_15_io_out[0]
                         LUT2 (Prop_LUT2_I1_O)        0.070    13.969 f  atten/softmax/cuInst/softmax/maxPreProcess_i_256/O
                         net (fo=7, unplaced)         0.222    14.191    atten/softmax/cuInst/softmax/maxPreProcess/io_in_15[0]
                         LUT4 (Prop_LUT4_I3_O)        0.070    14.261 r  atten/softmax/cuInst/softmax/maxPreProcess/io_out_0[8]_INST_0_i_258/O
                         net (fo=1, unplaced)         0.260    14.521    atten/softmax/cuInst/softmax/maxPreProcess/io_out_0[8]_INST_0_i_258_n_0
                         CARRY8 (Prop_CARRY8_DI[0]_CO[7])
                                                      0.140    14.661 r  atten/softmax/cuInst/softmax/maxPreProcess/io_out_0[8]_INST_0_i_129/CO[7]
                         net (fo=48, unplaced)        0.313    14.974    atten/softmax/cuInst/softmax/maxPreProcess/io_out_0[8]_INST_0_i_129_n_0
                         LUT3 (Prop_LUT3_I1_O)        0.038    15.012 r  atten/softmax/cuInst/softmax/maxPreProcess/io_out_0[8]_INST_0_i_480/O
                         net (fo=1, unplaced)         0.155    15.167    atten/softmax/cuInst/softmax/maxPreProcess/io_out_0[8]_INST_0_i_480_n_0
                         LUT6 (Prop_LUT6_I0_O)        0.090    15.257 r  atten/softmax/cuInst/softmax/maxPreProcess/io_out_0[8]_INST_0_i_274/O
                         net (fo=1, unplaced)         0.244    15.501    atten/softmax/cuInst/softmax/maxPreProcess/io_out_0[8]_INST_0_i_274_n_0
                         CARRY8 (Prop_CARRY8_DI[0]_CO[7])
                                                      0.140    15.641 r  atten/softmax/cuInst/softmax/maxPreProcess/io_out_0[8]_INST_0_i_130/CO[7]
                         net (fo=16, unplaced)        0.289    15.930    atten/softmax/cuInst/softmax/maxPreProcess/io_out_0[8]_INST_0_i_130_n_0
                         LUT5 (Prop_LUT5_I3_O)        0.038    15.968 f  atten/softmax/cuInst/softmax/maxPreProcess/io_out_0[0]_INST_0_i_118/O
                         net (fo=3, unplaced)         0.203    16.171    atten/softmax/cuInst/softmax/maxPreProcess/io_out_0[0]_INST_0_i_118_n_0
                         LUT4 (Prop_LUT4_I3_O)        0.070    16.241 r  atten/softmax/cuInst/softmax/maxPreProcess/io_out_0[8]_INST_0_i_120/O
                         net (fo=1, unplaced)         0.260    16.501    atten/softmax/cuInst/softmax/maxPreProcess/io_out_0[8]_INST_0_i_120_n_0
                         CARRY8 (Prop_CARRY8_DI[0]_CO[7])
                                                      0.140    16.641 r  atten/softmax/cuInst/softmax/maxPreProcess/io_out_0[8]_INST_0_i_32/CO[7]
                         net (fo=16, unplaced)        0.289    16.930    atten/softmax/cuInst/softmax/maxPreProcess/io_out_0[8]_INST_0_i_32_n_0
                         LUT3 (Prop_LUT3_I1_O)        0.038    16.968 r  atten/softmax/cuInst/softmax/maxPreProcess/io_out_0[0]_INST_0_i_24/O
                         net (fo=30, unplaced)        0.213    17.181    atten/softmax/cuInst/softmax/maxPreProcess/io_out_0[0]_INST_0_i_24_n_0
                         LUT6 (Prop_LUT6_I3_O)        0.090    17.271 r  atten/softmax/cuInst/softmax/maxPreProcess/io_out_0[8]_INST_0_i_41/O
                         net (fo=1, unplaced)         0.244    17.515    atten/softmax/cuInst/softmax/maxPreProcess/io_out_0[8]_INST_0_i_41_n_0
                         CARRY8 (Prop_CARRY8_DI[0]_CO[7])
                                                      0.140    17.655 r  atten/softmax/cuInst/softmax/maxPreProcess/io_out_0[8]_INST_0_i_10/CO[7]
                         net (fo=232, unplaced)       0.349    18.004    atten/softmax/cuInst/softmax/maxPreProcess/io_out_0[8]_INST_0_i_10_n_0
                         LUT5 (Prop_LUT5_I4_O)        0.038    18.042 f  atten/softmax/cuInst/softmax/maxPreProcess/io_out_0[0]_INST_0_i_27/O
                         net (fo=28, unplaced)        0.212    18.254    atten/softmax/cuInst/softmax/maxPreProcess/io_out_0[0]_INST_0_i_27_n_0
                         LUT6 (Prop_LUT6_I5_O)        0.090    18.344 r  atten/softmax/cuInst/softmax/maxPreProcess/io_out_0[8]_INST_0_i_60/O
                         net (fo=1, unplaced)         0.244    18.588    atten/softmax/cuInst/softmax/maxPreProcess/io_out_0[8]_INST_0_i_60_n_0
                         CARRY8 (Prop_CARRY8_DI[0]_CO[7])
                                                      0.140    18.728 r  atten/softmax/cuInst/softmax/maxPreProcess/io_out_0[8]_INST_0_i_12/CO[7]
                         net (fo=416, unplaced)       0.362    19.090    atten/softmax/cuInst/softmax/maxPreProcess/io_out_0[8]_INST_0_i_12_n_0
                         LUT6 (Prop_LUT6_I4_O)        0.037    19.127 r  atten/softmax/cuInst/softmax/maxPreProcess/io_out_23[0]_INST_0_i_7/O
                         net (fo=1, unplaced)         0.023    19.150    atten/softmax/cuInst/softmax/maxPreProcess/io_out_23[0]_INST_0_i_7_n_0
                         CARRY8 (Prop_CARRY8_S[1]_CO[7])
                                                      0.197    19.347 r  atten/softmax/cuInst/softmax/maxPreProcess/io_out_23[0]_INST_0/CO[7]
                         net (fo=1, unplaced)         0.005    19.352    atten/softmax/cuInst/softmax/maxPreProcess/io_out_23[0]_INST_0_n_0
                         CARRY8 (Prop_CARRY8_CI_O[7])
                                                      0.116    19.468 f  atten/softmax/cuInst/softmax/maxPreProcess/io_out_23[8]_INST_0/O[7]
                         net (fo=9, unplaced)         0.239    19.707    atten/softmax/cuInst/softmax/full_23/A[15]
                         DSP_A_B_DATA (Prop_DSP_A_B_DATA_A[15]_A2_DATA[15])
                                                      0.192    19.899 r  atten/softmax/cuInst/softmax/full_23/DSP_A_B_DATA_INST/A2_DATA[15]
                         net (fo=1, unplaced)         0.000    19.899    atten/softmax/cuInst/softmax/full_23/DSP_A_B_DATA.A2_DATA<15>
                         DSP_PREADD_DATA (Prop_DSP_PREADD_DATA_A2_DATA[15]_A2A1[15])
                                                      0.076    19.975 r  atten/softmax/cuInst/softmax/full_23/DSP_PREADD_DATA_INST/A2A1[15]
                         net (fo=1, unplaced)         0.000    19.975    atten/softmax/cuInst/softmax/full_23/DSP_PREADD_DATA.A2A1<15>
                         DSP_MULTIPLIER (Prop_DSP_MULTIPLIER_A2A1[15]_U[16])
                                                      0.505    20.480 f  atten/softmax/cuInst/softmax/full_23/DSP_MULTIPLIER_INST/U[16]
                         net (fo=1, unplaced)         0.000    20.480    atten/softmax/cuInst/softmax/full_23/DSP_MULTIPLIER.U<16>
                         DSP_M_DATA (Prop_DSP_M_DATA_U[16]_U_DATA[16])
                                                      0.047    20.527 r  atten/softmax/cuInst/softmax/full_23/DSP_M_DATA_INST/U_DATA[16]
                         net (fo=1, unplaced)         0.000    20.527    atten/softmax/cuInst/softmax/full_23/DSP_M_DATA.U_DATA<16>
                         DSP_ALU (Prop_DSP_ALU_U_DATA[16]_ALU_OUT[16])
                                                      0.585    21.112 r  atten/softmax/cuInst/softmax/full_23/DSP_ALU_INST/ALU_OUT[16]
                         net (fo=1, unplaced)         0.000    21.112    atten/softmax/cuInst/softmax/full_23/DSP_ALU.ALU_OUT<16>
                         DSP_OUTPUT (Prop_DSP_OUTPUT_ALU_OUT[16]_P[16])
                                                      0.109    21.221 f  atten/softmax/cuInst/softmax/full_23/DSP_OUTPUT_INST/P[16]
                         net (fo=47, unplaced)        0.219    21.440    atten/softmax/cuInst/softmax/exp2Stage1/io_in_23[8]
                         LUT2 (Prop_LUT2_I0_O)        0.100    21.540 f  atten/softmax/cuInst/softmax/exp2Stage1/io_out_23[15]_INST_0_i_11/O
                         net (fo=1, unplaced)         0.260    21.800    atten/softmax/cuInst/softmax/exp2Stage1/io_out_23[15]_INST_0_i_11_n_0
                         CARRY8 (Prop_CARRY8_DI[0]_CO[3])
                                                      0.182    21.982 f  atten/softmax/cuInst/softmax/exp2Stage1/io_out_23[15]_INST_0_i_3/CO[3]
                         net (fo=16, unplaced)        0.198    22.180    atten/softmax/cuInst/softmax/exp2Stage1/io_out_23[15]_INST_0_i_3_n_4
                         LUT6 (Prop_LUT6_I0_O)        0.053    22.233 r  atten/softmax/cuInst/softmax/exp2Stage1/io_out_23[0]_INST_0/O
                         net (fo=3, unplaced)         0.161    22.394    atten/softmax/cuInst/softmax/sum/io_in_23[0]
                         LUT3 (Prop_LUT3_I0_O)        0.090    22.484 r  atten/softmax/cuInst/softmax/sum/io_out[8]_INST_0_i_246/O
                         net (fo=1, unplaced)         0.221    22.705    atten/softmax/cuInst/softmax/sum/io_out[8]_INST_0_i_246_n_0
                         CARRY8 (Prop_CARRY8_DI[1]_O[2])
                                                      0.099    22.804 r  atten/softmax/cuInst/softmax/sum/io_out[8]_INST_0_i_156/O[2]
                         net (fo=3, unplaced)         0.207    23.011    atten/softmax/cuInst/softmax/sum/io_out[8]_INST_0_i_156_n_13
                         LUT3 (Prop_LUT3_I0_O)        0.090    23.101 r  atten/softmax/cuInst/softmax/sum/io_out[8]_INST_0_i_125/O
                         net (fo=1, unplaced)         0.198    23.299    atten/softmax/cuInst/softmax/sum/io_out[8]_INST_0_i_125_n_0
                         CARRY8 (Prop_CARRY8_DI[3]_O[7])
                                                      0.184    23.483 r  atten/softmax/cuInst/softmax/sum/io_out[8]_INST_0_i_26/O[7]
                         net (fo=5, unplaced)         0.173    23.656    atten/softmax/cuInst/softmax/sum/io_out[8]_INST_0_i_26_n_8
                         LUT3 (Prop_LUT3_I2_O)        0.038    23.694 r  atten/softmax/cuInst/softmax/sum/io_out[8]_INST_0_i_29/O
                         net (fo=1, unplaced)         0.197    23.891    atten/softmax/cuInst/softmax/sum/io_out[8]_INST_0_i_29_n_0
                         LUT5 (Prop_LUT5_I3_O)        0.038    23.929 r  atten/softmax/cuInst/softmax/sum/io_out[8]_INST_0_i_7/O
                         net (fo=1, unplaced)         0.244    24.173    atten/softmax/cuInst/softmax/sum/io_out[8]_INST_0_i_7_n_0
                         CARRY8 (Prop_CARRY8_DI[0]_O[5])
                                                      0.208    24.381 f  atten/softmax/cuInst/softmax/sum/io_out[8]_INST_0/O[5]
                         net (fo=27, unplaced)        0.197    24.578    atten/softmax/cuInst/softmax/log2/io_in_0[13]
                         LUT4 (Prop_LUT4_I0_O)        0.100    24.678 f  atten/softmax/cuInst/softmax/log2/io_out_0[7]_INST_0_i_4/O
                         net (fo=15, unplaced)        0.195    24.873    atten/softmax/cuInst/softmax/log2/io_out_0[7]_INST_0_i_4_n_0
                         LUT6 (Prop_LUT6_I2_O)        0.053    24.926 r  atten/softmax/cuInst/softmax/log2/io_out_0[7]_INST_0_i_1/O
                         net (fo=2, unplaced)         0.197    25.123    atten/softmax/cuInst/softmax/log2/io_out_0[7]_INST_0_i_1_n_0
                         LUT3 (Prop_LUT3_I0_O)        0.038    25.161 r  atten/softmax/cuInst/softmax/log2/io_out_0[14]_INST_0_i_16/O
                         net (fo=1, unplaced)         0.020    25.181    atten/softmax/cuInst/softmax/log2/x[7]
                         CARRY8 (Prop_CARRY8_S[0]_O[4])
                                                      0.206    25.387 r  atten/softmax/cuInst/softmax/log2/io_out_0[14]_INST_0_i_1/O[4]
                         net (fo=1, unplaced)         0.155    25.542    atten/softmax/cuInst/softmax/log2/io_out_0[14]_INST_0_i_1_n_11
                         LUT3 (Prop_LUT3_I0_O)        0.053    25.595 r  atten/softmax/cuInst/softmax/log2/io_out_0[11]_INST_0/O
                         net (fo=26, unplaced)        0.252    25.847    atten/softmax/cuInst/softmax/_log2_io_out_0[11]
                         LUT2 (Prop_LUT2_I1_O)        0.037    25.884 r  atten/softmax/cuInst/softmax/exp2Stage2_i_89/O
                         net (fo=1, unplaced)         0.032    25.916    atten/softmax/cuInst/softmax/exp2Stage2_i_89_n_0
                         CARRY8 (Prop_CARRY8_S[3]_O[4])
                                                      0.149    26.065 r  atten/softmax/cuInst/softmax/exp2Stage2_i_5/O[4]
                         net (fo=28, unplaced)        0.212    26.277    atten/softmax/cuInst/softmax/exp2Stage2/io_in_2[12]
                         LUT2 (Prop_LUT2_I0_O)        0.099    26.376 r  atten/softmax/cuInst/softmax/exp2Stage2/io_out_2[15]_INST_0_i_9/O
                         net (fo=1, unplaced)         0.242    26.618    atten/softmax/cuInst/softmax/exp2Stage2/io_out_2[15]_INST_0_i_9_n_0
                         CARRY8 (Prop_CARRY8_DI[2]_CO[3])
                                                      0.134    26.752 r  atten/softmax/cuInst/softmax/exp2Stage2/io_out_2[15]_INST_0_i_3/CO[3]
                         net (fo=16, unplaced)        0.198    26.950    atten/softmax/cuInst/softmax/exp2Stage2/io_out_2[15]_INST_0_i_3_n_4
                         LUT6 (Prop_LUT6_I0_O)        0.053    27.003 f  atten/softmax/cuInst/softmax/exp2Stage2/io_out_2[0]_INST_0/O
                         net (fo=18, unplaced)        0.203    27.206    atten/softmax/cuInst/softmax/toFp_2/cvt/io_in[0]
                         LUT6 (Prop_LUT6_I2_O)        0.100    27.306 r  atten/softmax/cuInst/softmax/toFp_2/cvt/io_out[31]_INST_0_i_28/O
                         net (fo=10, unplaced)        0.230    27.536    atten/softmax/cuInst/softmax/toFp_2/cvt/io_out[31]_INST_0_i_28_n_0
                         LUT5 (Prop_LUT5_I2_O)        0.038    27.574 r  atten/softmax/cuInst/softmax/toFp_2/cvt/io_out[31]_INST_0_i_30/O
                         net (fo=3, unplaced)         0.203    27.777    atten/softmax/cuInst/softmax/toFp_2/cvt/io_out[31]_INST_0_i_30_n_0
                         LUT5 (Prop_LUT5_I1_O)        0.070    27.847 f  atten/softmax/cuInst/softmax/toFp_2/cvt/io_out[31]_INST_0_i_23/O
                         net (fo=3, unplaced)         0.161    28.008    atten/softmax/cuInst/softmax/toFp_2/cvt/io_out[31]_INST_0_i_23_n_0
                         LUT5 (Prop_LUT5_I0_O)        0.090    28.098 r  atten/softmax/cuInst/softmax/toFp_2/cvt/io_out[26]_INST_0_i_1/O
                         net (fo=20, unplaced)        0.246    28.344    atten/softmax/cuInst/softmax/toFp_2/cvt/intAsRawFloat_adjustedNormDist[3]
                         LUT6 (Prop_LUT6_I4_O)        0.038    28.382 f  atten/softmax/cuInst/softmax/toFp_2/cvt/io_out[31]_INST_0_i_4/O
                         net (fo=4, unplaced)         0.169    28.551    atten/softmax/cuInst/softmax/toFp_2/cvt/io_out[31]_INST_0_i_4_n_0
                         LUT6 (Prop_LUT6_I2_O)        0.100    28.651 r  atten/softmax/cuInst/softmax/toFp_2/cvt/roundAnyRawFNToRecFN_i_1/O
                         net (fo=15, unplaced)        0.240    28.891    atten/softmax/cuInst/softmax/toFp_2/cvt/roundAnyRawFNToRecFN/io_in_isZero
                         LUT2 (Prop_LUT2_I1_O)        0.070    28.961 f  atten/softmax/cuInst/softmax/toFp_2/cvt/roundAnyRawFNToRecFN/io_out[20]_INST_0/O
                         net (fo=4, unplaced)         0.210    29.171    atten/softmax/cuInst/softmax/toFp_2/_cvt_io_out[20]
                         LUT5 (Prop_LUT5_I4_O)        0.038    29.209 f  atten/softmax/cuInst/softmax/toFp_2/io_out[1]_INST_0_i_1/O
                         net (fo=2, unplaced)         0.197    29.406    atten/softmax/cuInst/softmax/toFp_2/io_out[1]_INST_0_i_1_n_0
                         LUT5 (Prop_LUT5_I3_O)        0.038    29.444 f  atten/softmax/cuInst/softmax/toFp_2/io_out[1]_INST_0/O
                         net (fo=13, unplaced)        0.236    29.680    atten/softmax/cuInst/softmax/mul_28/io_a[1]
                         LUT6 (Prop_LUT6_I4_O)        0.038    29.718 r  atten/softmax/cuInst/softmax/mul_28/mul_i_97/O
                         net (fo=1, unplaced)         0.197    29.915    atten/softmax/cuInst/softmax/mul_28/mul_i_97_n_0
                         LUT5 (Prop_LUT5_I0_O)        0.038    29.953 r  atten/softmax/cuInst/softmax/mul_28/mul_i_77/O
                         net (fo=1, unplaced)         0.197    30.150    atten/softmax/cuInst/softmax/mul_28/mul_i_77_n_0
                         LUT6 (Prop_LUT6_I0_O)        0.038    30.188 r  atten/softmax/cuInst/softmax/mul_28/mul_i_39/O
                         net (fo=27, unplaced)        0.253    30.441    atten/softmax/cuInst/softmax/mul_28/mul_i_39_n_0
                         LUT3 (Prop_LUT3_I0_O)        0.038    30.479 f  atten/softmax/cuInst/softmax/mul_28/mul_i_50/O
                         net (fo=2, unplaced)         0.197    30.676    atten/softmax/cuInst/softmax/mul_28/mul_i_50_n_0
                         LUT5 (Prop_LUT5_I2_O)        0.038    30.714 f  atten/softmax/cuInst/softmax/mul_28/mul_i_16/O
                         net (fo=1, unplaced)         0.214    30.928    atten/softmax/cuInst/softmax/mul_28/mul/mulRawFN/mulFullRaw/io_rawOut_sig__0/B[16]
                         DSP_A_B_DATA (Prop_DSP_A_B_DATA_B[16]_B2_DATA[16])
                                                      0.151    31.079 r  atten/softmax/cuInst/softmax/mul_28/mul/mulRawFN/mulFullRaw/io_rawOut_sig__0/DSP_A_B_DATA_INST/B2_DATA[16]
                         net (fo=1, unplaced)         0.000    31.079    atten/softmax/cuInst/softmax/mul_28/mul/mulRawFN/mulFullRaw/io_rawOut_sig__0/DSP_A_B_DATA.B2_DATA<16>
                         DSP_PREADD_DATA (Prop_DSP_PREADD_DATA_B2_DATA[16]_B2B1[16])
                                                      0.073    31.152 r  atten/softmax/cuInst/softmax/mul_28/mul/mulRawFN/mulFullRaw/io_rawOut_sig__0/DSP_PREADD_DATA_INST/B2B1[16]
                         net (fo=1, unplaced)         0.000    31.152    atten/softmax/cuInst/softmax/mul_28/mul/mulRawFN/mulFullRaw/io_rawOut_sig__0/DSP_PREADD_DATA.B2B1<16>
                         DSP_MULTIPLIER (Prop_DSP_MULTIPLIER_B2B1[16]_V[19])
                                                      0.609    31.761 f  atten/softmax/cuInst/softmax/mul_28/mul/mulRawFN/mulFullRaw/io_rawOut_sig__0/DSP_MULTIPLIER_INST/V[19]
                         net (fo=1, unplaced)         0.000    31.761    atten/softmax/cuInst/softmax/mul_28/mul/mulRawFN/mulFullRaw/io_rawOut_sig__0/DSP_MULTIPLIER.V<19>
                         DSP_M_DATA (Prop_DSP_M_DATA_V[19]_V_DATA[19])
                                                      0.046    31.807 r  atten/softmax/cuInst/softmax/mul_28/mul/mulRawFN/mulFullRaw/io_rawOut_sig__0/DSP_M_DATA_INST/V_DATA[19]
                         net (fo=1, unplaced)         0.000    31.807    atten/softmax/cuInst/softmax/mul_28/mul/mulRawFN/mulFullRaw/io_rawOut_sig__0/DSP_M_DATA.V_DATA<19>
                         DSP_ALU (Prop_DSP_ALU_V_DATA[19]_ALU_OUT[19])
                                                      0.571    32.378 f  atten/softmax/cuInst/softmax/mul_28/mul/mulRawFN/mulFullRaw/io_rawOut_sig__0/DSP_ALU_INST/ALU_OUT[19]
                         net (fo=1, unplaced)         0.000    32.378    atten/softmax/cuInst/softmax/mul_28/mul/mulRawFN/mulFullRaw/io_rawOut_sig__0/DSP_ALU.ALU_OUT<19>
                         DSP_OUTPUT (Prop_DSP_OUTPUT_ALU_OUT[19]_P[19])
                                                      0.109    32.487 r  atten/softmax/cuInst/softmax/mul_28/mul/mulRawFN/mulFullRaw/io_rawOut_sig__0/DSP_OUTPUT_INST/P[19]
                         net (fo=1, unplaced)         0.211    32.698    atten/softmax/cuInst/softmax/mul_28/mul/mulRawFN/mulFullRaw/io_rawOut_sig__1/C[2]
                         DSP_C_DATA (Prop_DSP_C_DATA_C[2]_C_DATA[2])
                                                      0.105    32.803 r  atten/softmax/cuInst/softmax/mul_28/mul/mulRawFN/mulFullRaw/io_rawOut_sig__1/DSP_C_DATA_INST/C_DATA[2]
                         net (fo=2, unplaced)         0.000    32.803    atten/softmax/cuInst/softmax/mul_28/mul/mulRawFN/mulFullRaw/io_rawOut_sig__1/DSP_C_DATA.C_DATA<2>
                         DSP_ALU (Prop_DSP_ALU_C_DATA[2]_ALU_OUT[3])
                                                      0.585    33.388 r  atten/softmax/cuInst/softmax/mul_28/mul/mulRawFN/mulFullRaw/io_rawOut_sig__1/DSP_ALU_INST/ALU_OUT[3]
                         net (fo=1, unplaced)         0.000    33.388    atten/softmax/cuInst/softmax/mul_28/mul/mulRawFN/mulFullRaw/io_rawOut_sig__1/DSP_ALU.ALU_OUT<3>
                         DSP_OUTPUT (Prop_DSP_OUTPUT_ALU_OUT[3]_P[3])
                                                      0.109    33.497 f  atten/softmax/cuInst/softmax/mul_28/mul/mulRawFN/mulFullRaw/io_rawOut_sig__1/DSP_OUTPUT_INST/P[3]
                         net (fo=1, unplaced)         0.218    33.715    atten/softmax/cuInst/softmax/mul_28/mul/mulRawFN/_mulFullRaw_io_rawOut_sig[20]
                         LUT6 (Prop_LUT6_I0_O)        0.150    33.865 f  atten/softmax/cuInst/softmax/mul_28/mul/mulRawFN/io_rawOut_sig[0]_INST_0_i_2/O
                         net (fo=1, unplaced)         0.155    34.020    atten/softmax/cuInst/softmax/mul_28/mul/mulRawFN/io_rawOut_sig[0]_INST_0_i_2_n_0
                         LUT4 (Prop_LUT4_I1_O)        0.090    34.110 f  atten/softmax/cuInst/softmax/mul_28/mul/mulRawFN/io_rawOut_sig[0]_INST_0/O
                         net (fo=2, unplaced)         0.156    34.266    atten/softmax/cuInst/softmax/mul_28/mul/roundRawFNToRecFN/roundAnyRawFNToRecFN/io_in_sig[0]
                         LUT6 (Prop_LUT6_I5_O)        0.100    34.366 f  atten/softmax/cuInst/softmax/mul_28/mul/roundRawFNToRecFN/roundAnyRawFNToRecFN/io_out[26]_INST_0_i_39/O
                         net (fo=1, unplaced)         0.197    34.563    atten/softmax/cuInst/softmax/mul_28/mul/roundRawFNToRecFN/roundAnyRawFNToRecFN/io_out[26]_INST_0_i_39_n_0
                         LUT5 (Prop_LUT5_I4_O)        0.038    34.601 f  atten/softmax/cuInst/softmax/mul_28/mul/roundRawFNToRecFN/roundAnyRawFNToRecFN/io_out[26]_INST_0_i_12/O
                         net (fo=1, unplaced)         0.152    34.753    atten/softmax/cuInst/softmax/mul_28/mul/roundRawFNToRecFN/roundAnyRawFNToRecFN/io_out[26]_INST_0_i_12_n_0
                         LUT6 (Prop_LUT6_I3_O)        0.053    34.806 f  atten/softmax/cuInst/softmax/mul_28/mul/roundRawFNToRecFN/roundAnyRawFNToRecFN/io_out[26]_INST_0_i_4/O
                         net (fo=27, unplaced)        0.211    35.017    atten/softmax/cuInst/softmax/mul_28/mul/roundRawFNToRecFN/roundAnyRawFNToRecFN/io_out[26]_INST_0_i_4_n_0
                         LUT4 (Prop_LUT4_I1_O)        0.112    35.129 f  atten/softmax/cuInst/softmax/mul_28/mul/roundRawFNToRecFN/roundAnyRawFNToRecFN/io_out[26]_INST_0_i_1/O
                         net (fo=8, unplaced)         0.225    35.354    atten/softmax/cuInst/softmax/mul_28/mul/roundRawFNToRecFN/roundAnyRawFNToRecFN/io_out[26]_INST_0_i_1_n_0
                         LUT6 (Prop_LUT6_I4_O)        0.038    35.392 r  atten/softmax/cuInst/softmax/mul_28/mul/roundRawFNToRecFN/roundAnyRawFNToRecFN/io_out[28]_INST_0_i_1/O
                         net (fo=6, unplaced)         0.219    35.611    atten/softmax/cuInst/softmax/mul_28/mul/roundRawFNToRecFN/roundAnyRawFNToRecFN/io_out[28]_INST_0_i_1_n_0
                         LUT3 (Prop_LUT3_I0_O)        0.068    35.679 r  atten/softmax/cuInst/softmax/mul_28/mul/roundRawFNToRecFN/roundAnyRawFNToRecFN/io_out[30]_INST_0_i_5/O
                         net (fo=1, unplaced)         0.242    35.921    atten/softmax/cuInst/softmax/mul_28/mul/roundRawFNToRecFN/roundAnyRawFNToRecFN/io_out[30]_INST_0_i_5_n_0
                         CARRY8 (Prop_CARRY8_DI[2]_CO[5])
                                                      0.148    36.069 r  atten/softmax/cuInst/softmax/mul_28/mul/roundRawFNToRecFN/roundAnyRawFNToRecFN/io_out[30]_INST_0_i_1/CO[5]
                         net (fo=5, unplaced)         0.141    36.210    atten/softmax/cuInst/softmax/mul_28/mul/roundRawFNToRecFN/roundAnyRawFNToRecFN/common_totalUnderflow
                         LUT2 (Prop_LUT2_I0_O)        0.038    36.248 r  atten/softmax/cuInst/softmax/mul_28/mul/roundRawFNToRecFN/roundAnyRawFNToRecFN/io_out[31]_INST_0_i_3/O
                         net (fo=1, unplaced)         0.197    36.445    atten/softmax/cuInst/softmax/mul_28/mul/roundRawFNToRecFN/roundAnyRawFNToRecFN/io_out[31]_INST_0_i_3_n_0
                         LUT6 (Prop_LUT6_I3_O)        0.038    36.483 f  atten/softmax/cuInst/softmax/mul_28/mul/roundRawFNToRecFN/roundAnyRawFNToRecFN/io_out[31]_INST_0/O
                         net (fo=12, unplaced)        0.235    36.718    atten/softmax/cuInst/softmax/mul_28/_mul_io_out[31]
                         LUT3 (Prop_LUT3_I0_O)        0.038    36.756 f  atten/softmax/cuInst/softmax/mul_28/io_out[21]_INST_0_i_3/O
                         net (fo=4, unplaced)         0.210    36.966    atten/softmax/cuInst/softmax/mul_28/io_out[21]_INST_0_i_3_n_0
                         LUT5 (Prop_LUT5_I2_O)        0.038    37.004 f  atten/softmax/cuInst/softmax/mul_28/io_out[0]_INST_0_i_2/O
                         net (fo=3, unplaced)         0.203    37.207    atten/softmax/cuInst/softmax/mul_28/io_out[0]_INST_0_i_2_n_0
                         LUT6 (Prop_LUT6_I5_O)        0.038    37.245 f  atten/softmax/cuInst/softmax/mul_28/io_out[6]_INST_0_i_2/O
                         net (fo=2, unplaced)         0.197    37.442    atten/softmax/cuInst/softmax/mul_28/io_out[6]_INST_0_i_2_n_0
                         LUT3 (Prop_LUT3_I2_O)        0.038    37.480 f  atten/softmax/cuInst/softmax/mul_28/io_out[6]_INST_0_i_1/O
                         net (fo=2, unplaced)         0.197    37.677    atten/softmax/cuInst/softmax/mul_28/io_out[6]_INST_0_i_1_n_0
                         LUT6 (Prop_LUT6_I2_O)        0.038    37.715 f  atten/softmax/cuInst/softmax/mul_28/io_out[5]_INST_0/O
                         net (fo=1, unplaced)         0.197    37.912    atten/softmax/cuInst/softmax/_mul_28_io_out[5]
                         LUT2 (Prop_LUT2_I1_O)        0.070    37.982 f  atten/softmax/cuInst/softmax/io_out_2[5]_INST_0/O
                         net (fo=10, unplaced)        0.189    38.171    atten/dm2/ctxQuant/mul_2/io_a[5]
                         LUT4 (Prop_LUT4_I0_O)        0.100    38.271 f  atten/dm2/ctxQuant/mul_2/mul_i_134/O
                         net (fo=2, unplaced)         0.197    38.468    atten/dm2/ctxQuant/mul_2/mul_i_134_n_0
                         LUT5 (Prop_LUT5_I2_O)        0.038    38.506 r  atten/dm2/ctxQuant/mul_2/mul_i_73/O
                         net (fo=29, unplaced)        0.255    38.761    atten/dm2/ctxQuant/mul_2/mul_i_73_n_0
                         LUT6 (Prop_LUT6_I2_O)        0.038    38.799 f  atten/dm2/ctxQuant/mul_2/mul_i_159/O
                         net (fo=2, unplaced)         0.197    38.996    atten/dm2/ctxQuant/mul_2/mul_i_159_n_0
                         LUT3 (Prop_LUT3_I2_O)        0.038    39.034 f  atten/dm2/ctxQuant/mul_2/mul_i_83/O
                         net (fo=2, unplaced)         0.197    39.231    atten/dm2/ctxQuant/mul_2/mul_i_83_n_0
                         LUT5 (Prop_LUT5_I2_O)        0.038    39.269 f  atten/dm2/ctxQuant/mul_2/mul_i_16/O
                         net (fo=1, unplaced)         0.214    39.483    atten/dm2/ctxQuant/mul_2/mul/mulRawFN/mulFullRaw/io_rawOut_sig__0/B[16]
                         DSP_A_B_DATA (Prop_DSP_A_B_DATA_B[16]_B2_DATA[16])
                                                      0.151    39.634 r  atten/dm2/ctxQuant/mul_2/mul/mulRawFN/mulFullRaw/io_rawOut_sig__0/DSP_A_B_DATA_INST/B2_DATA[16]
                         net (fo=1, unplaced)         0.000    39.634    atten/dm2/ctxQuant/mul_2/mul/mulRawFN/mulFullRaw/io_rawOut_sig__0/DSP_A_B_DATA.B2_DATA<16>
                         DSP_PREADD_DATA (Prop_DSP_PREADD_DATA_B2_DATA[16]_B2B1[16])
                                                      0.073    39.707 r  atten/dm2/ctxQuant/mul_2/mul/mulRawFN/mulFullRaw/io_rawOut_sig__0/DSP_PREADD_DATA_INST/B2B1[16]
                         net (fo=1, unplaced)         0.000    39.707    atten/dm2/ctxQuant/mul_2/mul/mulRawFN/mulFullRaw/io_rawOut_sig__0/DSP_PREADD_DATA.B2B1<16>
                         DSP_MULTIPLIER (Prop_DSP_MULTIPLIER_B2B1[16]_V[19])
                                                      0.609    40.316 f  atten/dm2/ctxQuant/mul_2/mul/mulRawFN/mulFullRaw/io_rawOut_sig__0/DSP_MULTIPLIER_INST/V[19]
                         net (fo=1, unplaced)         0.000    40.316    atten/dm2/ctxQuant/mul_2/mul/mulRawFN/mulFullRaw/io_rawOut_sig__0/DSP_MULTIPLIER.V<19>
                         DSP_M_DATA (Prop_DSP_M_DATA_V[19]_V_DATA[19])
                                                      0.046    40.362 r  atten/dm2/ctxQuant/mul_2/mul/mulRawFN/mulFullRaw/io_rawOut_sig__0/DSP_M_DATA_INST/V_DATA[19]
                         net (fo=1, unplaced)         0.000    40.362    atten/dm2/ctxQuant/mul_2/mul/mulRawFN/mulFullRaw/io_rawOut_sig__0/DSP_M_DATA.V_DATA<19>
                         DSP_ALU (Prop_DSP_ALU_V_DATA[19]_ALU_OUT[19])
                                                      0.571    40.933 f  atten/dm2/ctxQuant/mul_2/mul/mulRawFN/mulFullRaw/io_rawOut_sig__0/DSP_ALU_INST/ALU_OUT[19]
                         net (fo=1, unplaced)         0.000    40.933    atten/dm2/ctxQuant/mul_2/mul/mulRawFN/mulFullRaw/io_rawOut_sig__0/DSP_ALU.ALU_OUT<19>
                         DSP_OUTPUT (Prop_DSP_OUTPUT_ALU_OUT[19]_P[19])
                                                      0.109    41.042 r  atten/dm2/ctxQuant/mul_2/mul/mulRawFN/mulFullRaw/io_rawOut_sig__0/DSP_OUTPUT_INST/P[19]
                         net (fo=1, unplaced)         0.211    41.253    atten/dm2/ctxQuant/mul_2/mul/mulRawFN/mulFullRaw/io_rawOut_sig__1/C[2]
                         DSP_C_DATA (Prop_DSP_C_DATA_C[2]_C_DATA[2])
                                                      0.105    41.358 r  atten/dm2/ctxQuant/mul_2/mul/mulRawFN/mulFullRaw/io_rawOut_sig__1/DSP_C_DATA_INST/C_DATA[2]
                         net (fo=2, unplaced)         0.000    41.358    atten/dm2/ctxQuant/mul_2/mul/mulRawFN/mulFullRaw/io_rawOut_sig__1/DSP_C_DATA.C_DATA<2>
                         DSP_ALU (Prop_DSP_ALU_C_DATA[2]_ALU_OUT[3])
                                                      0.585    41.943 r  atten/dm2/ctxQuant/mul_2/mul/mulRawFN/mulFullRaw/io_rawOut_sig__1/DSP_ALU_INST/ALU_OUT[3]
                         net (fo=1, unplaced)         0.000    41.943    atten/dm2/ctxQuant/mul_2/mul/mulRawFN/mulFullRaw/io_rawOut_sig__1/DSP_ALU.ALU_OUT<3>
                         DSP_OUTPUT (Prop_DSP_OUTPUT_ALU_OUT[3]_P[3])
                                                      0.109    42.052 f  atten/dm2/ctxQuant/mul_2/mul/mulRawFN/mulFullRaw/io_rawOut_sig__1/DSP_OUTPUT_INST/P[3]
                         net (fo=1, unplaced)         0.218    42.270    atten/dm2/ctxQuant/mul_2/mul/mulRawFN/_mulFullRaw_io_rawOut_sig[20]
                         LUT6 (Prop_LUT6_I0_O)        0.150    42.420 f  atten/dm2/ctxQuant/mul_2/mul/mulRawFN/io_rawOut_sig[0]_INST_0_i_2/O
                         net (fo=1, unplaced)         0.155    42.575    atten/dm2/ctxQuant/mul_2/mul/mulRawFN/io_rawOut_sig[0]_INST_0_i_2_n_0
                         LUT4 (Prop_LUT4_I1_O)        0.090    42.665 f  atten/dm2/ctxQuant/mul_2/mul/mulRawFN/io_rawOut_sig[0]_INST_0/O
                         net (fo=2, unplaced)         0.156    42.821    atten/dm2/ctxQuant/mul_2/mul/roundRawFNToRecFN/roundAnyRawFNToRecFN/io_in_sig[0]
                         LUT6 (Prop_LUT6_I5_O)        0.100    42.921 f  atten/dm2/ctxQuant/mul_2/mul/roundRawFNToRecFN/roundAnyRawFNToRecFN/io_out[26]_INST_0_i_39/O
                         net (fo=1, unplaced)         0.197    43.118    atten/dm2/ctxQuant/mul_2/mul/roundRawFNToRecFN/roundAnyRawFNToRecFN/io_out[26]_INST_0_i_39_n_0
                         LUT5 (Prop_LUT5_I4_O)        0.038    43.156 f  atten/dm2/ctxQuant/mul_2/mul/roundRawFNToRecFN/roundAnyRawFNToRecFN/io_out[26]_INST_0_i_12/O
                         net (fo=1, unplaced)         0.152    43.308    atten/dm2/ctxQuant/mul_2/mul/roundRawFNToRecFN/roundAnyRawFNToRecFN/io_out[26]_INST_0_i_12_n_0
                         LUT6 (Prop_LUT6_I3_O)        0.053    43.361 f  atten/dm2/ctxQuant/mul_2/mul/roundRawFNToRecFN/roundAnyRawFNToRecFN/io_out[26]_INST_0_i_4/O
                         net (fo=27, unplaced)        0.211    43.572    atten/dm2/ctxQuant/mul_2/mul/roundRawFNToRecFN/roundAnyRawFNToRecFN/io_out[26]_INST_0_i_4_n_0
                         LUT4 (Prop_LUT4_I1_O)        0.112    43.684 f  atten/dm2/ctxQuant/mul_2/mul/roundRawFNToRecFN/roundAnyRawFNToRecFN/io_out[26]_INST_0_i_1/O
                         net (fo=8, unplaced)         0.225    43.909    atten/dm2/ctxQuant/mul_2/mul/roundRawFNToRecFN/roundAnyRawFNToRecFN/io_out[26]_INST_0_i_1_n_0
                         LUT6 (Prop_LUT6_I4_O)        0.038    43.947 r  atten/dm2/ctxQuant/mul_2/mul/roundRawFNToRecFN/roundAnyRawFNToRecFN/io_out[28]_INST_0_i_1/O
                         net (fo=6, unplaced)         0.219    44.166    atten/dm2/ctxQuant/mul_2/mul/roundRawFNToRecFN/roundAnyRawFNToRecFN/io_out[28]_INST_0_i_1_n_0
                         LUT3 (Prop_LUT3_I0_O)        0.068    44.234 f  atten/dm2/ctxQuant/mul_2/mul/roundRawFNToRecFN/roundAnyRawFNToRecFN/io_out[30]_INST_0_i_5/O
                         net (fo=1, unplaced)         0.242    44.476    atten/dm2/ctxQuant/mul_2/mul/roundRawFNToRecFN/roundAnyRawFNToRecFN/io_out[30]_INST_0_i_5_n_0
                         CARRY8 (Prop_CARRY8_DI[2]_CO[5])
                                                      0.148    44.624 f  atten/dm2/ctxQuant/mul_2/mul/roundRawFNToRecFN/roundAnyRawFNToRecFN/io_out[30]_INST_0_i_1/CO[5]
                         net (fo=5, unplaced)         0.141    44.765    atten/dm2/ctxQuant/mul_2/mul/roundRawFNToRecFN/roundAnyRawFNToRecFN/common_totalUnderflow
                         LUT2 (Prop_LUT2_I0_O)        0.038    44.803 f  atten/dm2/ctxQuant/mul_2/mul/roundRawFNToRecFN/roundAnyRawFNToRecFN/io_out[31]_INST_0_i_3/O
                         net (fo=1, unplaced)         0.197    45.000    atten/dm2/ctxQuant/mul_2/mul/roundRawFNToRecFN/roundAnyRawFNToRecFN/io_out[31]_INST_0_i_3_n_0
                         LUT6 (Prop_LUT6_I3_O)        0.038    45.038 r  atten/dm2/ctxQuant/mul_2/mul/roundRawFNToRecFN/roundAnyRawFNToRecFN/io_out[31]_INST_0/O
                         net (fo=12, unplaced)        0.235    45.273    atten/dm2/ctxQuant/mul_2/_mul_io_out[31]
                         LUT3 (Prop_LUT3_I0_O)        0.038    45.311 r  atten/dm2/ctxQuant/mul_2/io_out[21]_INST_0_i_3/O
                         net (fo=4, unplaced)         0.210    45.521    atten/dm2/ctxQuant/mul_2/io_out[21]_INST_0_i_3_n_0
                         LUT5 (Prop_LUT5_I2_O)        0.038    45.559 r  atten/dm2/ctxQuant/mul_2/io_out[0]_INST_0_i_2/O
                         net (fo=3, unplaced)         0.203    45.762    atten/dm2/ctxQuant/mul_2/io_out[0]_INST_0_i_2_n_0
                         LUT6 (Prop_LUT6_I5_O)        0.038    45.800 r  atten/dm2/ctxQuant/mul_2/io_out[6]_INST_0_i_2/O
                         net (fo=2, unplaced)         0.197    45.997    atten/dm2/ctxQuant/mul_2/io_out[6]_INST_0_i_2_n_0
                         LUT3 (Prop_LUT3_I0_O)        0.070    46.067 r  atten/dm2/ctxQuant/mul_2/io_out[4]_INST_0_i_1/O
                         net (fo=2, unplaced)         0.197    46.264    atten/dm2/ctxQuant/mul_2/io_out[4]_INST_0_i_1_n_0
                         LUT6 (Prop_LUT6_I2_O)        0.038    46.302 r  atten/dm2/ctxQuant/mul_2/io_out[3]_INST_0/O
                         net (fo=11, unplaced)        0.233    46.535    atten/dm2/ctxQuant/add_2/io_a[3]
                         LUT6 (Prop_LUT6_I5_O)        0.038    46.573 r  atten/dm2/ctxQuant/add_2/add_i_141/O
                         net (fo=1, unplaced)         0.197    46.770    atten/dm2/ctxQuant/add_2/add_i_141_n_0
                         LUT6 (Prop_LUT6_I0_O)        0.038    46.808 r  atten/dm2/ctxQuant/add_2/add_i_74/O
                         net (fo=26, unplaced)        0.252    47.060    atten/dm2/ctxQuant/add_2/add_i_74_n_0
                         LUT6 (Prop_LUT6_I4_O)        0.038    47.098 r  atten/dm2/ctxQuant/add_2/add_i_70/O
                         net (fo=3, unplaced)         0.203    47.301    atten/dm2/ctxQuant/add_2/add_i_70_n_0
                         LUT6 (Prop_LUT6_I2_O)        0.038    47.339 r  atten/dm2/ctxQuant/add_2/add_i_67/O
                         net (fo=2, unplaced)         0.197    47.536    atten/dm2/ctxQuant/add_2/add_i_67_n_0
                         LUT3 (Prop_LUT3_I0_O)        0.038    47.574 r  atten/dm2/ctxQuant/add_2/add_i_4/O
                         net (fo=5, unplaced)         0.215    47.789    atten/dm2/ctxQuant/add_2/add/addRawFN/io_a_sExp[5]
                         LUT2 (Prop_LUT2_I0_O)        0.037    47.826 r  atten/dm2/ctxQuant/add_2/add/addRawFN/io_rawOut_sExp[5]_INST_0_i_6/O
                         net (fo=1, unplaced)         0.029    47.855    atten/dm2/ctxQuant/add_2/add/addRawFN/io_rawOut_sExp[5]_INST_0_i_6_n_0
                         CARRY8 (Prop_CARRY8_S[5]_CO[7])
                                                      0.166    48.021 r  atten/dm2/ctxQuant/add_2/add/addRawFN/io_rawOut_sExp[5]_INST_0_i_2/CO[7]
                         net (fo=1, unplaced)         0.005    48.026    atten/dm2/ctxQuant/add_2/add/addRawFN/io_rawOut_sExp[5]_INST_0_i_2_n_0
                         CARRY8 (Prop_CARRY8_CI_CO[1])
                                                      0.042    48.068 r  atten/dm2/ctxQuant/add_2/add/addRawFN/io_rawOut_sExp[5]_INST_0_i_1/CO[1]
                         net (fo=154, unplaced)       0.249    48.317    atten/dm2/ctxQuant/add_2/add/addRawFN/io_rawOut_sExp[5]_INST_0_i_1_n_6
                         LUT5 (Prop_LUT5_I4_O)        0.038    48.355 r  atten/dm2/ctxQuant/add_2/add/addRawFN/io_rawOut_sig[6]_INST_0_i_33/O
                         net (fo=3, unplaced)         0.203    48.558    atten/dm2/ctxQuant/add_2/add/addRawFN/p_1_in[2]
                         LUT2 (Prop_LUT2_I0_O)        0.068    48.626 r  atten/dm2/ctxQuant/add_2/add/addRawFN/io_rawOut_sig[6]_INST_0_i_10/O
                         net (fo=1, unplaced)         0.242    48.868    atten/dm2/ctxQuant/add_2/add/addRawFN/io_rawOut_sig[6]_INST_0_i_10_n_0
                         CARRY8 (Prop_CARRY8_DI[2]_O[4])
                                                      0.150    49.018 f  atten/dm2/ctxQuant/add_2/add/addRawFN/io_rawOut_sig[6]_INST_0_i_3/O[4]
                         net (fo=3, unplaced)         0.210    49.228    atten/dm2/ctxQuant/add_2/add/addRawFN/_close_sSigSum_T_3[5]
                         LUT1 (Prop_LUT1_I0_O)        0.037    49.265 r  atten/dm2/ctxQuant/add_2/add/addRawFN/io_rawOut_sig[6]_INST_0_i_22/O
                         net (fo=1, unplaced)         0.029    49.294    atten/dm2/ctxQuant/add_2/add/addRawFN/io_rawOut_sig[6]_INST_0_i_22_n_0
                         CARRY8 (Prop_CARRY8_S[5]_CO[7])
                                                      0.166    49.460 r  atten/dm2/ctxQuant/add_2/add/addRawFN/io_rawOut_sig[6]_INST_0_i_4/CO[7]
                         net (fo=1, unplaced)         0.005    49.465    atten/dm2/ctxQuant/add_2/add/addRawFN/io_rawOut_sig[6]_INST_0_i_4_n_0
                         CARRY8 (Prop_CARRY8_CI_O[2])
                                                      0.067    49.532 f  atten/dm2/ctxQuant/add_2/add/addRawFN/io_rawOut_sExp[4]_INST_0_i_12/O[2]
                         net (fo=4, unplaced)         0.214    49.746    atten/dm2/ctxQuant/add_2/add/addRawFN/io_rawOut_sExp[4]_INST_0_i_12_n_13
                         LUT5 (Prop_LUT5_I1_O)        0.090    49.836 f  atten/dm2/ctxQuant/add_2/add/addRawFN/io_rawOut_sExp[4]_INST_0_i_7/O
                         net (fo=6, unplaced)         0.177    50.013    atten/dm2/ctxQuant/add_2/add/addRawFN/io_rawOut_sExp[4]_INST_0_i_7_n_0
                         LUT6 (Prop_LUT6_I5_O)        0.090    50.103 f  atten/dm2/ctxQuant/add_2/add/addRawFN/io_rawOut_sExp[2]_INST_0_i_3/O
                         net (fo=1, unplaced)         0.155    50.258    atten/dm2/ctxQuant/add_2/add/addRawFN/io_rawOut_sExp[2]_INST_0_i_3_n_0
                         LUT5 (Prop_LUT5_I1_O)        0.090    50.348 f  atten/dm2/ctxQuant/add_2/add/addRawFN/io_rawOut_sExp[2]_INST_0_i_1/O
                         net (fo=35, unplaced)        0.259    50.607    atten/dm2/ctxQuant/add_2/add/addRawFN/close_normDistReduced2[1]
                         LUT6 (Prop_LUT6_I4_O)        0.038    50.645 r  atten/dm2/ctxQuant/add_2/add/addRawFN/io_rawOut_sExp[9]_INST_0_i_6/O
                         net (fo=2, unplaced)         0.197    50.842    atten/dm2/ctxQuant/add_2/add/addRawFN/io_rawOut_sExp[9]_INST_0_i_6_n_0
                         LUT6 (Prop_LUT6_I0_O)        0.038    50.880 r  atten/dm2/ctxQuant/add_2/add/addRawFN/io_rawOut_sExp[9]_INST_0_i_3/O
                         net (fo=4, unplaced)         0.210    51.090    atten/dm2/ctxQuant/add_2/add/addRawFN/io_rawOut_sExp[9]_INST_0_i_3_n_0
                         LUT6 (Prop_LUT6_I2_O)        0.038    51.128 r  atten/dm2/ctxQuant/add_2/add/addRawFN/io_rawOut_sExp[6]_INST_0/O
                         net (fo=25, unplaced)        0.210    51.338    atten/dm2/ctxQuant/add_2/add/roundRawFNToRecFN/roundAnyRawFNToRecFN/io_in_sExp[6]
                         LUT5 (Prop_LUT5_I1_O)        0.100    51.438 r  atten/dm2/ctxQuant/add_2/add/roundRawFNToRecFN/roundAnyRawFNToRecFN/io_out[26]_INST_0_i_15/O
                         net (fo=27, unplaced)        0.211    51.649    atten/dm2/ctxQuant/add_2/add/roundRawFNToRecFN/roundAnyRawFNToRecFN/io_out[26]_INST_0_i_15_n_0
                         LUT6 (Prop_LUT6_I2_O)        0.090    51.739 r  atten/dm2/ctxQuant/add_2/add/roundRawFNToRecFN/roundAnyRawFNToRecFN/io_out[26]_INST_0_i_39/O
                         net (fo=1, unplaced)         0.156    51.895    atten/dm2/ctxQuant/add_2/add/roundRawFNToRecFN/roundAnyRawFNToRecFN/io_out[26]_INST_0_i_39_n_0
                         LUT6 (Prop_LUT6_I2_O)        0.100    51.995 r  atten/dm2/ctxQuant/add_2/add/roundRawFNToRecFN/roundAnyRawFNToRecFN/io_out[26]_INST_0_i_11/O
                         net (fo=1, unplaced)         0.155    52.150    atten/dm2/ctxQuant/add_2/add/roundRawFNToRecFN/roundAnyRawFNToRecFN/io_out[26]_INST_0_i_11_n_0
                         LUT6 (Prop_LUT6_I2_O)        0.090    52.240 r  atten/dm2/ctxQuant/add_2/add/roundRawFNToRecFN/roundAnyRawFNToRecFN/io_out[26]_INST_0_i_3/O
                         net (fo=28, unplaced)        0.212    52.452    atten/dm2/ctxQuant/add_2/add/roundRawFNToRecFN/roundAnyRawFNToRecFN/io_out[26]_INST_0_i_3_n_0
                         LUT4 (Prop_LUT4_I0_O)        0.090    52.542 f  atten/dm2/ctxQuant/add_2/add/roundRawFNToRecFN/roundAnyRawFNToRecFN/io_out[26]_INST_0_i_1/O
                         net (fo=8, unplaced)         0.225    52.767    atten/dm2/ctxQuant/add_2/add/roundRawFNToRecFN/roundAnyRawFNToRecFN/io_out[26]_INST_0_i_1_n_0
                         LUT6 (Prop_LUT6_I4_O)        0.038    52.805 r  atten/dm2/ctxQuant/add_2/add/roundRawFNToRecFN/roundAnyRawFNToRecFN/io_out[28]_INST_0_i_1/O
                         net (fo=6, unplaced)         0.219    53.024    atten/dm2/ctxQuant/add_2/add/roundRawFNToRecFN/roundAnyRawFNToRecFN/io_out[28]_INST_0_i_1_n_0
                         LUT3 (Prop_LUT3_I0_O)        0.068    53.092 f  atten/dm2/ctxQuant/add_2/add/roundRawFNToRecFN/roundAnyRawFNToRecFN/io_out[30]_INST_0_i_5/O
                         net (fo=1, unplaced)         0.242    53.334    atten/dm2/ctxQuant/add_2/add/roundRawFNToRecFN/roundAnyRawFNToRecFN/io_out[30]_INST_0_i_5_n_0
                         CARRY8 (Prop_CARRY8_DI[2]_CO[5])
                                                      0.148    53.482 f  atten/dm2/ctxQuant/add_2/add/roundRawFNToRecFN/roundAnyRawFNToRecFN/io_out[30]_INST_0_i_1/CO[5]
                         net (fo=5, unplaced)         0.141    53.623    atten/dm2/ctxQuant/add_2/add/roundRawFNToRecFN/roundAnyRawFNToRecFN/common_totalUnderflow
                         LUT2 (Prop_LUT2_I0_O)        0.038    53.661 f  atten/dm2/ctxQuant/add_2/add/roundRawFNToRecFN/roundAnyRawFNToRecFN/io_out[31]_INST_0_i_3/O
                         net (fo=1, unplaced)         0.197    53.858    atten/dm2/ctxQuant/add_2/add/roundRawFNToRecFN/roundAnyRawFNToRecFN/io_out[31]_INST_0_i_3_n_0
                         LUT6 (Prop_LUT6_I3_O)        0.038    53.896 r  atten/dm2/ctxQuant/add_2/add/roundRawFNToRecFN/roundAnyRawFNToRecFN/io_out[31]_INST_0/O
                         net (fo=12, unplaced)        0.235    54.131    atten/dm2/ctxQuant/add_2/_add_io_out[31]
                         LUT3 (Prop_LUT3_I1_O)        0.038    54.169 r  atten/dm2/ctxQuant/add_2/io_out[21]_INST_0_i_3/O
                         net (fo=4, unplaced)         0.210    54.379    atten/dm2/ctxQuant/add_2/io_out[21]_INST_0_i_3_n_0
                         LUT5 (Prop_LUT5_I2_O)        0.038    54.417 r  atten/dm2/ctxQuant/add_2/io_out[2]_INST_0_i_2/O
                         net (fo=3, unplaced)         0.203    54.620    atten/dm2/ctxQuant/add_2/io_out[2]_INST_0_i_2_n_0
                         LUT6 (Prop_LUT6_I5_O)        0.038    54.658 r  atten/dm2/ctxQuant/add_2/io_out[6]_INST_0_i_2/O
                         net (fo=2, unplaced)         0.197    54.855    atten/dm2/ctxQuant/add_2/io_out[6]_INST_0_i_2_n_0
                         LUT3 (Prop_LUT3_I2_O)        0.038    54.893 r  atten/dm2/ctxQuant/add_2/io_out[6]_INST_0_i_1/O
                         net (fo=2, unplaced)         0.197    55.090    atten/dm2/ctxQuant/add_2/io_out[6]_INST_0_i_1_n_0
                         LUT6 (Prop_LUT6_I2_O)        0.038    55.128 r  atten/dm2/ctxQuant/add_2/io_out[5]_INST_0/O
                         net (fo=10, unplaced)        0.189    55.317    atten/dm2/ctxQuant/toInt_2/io_in[5]
                         LUT6 (Prop_LUT6_I0_O)        0.100    55.417 f  atten/dm2/ctxQuant/toInt_2/cvt_i_76/O
                         net (fo=1, unplaced)         0.197    55.614    atten/dm2/ctxQuant/toInt_2/cvt_i_76_n_0
                         LUT6 (Prop_LUT6_I0_O)        0.038    55.652 f  atten/dm2/ctxQuant/toInt_2/cvt_i_42/O
                         net (fo=26, unplaced)        0.252    55.904    atten/dm2/ctxQuant/toInt_2/cvt_i_42_n_0
                         LUT6 (Prop_LUT6_I4_O)        0.038    55.942 f  atten/dm2/ctxQuant/toInt_2/cvt_i_38/O
                         net (fo=3, unplaced)         0.203    56.145    atten/dm2/ctxQuant/toInt_2/cvt_i_38_n_0
                         LUT6 (Prop_LUT6_I2_O)        0.038    56.183 r  atten/dm2/ctxQuant/toInt_2/cvt_i_33/O
                         net (fo=2, unplaced)         0.197    56.380    atten/dm2/ctxQuant/toInt_2/cvt_i_33_n_0
                         LUT3 (Prop_LUT3_I0_O)        0.038    56.418 r  atten/dm2/ctxQuant/toInt_2/cvt_i_1/O
                         net (fo=35, unplaced)        0.259    56.677    atten/dm2/ctxQuant/toInt_2/cvt/io_in[31]
                         LUT2 (Prop_LUT2_I0_O)        0.038    56.715 r  atten/dm2/ctxQuant/toInt_2/cvt/io_out[1]_INST_0_i_4/O
                         net (fo=6, unplaced)         0.219    56.934    atten/dm2/ctxQuant/toInt_2/cvt/io_out[1]_INST_0_i_4_n_0
                         LUT6 (Prop_LUT6_I4_O)        0.038    56.972 f  atten/dm2/ctxQuant/toInt_2/cvt/io_out[1]_INST_0_i_3/O
                         net (fo=1, unplaced)         0.197    57.169    atten/dm2/ctxQuant/toInt_2/cvt/io_out[1]_INST_0_i_3_n_0
                         LUT6 (Prop_LUT6_I0_O)        0.038    57.207 f  atten/dm2/ctxQuant/toInt_2/cvt/io_out[1]_INST_0_i_2/O
                         net (fo=4, unplaced)         0.169    57.376    atten/dm2/ctxQuant/toInt_2/cvt/io_out[1]_INST_0_i_2_n_0
                         LUT6 (Prop_LUT6_I0_O)        0.100    57.476 r  atten/dm2/ctxQuant/toInt_2/cvt/io_out[7]_INST_0_i_7/O
                         net (fo=1, unplaced)         0.155    57.631    atten/dm2/ctxQuant/toInt_2/cvt/io_out[7]_INST_0_i_7_n_0
                         LUT6 (Prop_LUT6_I0_O)        0.090    57.721 r  atten/dm2/ctxQuant/toInt_2/cvt/io_out[7]_INST_0_i_2/O
                         net (fo=8, unplaced)         0.225    57.946    atten/dm2/ctxQuant/toInt_2/cvt/io_out[7]_INST_0_i_2_n_0
                         LUT4 (Prop_LUT4_I2_O)        0.038    57.984 r  atten/dm2/ctxQuant/toInt_2/cvt/io_out[0]_INST_0/O
                         net (fo=1, unplaced)         0.162    58.146    atten/dm2/ctxmemInst/mem/mem_ext/W0_data[16]
                         RAMB36E2                                     r  atten/dm2/ctxmemInst/mem/mem_ext/Memory_reg_0/DINADIN[16]
  -------------------------------------------------------------------    -------------------

                         (clock clk rise edge)       10.000    10.000 r  
                                                      0.000    10.000 r  clock (IN)
                         net (fo=803906, unset)       0.000    10.000    atten/dm2/ctxmemInst/mem/mem_ext/R0_clk
                         RAMB36E2                                     r  atten/dm2/ctxmemInst/mem/mem_ext/Memory_reg_0/CLKBWRCLK
                         clock pessimism              0.000    10.000    
                         clock uncertainty           -0.035     9.965    
                         RAMB36E2 (Setup_RAMB36E2_CLKBWRCLK_DINADIN[16])
                                                     -0.277     9.688    atten/dm2/ctxmemInst/mem/mem_ext/Memory_reg_0
  -------------------------------------------------------------------
                         required time                          9.688    
                         arrival time                         -58.146    
  -------------------------------------------------------------------
                         slack                                -48.458    

Slack (VIOLATED) :        -48.448ns  (required time - arrival time)
  Source:                 atten/softmax/memInst/mem/mem_ext/Memory_reg_uram_6/CLK
                            (rising edge-triggered cell URAM288 clocked by clk  {rise@0.000ns fall@5.000ns period=10.000ns})
  Destination:            atten/dm2/ctxmemInst/mem/mem_ext/Memory_reg_0/DINADIN[8]
                            (rising edge-triggered cell RAMB36E2 clocked by clk  {rise@0.000ns fall@5.000ns period=10.000ns})
  Path Group:             clk
  Path Type:              Setup (Max at Slow Process Corner)
  Requirement:            10.000ns  (clk rise@10.000ns - clk rise@0.000ns)
  Data Path Delay:        58.138ns  (logic 22.550ns (38.787%)  route 35.588ns (61.213%))
  Logic Levels:           203  (CARRY8=23 DSP_A_B_DATA=4 DSP_ALU=7 DSP_C_DATA=3 DSP_M_DATA=4 DSP_MULTIPLIER=4 DSP_OUTPUT=7 DSP_PREADD_DATA=4 LUT1=1 LUT2=15 LUT3=25 LUT4=14 LUT5=26 LUT6=66)
  Clock Uncertainty:      0.035ns  ((TSJ^2 + TIJ^2)^1/2 + DJ) / 2 + PE
    Total System Jitter     (TSJ):    0.071ns
    Total Input Jitter      (TIJ):    0.000ns
    Discrete Jitter          (DJ):    0.000ns
    Phase Error              (PE):    0.000ns

    Location             Delay type                Incr(ns)  Path(ns)    Netlist Resource(s)
  -------------------------------------------------------------------    -------------------
                         (clock clk rise edge)        0.000     0.000 r  
                                                      0.000     0.000 r  clock (IN)
                         net (fo=803906, unset)       0.000     0.000    atten/softmax/memInst/mem/mem_ext/R0_clk
                         URAM288                                      r  atten/softmax/memInst/mem/mem_ext/Memory_reg_uram_6/CLK
  -------------------------------------------------------------------    -------------------
                         URAM288 (Prop_URAM288_CLK_DOUT_B[56])
                                                      1.991     1.991 r  atten/softmax/memInst/mem/mem_ext/Memory_reg_uram_6/DOUT_B[56]
                         net (fo=1, unplaced)         0.226     2.217    atten/softmax/cuInst/io_data_in[488]
                         LUT2 (Prop_LUT2_I1_O)        0.070     2.287 r  atten/softmax/cuInst/softmax_i_504/O
                         net (fo=7, unplaced)         0.180     2.467    atten/softmax/cuInst/softmax/mul_15/io_a[8]
                         LUT4 (Prop_LUT4_I1_O)        0.090     2.557 r  atten/softmax/cuInst/softmax/mul_15/mul_i_70/O
                         net (fo=3, unplaced)         0.162     2.719    atten/softmax/cuInst/softmax/mul_15/mul_i_70_n_0
                         LUT5 (Prop_LUT5_I1_O)        0.100     2.819 r  atten/softmax/cuInst/softmax/mul_15/mul_i_41/O
                         net (fo=29, unplaced)        0.255     3.074    atten/softmax/cuInst/softmax/mul_15/mul_i_41_n_0
                         LUT6 (Prop_LUT6_I5_O)        0.038     3.112 f  atten/softmax/cuInst/softmax/mul_15/mul_i_93/O
                         net (fo=2, unplaced)         0.197     3.309    atten/softmax/cuInst/softmax/mul_15/mul_i_93_n_0
                         LUT3 (Prop_LUT3_I2_O)        0.038     3.347 f  atten/softmax/cuInst/softmax/mul_15/mul_i_50/O
                         net (fo=2, unplaced)         0.155     3.502    atten/softmax/cuInst/softmax/mul_15/mul_i_50_n_0
                         LUT5 (Prop_LUT5_I0_O)        0.090     3.592 f  atten/softmax/cuInst/softmax/mul_15/mul_i_16/O
                         net (fo=1, unplaced)         0.214     3.806    atten/softmax/cuInst/softmax/mul_15/mul/mulRawFN/mulFullRaw/io_rawOut_sig__0/B[16]
                         DSP_A_B_DATA (Prop_DSP_A_B_DATA_B[16]_B2_DATA[16])
                                                      0.151     3.957 r  atten/softmax/cuInst/softmax/mul_15/mul/mulRawFN/mulFullRaw/io_rawOut_sig__0/DSP_A_B_DATA_INST/B2_DATA[16]
                         net (fo=1, unplaced)         0.000     3.957    atten/softmax/cuInst/softmax/mul_15/mul/mulRawFN/mulFullRaw/io_rawOut_sig__0/DSP_A_B_DATA.B2_DATA<16>
                         DSP_PREADD_DATA (Prop_DSP_PREADD_DATA_B2_DATA[16]_B2B1[16])
                                                      0.073     4.030 r  atten/softmax/cuInst/softmax/mul_15/mul/mulRawFN/mulFullRaw/io_rawOut_sig__0/DSP_PREADD_DATA_INST/B2B1[16]
                         net (fo=1, unplaced)         0.000     4.030    atten/softmax/cuInst/softmax/mul_15/mul/mulRawFN/mulFullRaw/io_rawOut_sig__0/DSP_PREADD_DATA.B2B1<16>
                         DSP_MULTIPLIER (Prop_DSP_MULTIPLIER_B2B1[16]_V[19])
                                                      0.609     4.639 f  atten/softmax/cuInst/softmax/mul_15/mul/mulRawFN/mulFullRaw/io_rawOut_sig__0/DSP_MULTIPLIER_INST/V[19]
                         net (fo=1, unplaced)         0.000     4.639    atten/softmax/cuInst/softmax/mul_15/mul/mulRawFN/mulFullRaw/io_rawOut_sig__0/DSP_MULTIPLIER.V<19>
                         DSP_M_DATA (Prop_DSP_M_DATA_V[19]_V_DATA[19])
                                                      0.046     4.685 r  atten/softmax/cuInst/softmax/mul_15/mul/mulRawFN/mulFullRaw/io_rawOut_sig__0/DSP_M_DATA_INST/V_DATA[19]
                         net (fo=1, unplaced)         0.000     4.685    atten/softmax/cuInst/softmax/mul_15/mul/mulRawFN/mulFullRaw/io_rawOut_sig__0/DSP_M_DATA.V_DATA<19>
                         DSP_ALU (Prop_DSP_ALU_V_DATA[19]_ALU_OUT[19])
                                                      0.571     5.256 f  atten/softmax/cuInst/softmax/mul_15/mul/mulRawFN/mulFullRaw/io_rawOut_sig__0/DSP_ALU_INST/ALU_OUT[19]
                         net (fo=1, unplaced)         0.000     5.256    atten/softmax/cuInst/softmax/mul_15/mul/mulRawFN/mulFullRaw/io_rawOut_sig__0/DSP_ALU.ALU_OUT<19>
                         DSP_OUTPUT (Prop_DSP_OUTPUT_ALU_OUT[19]_P[19])
                                                      0.109     5.365 r  atten/softmax/cuInst/softmax/mul_15/mul/mulRawFN/mulFullRaw/io_rawOut_sig__0/DSP_OUTPUT_INST/P[19]
                         net (fo=1, unplaced)         0.211     5.576    atten/softmax/cuInst/softmax/mul_15/mul/mulRawFN/mulFullRaw/io_rawOut_sig__1/C[2]
                         DSP_C_DATA (Prop_DSP_C_DATA_C[2]_C_DATA[2])
                                                      0.105     5.681 r  atten/softmax/cuInst/softmax/mul_15/mul/mulRawFN/mulFullRaw/io_rawOut_sig__1/DSP_C_DATA_INST/C_DATA[2]
                         net (fo=2, unplaced)         0.000     5.681    atten/softmax/cuInst/softmax/mul_15/mul/mulRawFN/mulFullRaw/io_rawOut_sig__1/DSP_C_DATA.C_DATA<2>
                         DSP_ALU (Prop_DSP_ALU_C_DATA[2]_ALU_OUT[3])
                                                      0.585     6.266 r  atten/softmax/cuInst/softmax/mul_15/mul/mulRawFN/mulFullRaw/io_rawOut_sig__1/DSP_ALU_INST/ALU_OUT[3]
                         net (fo=1, unplaced)         0.000     6.266    atten/softmax/cuInst/softmax/mul_15/mul/mulRawFN/mulFullRaw/io_rawOut_sig__1/DSP_ALU.ALU_OUT<3>
                         DSP_OUTPUT (Prop_DSP_OUTPUT_ALU_OUT[3]_P[3])
                                                      0.109     6.375 f  atten/softmax/cuInst/softmax/mul_15/mul/mulRawFN/mulFullRaw/io_rawOut_sig__1/DSP_OUTPUT_INST/P[3]
                         net (fo=1, unplaced)         0.218     6.593    atten/softmax/cuInst/softmax/mul_15/mul/mulRawFN/_mulFullRaw_io_rawOut_sig[20]
                         LUT6 (Prop_LUT6_I0_O)        0.150     6.743 f  atten/softmax/cuInst/softmax/mul_15/mul/mulRawFN/io_rawOut_sig[0]_INST_0_i_2/O
                         net (fo=1, unplaced)         0.155     6.898    atten/softmax/cuInst/softmax/mul_15/mul/mulRawFN/io_rawOut_sig[0]_INST_0_i_2_n_0
                         LUT4 (Prop_LUT4_I1_O)        0.090     6.988 f  atten/softmax/cuInst/softmax/mul_15/mul/mulRawFN/io_rawOut_sig[0]_INST_0/O
                         net (fo=2, unplaced)         0.156     7.144    atten/softmax/cuInst/softmax/mul_15/mul/roundRawFNToRecFN/roundAnyRawFNToRecFN/io_in_sig[0]
                         LUT6 (Prop_LUT6_I5_O)        0.100     7.244 f  atten/softmax/cuInst/softmax/mul_15/mul/roundRawFNToRecFN/roundAnyRawFNToRecFN/io_out[26]_INST_0_i_58/O
                         net (fo=1, unplaced)         0.197     7.441    atten/softmax/cuInst/softmax/mul_15/mul/roundRawFNToRecFN/roundAnyRawFNToRecFN/io_out[26]_INST_0_i_58_n_0
                         LUT5 (Prop_LUT5_I4_O)        0.038     7.479 f  atten/softmax/cuInst/softmax/mul_15/mul/roundRawFNToRecFN/roundAnyRawFNToRecFN/io_out[26]_INST_0_i_19/O
                         net (fo=1, unplaced)         0.152     7.631    atten/softmax/cuInst/softmax/mul_15/mul/roundRawFNToRecFN/roundAnyRawFNToRecFN/io_out[26]_INST_0_i_19_n_0
                         LUT6 (Prop_LUT6_I3_O)        0.053     7.684 f  atten/softmax/cuInst/softmax/mul_15/mul/roundRawFNToRecFN/roundAnyRawFNToRecFN/io_out[26]_INST_0_i_5/O
                         net (fo=27, unplaced)        0.208     7.892    atten/softmax/cuInst/softmax/mul_15/mul/roundRawFNToRecFN/roundAnyRawFNToRecFN/io_out[26]_INST_0_i_5_n_0
                         LUT4 (Prop_LUT4_I2_O)        0.053     7.945 f  atten/softmax/cuInst/softmax/mul_15/mul/roundRawFNToRecFN/roundAnyRawFNToRecFN/io_out[26]_INST_0_i_1/O
                         net (fo=8, unplaced)         0.225     8.170    atten/softmax/cuInst/softmax/mul_15/mul/roundRawFNToRecFN/roundAnyRawFNToRecFN/io_out[26]_INST_0_i_1_n_0
                         LUT6 (Prop_LUT6_I4_O)        0.038     8.208 r  atten/softmax/cuInst/softmax/mul_15/mul/roundRawFNToRecFN/roundAnyRawFNToRecFN/io_out[28]_INST_0_i_1/O
                         net (fo=6, unplaced)         0.219     8.427    atten/softmax/cuInst/softmax/mul_15/mul/roundRawFNToRecFN/roundAnyRawFNToRecFN/io_out[28]_INST_0_i_1_n_0
                         LUT3 (Prop_LUT3_I0_O)        0.068     8.495 f  atten/softmax/cuInst/softmax/mul_15/mul/roundRawFNToRecFN/roundAnyRawFNToRecFN/io_out[30]_INST_0_i_5/O
                         net (fo=1, unplaced)         0.242     8.737    atten/softmax/cuInst/softmax/mul_15/mul/roundRawFNToRecFN/roundAnyRawFNToRecFN/io_out[30]_INST_0_i_5_n_0
                         CARRY8 (Prop_CARRY8_DI[2]_CO[5])
                                                      0.148     8.885 f  atten/softmax/cuInst/softmax/mul_15/mul/roundRawFNToRecFN/roundAnyRawFNToRecFN/io_out[30]_INST_0_i_1/CO[5]
                         net (fo=5, unplaced)         0.141     9.026    atten/softmax/cuInst/softmax/mul_15/mul/roundRawFNToRecFN/roundAnyRawFNToRecFN/common_totalUnderflow
                         LUT2 (Prop_LUT2_I0_O)        0.038     9.064 f  atten/softmax/cuInst/softmax/mul_15/mul/roundRawFNToRecFN/roundAnyRawFNToRecFN/io_out[31]_INST_0_i_3/O
                         net (fo=1, unplaced)         0.197     9.261    atten/softmax/cuInst/softmax/mul_15/mul/roundRawFNToRecFN/roundAnyRawFNToRecFN/io_out[31]_INST_0_i_3_n_0
                         LUT6 (Prop_LUT6_I3_O)        0.038     9.299 r  atten/softmax/cuInst/softmax/mul_15/mul/roundRawFNToRecFN/roundAnyRawFNToRecFN/io_out[31]_INST_0/O
                         net (fo=12, unplaced)        0.235     9.534    atten/softmax/cuInst/softmax/mul_15/_mul_io_out[31]
                         LUT3 (Prop_LUT3_I1_O)        0.038     9.572 r  atten/softmax/cuInst/softmax/mul_15/io_out[21]_INST_0_i_3/O
                         net (fo=4, unplaced)         0.210     9.782    atten/softmax/cuInst/softmax/mul_15/io_out[21]_INST_0_i_3_n_0
                         LUT5 (Prop_LUT5_I2_O)        0.038     9.820 r  atten/softmax/cuInst/softmax/mul_15/io_out[2]_INST_0_i_2/O
                         net (fo=3, unplaced)         0.203    10.023    atten/softmax/cuInst/softmax/mul_15/io_out[2]_INST_0_i_2_n_0
                         LUT6 (Prop_LUT6_I5_O)        0.038    10.061 r  atten/softmax/cuInst/softmax/mul_15/io_out[6]_INST_0_i_2/O
                         net (fo=2, unplaced)         0.197    10.258    atten/softmax/cuInst/softmax/mul_15/io_out[6]_INST_0_i_2_n_0
                         LUT3 (Prop_LUT3_I2_O)        0.038    10.296 r  atten/softmax/cuInst/softmax/mul_15/io_out[6]_INST_0_i_1/O
                         net (fo=2, unplaced)         0.197    10.493    atten/softmax/cuInst/softmax/mul_15/io_out[6]_INST_0_i_1_n_0
                         LUT6 (Prop_LUT6_I2_O)        0.038    10.531 r  atten/softmax/cuInst/softmax/mul_15/io_out[5]_INST_0/O
                         net (fo=10, unplaced)        0.189    10.720    atten/softmax/cuInst/softmax/toInt_15/io_in[5]
                         LUT6 (Prop_LUT6_I0_O)        0.100    10.820 f  atten/softmax/cuInst/softmax/toInt_15/cvt_i_76/O
                         net (fo=1, unplaced)         0.197    11.017    atten/softmax/cuInst/softmax/toInt_15/cvt_i_76_n_0
                         LUT6 (Prop_LUT6_I0_O)        0.038    11.055 f  atten/softmax/cuInst/softmax/toInt_15/cvt_i_42/O
                         net (fo=26, unplaced)        0.252    11.307    atten/softmax/cuInst/softmax/toInt_15/cvt_i_42_n_0
                         LUT6 (Prop_LUT6_I4_O)        0.038    11.345 f  atten/softmax/cuInst/softmax/toInt_15/cvt_i_38/O
                         net (fo=3, unplaced)         0.203    11.548    atten/softmax/cuInst/softmax/toInt_15/cvt_i_38_n_0
                         LUT6 (Prop_LUT6_I2_O)        0.038    11.586 r  atten/softmax/cuInst/softmax/toInt_15/cvt_i_33/O
                         net (fo=2, unplaced)         0.197    11.783    atten/softmax/cuInst/softmax/toInt_15/cvt_i_33_n_0
                         LUT3 (Prop_LUT3_I0_O)        0.038    11.821 r  atten/softmax/cuInst/softmax/toInt_15/cvt_i_1/O
                         net (fo=48, unplaced)        0.266    12.087    atten/softmax/cuInst/softmax/toInt_15/cvt/io_in[31]
                         LUT2 (Prop_LUT2_I0_O)        0.038    12.125 r  atten/softmax/cuInst/softmax/toInt_15/cvt/io_out[13]_INST_0_i_5/O
                         net (fo=18, unplaced)        0.244    12.369    atten/softmax/cuInst/softmax/toInt_15/cvt/io_out[13]_INST_0_i_5_n_0
                         LUT6 (Prop_LUT6_I4_O)        0.038    12.407 f  atten/softmax/cuInst/softmax/toInt_15/cvt/io_out[0]_INST_0_i_2/O
                         net (fo=4, unplaced)         0.168    12.575    atten/softmax/cuInst/softmax/toInt_15/cvt/io_out[0]_INST_0_i_2_n_0
                         LUT6 (Prop_LUT6_I0_O)        0.090    12.665 f  atten/softmax/cuInst/softmax/toInt_15/cvt/io_out[0]_INST_0_i_1/O
                         net (fo=10, unplaced)        0.188    12.853    atten/softmax/cuInst/softmax/toInt_15/cvt/io_out[0]_INST_0_i_1_n_0
                         LUT4 (Prop_LUT4_I1_O)        0.090    12.943 r  atten/softmax/cuInst/softmax/toInt_15/cvt/io_out[15]_INST_0_i_20/O
                         net (fo=1, unplaced)         0.197    13.140    atten/softmax/cuInst/softmax/toInt_15/cvt/io_out[15]_INST_0_i_20_n_0
                         LUT5 (Prop_LUT5_I4_O)        0.038    13.178 f  atten/softmax/cuInst/softmax/toInt_15/cvt/io_out[15]_INST_0_i_8/O
                         net (fo=1, unplaced)         0.155    13.333    atten/softmax/cuInst/softmax/toInt_15/cvt/io_out[15]_INST_0_i_8_n_0
                         LUT6 (Prop_LUT6_I2_O)        0.090    13.423 r  atten/softmax/cuInst/softmax/toInt_15/cvt/io_out[15]_INST_0_i_2/O
                         net (fo=16, unplaced)        0.241    13.664    atten/softmax/cuInst/softmax/toInt_15/cvt/io_out[15]_INST_0_i_2_n_0
                         LUT6 (Prop_LUT6_I2_O)        0.038    13.702 f  atten/softmax/cuInst/softmax/toInt_15/cvt/io_out[0]_INST_0/O
                         net (fo=1, unplaced)         0.197    13.899    atten/softmax/cuInst/softmax/_toInt_15_io_out[0]
                         LUT2 (Prop_LUT2_I1_O)        0.070    13.969 f  atten/softmax/cuInst/softmax/maxPreProcess_i_256/O
                         net (fo=7, unplaced)         0.222    14.191    atten/softmax/cuInst/softmax/maxPreProcess/io_in_15[0]
                         LUT4 (Prop_LUT4_I3_O)        0.070    14.261 r  atten/softmax/cuInst/softmax/maxPreProcess/io_out_0[8]_INST_0_i_258/O
                         net (fo=1, unplaced)         0.260    14.521    atten/softmax/cuInst/softmax/maxPreProcess/io_out_0[8]_INST_0_i_258_n_0
                         CARRY8 (Prop_CARRY8_DI[0]_CO[7])
                                                      0.140    14.661 r  atten/softmax/cuInst/softmax/maxPreProcess/io_out_0[8]_INST_0_i_129/CO[7]
                         net (fo=48, unplaced)        0.313    14.974    atten/softmax/cuInst/softmax/maxPreProcess/io_out_0[8]_INST_0_i_129_n_0
                         LUT3 (Prop_LUT3_I1_O)        0.038    15.012 r  atten/softmax/cuInst/softmax/maxPreProcess/io_out_0[8]_INST_0_i_480/O
                         net (fo=1, unplaced)         0.155    15.167    atten/softmax/cuInst/softmax/maxPreProcess/io_out_0[8]_INST_0_i_480_n_0
                         LUT6 (Prop_LUT6_I0_O)        0.090    15.257 r  atten/softmax/cuInst/softmax/maxPreProcess/io_out_0[8]_INST_0_i_274/O
                         net (fo=1, unplaced)         0.244    15.501    atten/softmax/cuInst/softmax/maxPreProcess/io_out_0[8]_INST_0_i_274_n_0
                         CARRY8 (Prop_CARRY8_DI[0]_CO[7])
                                                      0.140    15.641 r  atten/softmax/cuInst/softmax/maxPreProcess/io_out_0[8]_INST_0_i_130/CO[7]
                         net (fo=16, unplaced)        0.289    15.930    atten/softmax/cuInst/softmax/maxPreProcess/io_out_0[8]_INST_0_i_130_n_0
                         LUT5 (Prop_LUT5_I3_O)        0.038    15.968 f  atten/softmax/cuInst/softmax/maxPreProcess/io_out_0[0]_INST_0_i_118/O
                         net (fo=3, unplaced)         0.203    16.171    atten/softmax/cuInst/softmax/maxPreProcess/io_out_0[0]_INST_0_i_118_n_0
                         LUT4 (Prop_LUT4_I3_O)        0.070    16.241 r  atten/softmax/cuInst/softmax/maxPreProcess/io_out_0[8]_INST_0_i_120/O
                         net (fo=1, unplaced)         0.260    16.501    atten/softmax/cuInst/softmax/maxPreProcess/io_out_0[8]_INST_0_i_120_n_0
                         CARRY8 (Prop_CARRY8_DI[0]_CO[7])
                                                      0.140    16.641 r  atten/softmax/cuInst/softmax/maxPreProcess/io_out_0[8]_INST_0_i_32/CO[7]
                         net (fo=16, unplaced)        0.289    16.930    atten/softmax/cuInst/softmax/maxPreProcess/io_out_0[8]_INST_0_i_32_n_0
                         LUT3 (Prop_LUT3_I1_O)        0.038    16.968 r  atten/softmax/cuInst/softmax/maxPreProcess/io_out_0[0]_INST_0_i_24/O
                         net (fo=30, unplaced)        0.213    17.181    atten/softmax/cuInst/softmax/maxPreProcess/io_out_0[0]_INST_0_i_24_n_0
                         LUT6 (Prop_LUT6_I3_O)        0.090    17.271 r  atten/softmax/cuInst/softmax/maxPreProcess/io_out_0[8]_INST_0_i_41/O
                         net (fo=1, unplaced)         0.244    17.515    atten/softmax/cuInst/softmax/maxPreProcess/io_out_0[8]_INST_0_i_41_n_0
                         CARRY8 (Prop_CARRY8_DI[0]_CO[7])
                                                      0.140    17.655 r  atten/softmax/cuInst/softmax/maxPreProcess/io_out_0[8]_INST_0_i_10/CO[7]
                         net (fo=232, unplaced)       0.349    18.004    atten/softmax/cuInst/softmax/maxPreProcess/io_out_0[8]_INST_0_i_10_n_0
                         LUT5 (Prop_LUT5_I4_O)        0.038    18.042 f  atten/softmax/cuInst/softmax/maxPreProcess/io_out_0[0]_INST_0_i_27/O
                         net (fo=28, unplaced)        0.212    18.254    atten/softmax/cuInst/softmax/maxPreProcess/io_out_0[0]_INST_0_i_27_n_0
                         LUT6 (Prop_LUT6_I5_O)        0.090    18.344 r  atten/softmax/cuInst/softmax/maxPreProcess/io_out_0[8]_INST_0_i_60/O
                         net (fo=1, unplaced)         0.244    18.588    atten/softmax/cuInst/softmax/maxPreProcess/io_out_0[8]_INST_0_i_60_n_0
                         CARRY8 (Prop_CARRY8_DI[0]_CO[7])
                                                      0.140    18.728 r  atten/softmax/cuInst/softmax/maxPreProcess/io_out_0[8]_INST_0_i_12/CO[7]
                         net (fo=416, unplaced)       0.362    19.090    atten/softmax/cuInst/softmax/maxPreProcess/io_out_0[8]_INST_0_i_12_n_0
                         LUT6 (Prop_LUT6_I4_O)        0.037    19.127 r  atten/softmax/cuInst/softmax/maxPreProcess/io_out_23[0]_INST_0_i_7/O
                         net (fo=1, unplaced)         0.023    19.150    atten/softmax/cuInst/softmax/maxPreProcess/io_out_23[0]_INST_0_i_7_n_0
                         CARRY8 (Prop_CARRY8_S[1]_CO[7])
                                                      0.197    19.347 r  atten/softmax/cuInst/softmax/maxPreProcess/io_out_23[0]_INST_0/CO[7]
                         net (fo=1, unplaced)         0.005    19.352    atten/softmax/cuInst/softmax/maxPreProcess/io_out_23[0]_INST_0_n_0
                         CARRY8 (Prop_CARRY8_CI_O[7])
                                                      0.116    19.468 f  atten/softmax/cuInst/softmax/maxPreProcess/io_out_23[8]_INST_0/O[7]
                         net (fo=9, unplaced)         0.239    19.707    atten/softmax/cuInst/softmax/full_23/A[15]
                         DSP_A_B_DATA (Prop_DSP_A_B_DATA_A[15]_A2_DATA[15])
                                                      0.192    19.899 r  atten/softmax/cuInst/softmax/full_23/DSP_A_B_DATA_INST/A2_DATA[15]
                         net (fo=1, unplaced)         0.000    19.899    atten/softmax/cuInst/softmax/full_23/DSP_A_B_DATA.A2_DATA<15>
                         DSP_PREADD_DATA (Prop_DSP_PREADD_DATA_A2_DATA[15]_A2A1[15])
                                                      0.076    19.975 r  atten/softmax/cuInst/softmax/full_23/DSP_PREADD_DATA_INST/A2A1[15]
                         net (fo=1, unplaced)         0.000    19.975    atten/softmax/cuInst/softmax/full_23/DSP_PREADD_DATA.A2A1<15>
                         DSP_MULTIPLIER (Prop_DSP_MULTIPLIER_A2A1[15]_U[16])
                                                      0.505    20.480 f  atten/softmax/cuInst/softmax/full_23/DSP_MULTIPLIER_INST/U[16]
                         net (fo=1, unplaced)         0.000    20.480    atten/softmax/cuInst/softmax/full_23/DSP_MULTIPLIER.U<16>
                         DSP_M_DATA (Prop_DSP_M_DATA_U[16]_U_DATA[16])
                                                      0.047    20.527 r  atten/softmax/cuInst/softmax/full_23/DSP_M_DATA_INST/U_DATA[16]
                         net (fo=1, unplaced)         0.000    20.527    atten/softmax/cuInst/softmax/full_23/DSP_M_DATA.U_DATA<16>
                         DSP_ALU (Prop_DSP_ALU_U_DATA[16]_ALU_OUT[16])
                                                      0.585    21.112 r  atten/softmax/cuInst/softmax/full_23/DSP_ALU_INST/ALU_OUT[16]
                         net (fo=1, unplaced)         0.000    21.112    atten/softmax/cuInst/softmax/full_23/DSP_ALU.ALU_OUT<16>
                         DSP_OUTPUT (Prop_DSP_OUTPUT_ALU_OUT[16]_P[16])
                                                      0.109    21.221 f  atten/softmax/cuInst/softmax/full_23/DSP_OUTPUT_INST/P[16]
                         net (fo=47, unplaced)        0.219    21.440    atten/softmax/cuInst/softmax/exp2Stage1/io_in_23[8]
                         LUT2 (Prop_LUT2_I0_O)        0.100    21.540 f  atten/softmax/cuInst/softmax/exp2Stage1/io_out_23[15]_INST_0_i_11/O
                         net (fo=1, unplaced)         0.260    21.800    atten/softmax/cuInst/softmax/exp2Stage1/io_out_23[15]_INST_0_i_11_n_0
                         CARRY8 (Prop_CARRY8_DI[0]_CO[3])
                                                      0.182    21.982 f  atten/softmax/cuInst/softmax/exp2Stage1/io_out_23[15]_INST_0_i_3/CO[3]
                         net (fo=16, unplaced)        0.198    22.180    atten/softmax/cuInst/softmax/exp2Stage1/io_out_23[15]_INST_0_i_3_n_4
                         LUT6 (Prop_LUT6_I0_O)        0.053    22.233 r  atten/softmax/cuInst/softmax/exp2Stage1/io_out_23[0]_INST_0/O
                         net (fo=3, unplaced)         0.161    22.394    atten/softmax/cuInst/softmax/sum/io_in_23[0]
                         LUT3 (Prop_LUT3_I0_O)        0.090    22.484 r  atten/softmax/cuInst/softmax/sum/io_out[8]_INST_0_i_246/O
                         net (fo=1, unplaced)         0.221    22.705    atten/softmax/cuInst/softmax/sum/io_out[8]_INST_0_i_246_n_0
                         CARRY8 (Prop_CARRY8_DI[1]_O[2])
                                                      0.099    22.804 r  atten/softmax/cuInst/softmax/sum/io_out[8]_INST_0_i_156/O[2]
                         net (fo=3, unplaced)         0.207    23.011    atten/softmax/cuInst/softmax/sum/io_out[8]_INST_0_i_156_n_13
                         LUT3 (Prop_LUT3_I0_O)        0.090    23.101 r  atten/softmax/cuInst/softmax/sum/io_out[8]_INST_0_i_125/O
                         net (fo=1, unplaced)         0.198    23.299    atten/softmax/cuInst/softmax/sum/io_out[8]_INST_0_i_125_n_0
                         CARRY8 (Prop_CARRY8_DI[3]_O[7])
                                                      0.184    23.483 r  atten/softmax/cuInst/softmax/sum/io_out[8]_INST_0_i_26/O[7]
                         net (fo=5, unplaced)         0.173    23.656    atten/softmax/cuInst/softmax/sum/io_out[8]_INST_0_i_26_n_8
                         LUT3 (Prop_LUT3_I2_O)        0.038    23.694 r  atten/softmax/cuInst/softmax/sum/io_out[8]_INST_0_i_29/O
                         net (fo=1, unplaced)         0.197    23.891    atten/softmax/cuInst/softmax/sum/io_out[8]_INST_0_i_29_n_0
                         LUT5 (Prop_LUT5_I3_O)        0.038    23.929 r  atten/softmax/cuInst/softmax/sum/io_out[8]_INST_0_i_7/O
                         net (fo=1, unplaced)         0.244    24.173    atten/softmax/cuInst/softmax/sum/io_out[8]_INST_0_i_7_n_0
                         CARRY8 (Prop_CARRY8_DI[0]_O[5])
                                                      0.208    24.381 f  atten/softmax/cuInst/softmax/sum/io_out[8]_INST_0/O[5]
                         net (fo=27, unplaced)        0.197    24.578    atten/softmax/cuInst/softmax/log2/io_in_0[13]
                         LUT4 (Prop_LUT4_I0_O)        0.100    24.678 f  atten/softmax/cuInst/softmax/log2/io_out_0[7]_INST_0_i_4/O
                         net (fo=15, unplaced)        0.195    24.873    atten/softmax/cuInst/softmax/log2/io_out_0[7]_INST_0_i_4_n_0
                         LUT6 (Prop_LUT6_I2_O)        0.053    24.926 r  atten/softmax/cuInst/softmax/log2/io_out_0[7]_INST_0_i_1/O
                         net (fo=2, unplaced)         0.197    25.123    atten/softmax/cuInst/softmax/log2/io_out_0[7]_INST_0_i_1_n_0
                         LUT3 (Prop_LUT3_I0_O)        0.038    25.161 r  atten/softmax/cuInst/softmax/log2/io_out_0[14]_INST_0_i_16/O
                         net (fo=1, unplaced)         0.020    25.181    atten/softmax/cuInst/softmax/log2/x[7]
                         CARRY8 (Prop_CARRY8_S[0]_O[4])
                                                      0.206    25.387 r  atten/softmax/cuInst/softmax/log2/io_out_0[14]_INST_0_i_1/O[4]
                         net (fo=1, unplaced)         0.155    25.542    atten/softmax/cuInst/softmax/log2/io_out_0[14]_INST_0_i_1_n_11
                         LUT3 (Prop_LUT3_I0_O)        0.053    25.595 r  atten/softmax/cuInst/softmax/log2/io_out_0[11]_INST_0/O
                         net (fo=26, unplaced)        0.252    25.847    atten/softmax/cuInst/softmax/_log2_io_out_0[11]
                         LUT2 (Prop_LUT2_I1_O)        0.037    25.884 r  atten/softmax/cuInst/softmax/exp2Stage2_i_73/O
                         net (fo=1, unplaced)         0.032    25.916    atten/softmax/cuInst/softmax/exp2Stage2_i_73_n_0
                         CARRY8 (Prop_CARRY8_S[3]_O[4])
                                                      0.149    26.065 r  atten/softmax/cuInst/softmax/exp2Stage2_i_3/O[4]
                         net (fo=28, unplaced)        0.212    26.277    atten/softmax/cuInst/softmax/exp2Stage2/io_in_1[12]
                         LUT2 (Prop_LUT2_I0_O)        0.099    26.376 r  atten/softmax/cuInst/softmax/exp2Stage2/io_out_1[15]_INST_0_i_9/O
                         net (fo=1, unplaced)         0.242    26.618    atten/softmax/cuInst/softmax/exp2Stage2/io_out_1[15]_INST_0_i_9_n_0
                         CARRY8 (Prop_CARRY8_DI[2]_CO[3])
                                                      0.134    26.752 r  atten/softmax/cuInst/softmax/exp2Stage2/io_out_1[15]_INST_0_i_3/CO[3]
                         net (fo=16, unplaced)        0.198    26.950    atten/softmax/cuInst/softmax/exp2Stage2/io_out_1[15]_INST_0_i_3_n_4
                         LUT6 (Prop_LUT6_I0_O)        0.053    27.003 f  atten/softmax/cuInst/softmax/exp2Stage2/io_out_1[0]_INST_0/O
                         net (fo=18, unplaced)        0.203    27.206    atten/softmax/cuInst/softmax/toFp_1/cvt/io_in[0]
                         LUT6 (Prop_LUT6_I2_O)        0.100    27.306 r  atten/softmax/cuInst/softmax/toFp_1/cvt/io_out[31]_INST_0_i_28/O
                         net (fo=10, unplaced)        0.230    27.536    atten/softmax/cuInst/softmax/toFp_1/cvt/io_out[31]_INST_0_i_28_n_0
                         LUT5 (Prop_LUT5_I2_O)        0.038    27.574 r  atten/softmax/cuInst/softmax/toFp_1/cvt/io_out[31]_INST_0_i_30/O
                         net (fo=3, unplaced)         0.203    27.777    atten/softmax/cuInst/softmax/toFp_1/cvt/io_out[31]_INST_0_i_30_n_0
                         LUT5 (Prop_LUT5_I1_O)        0.070    27.847 f  atten/softmax/cuInst/softmax/toFp_1/cvt/io_out[31]_INST_0_i_23/O
                         net (fo=3, unplaced)         0.161    28.008    atten/softmax/cuInst/softmax/toFp_1/cvt/io_out[31]_INST_0_i_23_n_0
                         LUT5 (Prop_LUT5_I0_O)        0.090    28.098 r  atten/softmax/cuInst/softmax/toFp_1/cvt/io_out[26]_INST_0_i_1/O
                         net (fo=20, unplaced)        0.246    28.344    atten/softmax/cuInst/softmax/toFp_1/cvt/intAsRawFloat_adjustedNormDist[3]
                         LUT6 (Prop_LUT6_I4_O)        0.038    28.382 f  atten/softmax/cuInst/softmax/toFp_1/cvt/io_out[31]_INST_0_i_4/O
                         net (fo=4, unplaced)         0.169    28.551    atten/softmax/cuInst/softmax/toFp_1/cvt/io_out[31]_INST_0_i_4_n_0
                         LUT6 (Prop_LUT6_I2_O)        0.100    28.651 r  atten/softmax/cuInst/softmax/toFp_1/cvt/roundAnyRawFNToRecFN_i_1/O
                         net (fo=15, unplaced)        0.240    28.891    atten/softmax/cuInst/softmax/toFp_1/cvt/roundAnyRawFNToRecFN/io_in_isZero
                         LUT2 (Prop_LUT2_I1_O)        0.070    28.961 f  atten/softmax/cuInst/softmax/toFp_1/cvt/roundAnyRawFNToRecFN/io_out[20]_INST_0/O
                         net (fo=4, unplaced)         0.210    29.171    atten/softmax/cuInst/softmax/toFp_1/_cvt_io_out[20]
                         LUT5 (Prop_LUT5_I4_O)        0.038    29.209 f  atten/softmax/cuInst/softmax/toFp_1/io_out[1]_INST_0_i_1/O
                         net (fo=2, unplaced)         0.197    29.406    atten/softmax/cuInst/softmax/toFp_1/io_out[1]_INST_0_i_1_n_0
                         LUT5 (Prop_LUT5_I3_O)        0.038    29.444 f  atten/softmax/cuInst/softmax/toFp_1/io_out[1]_INST_0/O
                         net (fo=13, unplaced)        0.236    29.680    atten/softmax/cuInst/softmax/mul_27/io_a[1]
                         LUT6 (Prop_LUT6_I4_O)        0.038    29.718 r  atten/softmax/cuInst/softmax/mul_27/mul_i_97/O
                         net (fo=1, unplaced)         0.197    29.915    atten/softmax/cuInst/softmax/mul_27/mul_i_97_n_0
                         LUT5 (Prop_LUT5_I0_O)        0.038    29.953 r  atten/softmax/cuInst/softmax/mul_27/mul_i_77/O
                         net (fo=1, unplaced)         0.197    30.150    atten/softmax/cuInst/softmax/mul_27/mul_i_77_n_0
                         LUT6 (Prop_LUT6_I0_O)        0.038    30.188 r  atten/softmax/cuInst/softmax/mul_27/mul_i_39/O
                         net (fo=27, unplaced)        0.253    30.441    atten/softmax/cuInst/softmax/mul_27/mul_i_39_n_0
                         LUT3 (Prop_LUT3_I0_O)        0.038    30.479 f  atten/softmax/cuInst/softmax/mul_27/mul_i_50/O
                         net (fo=2, unplaced)         0.197    30.676    atten/softmax/cuInst/softmax/mul_27/mul_i_50_n_0
                         LUT5 (Prop_LUT5_I2_O)        0.038    30.714 f  atten/softmax/cuInst/softmax/mul_27/mul_i_16/O
                         net (fo=1, unplaced)         0.214    30.928    atten/softmax/cuInst/softmax/mul_27/mul/mulRawFN/mulFullRaw/io_rawOut_sig__0/B[16]
                         DSP_A_B_DATA (Prop_DSP_A_B_DATA_B[16]_B2_DATA[16])
                                                      0.151    31.079 r  atten/softmax/cuInst/softmax/mul_27/mul/mulRawFN/mulFullRaw/io_rawOut_sig__0/DSP_A_B_DATA_INST/B2_DATA[16]
                         net (fo=1, unplaced)         0.000    31.079    atten/softmax/cuInst/softmax/mul_27/mul/mulRawFN/mulFullRaw/io_rawOut_sig__0/DSP_A_B_DATA.B2_DATA<16>
                         DSP_PREADD_DATA (Prop_DSP_PREADD_DATA_B2_DATA[16]_B2B1[16])
                                                      0.073    31.152 r  atten/softmax/cuInst/softmax/mul_27/mul/mulRawFN/mulFullRaw/io_rawOut_sig__0/DSP_PREADD_DATA_INST/B2B1[16]
                         net (fo=1, unplaced)         0.000    31.152    atten/softmax/cuInst/softmax/mul_27/mul/mulRawFN/mulFullRaw/io_rawOut_sig__0/DSP_PREADD_DATA.B2B1<16>
                         DSP_MULTIPLIER (Prop_DSP_MULTIPLIER_B2B1[16]_V[19])
                                                      0.609    31.761 f  atten/softmax/cuInst/softmax/mul_27/mul/mulRawFN/mulFullRaw/io_rawOut_sig__0/DSP_MULTIPLIER_INST/V[19]
                         net (fo=1, unplaced)         0.000    31.761    atten/softmax/cuInst/softmax/mul_27/mul/mulRawFN/mulFullRaw/io_rawOut_sig__0/DSP_MULTIPLIER.V<19>
                         DSP_M_DATA (Prop_DSP_M_DATA_V[19]_V_DATA[19])
                                                      0.046    31.807 r  atten/softmax/cuInst/softmax/mul_27/mul/mulRawFN/mulFullRaw/io_rawOut_sig__0/DSP_M_DATA_INST/V_DATA[19]
                         net (fo=1, unplaced)         0.000    31.807    atten/softmax/cuInst/softmax/mul_27/mul/mulRawFN/mulFullRaw/io_rawOut_sig__0/DSP_M_DATA.V_DATA<19>
                         DSP_ALU (Prop_DSP_ALU_V_DATA[19]_ALU_OUT[19])
                                                      0.571    32.378 f  atten/softmax/cuInst/softmax/mul_27/mul/mulRawFN/mulFullRaw/io_rawOut_sig__0/DSP_ALU_INST/ALU_OUT[19]
                         net (fo=1, unplaced)         0.000    32.378    atten/softmax/cuInst/softmax/mul_27/mul/mulRawFN/mulFullRaw/io_rawOut_sig__0/DSP_ALU.ALU_OUT<19>
                         DSP_OUTPUT (Prop_DSP_OUTPUT_ALU_OUT[19]_P[19])
                                                      0.109    32.487 r  atten/softmax/cuInst/softmax/mul_27/mul/mulRawFN/mulFullRaw/io_rawOut_sig__0/DSP_OUTPUT_INST/P[19]
                         net (fo=1, unplaced)         0.211    32.698    atten/softmax/cuInst/softmax/mul_27/mul/mulRawFN/mulFullRaw/io_rawOut_sig__1/C[2]
                         DSP_C_DATA (Prop_DSP_C_DATA_C[2]_C_DATA[2])
                                                      0.105    32.803 r  atten/softmax/cuInst/softmax/mul_27/mul/mulRawFN/mulFullRaw/io_rawOut_sig__1/DSP_C_DATA_INST/C_DATA[2]
                         net (fo=2, unplaced)         0.000    32.803    atten/softmax/cuInst/softmax/mul_27/mul/mulRawFN/mulFullRaw/io_rawOut_sig__1/DSP_C_DATA.C_DATA<2>
                         DSP_ALU (Prop_DSP_ALU_C_DATA[2]_ALU_OUT[3])
                                                      0.585    33.388 r  atten/softmax/cuInst/softmax/mul_27/mul/mulRawFN/mulFullRaw/io_rawOut_sig__1/DSP_ALU_INST/ALU_OUT[3]
                         net (fo=1, unplaced)         0.000    33.388    atten/softmax/cuInst/softmax/mul_27/mul/mulRawFN/mulFullRaw/io_rawOut_sig__1/DSP_ALU.ALU_OUT<3>
                         DSP_OUTPUT (Prop_DSP_OUTPUT_ALU_OUT[3]_P[3])
                                                      0.109    33.497 f  atten/softmax/cuInst/softmax/mul_27/mul/mulRawFN/mulFullRaw/io_rawOut_sig__1/DSP_OUTPUT_INST/P[3]
                         net (fo=1, unplaced)         0.218    33.715    atten/softmax/cuInst/softmax/mul_27/mul/mulRawFN/_mulFullRaw_io_rawOut_sig[20]
                         LUT6 (Prop_LUT6_I0_O)        0.150    33.865 f  atten/softmax/cuInst/softmax/mul_27/mul/mulRawFN/io_rawOut_sig[0]_INST_0_i_2/O
                         net (fo=1, unplaced)         0.155    34.020    atten/softmax/cuInst/softmax/mul_27/mul/mulRawFN/io_rawOut_sig[0]_INST_0_i_2_n_0
                         LUT4 (Prop_LUT4_I1_O)        0.090    34.110 f  atten/softmax/cuInst/softmax/mul_27/mul/mulRawFN/io_rawOut_sig[0]_INST_0/O
                         net (fo=2, unplaced)         0.156    34.266    atten/softmax/cuInst/softmax/mul_27/mul/roundRawFNToRecFN/roundAnyRawFNToRecFN/io_in_sig[0]
                         LUT6 (Prop_LUT6_I5_O)        0.100    34.366 f  atten/softmax/cuInst/softmax/mul_27/mul/roundRawFNToRecFN/roundAnyRawFNToRecFN/io_out[26]_INST_0_i_39/O
                         net (fo=1, unplaced)         0.197    34.563    atten/softmax/cuInst/softmax/mul_27/mul/roundRawFNToRecFN/roundAnyRawFNToRecFN/io_out[26]_INST_0_i_39_n_0
                         LUT5 (Prop_LUT5_I4_O)        0.038    34.601 f  atten/softmax/cuInst/softmax/mul_27/mul/roundRawFNToRecFN/roundAnyRawFNToRecFN/io_out[26]_INST_0_i_12/O
                         net (fo=1, unplaced)         0.152    34.753    atten/softmax/cuInst/softmax/mul_27/mul/roundRawFNToRecFN/roundAnyRawFNToRecFN/io_out[26]_INST_0_i_12_n_0
                         LUT6 (Prop_LUT6_I3_O)        0.053    34.806 f  atten/softmax/cuInst/softmax/mul_27/mul/roundRawFNToRecFN/roundAnyRawFNToRecFN/io_out[26]_INST_0_i_4/O
                         net (fo=27, unplaced)        0.211    35.017    atten/softmax/cuInst/softmax/mul_27/mul/roundRawFNToRecFN/roundAnyRawFNToRecFN/io_out[26]_INST_0_i_4_n_0
                         LUT4 (Prop_LUT4_I1_O)        0.112    35.129 f  atten/softmax/cuInst/softmax/mul_27/mul/roundRawFNToRecFN/roundAnyRawFNToRecFN/io_out[26]_INST_0_i_1/O
                         net (fo=8, unplaced)         0.225    35.354    atten/softmax/cuInst/softmax/mul_27/mul/roundRawFNToRecFN/roundAnyRawFNToRecFN/io_out[26]_INST_0_i_1_n_0
                         LUT6 (Prop_LUT6_I4_O)        0.038    35.392 r  atten/softmax/cuInst/softmax/mul_27/mul/roundRawFNToRecFN/roundAnyRawFNToRecFN/io_out[28]_INST_0_i_1/O
                         net (fo=6, unplaced)         0.219    35.611    atten/softmax/cuInst/softmax/mul_27/mul/roundRawFNToRecFN/roundAnyRawFNToRecFN/io_out[28]_INST_0_i_1_n_0
                         LUT3 (Prop_LUT3_I0_O)        0.068    35.679 r  atten/softmax/cuInst/softmax/mul_27/mul/roundRawFNToRecFN/roundAnyRawFNToRecFN/io_out[30]_INST_0_i_5/O
                         net (fo=1, unplaced)         0.242    35.921    atten/softmax/cuInst/softmax/mul_27/mul/roundRawFNToRecFN/roundAnyRawFNToRecFN/io_out[30]_INST_0_i_5_n_0
                         CARRY8 (Prop_CARRY8_DI[2]_CO[5])
                                                      0.148    36.069 r  atten/softmax/cuInst/softmax/mul_27/mul/roundRawFNToRecFN/roundAnyRawFNToRecFN/io_out[30]_INST_0_i_1/CO[5]
                         net (fo=5, unplaced)         0.141    36.210    atten/softmax/cuInst/softmax/mul_27/mul/roundRawFNToRecFN/roundAnyRawFNToRecFN/common_totalUnderflow
                         LUT2 (Prop_LUT2_I0_O)        0.038    36.248 r  atten/softmax/cuInst/softmax/mul_27/mul/roundRawFNToRecFN/roundAnyRawFNToRecFN/io_out[31]_INST_0_i_3/O
                         net (fo=1, unplaced)         0.197    36.445    atten/softmax/cuInst/softmax/mul_27/mul/roundRawFNToRecFN/roundAnyRawFNToRecFN/io_out[31]_INST_0_i_3_n_0
                         LUT6 (Prop_LUT6_I3_O)        0.038    36.483 f  atten/softmax/cuInst/softmax/mul_27/mul/roundRawFNToRecFN/roundAnyRawFNToRecFN/io_out[31]_INST_0/O
                         net (fo=12, unplaced)        0.235    36.718    atten/softmax/cuInst/softmax/mul_27/_mul_io_out[31]
                         LUT3 (Prop_LUT3_I0_O)        0.038    36.756 f  atten/softmax/cuInst/softmax/mul_27/io_out[21]_INST_0_i_3/O
                         net (fo=4, unplaced)         0.210    36.966    atten/softmax/cuInst/softmax/mul_27/io_out[21]_INST_0_i_3_n_0
                         LUT5 (Prop_LUT5_I2_O)        0.038    37.004 f  atten/softmax/cuInst/softmax/mul_27/io_out[0]_INST_0_i_2/O
                         net (fo=3, unplaced)         0.203    37.207    atten/softmax/cuInst/softmax/mul_27/io_out[0]_INST_0_i_2_n_0
                         LUT6 (Prop_LUT6_I5_O)        0.038    37.245 f  atten/softmax/cuInst/softmax/mul_27/io_out[6]_INST_0_i_2/O
                         net (fo=2, unplaced)         0.197    37.442    atten/softmax/cuInst/softmax/mul_27/io_out[6]_INST_0_i_2_n_0
                         LUT3 (Prop_LUT3_I2_O)        0.038    37.480 f  atten/softmax/cuInst/softmax/mul_27/io_out[6]_INST_0_i_1/O
                         net (fo=2, unplaced)         0.197    37.677    atten/softmax/cuInst/softmax/mul_27/io_out[6]_INST_0_i_1_n_0
                         LUT6 (Prop_LUT6_I2_O)        0.038    37.715 f  atten/softmax/cuInst/softmax/mul_27/io_out[5]_INST_0/O
                         net (fo=1, unplaced)         0.197    37.912    atten/softmax/cuInst/softmax/_mul_27_io_out[5]
                         LUT2 (Prop_LUT2_I1_O)        0.070    37.982 f  atten/softmax/cuInst/softmax/io_out_1[5]_INST_0/O
                         net (fo=10, unplaced)        0.189    38.171    atten/dm2/ctxQuant/mul_1/io_a[5]
                         LUT4 (Prop_LUT4_I0_O)        0.100    38.271 f  atten/dm2/ctxQuant/mul_1/mul_i_134/O
                         net (fo=2, unplaced)         0.197    38.468    atten/dm2/ctxQuant/mul_1/mul_i_134_n_0
                         LUT5 (Prop_LUT5_I2_O)        0.038    38.506 r  atten/dm2/ctxQuant/mul_1/mul_i_73/O
                         net (fo=29, unplaced)        0.255    38.761    atten/dm2/ctxQuant/mul_1/mul_i_73_n_0
                         LUT6 (Prop_LUT6_I2_O)        0.038    38.799 f  atten/dm2/ctxQuant/mul_1/mul_i_159/O
                         net (fo=2, unplaced)         0.197    38.996    atten/dm2/ctxQuant/mul_1/mul_i_159_n_0
                         LUT3 (Prop_LUT3_I2_O)        0.038    39.034 f  atten/dm2/ctxQuant/mul_1/mul_i_83/O
                         net (fo=2, unplaced)         0.197    39.231    atten/dm2/ctxQuant/mul_1/mul_i_83_n_0
                         LUT5 (Prop_LUT5_I2_O)        0.038    39.269 f  atten/dm2/ctxQuant/mul_1/mul_i_16/O
                         net (fo=1, unplaced)         0.214    39.483    atten/dm2/ctxQuant/mul_1/mul/mulRawFN/mulFullRaw/io_rawOut_sig__0/B[16]
                         DSP_A_B_DATA (Prop_DSP_A_B_DATA_B[16]_B2_DATA[16])
                                                      0.151    39.634 r  atten/dm2/ctxQuant/mul_1/mul/mulRawFN/mulFullRaw/io_rawOut_sig__0/DSP_A_B_DATA_INST/B2_DATA[16]
                         net (fo=1, unplaced)         0.000    39.634    atten/dm2/ctxQuant/mul_1/mul/mulRawFN/mulFullRaw/io_rawOut_sig__0/DSP_A_B_DATA.B2_DATA<16>
                         DSP_PREADD_DATA (Prop_DSP_PREADD_DATA_B2_DATA[16]_B2B1[16])
                                                      0.073    39.707 r  atten/dm2/ctxQuant/mul_1/mul/mulRawFN/mulFullRaw/io_rawOut_sig__0/DSP_PREADD_DATA_INST/B2B1[16]
                         net (fo=1, unplaced)         0.000    39.707    atten/dm2/ctxQuant/mul_1/mul/mulRawFN/mulFullRaw/io_rawOut_sig__0/DSP_PREADD_DATA.B2B1<16>
                         DSP_MULTIPLIER (Prop_DSP_MULTIPLIER_B2B1[16]_V[19])
                                                      0.609    40.316 f  atten/dm2/ctxQuant/mul_1/mul/mulRawFN/mulFullRaw/io_rawOut_sig__0/DSP_MULTIPLIER_INST/V[19]
                         net (fo=1, unplaced)         0.000    40.316    atten/dm2/ctxQuant/mul_1/mul/mulRawFN/mulFullRaw/io_rawOut_sig__0/DSP_MULTIPLIER.V<19>
                         DSP_M_DATA (Prop_DSP_M_DATA_V[19]_V_DATA[19])
                                                      0.046    40.362 r  atten/dm2/ctxQuant/mul_1/mul/mulRawFN/mulFullRaw/io_rawOut_sig__0/DSP_M_DATA_INST/V_DATA[19]
                         net (fo=1, unplaced)         0.000    40.362    atten/dm2/ctxQuant/mul_1/mul/mulRawFN/mulFullRaw/io_rawOut_sig__0/DSP_M_DATA.V_DATA<19>
                         DSP_ALU (Prop_DSP_ALU_V_DATA[19]_ALU_OUT[19])
                                                      0.571    40.933 f  atten/dm2/ctxQuant/mul_1/mul/mulRawFN/mulFullRaw/io_rawOut_sig__0/DSP_ALU_INST/ALU_OUT[19]
                         net (fo=1, unplaced)         0.000    40.933    atten/dm2/ctxQuant/mul_1/mul/mulRawFN/mulFullRaw/io_rawOut_sig__0/DSP_ALU.ALU_OUT<19>
                         DSP_OUTPUT (Prop_DSP_OUTPUT_ALU_OUT[19]_P[19])
                                                      0.109    41.042 r  atten/dm2/ctxQuant/mul_1/mul/mulRawFN/mulFullRaw/io_rawOut_sig__0/DSP_OUTPUT_INST/P[19]
                         net (fo=1, unplaced)         0.211    41.253    atten/dm2/ctxQuant/mul_1/mul/mulRawFN/mulFullRaw/io_rawOut_sig__1/C[2]
                         DSP_C_DATA (Prop_DSP_C_DATA_C[2]_C_DATA[2])
                                                      0.105    41.358 r  atten/dm2/ctxQuant/mul_1/mul/mulRawFN/mulFullRaw/io_rawOut_sig__1/DSP_C_DATA_INST/C_DATA[2]
                         net (fo=2, unplaced)         0.000    41.358    atten/dm2/ctxQuant/mul_1/mul/mulRawFN/mulFullRaw/io_rawOut_sig__1/DSP_C_DATA.C_DATA<2>
                         DSP_ALU (Prop_DSP_ALU_C_DATA[2]_ALU_OUT[3])
                                                      0.585    41.943 r  atten/dm2/ctxQuant/mul_1/mul/mulRawFN/mulFullRaw/io_rawOut_sig__1/DSP_ALU_INST/ALU_OUT[3]
                         net (fo=1, unplaced)         0.000    41.943    atten/dm2/ctxQuant/mul_1/mul/mulRawFN/mulFullRaw/io_rawOut_sig__1/DSP_ALU.ALU_OUT<3>
                         DSP_OUTPUT (Prop_DSP_OUTPUT_ALU_OUT[3]_P[3])
                                                      0.109    42.052 f  atten/dm2/ctxQuant/mul_1/mul/mulRawFN/mulFullRaw/io_rawOut_sig__1/DSP_OUTPUT_INST/P[3]
                         net (fo=1, unplaced)         0.218    42.270    atten/dm2/ctxQuant/mul_1/mul/mulRawFN/_mulFullRaw_io_rawOut_sig[20]
                         LUT6 (Prop_LUT6_I0_O)        0.150    42.420 f  atten/dm2/ctxQuant/mul_1/mul/mulRawFN/io_rawOut_sig[0]_INST_0_i_2/O
                         net (fo=1, unplaced)         0.155    42.575    atten/dm2/ctxQuant/mul_1/mul/mulRawFN/io_rawOut_sig[0]_INST_0_i_2_n_0
                         LUT4 (Prop_LUT4_I1_O)        0.090    42.665 f  atten/dm2/ctxQuant/mul_1/mul/mulRawFN/io_rawOut_sig[0]_INST_0/O
                         net (fo=2, unplaced)         0.156    42.821    atten/dm2/ctxQuant/mul_1/mul/roundRawFNToRecFN/roundAnyRawFNToRecFN/io_in_sig[0]
                         LUT6 (Prop_LUT6_I5_O)        0.100    42.921 f  atten/dm2/ctxQuant/mul_1/mul/roundRawFNToRecFN/roundAnyRawFNToRecFN/io_out[26]_INST_0_i_39/O
                         net (fo=1, unplaced)         0.197    43.118    atten/dm2/ctxQuant/mul_1/mul/roundRawFNToRecFN/roundAnyRawFNToRecFN/io_out[26]_INST_0_i_39_n_0
                         LUT5 (Prop_LUT5_I4_O)        0.038    43.156 f  atten/dm2/ctxQuant/mul_1/mul/roundRawFNToRecFN/roundAnyRawFNToRecFN/io_out[26]_INST_0_i_12/O
                         net (fo=1, unplaced)         0.152    43.308    atten/dm2/ctxQuant/mul_1/mul/roundRawFNToRecFN/roundAnyRawFNToRecFN/io_out[26]_INST_0_i_12_n_0
                         LUT6 (Prop_LUT6_I3_O)        0.053    43.361 f  atten/dm2/ctxQuant/mul_1/mul/roundRawFNToRecFN/roundAnyRawFNToRecFN/io_out[26]_INST_0_i_4/O
                         net (fo=27, unplaced)        0.211    43.572    atten/dm2/ctxQuant/mul_1/mul/roundRawFNToRecFN/roundAnyRawFNToRecFN/io_out[26]_INST_0_i_4_n_0
                         LUT4 (Prop_LUT4_I1_O)        0.112    43.684 f  atten/dm2/ctxQuant/mul_1/mul/roundRawFNToRecFN/roundAnyRawFNToRecFN/io_out[26]_INST_0_i_1/O
                         net (fo=8, unplaced)         0.225    43.909    atten/dm2/ctxQuant/mul_1/mul/roundRawFNToRecFN/roundAnyRawFNToRecFN/io_out[26]_INST_0_i_1_n_0
                         LUT6 (Prop_LUT6_I4_O)        0.038    43.947 r  atten/dm2/ctxQuant/mul_1/mul/roundRawFNToRecFN/roundAnyRawFNToRecFN/io_out[28]_INST_0_i_1/O
                         net (fo=6, unplaced)         0.219    44.166    atten/dm2/ctxQuant/mul_1/mul/roundRawFNToRecFN/roundAnyRawFNToRecFN/io_out[28]_INST_0_i_1_n_0
                         LUT3 (Prop_LUT3_I0_O)        0.068    44.234 f  atten/dm2/ctxQuant/mul_1/mul/roundRawFNToRecFN/roundAnyRawFNToRecFN/io_out[30]_INST_0_i_5/O
                         net (fo=1, unplaced)         0.242    44.476    atten/dm2/ctxQuant/mul_1/mul/roundRawFNToRecFN/roundAnyRawFNToRecFN/io_out[30]_INST_0_i_5_n_0
                         CARRY8 (Prop_CARRY8_DI[2]_CO[5])
                                                      0.148    44.624 f  atten/dm2/ctxQuant/mul_1/mul/roundRawFNToRecFN/roundAnyRawFNToRecFN/io_out[30]_INST_0_i_1/CO[5]
                         net (fo=5, unplaced)         0.141    44.765    atten/dm2/ctxQuant/mul_1/mul/roundRawFNToRecFN/roundAnyRawFNToRecFN/common_totalUnderflow
                         LUT2 (Prop_LUT2_I0_O)        0.038    44.803 f  atten/dm2/ctxQuant/mul_1/mul/roundRawFNToRecFN/roundAnyRawFNToRecFN/io_out[31]_INST_0_i_3/O
                         net (fo=1, unplaced)         0.197    45.000    atten/dm2/ctxQuant/mul_1/mul/roundRawFNToRecFN/roundAnyRawFNToRecFN/io_out[31]_INST_0_i_3_n_0
                         LUT6 (Prop_LUT6_I3_O)        0.038    45.038 r  atten/dm2/ctxQuant/mul_1/mul/roundRawFNToRecFN/roundAnyRawFNToRecFN/io_out[31]_INST_0/O
                         net (fo=12, unplaced)        0.235    45.273    atten/dm2/ctxQuant/mul_1/_mul_io_out[31]
                         LUT3 (Prop_LUT3_I0_O)        0.038    45.311 r  atten/dm2/ctxQuant/mul_1/io_out[21]_INST_0_i_3/O
                         net (fo=4, unplaced)         0.210    45.521    atten/dm2/ctxQuant/mul_1/io_out[21]_INST_0_i_3_n_0
                         LUT5 (Prop_LUT5_I2_O)        0.038    45.559 r  atten/dm2/ctxQuant/mul_1/io_out[0]_INST_0_i_2/O
                         net (fo=3, unplaced)         0.203    45.762    atten/dm2/ctxQuant/mul_1/io_out[0]_INST_0_i_2_n_0
                         LUT6 (Prop_LUT6_I5_O)        0.038    45.800 r  atten/dm2/ctxQuant/mul_1/io_out[6]_INST_0_i_2/O
                         net (fo=2, unplaced)         0.197    45.997    atten/dm2/ctxQuant/mul_1/io_out[6]_INST_0_i_2_n_0
                         LUT3 (Prop_LUT3_I0_O)        0.070    46.067 r  atten/dm2/ctxQuant/mul_1/io_out[4]_INST_0_i_1/O
                         net (fo=2, unplaced)         0.197    46.264    atten/dm2/ctxQuant/mul_1/io_out[4]_INST_0_i_1_n_0
                         LUT6 (Prop_LUT6_I2_O)        0.038    46.302 r  atten/dm2/ctxQuant/mul_1/io_out[3]_INST_0/O
                         net (fo=11, unplaced)        0.233    46.535    atten/dm2/ctxQuant/add_1/io_a[3]
                         LUT6 (Prop_LUT6_I5_O)        0.038    46.573 r  atten/dm2/ctxQuant/add_1/add_i_141/O
                         net (fo=1, unplaced)         0.197    46.770    atten/dm2/ctxQuant/add_1/add_i_141_n_0
                         LUT6 (Prop_LUT6_I0_O)        0.038    46.808 r  atten/dm2/ctxQuant/add_1/add_i_74/O
                         net (fo=26, unplaced)        0.252    47.060    atten/dm2/ctxQuant/add_1/add_i_74_n_0
                         LUT6 (Prop_LUT6_I4_O)        0.038    47.098 r  atten/dm2/ctxQuant/add_1/add_i_70/O
                         net (fo=3, unplaced)         0.203    47.301    atten/dm2/ctxQuant/add_1/add_i_70_n_0
                         LUT6 (Prop_LUT6_I2_O)        0.038    47.339 r  atten/dm2/ctxQuant/add_1/add_i_67/O
                         net (fo=2, unplaced)         0.197    47.536    atten/dm2/ctxQuant/add_1/add_i_67_n_0
                         LUT3 (Prop_LUT3_I0_O)        0.038    47.574 r  atten/dm2/ctxQuant/add_1/add_i_4/O
                         net (fo=5, unplaced)         0.215    47.789    atten/dm2/ctxQuant/add_1/add/addRawFN/io_a_sExp[5]
                         LUT2 (Prop_LUT2_I0_O)        0.037    47.826 r  atten/dm2/ctxQuant/add_1/add/addRawFN/io_rawOut_sExp[5]_INST_0_i_6/O
                         net (fo=1, unplaced)         0.029    47.855    atten/dm2/ctxQuant/add_1/add/addRawFN/io_rawOut_sExp[5]_INST_0_i_6_n_0
                         CARRY8 (Prop_CARRY8_S[5]_CO[7])
                                                      0.166    48.021 r  atten/dm2/ctxQuant/add_1/add/addRawFN/io_rawOut_sExp[5]_INST_0_i_2/CO[7]
                         net (fo=1, unplaced)         0.005    48.026    atten/dm2/ctxQuant/add_1/add/addRawFN/io_rawOut_sExp[5]_INST_0_i_2_n_0
                         CARRY8 (Prop_CARRY8_CI_CO[1])
                                                      0.042    48.068 r  atten/dm2/ctxQuant/add_1/add/addRawFN/io_rawOut_sExp[5]_INST_0_i_1/CO[1]
                         net (fo=154, unplaced)       0.249    48.317    atten/dm2/ctxQuant/add_1/add/addRawFN/io_rawOut_sExp[5]_INST_0_i_1_n_6
                         LUT5 (Prop_LUT5_I4_O)        0.038    48.355 r  atten/dm2/ctxQuant/add_1/add/addRawFN/io_rawOut_sig[6]_INST_0_i_33/O
                         net (fo=3, unplaced)         0.203    48.558    atten/dm2/ctxQuant/add_1/add/addRawFN/p_1_in[2]
                         LUT2 (Prop_LUT2_I0_O)        0.068    48.626 r  atten/dm2/ctxQuant/add_1/add/addRawFN/io_rawOut_sig[6]_INST_0_i_10/O
                         net (fo=1, unplaced)         0.242    48.868    atten/dm2/ctxQuant/add_1/add/addRawFN/io_rawOut_sig[6]_INST_0_i_10_n_0
                         CARRY8 (Prop_CARRY8_DI[2]_O[4])
                                                      0.150    49.018 f  atten/dm2/ctxQuant/add_1/add/addRawFN/io_rawOut_sig[6]_INST_0_i_3/O[4]
                         net (fo=3, unplaced)         0.210    49.228    atten/dm2/ctxQuant/add_1/add/addRawFN/_close_sSigSum_T_3[5]
                         LUT1 (Prop_LUT1_I0_O)        0.037    49.265 r  atten/dm2/ctxQuant/add_1/add/addRawFN/io_rawOut_sig[6]_INST_0_i_22/O
                         net (fo=1, unplaced)         0.029    49.294    atten/dm2/ctxQuant/add_1/add/addRawFN/io_rawOut_sig[6]_INST_0_i_22_n_0
                         CARRY8 (Prop_CARRY8_S[5]_CO[7])
                                                      0.166    49.460 r  atten/dm2/ctxQuant/add_1/add/addRawFN/io_rawOut_sig[6]_INST_0_i_4/CO[7]
                         net (fo=1, unplaced)         0.005    49.465    atten/dm2/ctxQuant/add_1/add/addRawFN/io_rawOut_sig[6]_INST_0_i_4_n_0
                         CARRY8 (Prop_CARRY8_CI_O[2])
                                                      0.067    49.532 f  atten/dm2/ctxQuant/add_1/add/addRawFN/io_rawOut_sExp[4]_INST_0_i_12/O[2]
                         net (fo=4, unplaced)         0.214    49.746    atten/dm2/ctxQuant/add_1/add/addRawFN/io_rawOut_sExp[4]_INST_0_i_12_n_13
                         LUT5 (Prop_LUT5_I1_O)        0.090    49.836 f  atten/dm2/ctxQuant/add_1/add/addRawFN/io_rawOut_sExp[4]_INST_0_i_7/O
                         net (fo=6, unplaced)         0.177    50.013    atten/dm2/ctxQuant/add_1/add/addRawFN/io_rawOut_sExp[4]_INST_0_i_7_n_0
                         LUT6 (Prop_LUT6_I5_O)        0.090    50.103 f  atten/dm2/ctxQuant/add_1/add/addRawFN/io_rawOut_sExp[2]_INST_0_i_3/O
                         net (fo=1, unplaced)         0.155    50.258    atten/dm2/ctxQuant/add_1/add/addRawFN/io_rawOut_sExp[2]_INST_0_i_3_n_0
                         LUT5 (Prop_LUT5_I1_O)        0.090    50.348 f  atten/dm2/ctxQuant/add_1/add/addRawFN/io_rawOut_sExp[2]_INST_0_i_1/O
                         net (fo=35, unplaced)        0.259    50.607    atten/dm2/ctxQuant/add_1/add/addRawFN/close_normDistReduced2[1]
                         LUT6 (Prop_LUT6_I4_O)        0.038    50.645 r  atten/dm2/ctxQuant/add_1/add/addRawFN/io_rawOut_sExp[9]_INST_0_i_6/O
                         net (fo=2, unplaced)         0.197    50.842    atten/dm2/ctxQuant/add_1/add/addRawFN/io_rawOut_sExp[9]_INST_0_i_6_n_0
                         LUT6 (Prop_LUT6_I0_O)        0.038    50.880 r  atten/dm2/ctxQuant/add_1/add/addRawFN/io_rawOut_sExp[9]_INST_0_i_3/O
                         net (fo=4, unplaced)         0.210    51.090    atten/dm2/ctxQuant/add_1/add/addRawFN/io_rawOut_sExp[9]_INST_0_i_3_n_0
                         LUT6 (Prop_LUT6_I2_O)        0.038    51.128 r  atten/dm2/ctxQuant/add_1/add/addRawFN/io_rawOut_sExp[6]_INST_0/O
                         net (fo=25, unplaced)        0.210    51.338    atten/dm2/ctxQuant/add_1/add/roundRawFNToRecFN/roundAnyRawFNToRecFN/io_in_sExp[6]
                         LUT5 (Prop_LUT5_I1_O)        0.100    51.438 r  atten/dm2/ctxQuant/add_1/add/roundRawFNToRecFN/roundAnyRawFNToRecFN/io_out[26]_INST_0_i_15/O
                         net (fo=27, unplaced)        0.211    51.649    atten/dm2/ctxQuant/add_1/add/roundRawFNToRecFN/roundAnyRawFNToRecFN/io_out[26]_INST_0_i_15_n_0
                         LUT6 (Prop_LUT6_I2_O)        0.090    51.739 r  atten/dm2/ctxQuant/add_1/add/roundRawFNToRecFN/roundAnyRawFNToRecFN/io_out[26]_INST_0_i_39/O
                         net (fo=1, unplaced)         0.156    51.895    atten/dm2/ctxQuant/add_1/add/roundRawFNToRecFN/roundAnyRawFNToRecFN/io_out[26]_INST_0_i_39_n_0
                         LUT6 (Prop_LUT6_I2_O)        0.100    51.995 r  atten/dm2/ctxQuant/add_1/add/roundRawFNToRecFN/roundAnyRawFNToRecFN/io_out[26]_INST_0_i_11/O
                         net (fo=1, unplaced)         0.155    52.150    atten/dm2/ctxQuant/add_1/add/roundRawFNToRecFN/roundAnyRawFNToRecFN/io_out[26]_INST_0_i_11_n_0
                         LUT6 (Prop_LUT6_I2_O)        0.090    52.240 r  atten/dm2/ctxQuant/add_1/add/roundRawFNToRecFN/roundAnyRawFNToRecFN/io_out[26]_INST_0_i_3/O
                         net (fo=28, unplaced)        0.212    52.452    atten/dm2/ctxQuant/add_1/add/roundRawFNToRecFN/roundAnyRawFNToRecFN/io_out[26]_INST_0_i_3_n_0
                         LUT4 (Prop_LUT4_I0_O)        0.090    52.542 f  atten/dm2/ctxQuant/add_1/add/roundRawFNToRecFN/roundAnyRawFNToRecFN/io_out[26]_INST_0_i_1/O
                         net (fo=8, unplaced)         0.225    52.767    atten/dm2/ctxQuant/add_1/add/roundRawFNToRecFN/roundAnyRawFNToRecFN/io_out[26]_INST_0_i_1_n_0
                         LUT6 (Prop_LUT6_I4_O)        0.038    52.805 r  atten/dm2/ctxQuant/add_1/add/roundRawFNToRecFN/roundAnyRawFNToRecFN/io_out[28]_INST_0_i_1/O
                         net (fo=6, unplaced)         0.219    53.024    atten/dm2/ctxQuant/add_1/add/roundRawFNToRecFN/roundAnyRawFNToRecFN/io_out[28]_INST_0_i_1_n_0
                         LUT3 (Prop_LUT3_I0_O)        0.068    53.092 f  atten/dm2/ctxQuant/add_1/add/roundRawFNToRecFN/roundAnyRawFNToRecFN/io_out[30]_INST_0_i_5/O
                         net (fo=1, unplaced)         0.242    53.334    atten/dm2/ctxQuant/add_1/add/roundRawFNToRecFN/roundAnyRawFNToRecFN/io_out[30]_INST_0_i_5_n_0
                         CARRY8 (Prop_CARRY8_DI[2]_CO[5])
                                                      0.148    53.482 f  atten/dm2/ctxQuant/add_1/add/roundRawFNToRecFN/roundAnyRawFNToRecFN/io_out[30]_INST_0_i_1/CO[5]
                         net (fo=5, unplaced)         0.141    53.623    atten/dm2/ctxQuant/add_1/add/roundRawFNToRecFN/roundAnyRawFNToRecFN/common_totalUnderflow
                         LUT2 (Prop_LUT2_I0_O)        0.038    53.661 f  atten/dm2/ctxQuant/add_1/add/roundRawFNToRecFN/roundAnyRawFNToRecFN/io_out[31]_INST_0_i_3/O
                         net (fo=1, unplaced)         0.197    53.858    atten/dm2/ctxQuant/add_1/add/roundRawFNToRecFN/roundAnyRawFNToRecFN/io_out[31]_INST_0_i_3_n_0
                         LUT6 (Prop_LUT6_I3_O)        0.038    53.896 r  atten/dm2/ctxQuant/add_1/add/roundRawFNToRecFN/roundAnyRawFNToRecFN/io_out[31]_INST_0/O
                         net (fo=12, unplaced)        0.235    54.131    atten/dm2/ctxQuant/add_1/_add_io_out[31]
                         LUT3 (Prop_LUT3_I1_O)        0.038    54.169 r  atten/dm2/ctxQuant/add_1/io_out[21]_INST_0_i_3/O
                         net (fo=4, unplaced)         0.210    54.379    atten/dm2/ctxQuant/add_1/io_out[21]_INST_0_i_3_n_0
                         LUT5 (Prop_LUT5_I2_O)        0.038    54.417 r  atten/dm2/ctxQuant/add_1/io_out[2]_INST_0_i_2/O
                         net (fo=3, unplaced)         0.203    54.620    atten/dm2/ctxQuant/add_1/io_out[2]_INST_0_i_2_n_0
                         LUT6 (Prop_LUT6_I5_O)        0.038    54.658 r  atten/dm2/ctxQuant/add_1/io_out[6]_INST_0_i_2/O
                         net (fo=2, unplaced)         0.197    54.855    atten/dm2/ctxQuant/add_1/io_out[6]_INST_0_i_2_n_0
                         LUT3 (Prop_LUT3_I2_O)        0.038    54.893 r  atten/dm2/ctxQuant/add_1/io_out[6]_INST_0_i_1/O
                         net (fo=2, unplaced)         0.197    55.090    atten/dm2/ctxQuant/add_1/io_out[6]_INST_0_i_1_n_0
                         LUT6 (Prop_LUT6_I2_O)        0.038    55.128 r  atten/dm2/ctxQuant/add_1/io_out[5]_INST_0/O
                         net (fo=10, unplaced)        0.189    55.317    atten/dm2/ctxQuant/toInt_1/io_in[5]
                         LUT6 (Prop_LUT6_I0_O)        0.100    55.417 f  atten/dm2/ctxQuant/toInt_1/cvt_i_76/O
                         net (fo=1, unplaced)         0.197    55.614    atten/dm2/ctxQuant/toInt_1/cvt_i_76_n_0
                         LUT6 (Prop_LUT6_I0_O)        0.038    55.652 f  atten/dm2/ctxQuant/toInt_1/cvt_i_42/O
                         net (fo=26, unplaced)        0.252    55.904    atten/dm2/ctxQuant/toInt_1/cvt_i_42_n_0
                         LUT6 (Prop_LUT6_I4_O)        0.038    55.942 f  atten/dm2/ctxQuant/toInt_1/cvt_i_38/O
                         net (fo=3, unplaced)         0.203    56.145    atten/dm2/ctxQuant/toInt_1/cvt_i_38_n_0
                         LUT6 (Prop_LUT6_I2_O)        0.038    56.183 r  atten/dm2/ctxQuant/toInt_1/cvt_i_33/O
                         net (fo=2, unplaced)         0.197    56.380    atten/dm2/ctxQuant/toInt_1/cvt_i_33_n_0
                         LUT3 (Prop_LUT3_I0_O)        0.038    56.418 r  atten/dm2/ctxQuant/toInt_1/cvt_i_1/O
                         net (fo=35, unplaced)        0.259    56.677    atten/dm2/ctxQuant/toInt_1/cvt/io_in[31]
                         LUT2 (Prop_LUT2_I0_O)        0.038    56.715 r  atten/dm2/ctxQuant/toInt_1/cvt/io_out[1]_INST_0_i_4/O
                         net (fo=6, unplaced)         0.219    56.934    atten/dm2/ctxQuant/toInt_1/cvt/io_out[1]_INST_0_i_4_n_0
                         LUT6 (Prop_LUT6_I4_O)        0.038    56.972 f  atten/dm2/ctxQuant/toInt_1/cvt/io_out[1]_INST_0_i_3/O
                         net (fo=1, unplaced)         0.197    57.169    atten/dm2/ctxQuant/toInt_1/cvt/io_out[1]_INST_0_i_3_n_0
                         LUT6 (Prop_LUT6_I0_O)        0.038    57.207 f  atten/dm2/ctxQuant/toInt_1/cvt/io_out[1]_INST_0_i_2/O
                         net (fo=4, unplaced)         0.169    57.376    atten/dm2/ctxQuant/toInt_1/cvt/io_out[1]_INST_0_i_2_n_0
                         LUT6 (Prop_LUT6_I0_O)        0.100    57.476 r  atten/dm2/ctxQuant/toInt_1/cvt/io_out[7]_INST_0_i_7/O
                         net (fo=1, unplaced)         0.155    57.631    atten/dm2/ctxQuant/toInt_1/cvt/io_out[7]_INST_0_i_7_n_0
                         LUT6 (Prop_LUT6_I0_O)        0.090    57.721 r  atten/dm2/ctxQuant/toInt_1/cvt/io_out[7]_INST_0_i_2/O
                         net (fo=8, unplaced)         0.225    57.946    atten/dm2/ctxQuant/toInt_1/cvt/io_out[7]_INST_0_i_2_n_0
                         LUT4 (Prop_LUT4_I2_O)        0.038    57.984 r  atten/dm2/ctxQuant/toInt_1/cvt/io_out[0]_INST_0/O
                         net (fo=1, unplaced)         0.154    58.138    atten/dm2/ctxmemInst/mem/mem_ext/W0_data[8]
                         RAMB36E2                                     r  atten/dm2/ctxmemInst/mem/mem_ext/Memory_reg_0/DINADIN[8]
  -------------------------------------------------------------------    -------------------

                         (clock clk rise edge)       10.000    10.000 r  
                                                      0.000    10.000 r  clock (IN)
                         net (fo=803906, unset)       0.000    10.000    atten/dm2/ctxmemInst/mem/mem_ext/R0_clk
                         RAMB36E2                                     r  atten/dm2/ctxmemInst/mem/mem_ext/Memory_reg_0/CLKBWRCLK
                         clock pessimism              0.000    10.000    
                         clock uncertainty           -0.035     9.965    
                         RAMB36E2 (Setup_RAMB36E2_CLKBWRCLK_DINADIN[8])
                                                     -0.275     9.690    atten/dm2/ctxmemInst/mem/mem_ext/Memory_reg_0
  -------------------------------------------------------------------
                         required time                          9.690    
                         arrival time                         -58.138    
  -------------------------------------------------------------------
                         slack                                -48.448    

Slack (VIOLATED) :        -48.442ns  (required time - arrival time)
  Source:                 atten/softmax/memInst/mem/mem_ext/Memory_reg_uram_6/CLK
                            (rising edge-triggered cell URAM288 clocked by clk  {rise@0.000ns fall@5.000ns period=10.000ns})
  Destination:            atten/dm2/ctxmemInst/mem/mem_ext/Memory_reg_0/DINADIN[14]
                            (rising edge-triggered cell RAMB36E2 clocked by clk  {rise@0.000ns fall@5.000ns period=10.000ns})
  Path Group:             clk
  Path Type:              Setup (Max at Slow Process Corner)
  Requirement:            10.000ns  (clk rise@10.000ns - clk rise@0.000ns)
  Data Path Delay:        58.152ns  (logic 22.565ns (38.803%)  route 35.587ns (61.197%))
  Logic Levels:           203  (CARRY8=23 DSP_A_B_DATA=4 DSP_ALU=7 DSP_C_DATA=3 DSP_M_DATA=4 DSP_MULTIPLIER=4 DSP_OUTPUT=7 DSP_PREADD_DATA=4 LUT1=1 LUT2=15 LUT3=25 LUT4=13 LUT5=26 LUT6=67)
  Clock Uncertainty:      0.035ns  ((TSJ^2 + TIJ^2)^1/2 + DJ) / 2 + PE
    Total System Jitter     (TSJ):    0.071ns
    Total Input Jitter      (TIJ):    0.000ns
    Discrete Jitter          (DJ):    0.000ns
    Phase Error              (PE):    0.000ns

    Location             Delay type                Incr(ns)  Path(ns)    Netlist Resource(s)
  -------------------------------------------------------------------    -------------------
                         (clock clk rise edge)        0.000     0.000 r  
                                                      0.000     0.000 r  clock (IN)
                         net (fo=803906, unset)       0.000     0.000    atten/softmax/memInst/mem/mem_ext/R0_clk
                         URAM288                                      r  atten/softmax/memInst/mem/mem_ext/Memory_reg_uram_6/CLK
  -------------------------------------------------------------------    -------------------
                         URAM288 (Prop_URAM288_CLK_DOUT_B[56])
                                                      1.991     1.991 r  atten/softmax/memInst/mem/mem_ext/Memory_reg_uram_6/DOUT_B[56]
                         net (fo=1, unplaced)         0.226     2.217    atten/softmax/cuInst/io_data_in[488]
                         LUT2 (Prop_LUT2_I1_O)        0.070     2.287 r  atten/softmax/cuInst/softmax_i_504/O
                         net (fo=7, unplaced)         0.180     2.467    atten/softmax/cuInst/softmax/mul_15/io_a[8]
                         LUT4 (Prop_LUT4_I1_O)        0.090     2.557 r  atten/softmax/cuInst/softmax/mul_15/mul_i_70/O
                         net (fo=3, unplaced)         0.162     2.719    atten/softmax/cuInst/softmax/mul_15/mul_i_70_n_0
                         LUT5 (Prop_LUT5_I1_O)        0.100     2.819 r  atten/softmax/cuInst/softmax/mul_15/mul_i_41/O
                         net (fo=29, unplaced)        0.255     3.074    atten/softmax/cuInst/softmax/mul_15/mul_i_41_n_0
                         LUT6 (Prop_LUT6_I5_O)        0.038     3.112 f  atten/softmax/cuInst/softmax/mul_15/mul_i_93/O
                         net (fo=2, unplaced)         0.197     3.309    atten/softmax/cuInst/softmax/mul_15/mul_i_93_n_0
                         LUT3 (Prop_LUT3_I2_O)        0.038     3.347 f  atten/softmax/cuInst/softmax/mul_15/mul_i_50/O
                         net (fo=2, unplaced)         0.155     3.502    atten/softmax/cuInst/softmax/mul_15/mul_i_50_n_0
                         LUT5 (Prop_LUT5_I0_O)        0.090     3.592 f  atten/softmax/cuInst/softmax/mul_15/mul_i_16/O
                         net (fo=1, unplaced)         0.214     3.806    atten/softmax/cuInst/softmax/mul_15/mul/mulRawFN/mulFullRaw/io_rawOut_sig__0/B[16]
                         DSP_A_B_DATA (Prop_DSP_A_B_DATA_B[16]_B2_DATA[16])
                                                      0.151     3.957 r  atten/softmax/cuInst/softmax/mul_15/mul/mulRawFN/mulFullRaw/io_rawOut_sig__0/DSP_A_B_DATA_INST/B2_DATA[16]
                         net (fo=1, unplaced)         0.000     3.957    atten/softmax/cuInst/softmax/mul_15/mul/mulRawFN/mulFullRaw/io_rawOut_sig__0/DSP_A_B_DATA.B2_DATA<16>
                         DSP_PREADD_DATA (Prop_DSP_PREADD_DATA_B2_DATA[16]_B2B1[16])
                                                      0.073     4.030 r  atten/softmax/cuInst/softmax/mul_15/mul/mulRawFN/mulFullRaw/io_rawOut_sig__0/DSP_PREADD_DATA_INST/B2B1[16]
                         net (fo=1, unplaced)         0.000     4.030    atten/softmax/cuInst/softmax/mul_15/mul/mulRawFN/mulFullRaw/io_rawOut_sig__0/DSP_PREADD_DATA.B2B1<16>
                         DSP_MULTIPLIER (Prop_DSP_MULTIPLIER_B2B1[16]_V[19])
                                                      0.609     4.639 f  atten/softmax/cuInst/softmax/mul_15/mul/mulRawFN/mulFullRaw/io_rawOut_sig__0/DSP_MULTIPLIER_INST/V[19]
                         net (fo=1, unplaced)         0.000     4.639    atten/softmax/cuInst/softmax/mul_15/mul/mulRawFN/mulFullRaw/io_rawOut_sig__0/DSP_MULTIPLIER.V<19>
                         DSP_M_DATA (Prop_DSP_M_DATA_V[19]_V_DATA[19])
                                                      0.046     4.685 r  atten/softmax/cuInst/softmax/mul_15/mul/mulRawFN/mulFullRaw/io_rawOut_sig__0/DSP_M_DATA_INST/V_DATA[19]
                         net (fo=1, unplaced)         0.000     4.685    atten/softmax/cuInst/softmax/mul_15/mul/mulRawFN/mulFullRaw/io_rawOut_sig__0/DSP_M_DATA.V_DATA<19>
                         DSP_ALU (Prop_DSP_ALU_V_DATA[19]_ALU_OUT[19])
                                                      0.571     5.256 f  atten/softmax/cuInst/softmax/mul_15/mul/mulRawFN/mulFullRaw/io_rawOut_sig__0/DSP_ALU_INST/ALU_OUT[19]
                         net (fo=1, unplaced)         0.000     5.256    atten/softmax/cuInst/softmax/mul_15/mul/mulRawFN/mulFullRaw/io_rawOut_sig__0/DSP_ALU.ALU_OUT<19>
                         DSP_OUTPUT (Prop_DSP_OUTPUT_ALU_OUT[19]_P[19])
                                                      0.109     5.365 r  atten/softmax/cuInst/softmax/mul_15/mul/mulRawFN/mulFullRaw/io_rawOut_sig__0/DSP_OUTPUT_INST/P[19]
                         net (fo=1, unplaced)         0.211     5.576    atten/softmax/cuInst/softmax/mul_15/mul/mulRawFN/mulFullRaw/io_rawOut_sig__1/C[2]
                         DSP_C_DATA (Prop_DSP_C_DATA_C[2]_C_DATA[2])
                                                      0.105     5.681 r  atten/softmax/cuInst/softmax/mul_15/mul/mulRawFN/mulFullRaw/io_rawOut_sig__1/DSP_C_DATA_INST/C_DATA[2]
                         net (fo=2, unplaced)         0.000     5.681    atten/softmax/cuInst/softmax/mul_15/mul/mulRawFN/mulFullRaw/io_rawOut_sig__1/DSP_C_DATA.C_DATA<2>
                         DSP_ALU (Prop_DSP_ALU_C_DATA[2]_ALU_OUT[3])
                                                      0.585     6.266 r  atten/softmax/cuInst/softmax/mul_15/mul/mulRawFN/mulFullRaw/io_rawOut_sig__1/DSP_ALU_INST/ALU_OUT[3]
                         net (fo=1, unplaced)         0.000     6.266    atten/softmax/cuInst/softmax/mul_15/mul/mulRawFN/mulFullRaw/io_rawOut_sig__1/DSP_ALU.ALU_OUT<3>
                         DSP_OUTPUT (Prop_DSP_OUTPUT_ALU_OUT[3]_P[3])
                                                      0.109     6.375 f  atten/softmax/cuInst/softmax/mul_15/mul/mulRawFN/mulFullRaw/io_rawOut_sig__1/DSP_OUTPUT_INST/P[3]
                         net (fo=1, unplaced)         0.218     6.593    atten/softmax/cuInst/softmax/mul_15/mul/mulRawFN/_mulFullRaw_io_rawOut_sig[20]
                         LUT6 (Prop_LUT6_I0_O)        0.150     6.743 f  atten/softmax/cuInst/softmax/mul_15/mul/mulRawFN/io_rawOut_sig[0]_INST_0_i_2/O
                         net (fo=1, unplaced)         0.155     6.898    atten/softmax/cuInst/softmax/mul_15/mul/mulRawFN/io_rawOut_sig[0]_INST_0_i_2_n_0
                         LUT4 (Prop_LUT4_I1_O)        0.090     6.988 f  atten/softmax/cuInst/softmax/mul_15/mul/mulRawFN/io_rawOut_sig[0]_INST_0/O
                         net (fo=2, unplaced)         0.156     7.144    atten/softmax/cuInst/softmax/mul_15/mul/roundRawFNToRecFN/roundAnyRawFNToRecFN/io_in_sig[0]
                         LUT6 (Prop_LUT6_I5_O)        0.100     7.244 f  atten/softmax/cuInst/softmax/mul_15/mul/roundRawFNToRecFN/roundAnyRawFNToRecFN/io_out[26]_INST_0_i_58/O
                         net (fo=1, unplaced)         0.197     7.441    atten/softmax/cuInst/softmax/mul_15/mul/roundRawFNToRecFN/roundAnyRawFNToRecFN/io_out[26]_INST_0_i_58_n_0
                         LUT5 (Prop_LUT5_I4_O)        0.038     7.479 f  atten/softmax/cuInst/softmax/mul_15/mul/roundRawFNToRecFN/roundAnyRawFNToRecFN/io_out[26]_INST_0_i_19/O
                         net (fo=1, unplaced)         0.152     7.631    atten/softmax/cuInst/softmax/mul_15/mul/roundRawFNToRecFN/roundAnyRawFNToRecFN/io_out[26]_INST_0_i_19_n_0
                         LUT6 (Prop_LUT6_I3_O)        0.053     7.684 f  atten/softmax/cuInst/softmax/mul_15/mul/roundRawFNToRecFN/roundAnyRawFNToRecFN/io_out[26]_INST_0_i_5/O
                         net (fo=27, unplaced)        0.208     7.892    atten/softmax/cuInst/softmax/mul_15/mul/roundRawFNToRecFN/roundAnyRawFNToRecFN/io_out[26]_INST_0_i_5_n_0
                         LUT4 (Prop_LUT4_I2_O)        0.053     7.945 f  atten/softmax/cuInst/softmax/mul_15/mul/roundRawFNToRecFN/roundAnyRawFNToRecFN/io_out[26]_INST_0_i_1/O
                         net (fo=8, unplaced)         0.225     8.170    atten/softmax/cuInst/softmax/mul_15/mul/roundRawFNToRecFN/roundAnyRawFNToRecFN/io_out[26]_INST_0_i_1_n_0
                         LUT6 (Prop_LUT6_I4_O)        0.038     8.208 r  atten/softmax/cuInst/softmax/mul_15/mul/roundRawFNToRecFN/roundAnyRawFNToRecFN/io_out[28]_INST_0_i_1/O
                         net (fo=6, unplaced)         0.219     8.427    atten/softmax/cuInst/softmax/mul_15/mul/roundRawFNToRecFN/roundAnyRawFNToRecFN/io_out[28]_INST_0_i_1_n_0
                         LUT3 (Prop_LUT3_I0_O)        0.068     8.495 f  atten/softmax/cuInst/softmax/mul_15/mul/roundRawFNToRecFN/roundAnyRawFNToRecFN/io_out[30]_INST_0_i_5/O
                         net (fo=1, unplaced)         0.242     8.737    atten/softmax/cuInst/softmax/mul_15/mul/roundRawFNToRecFN/roundAnyRawFNToRecFN/io_out[30]_INST_0_i_5_n_0
                         CARRY8 (Prop_CARRY8_DI[2]_CO[5])
                                                      0.148     8.885 f  atten/softmax/cuInst/softmax/mul_15/mul/roundRawFNToRecFN/roundAnyRawFNToRecFN/io_out[30]_INST_0_i_1/CO[5]
                         net (fo=5, unplaced)         0.141     9.026    atten/softmax/cuInst/softmax/mul_15/mul/roundRawFNToRecFN/roundAnyRawFNToRecFN/common_totalUnderflow
                         LUT2 (Prop_LUT2_I0_O)        0.038     9.064 f  atten/softmax/cuInst/softmax/mul_15/mul/roundRawFNToRecFN/roundAnyRawFNToRecFN/io_out[31]_INST_0_i_3/O
                         net (fo=1, unplaced)         0.197     9.261    atten/softmax/cuInst/softmax/mul_15/mul/roundRawFNToRecFN/roundAnyRawFNToRecFN/io_out[31]_INST_0_i_3_n_0
                         LUT6 (Prop_LUT6_I3_O)        0.038     9.299 r  atten/softmax/cuInst/softmax/mul_15/mul/roundRawFNToRecFN/roundAnyRawFNToRecFN/io_out[31]_INST_0/O
                         net (fo=12, unplaced)        0.235     9.534    atten/softmax/cuInst/softmax/mul_15/_mul_io_out[31]
                         LUT3 (Prop_LUT3_I1_O)        0.038     9.572 r  atten/softmax/cuInst/softmax/mul_15/io_out[21]_INST_0_i_3/O
                         net (fo=4, unplaced)         0.210     9.782    atten/softmax/cuInst/softmax/mul_15/io_out[21]_INST_0_i_3_n_0
                         LUT5 (Prop_LUT5_I2_O)        0.038     9.820 r  atten/softmax/cuInst/softmax/mul_15/io_out[2]_INST_0_i_2/O
                         net (fo=3, unplaced)         0.203    10.023    atten/softmax/cuInst/softmax/mul_15/io_out[2]_INST_0_i_2_n_0
                         LUT6 (Prop_LUT6_I5_O)        0.038    10.061 r  atten/softmax/cuInst/softmax/mul_15/io_out[6]_INST_0_i_2/O
                         net (fo=2, unplaced)         0.197    10.258    atten/softmax/cuInst/softmax/mul_15/io_out[6]_INST_0_i_2_n_0
                         LUT3 (Prop_LUT3_I2_O)        0.038    10.296 r  atten/softmax/cuInst/softmax/mul_15/io_out[6]_INST_0_i_1/O
                         net (fo=2, unplaced)         0.197    10.493    atten/softmax/cuInst/softmax/mul_15/io_out[6]_INST_0_i_1_n_0
                         LUT6 (Prop_LUT6_I2_O)        0.038    10.531 r  atten/softmax/cuInst/softmax/mul_15/io_out[5]_INST_0/O
                         net (fo=10, unplaced)        0.189    10.720    atten/softmax/cuInst/softmax/toInt_15/io_in[5]
                         LUT6 (Prop_LUT6_I0_O)        0.100    10.820 f  atten/softmax/cuInst/softmax/toInt_15/cvt_i_76/O
                         net (fo=1, unplaced)         0.197    11.017    atten/softmax/cuInst/softmax/toInt_15/cvt_i_76_n_0
                         LUT6 (Prop_LUT6_I0_O)        0.038    11.055 f  atten/softmax/cuInst/softmax/toInt_15/cvt_i_42/O
                         net (fo=26, unplaced)        0.252    11.307    atten/softmax/cuInst/softmax/toInt_15/cvt_i_42_n_0
                         LUT6 (Prop_LUT6_I4_O)        0.038    11.345 f  atten/softmax/cuInst/softmax/toInt_15/cvt_i_38/O
                         net (fo=3, unplaced)         0.203    11.548    atten/softmax/cuInst/softmax/toInt_15/cvt_i_38_n_0
                         LUT6 (Prop_LUT6_I2_O)        0.038    11.586 r  atten/softmax/cuInst/softmax/toInt_15/cvt_i_33/O
                         net (fo=2, unplaced)         0.197    11.783    atten/softmax/cuInst/softmax/toInt_15/cvt_i_33_n_0
                         LUT3 (Prop_LUT3_I0_O)        0.038    11.821 r  atten/softmax/cuInst/softmax/toInt_15/cvt_i_1/O
                         net (fo=48, unplaced)        0.266    12.087    atten/softmax/cuInst/softmax/toInt_15/cvt/io_in[31]
                         LUT2 (Prop_LUT2_I0_O)        0.038    12.125 r  atten/softmax/cuInst/softmax/toInt_15/cvt/io_out[13]_INST_0_i_5/O
                         net (fo=18, unplaced)        0.244    12.369    atten/softmax/cuInst/softmax/toInt_15/cvt/io_out[13]_INST_0_i_5_n_0
                         LUT6 (Prop_LUT6_I4_O)        0.038    12.407 f  atten/softmax/cuInst/softmax/toInt_15/cvt/io_out[0]_INST_0_i_2/O
                         net (fo=4, unplaced)         0.168    12.575    atten/softmax/cuInst/softmax/toInt_15/cvt/io_out[0]_INST_0_i_2_n_0
                         LUT6 (Prop_LUT6_I0_O)        0.090    12.665 f  atten/softmax/cuInst/softmax/toInt_15/cvt/io_out[0]_INST_0_i_1/O
                         net (fo=10, unplaced)        0.188    12.853    atten/softmax/cuInst/softmax/toInt_15/cvt/io_out[0]_INST_0_i_1_n_0
                         LUT4 (Prop_LUT4_I1_O)        0.090    12.943 r  atten/softmax/cuInst/softmax/toInt_15/cvt/io_out[15]_INST_0_i_20/O
                         net (fo=1, unplaced)         0.197    13.140    atten/softmax/cuInst/softmax/toInt_15/cvt/io_out[15]_INST_0_i_20_n_0
                         LUT5 (Prop_LUT5_I4_O)        0.038    13.178 f  atten/softmax/cuInst/softmax/toInt_15/cvt/io_out[15]_INST_0_i_8/O
                         net (fo=1, unplaced)         0.155    13.333    atten/softmax/cuInst/softmax/toInt_15/cvt/io_out[15]_INST_0_i_8_n_0
                         LUT6 (Prop_LUT6_I2_O)        0.090    13.423 r  atten/softmax/cuInst/softmax/toInt_15/cvt/io_out[15]_INST_0_i_2/O
                         net (fo=16, unplaced)        0.241    13.664    atten/softmax/cuInst/softmax/toInt_15/cvt/io_out[15]_INST_0_i_2_n_0
                         LUT6 (Prop_LUT6_I2_O)        0.038    13.702 f  atten/softmax/cuInst/softmax/toInt_15/cvt/io_out[0]_INST_0/O
                         net (fo=1, unplaced)         0.197    13.899    atten/softmax/cuInst/softmax/_toInt_15_io_out[0]
                         LUT2 (Prop_LUT2_I1_O)        0.070    13.969 f  atten/softmax/cuInst/softmax/maxPreProcess_i_256/O
                         net (fo=7, unplaced)         0.222    14.191    atten/softmax/cuInst/softmax/maxPreProcess/io_in_15[0]
                         LUT4 (Prop_LUT4_I3_O)        0.070    14.261 r  atten/softmax/cuInst/softmax/maxPreProcess/io_out_0[8]_INST_0_i_258/O
                         net (fo=1, unplaced)         0.260    14.521    atten/softmax/cuInst/softmax/maxPreProcess/io_out_0[8]_INST_0_i_258_n_0
                         CARRY8 (Prop_CARRY8_DI[0]_CO[7])
                                                      0.140    14.661 r  atten/softmax/cuInst/softmax/maxPreProcess/io_out_0[8]_INST_0_i_129/CO[7]
                         net (fo=48, unplaced)        0.313    14.974    atten/softmax/cuInst/softmax/maxPreProcess/io_out_0[8]_INST_0_i_129_n_0
                         LUT3 (Prop_LUT3_I1_O)        0.038    15.012 r  atten/softmax/cuInst/softmax/maxPreProcess/io_out_0[8]_INST_0_i_480/O
                         net (fo=1, unplaced)         0.155    15.167    atten/softmax/cuInst/softmax/maxPreProcess/io_out_0[8]_INST_0_i_480_n_0
                         LUT6 (Prop_LUT6_I0_O)        0.090    15.257 r  atten/softmax/cuInst/softmax/maxPreProcess/io_out_0[8]_INST_0_i_274/O
                         net (fo=1, unplaced)         0.244    15.501    atten/softmax/cuInst/softmax/maxPreProcess/io_out_0[8]_INST_0_i_274_n_0
                         CARRY8 (Prop_CARRY8_DI[0]_CO[7])
                                                      0.140    15.641 r  atten/softmax/cuInst/softmax/maxPreProcess/io_out_0[8]_INST_0_i_130/CO[7]
                         net (fo=16, unplaced)        0.289    15.930    atten/softmax/cuInst/softmax/maxPreProcess/io_out_0[8]_INST_0_i_130_n_0
                         LUT5 (Prop_LUT5_I3_O)        0.038    15.968 f  atten/softmax/cuInst/softmax/maxPreProcess/io_out_0[0]_INST_0_i_118/O
                         net (fo=3, unplaced)         0.203    16.171    atten/softmax/cuInst/softmax/maxPreProcess/io_out_0[0]_INST_0_i_118_n_0
                         LUT4 (Prop_LUT4_I3_O)        0.070    16.241 r  atten/softmax/cuInst/softmax/maxPreProcess/io_out_0[8]_INST_0_i_120/O
                         net (fo=1, unplaced)         0.260    16.501    atten/softmax/cuInst/softmax/maxPreProcess/io_out_0[8]_INST_0_i_120_n_0
                         CARRY8 (Prop_CARRY8_DI[0]_CO[7])
                                                      0.140    16.641 r  atten/softmax/cuInst/softmax/maxPreProcess/io_out_0[8]_INST_0_i_32/CO[7]
                         net (fo=16, unplaced)        0.289    16.930    atten/softmax/cuInst/softmax/maxPreProcess/io_out_0[8]_INST_0_i_32_n_0
                         LUT3 (Prop_LUT3_I1_O)        0.038    16.968 r  atten/softmax/cuInst/softmax/maxPreProcess/io_out_0[0]_INST_0_i_24/O
                         net (fo=30, unplaced)        0.213    17.181    atten/softmax/cuInst/softmax/maxPreProcess/io_out_0[0]_INST_0_i_24_n_0
                         LUT6 (Prop_LUT6_I3_O)        0.090    17.271 r  atten/softmax/cuInst/softmax/maxPreProcess/io_out_0[8]_INST_0_i_41/O
                         net (fo=1, unplaced)         0.244    17.515    atten/softmax/cuInst/softmax/maxPreProcess/io_out_0[8]_INST_0_i_41_n_0
                         CARRY8 (Prop_CARRY8_DI[0]_CO[7])
                                                      0.140    17.655 r  atten/softmax/cuInst/softmax/maxPreProcess/io_out_0[8]_INST_0_i_10/CO[7]
                         net (fo=232, unplaced)       0.349    18.004    atten/softmax/cuInst/softmax/maxPreProcess/io_out_0[8]_INST_0_i_10_n_0
                         LUT5 (Prop_LUT5_I4_O)        0.038    18.042 f  atten/softmax/cuInst/softmax/maxPreProcess/io_out_0[0]_INST_0_i_27/O
                         net (fo=28, unplaced)        0.212    18.254    atten/softmax/cuInst/softmax/maxPreProcess/io_out_0[0]_INST_0_i_27_n_0
                         LUT6 (Prop_LUT6_I5_O)        0.090    18.344 r  atten/softmax/cuInst/softmax/maxPreProcess/io_out_0[8]_INST_0_i_60/O
                         net (fo=1, unplaced)         0.244    18.588    atten/softmax/cuInst/softmax/maxPreProcess/io_out_0[8]_INST_0_i_60_n_0
                         CARRY8 (Prop_CARRY8_DI[0]_CO[7])
                                                      0.140    18.728 r  atten/softmax/cuInst/softmax/maxPreProcess/io_out_0[8]_INST_0_i_12/CO[7]
                         net (fo=416, unplaced)       0.362    19.090    atten/softmax/cuInst/softmax/maxPreProcess/io_out_0[8]_INST_0_i_12_n_0
                         LUT6 (Prop_LUT6_I4_O)        0.037    19.127 r  atten/softmax/cuInst/softmax/maxPreProcess/io_out_23[0]_INST_0_i_7/O
                         net (fo=1, unplaced)         0.023    19.150    atten/softmax/cuInst/softmax/maxPreProcess/io_out_23[0]_INST_0_i_7_n_0
                         CARRY8 (Prop_CARRY8_S[1]_CO[7])
                                                      0.197    19.347 r  atten/softmax/cuInst/softmax/maxPreProcess/io_out_23[0]_INST_0/CO[7]
                         net (fo=1, unplaced)         0.005    19.352    atten/softmax/cuInst/softmax/maxPreProcess/io_out_23[0]_INST_0_n_0
                         CARRY8 (Prop_CARRY8_CI_O[7])
                                                      0.116    19.468 f  atten/softmax/cuInst/softmax/maxPreProcess/io_out_23[8]_INST_0/O[7]
                         net (fo=9, unplaced)         0.239    19.707    atten/softmax/cuInst/softmax/full_23/A[15]
                         DSP_A_B_DATA (Prop_DSP_A_B_DATA_A[15]_A2_DATA[15])
                                                      0.192    19.899 r  atten/softmax/cuInst/softmax/full_23/DSP_A_B_DATA_INST/A2_DATA[15]
                         net (fo=1, unplaced)         0.000    19.899    atten/softmax/cuInst/softmax/full_23/DSP_A_B_DATA.A2_DATA<15>
                         DSP_PREADD_DATA (Prop_DSP_PREADD_DATA_A2_DATA[15]_A2A1[15])
                                                      0.076    19.975 r  atten/softmax/cuInst/softmax/full_23/DSP_PREADD_DATA_INST/A2A1[15]
                         net (fo=1, unplaced)         0.000    19.975    atten/softmax/cuInst/softmax/full_23/DSP_PREADD_DATA.A2A1<15>
                         DSP_MULTIPLIER (Prop_DSP_MULTIPLIER_A2A1[15]_U[16])
                                                      0.505    20.480 f  atten/softmax/cuInst/softmax/full_23/DSP_MULTIPLIER_INST/U[16]
                         net (fo=1, unplaced)         0.000    20.480    atten/softmax/cuInst/softmax/full_23/DSP_MULTIPLIER.U<16>
                         DSP_M_DATA (Prop_DSP_M_DATA_U[16]_U_DATA[16])
                                                      0.047    20.527 r  atten/softmax/cuInst/softmax/full_23/DSP_M_DATA_INST/U_DATA[16]
                         net (fo=1, unplaced)         0.000    20.527    atten/softmax/cuInst/softmax/full_23/DSP_M_DATA.U_DATA<16>
                         DSP_ALU (Prop_DSP_ALU_U_DATA[16]_ALU_OUT[16])
                                                      0.585    21.112 r  atten/softmax/cuInst/softmax/full_23/DSP_ALU_INST/ALU_OUT[16]
                         net (fo=1, unplaced)         0.000    21.112    atten/softmax/cuInst/softmax/full_23/DSP_ALU.ALU_OUT<16>
                         DSP_OUTPUT (Prop_DSP_OUTPUT_ALU_OUT[16]_P[16])
                                                      0.109    21.221 f  atten/softmax/cuInst/softmax/full_23/DSP_OUTPUT_INST/P[16]
                         net (fo=47, unplaced)        0.219    21.440    atten/softmax/cuInst/softmax/exp2Stage1/io_in_23[8]
                         LUT2 (Prop_LUT2_I0_O)        0.100    21.540 f  atten/softmax/cuInst/softmax/exp2Stage1/io_out_23[15]_INST_0_i_11/O
                         net (fo=1, unplaced)         0.260    21.800    atten/softmax/cuInst/softmax/exp2Stage1/io_out_23[15]_INST_0_i_11_n_0
                         CARRY8 (Prop_CARRY8_DI[0]_CO[3])
                                                      0.182    21.982 f  atten/softmax/cuInst/softmax/exp2Stage1/io_out_23[15]_INST_0_i_3/CO[3]
                         net (fo=16, unplaced)        0.198    22.180    atten/softmax/cuInst/softmax/exp2Stage1/io_out_23[15]_INST_0_i_3_n_4
                         LUT6 (Prop_LUT6_I0_O)        0.053    22.233 r  atten/softmax/cuInst/softmax/exp2Stage1/io_out_23[0]_INST_0/O
                         net (fo=3, unplaced)         0.161    22.394    atten/softmax/cuInst/softmax/sum/io_in_23[0]
                         LUT3 (Prop_LUT3_I0_O)        0.090    22.484 r  atten/softmax/cuInst/softmax/sum/io_out[8]_INST_0_i_246/O
                         net (fo=1, unplaced)         0.221    22.705    atten/softmax/cuInst/softmax/sum/io_out[8]_INST_0_i_246_n_0
                         CARRY8 (Prop_CARRY8_DI[1]_O[2])
                                                      0.099    22.804 r  atten/softmax/cuInst/softmax/sum/io_out[8]_INST_0_i_156/O[2]
                         net (fo=3, unplaced)         0.207    23.011    atten/softmax/cuInst/softmax/sum/io_out[8]_INST_0_i_156_n_13
                         LUT3 (Prop_LUT3_I0_O)        0.090    23.101 r  atten/softmax/cuInst/softmax/sum/io_out[8]_INST_0_i_125/O
                         net (fo=1, unplaced)         0.198    23.299    atten/softmax/cuInst/softmax/sum/io_out[8]_INST_0_i_125_n_0
                         CARRY8 (Prop_CARRY8_DI[3]_O[7])
                                                      0.184    23.483 r  atten/softmax/cuInst/softmax/sum/io_out[8]_INST_0_i_26/O[7]
                         net (fo=5, unplaced)         0.173    23.656    atten/softmax/cuInst/softmax/sum/io_out[8]_INST_0_i_26_n_8
                         LUT3 (Prop_LUT3_I2_O)        0.038    23.694 r  atten/softmax/cuInst/softmax/sum/io_out[8]_INST_0_i_29/O
                         net (fo=1, unplaced)         0.197    23.891    atten/softmax/cuInst/softmax/sum/io_out[8]_INST_0_i_29_n_0
                         LUT5 (Prop_LUT5_I3_O)        0.038    23.929 r  atten/softmax/cuInst/softmax/sum/io_out[8]_INST_0_i_7/O
                         net (fo=1, unplaced)         0.244    24.173    atten/softmax/cuInst/softmax/sum/io_out[8]_INST_0_i_7_n_0
                         CARRY8 (Prop_CARRY8_DI[0]_O[5])
                                                      0.208    24.381 f  atten/softmax/cuInst/softmax/sum/io_out[8]_INST_0/O[5]
                         net (fo=27, unplaced)        0.197    24.578    atten/softmax/cuInst/softmax/log2/io_in_0[13]
                         LUT4 (Prop_LUT4_I0_O)        0.100    24.678 f  atten/softmax/cuInst/softmax/log2/io_out_0[7]_INST_0_i_4/O
                         net (fo=15, unplaced)        0.195    24.873    atten/softmax/cuInst/softmax/log2/io_out_0[7]_INST_0_i_4_n_0
                         LUT6 (Prop_LUT6_I2_O)        0.053    24.926 r  atten/softmax/cuInst/softmax/log2/io_out_0[7]_INST_0_i_1/O
                         net (fo=2, unplaced)         0.197    25.123    atten/softmax/cuInst/softmax/log2/io_out_0[7]_INST_0_i_1_n_0
                         LUT3 (Prop_LUT3_I0_O)        0.038    25.161 r  atten/softmax/cuInst/softmax/log2/io_out_0[14]_INST_0_i_16/O
                         net (fo=1, unplaced)         0.020    25.181    atten/softmax/cuInst/softmax/log2/x[7]
                         CARRY8 (Prop_CARRY8_S[0]_O[4])
                                                      0.206    25.387 r  atten/softmax/cuInst/softmax/log2/io_out_0[14]_INST_0_i_1/O[4]
                         net (fo=1, unplaced)         0.155    25.542    atten/softmax/cuInst/softmax/log2/io_out_0[14]_INST_0_i_1_n_11
                         LUT3 (Prop_LUT3_I0_O)        0.053    25.595 r  atten/softmax/cuInst/softmax/log2/io_out_0[11]_INST_0/O
                         net (fo=26, unplaced)        0.252    25.847    atten/softmax/cuInst/softmax/_log2_io_out_0[11]
                         LUT2 (Prop_LUT2_I1_O)        0.037    25.884 r  atten/softmax/cuInst/softmax/exp2Stage2_i_73/O
                         net (fo=1, unplaced)         0.032    25.916    atten/softmax/cuInst/softmax/exp2Stage2_i_73_n_0
                         CARRY8 (Prop_CARRY8_S[3]_O[4])
                                                      0.149    26.065 r  atten/softmax/cuInst/softmax/exp2Stage2_i_3/O[4]
                         net (fo=28, unplaced)        0.212    26.277    atten/softmax/cuInst/softmax/exp2Stage2/io_in_1[12]
                         LUT2 (Prop_LUT2_I0_O)        0.099    26.376 r  atten/softmax/cuInst/softmax/exp2Stage2/io_out_1[15]_INST_0_i_9/O
                         net (fo=1, unplaced)         0.242    26.618    atten/softmax/cuInst/softmax/exp2Stage2/io_out_1[15]_INST_0_i_9_n_0
                         CARRY8 (Prop_CARRY8_DI[2]_CO[3])
                                                      0.134    26.752 r  atten/softmax/cuInst/softmax/exp2Stage2/io_out_1[15]_INST_0_i_3/CO[3]
                         net (fo=16, unplaced)        0.198    26.950    atten/softmax/cuInst/softmax/exp2Stage2/io_out_1[15]_INST_0_i_3_n_4
                         LUT6 (Prop_LUT6_I0_O)        0.053    27.003 f  atten/softmax/cuInst/softmax/exp2Stage2/io_out_1[0]_INST_0/O
                         net (fo=18, unplaced)        0.203    27.206    atten/softmax/cuInst/softmax/toFp_1/cvt/io_in[0]
                         LUT6 (Prop_LUT6_I2_O)        0.100    27.306 r  atten/softmax/cuInst/softmax/toFp_1/cvt/io_out[31]_INST_0_i_28/O
                         net (fo=10, unplaced)        0.230    27.536    atten/softmax/cuInst/softmax/toFp_1/cvt/io_out[31]_INST_0_i_28_n_0
                         LUT5 (Prop_LUT5_I2_O)        0.038    27.574 r  atten/softmax/cuInst/softmax/toFp_1/cvt/io_out[31]_INST_0_i_30/O
                         net (fo=3, unplaced)         0.203    27.777    atten/softmax/cuInst/softmax/toFp_1/cvt/io_out[31]_INST_0_i_30_n_0
                         LUT5 (Prop_LUT5_I1_O)        0.070    27.847 f  atten/softmax/cuInst/softmax/toFp_1/cvt/io_out[31]_INST_0_i_23/O
                         net (fo=3, unplaced)         0.161    28.008    atten/softmax/cuInst/softmax/toFp_1/cvt/io_out[31]_INST_0_i_23_n_0
                         LUT5 (Prop_LUT5_I0_O)        0.090    28.098 r  atten/softmax/cuInst/softmax/toFp_1/cvt/io_out[26]_INST_0_i_1/O
                         net (fo=20, unplaced)        0.246    28.344    atten/softmax/cuInst/softmax/toFp_1/cvt/intAsRawFloat_adjustedNormDist[3]
                         LUT6 (Prop_LUT6_I4_O)        0.038    28.382 f  atten/softmax/cuInst/softmax/toFp_1/cvt/io_out[31]_INST_0_i_4/O
                         net (fo=4, unplaced)         0.169    28.551    atten/softmax/cuInst/softmax/toFp_1/cvt/io_out[31]_INST_0_i_4_n_0
                         LUT6 (Prop_LUT6_I2_O)        0.100    28.651 r  atten/softmax/cuInst/softmax/toFp_1/cvt/roundAnyRawFNToRecFN_i_1/O
                         net (fo=15, unplaced)        0.240    28.891    atten/softmax/cuInst/softmax/toFp_1/cvt/roundAnyRawFNToRecFN/io_in_isZero
                         LUT2 (Prop_LUT2_I1_O)        0.070    28.961 f  atten/softmax/cuInst/softmax/toFp_1/cvt/roundAnyRawFNToRecFN/io_out[20]_INST_0/O
                         net (fo=4, unplaced)         0.210    29.171    atten/softmax/cuInst/softmax/toFp_1/_cvt_io_out[20]
                         LUT5 (Prop_LUT5_I4_O)        0.038    29.209 f  atten/softmax/cuInst/softmax/toFp_1/io_out[1]_INST_0_i_1/O
                         net (fo=2, unplaced)         0.197    29.406    atten/softmax/cuInst/softmax/toFp_1/io_out[1]_INST_0_i_1_n_0
                         LUT5 (Prop_LUT5_I3_O)        0.038    29.444 f  atten/softmax/cuInst/softmax/toFp_1/io_out[1]_INST_0/O
                         net (fo=13, unplaced)        0.236    29.680    atten/softmax/cuInst/softmax/mul_27/io_a[1]
                         LUT6 (Prop_LUT6_I4_O)        0.038    29.718 r  atten/softmax/cuInst/softmax/mul_27/mul_i_97/O
                         net (fo=1, unplaced)         0.197    29.915    atten/softmax/cuInst/softmax/mul_27/mul_i_97_n_0
                         LUT5 (Prop_LUT5_I0_O)        0.038    29.953 r  atten/softmax/cuInst/softmax/mul_27/mul_i_77/O
                         net (fo=1, unplaced)         0.197    30.150    atten/softmax/cuInst/softmax/mul_27/mul_i_77_n_0
                         LUT6 (Prop_LUT6_I0_O)        0.038    30.188 r  atten/softmax/cuInst/softmax/mul_27/mul_i_39/O
                         net (fo=27, unplaced)        0.253    30.441    atten/softmax/cuInst/softmax/mul_27/mul_i_39_n_0
                         LUT3 (Prop_LUT3_I0_O)        0.038    30.479 f  atten/softmax/cuInst/softmax/mul_27/mul_i_50/O
                         net (fo=2, unplaced)         0.197    30.676    atten/softmax/cuInst/softmax/mul_27/mul_i_50_n_0
                         LUT5 (Prop_LUT5_I2_O)        0.038    30.714 f  atten/softmax/cuInst/softmax/mul_27/mul_i_16/O
                         net (fo=1, unplaced)         0.214    30.928    atten/softmax/cuInst/softmax/mul_27/mul/mulRawFN/mulFullRaw/io_rawOut_sig__0/B[16]
                         DSP_A_B_DATA (Prop_DSP_A_B_DATA_B[16]_B2_DATA[16])
                                                      0.151    31.079 r  atten/softmax/cuInst/softmax/mul_27/mul/mulRawFN/mulFullRaw/io_rawOut_sig__0/DSP_A_B_DATA_INST/B2_DATA[16]
                         net (fo=1, unplaced)         0.000    31.079    atten/softmax/cuInst/softmax/mul_27/mul/mulRawFN/mulFullRaw/io_rawOut_sig__0/DSP_A_B_DATA.B2_DATA<16>
                         DSP_PREADD_DATA (Prop_DSP_PREADD_DATA_B2_DATA[16]_B2B1[16])
                                                      0.073    31.152 r  atten/softmax/cuInst/softmax/mul_27/mul/mulRawFN/mulFullRaw/io_rawOut_sig__0/DSP_PREADD_DATA_INST/B2B1[16]
                         net (fo=1, unplaced)         0.000    31.152    atten/softmax/cuInst/softmax/mul_27/mul/mulRawFN/mulFullRaw/io_rawOut_sig__0/DSP_PREADD_DATA.B2B1<16>
                         DSP_MULTIPLIER (Prop_DSP_MULTIPLIER_B2B1[16]_V[19])
                                                      0.609    31.761 f  atten/softmax/cuInst/softmax/mul_27/mul/mulRawFN/mulFullRaw/io_rawOut_sig__0/DSP_MULTIPLIER_INST/V[19]
                         net (fo=1, unplaced)         0.000    31.761    atten/softmax/cuInst/softmax/mul_27/mul/mulRawFN/mulFullRaw/io_rawOut_sig__0/DSP_MULTIPLIER.V<19>
                         DSP_M_DATA (Prop_DSP_M_DATA_V[19]_V_DATA[19])
                                                      0.046    31.807 r  atten/softmax/cuInst/softmax/mul_27/mul/mulRawFN/mulFullRaw/io_rawOut_sig__0/DSP_M_DATA_INST/V_DATA[19]
                         net (fo=1, unplaced)         0.000    31.807    atten/softmax/cuInst/softmax/mul_27/mul/mulRawFN/mulFullRaw/io_rawOut_sig__0/DSP_M_DATA.V_DATA<19>
                         DSP_ALU (Prop_DSP_ALU_V_DATA[19]_ALU_OUT[19])
                                                      0.571    32.378 f  atten/softmax/cuInst/softmax/mul_27/mul/mulRawFN/mulFullRaw/io_rawOut_sig__0/DSP_ALU_INST/ALU_OUT[19]
                         net (fo=1, unplaced)         0.000    32.378    atten/softmax/cuInst/softmax/mul_27/mul/mulRawFN/mulFullRaw/io_rawOut_sig__0/DSP_ALU.ALU_OUT<19>
                         DSP_OUTPUT (Prop_DSP_OUTPUT_ALU_OUT[19]_P[19])
                                                      0.109    32.487 r  atten/softmax/cuInst/softmax/mul_27/mul/mulRawFN/mulFullRaw/io_rawOut_sig__0/DSP_OUTPUT_INST/P[19]
                         net (fo=1, unplaced)         0.211    32.698    atten/softmax/cuInst/softmax/mul_27/mul/mulRawFN/mulFullRaw/io_rawOut_sig__1/C[2]
                         DSP_C_DATA (Prop_DSP_C_DATA_C[2]_C_DATA[2])
                                                      0.105    32.803 r  atten/softmax/cuInst/softmax/mul_27/mul/mulRawFN/mulFullRaw/io_rawOut_sig__1/DSP_C_DATA_INST/C_DATA[2]
                         net (fo=2, unplaced)         0.000    32.803    atten/softmax/cuInst/softmax/mul_27/mul/mulRawFN/mulFullRaw/io_rawOut_sig__1/DSP_C_DATA.C_DATA<2>
                         DSP_ALU (Prop_DSP_ALU_C_DATA[2]_ALU_OUT[3])
                                                      0.585    33.388 r  atten/softmax/cuInst/softmax/mul_27/mul/mulRawFN/mulFullRaw/io_rawOut_sig__1/DSP_ALU_INST/ALU_OUT[3]
                         net (fo=1, unplaced)         0.000    33.388    atten/softmax/cuInst/softmax/mul_27/mul/mulRawFN/mulFullRaw/io_rawOut_sig__1/DSP_ALU.ALU_OUT<3>
                         DSP_OUTPUT (Prop_DSP_OUTPUT_ALU_OUT[3]_P[3])
                                                      0.109    33.497 f  atten/softmax/cuInst/softmax/mul_27/mul/mulRawFN/mulFullRaw/io_rawOut_sig__1/DSP_OUTPUT_INST/P[3]
                         net (fo=1, unplaced)         0.218    33.715    atten/softmax/cuInst/softmax/mul_27/mul/mulRawFN/_mulFullRaw_io_rawOut_sig[20]
                         LUT6 (Prop_LUT6_I0_O)        0.150    33.865 f  atten/softmax/cuInst/softmax/mul_27/mul/mulRawFN/io_rawOut_sig[0]_INST_0_i_2/O
                         net (fo=1, unplaced)         0.155    34.020    atten/softmax/cuInst/softmax/mul_27/mul/mulRawFN/io_rawOut_sig[0]_INST_0_i_2_n_0
                         LUT4 (Prop_LUT4_I1_O)        0.090    34.110 f  atten/softmax/cuInst/softmax/mul_27/mul/mulRawFN/io_rawOut_sig[0]_INST_0/O
                         net (fo=2, unplaced)         0.156    34.266    atten/softmax/cuInst/softmax/mul_27/mul/roundRawFNToRecFN/roundAnyRawFNToRecFN/io_in_sig[0]
                         LUT6 (Prop_LUT6_I5_O)        0.100    34.366 f  atten/softmax/cuInst/softmax/mul_27/mul/roundRawFNToRecFN/roundAnyRawFNToRecFN/io_out[26]_INST_0_i_39/O
                         net (fo=1, unplaced)         0.197    34.563    atten/softmax/cuInst/softmax/mul_27/mul/roundRawFNToRecFN/roundAnyRawFNToRecFN/io_out[26]_INST_0_i_39_n_0
                         LUT5 (Prop_LUT5_I4_O)        0.038    34.601 f  atten/softmax/cuInst/softmax/mul_27/mul/roundRawFNToRecFN/roundAnyRawFNToRecFN/io_out[26]_INST_0_i_12/O
                         net (fo=1, unplaced)         0.152    34.753    atten/softmax/cuInst/softmax/mul_27/mul/roundRawFNToRecFN/roundAnyRawFNToRecFN/io_out[26]_INST_0_i_12_n_0
                         LUT6 (Prop_LUT6_I3_O)        0.053    34.806 f  atten/softmax/cuInst/softmax/mul_27/mul/roundRawFNToRecFN/roundAnyRawFNToRecFN/io_out[26]_INST_0_i_4/O
                         net (fo=27, unplaced)        0.211    35.017    atten/softmax/cuInst/softmax/mul_27/mul/roundRawFNToRecFN/roundAnyRawFNToRecFN/io_out[26]_INST_0_i_4_n_0
                         LUT4 (Prop_LUT4_I1_O)        0.112    35.129 f  atten/softmax/cuInst/softmax/mul_27/mul/roundRawFNToRecFN/roundAnyRawFNToRecFN/io_out[26]_INST_0_i_1/O
                         net (fo=8, unplaced)         0.225    35.354    atten/softmax/cuInst/softmax/mul_27/mul/roundRawFNToRecFN/roundAnyRawFNToRecFN/io_out[26]_INST_0_i_1_n_0
                         LUT6 (Prop_LUT6_I4_O)        0.038    35.392 r  atten/softmax/cuInst/softmax/mul_27/mul/roundRawFNToRecFN/roundAnyRawFNToRecFN/io_out[28]_INST_0_i_1/O
                         net (fo=6, unplaced)         0.219    35.611    atten/softmax/cuInst/softmax/mul_27/mul/roundRawFNToRecFN/roundAnyRawFNToRecFN/io_out[28]_INST_0_i_1_n_0
                         LUT3 (Prop_LUT3_I0_O)        0.068    35.679 r  atten/softmax/cuInst/softmax/mul_27/mul/roundRawFNToRecFN/roundAnyRawFNToRecFN/io_out[30]_INST_0_i_5/O
                         net (fo=1, unplaced)         0.242    35.921    atten/softmax/cuInst/softmax/mul_27/mul/roundRawFNToRecFN/roundAnyRawFNToRecFN/io_out[30]_INST_0_i_5_n_0
                         CARRY8 (Prop_CARRY8_DI[2]_CO[5])
                                                      0.148    36.069 r  atten/softmax/cuInst/softmax/mul_27/mul/roundRawFNToRecFN/roundAnyRawFNToRecFN/io_out[30]_INST_0_i_1/CO[5]
                         net (fo=5, unplaced)         0.141    36.210    atten/softmax/cuInst/softmax/mul_27/mul/roundRawFNToRecFN/roundAnyRawFNToRecFN/common_totalUnderflow
                         LUT2 (Prop_LUT2_I0_O)        0.038    36.248 r  atten/softmax/cuInst/softmax/mul_27/mul/roundRawFNToRecFN/roundAnyRawFNToRecFN/io_out[31]_INST_0_i_3/O
                         net (fo=1, unplaced)         0.197    36.445    atten/softmax/cuInst/softmax/mul_27/mul/roundRawFNToRecFN/roundAnyRawFNToRecFN/io_out[31]_INST_0_i_3_n_0
                         LUT6 (Prop_LUT6_I3_O)        0.038    36.483 f  atten/softmax/cuInst/softmax/mul_27/mul/roundRawFNToRecFN/roundAnyRawFNToRecFN/io_out[31]_INST_0/O
                         net (fo=12, unplaced)        0.235    36.718    atten/softmax/cuInst/softmax/mul_27/_mul_io_out[31]
                         LUT3 (Prop_LUT3_I0_O)        0.038    36.756 f  atten/softmax/cuInst/softmax/mul_27/io_out[21]_INST_0_i_3/O
                         net (fo=4, unplaced)         0.210    36.966    atten/softmax/cuInst/softmax/mul_27/io_out[21]_INST_0_i_3_n_0
                         LUT5 (Prop_LUT5_I2_O)        0.038    37.004 f  atten/softmax/cuInst/softmax/mul_27/io_out[0]_INST_0_i_2/O
                         net (fo=3, unplaced)         0.203    37.207    atten/softmax/cuInst/softmax/mul_27/io_out[0]_INST_0_i_2_n_0
                         LUT6 (Prop_LUT6_I5_O)        0.038    37.245 f  atten/softmax/cuInst/softmax/mul_27/io_out[6]_INST_0_i_2/O
                         net (fo=2, unplaced)         0.197    37.442    atten/softmax/cuInst/softmax/mul_27/io_out[6]_INST_0_i_2_n_0
                         LUT3 (Prop_LUT3_I2_O)        0.038    37.480 f  atten/softmax/cuInst/softmax/mul_27/io_out[6]_INST_0_i_1/O
                         net (fo=2, unplaced)         0.197    37.677    atten/softmax/cuInst/softmax/mul_27/io_out[6]_INST_0_i_1_n_0
                         LUT6 (Prop_LUT6_I2_O)        0.038    37.715 f  atten/softmax/cuInst/softmax/mul_27/io_out[5]_INST_0/O
                         net (fo=1, unplaced)         0.197    37.912    atten/softmax/cuInst/softmax/_mul_27_io_out[5]
                         LUT2 (Prop_LUT2_I1_O)        0.070    37.982 f  atten/softmax/cuInst/softmax/io_out_1[5]_INST_0/O
                         net (fo=10, unplaced)        0.189    38.171    atten/dm2/ctxQuant/mul_1/io_a[5]
                         LUT4 (Prop_LUT4_I0_O)        0.100    38.271 f  atten/dm2/ctxQuant/mul_1/mul_i_134/O
                         net (fo=2, unplaced)         0.197    38.468    atten/dm2/ctxQuant/mul_1/mul_i_134_n_0
                         LUT5 (Prop_LUT5_I2_O)        0.038    38.506 r  atten/dm2/ctxQuant/mul_1/mul_i_73/O
                         net (fo=29, unplaced)        0.255    38.761    atten/dm2/ctxQuant/mul_1/mul_i_73_n_0
                         LUT6 (Prop_LUT6_I2_O)        0.038    38.799 f  atten/dm2/ctxQuant/mul_1/mul_i_159/O
                         net (fo=2, unplaced)         0.197    38.996    atten/dm2/ctxQuant/mul_1/mul_i_159_n_0
                         LUT3 (Prop_LUT3_I2_O)        0.038    39.034 f  atten/dm2/ctxQuant/mul_1/mul_i_83/O
                         net (fo=2, unplaced)         0.197    39.231    atten/dm2/ctxQuant/mul_1/mul_i_83_n_0
                         LUT5 (Prop_LUT5_I2_O)        0.038    39.269 f  atten/dm2/ctxQuant/mul_1/mul_i_16/O
                         net (fo=1, unplaced)         0.214    39.483    atten/dm2/ctxQuant/mul_1/mul/mulRawFN/mulFullRaw/io_rawOut_sig__0/B[16]
                         DSP_A_B_DATA (Prop_DSP_A_B_DATA_B[16]_B2_DATA[16])
                                                      0.151    39.634 r  atten/dm2/ctxQuant/mul_1/mul/mulRawFN/mulFullRaw/io_rawOut_sig__0/DSP_A_B_DATA_INST/B2_DATA[16]
                         net (fo=1, unplaced)         0.000    39.634    atten/dm2/ctxQuant/mul_1/mul/mulRawFN/mulFullRaw/io_rawOut_sig__0/DSP_A_B_DATA.B2_DATA<16>
                         DSP_PREADD_DATA (Prop_DSP_PREADD_DATA_B2_DATA[16]_B2B1[16])
                                                      0.073    39.707 r  atten/dm2/ctxQuant/mul_1/mul/mulRawFN/mulFullRaw/io_rawOut_sig__0/DSP_PREADD_DATA_INST/B2B1[16]
                         net (fo=1, unplaced)         0.000    39.707    atten/dm2/ctxQuant/mul_1/mul/mulRawFN/mulFullRaw/io_rawOut_sig__0/DSP_PREADD_DATA.B2B1<16>
                         DSP_MULTIPLIER (Prop_DSP_MULTIPLIER_B2B1[16]_V[19])
                                                      0.609    40.316 f  atten/dm2/ctxQuant/mul_1/mul/mulRawFN/mulFullRaw/io_rawOut_sig__0/DSP_MULTIPLIER_INST/V[19]
                         net (fo=1, unplaced)         0.000    40.316    atten/dm2/ctxQuant/mul_1/mul/mulRawFN/mulFullRaw/io_rawOut_sig__0/DSP_MULTIPLIER.V<19>
                         DSP_M_DATA (Prop_DSP_M_DATA_V[19]_V_DATA[19])
                                                      0.046    40.362 r  atten/dm2/ctxQuant/mul_1/mul/mulRawFN/mulFullRaw/io_rawOut_sig__0/DSP_M_DATA_INST/V_DATA[19]
                         net (fo=1, unplaced)         0.000    40.362    atten/dm2/ctxQuant/mul_1/mul/mulRawFN/mulFullRaw/io_rawOut_sig__0/DSP_M_DATA.V_DATA<19>
                         DSP_ALU (Prop_DSP_ALU_V_DATA[19]_ALU_OUT[19])
                                                      0.571    40.933 f  atten/dm2/ctxQuant/mul_1/mul/mulRawFN/mulFullRaw/io_rawOut_sig__0/DSP_ALU_INST/ALU_OUT[19]
                         net (fo=1, unplaced)         0.000    40.933    atten/dm2/ctxQuant/mul_1/mul/mulRawFN/mulFullRaw/io_rawOut_sig__0/DSP_ALU.ALU_OUT<19>
                         DSP_OUTPUT (Prop_DSP_OUTPUT_ALU_OUT[19]_P[19])
                                                      0.109    41.042 r  atten/dm2/ctxQuant/mul_1/mul/mulRawFN/mulFullRaw/io_rawOut_sig__0/DSP_OUTPUT_INST/P[19]
                         net (fo=1, unplaced)         0.211    41.253    atten/dm2/ctxQuant/mul_1/mul/mulRawFN/mulFullRaw/io_rawOut_sig__1/C[2]
                         DSP_C_DATA (Prop_DSP_C_DATA_C[2]_C_DATA[2])
                                                      0.105    41.358 r  atten/dm2/ctxQuant/mul_1/mul/mulRawFN/mulFullRaw/io_rawOut_sig__1/DSP_C_DATA_INST/C_DATA[2]
                         net (fo=2, unplaced)         0.000    41.358    atten/dm2/ctxQuant/mul_1/mul/mulRawFN/mulFullRaw/io_rawOut_sig__1/DSP_C_DATA.C_DATA<2>
                         DSP_ALU (Prop_DSP_ALU_C_DATA[2]_ALU_OUT[3])
                                                      0.585    41.943 r  atten/dm2/ctxQuant/mul_1/mul/mulRawFN/mulFullRaw/io_rawOut_sig__1/DSP_ALU_INST/ALU_OUT[3]
                         net (fo=1, unplaced)         0.000    41.943    atten/dm2/ctxQuant/mul_1/mul/mulRawFN/mulFullRaw/io_rawOut_sig__1/DSP_ALU.ALU_OUT<3>
                         DSP_OUTPUT (Prop_DSP_OUTPUT_ALU_OUT[3]_P[3])
                                                      0.109    42.052 f  atten/dm2/ctxQuant/mul_1/mul/mulRawFN/mulFullRaw/io_rawOut_sig__1/DSP_OUTPUT_INST/P[3]
                         net (fo=1, unplaced)         0.218    42.270    atten/dm2/ctxQuant/mul_1/mul/mulRawFN/_mulFullRaw_io_rawOut_sig[20]
                         LUT6 (Prop_LUT6_I0_O)        0.150    42.420 f  atten/dm2/ctxQuant/mul_1/mul/mulRawFN/io_rawOut_sig[0]_INST_0_i_2/O
                         net (fo=1, unplaced)         0.155    42.575    atten/dm2/ctxQuant/mul_1/mul/mulRawFN/io_rawOut_sig[0]_INST_0_i_2_n_0
                         LUT4 (Prop_LUT4_I1_O)        0.090    42.665 f  atten/dm2/ctxQuant/mul_1/mul/mulRawFN/io_rawOut_sig[0]_INST_0/O
                         net (fo=2, unplaced)         0.156    42.821    atten/dm2/ctxQuant/mul_1/mul/roundRawFNToRecFN/roundAnyRawFNToRecFN/io_in_sig[0]
                         LUT6 (Prop_LUT6_I5_O)        0.100    42.921 f  atten/dm2/ctxQuant/mul_1/mul/roundRawFNToRecFN/roundAnyRawFNToRecFN/io_out[26]_INST_0_i_39/O
                         net (fo=1, unplaced)         0.197    43.118    atten/dm2/ctxQuant/mul_1/mul/roundRawFNToRecFN/roundAnyRawFNToRecFN/io_out[26]_INST_0_i_39_n_0
                         LUT5 (Prop_LUT5_I4_O)        0.038    43.156 f  atten/dm2/ctxQuant/mul_1/mul/roundRawFNToRecFN/roundAnyRawFNToRecFN/io_out[26]_INST_0_i_12/O
                         net (fo=1, unplaced)         0.152    43.308    atten/dm2/ctxQuant/mul_1/mul/roundRawFNToRecFN/roundAnyRawFNToRecFN/io_out[26]_INST_0_i_12_n_0
                         LUT6 (Prop_LUT6_I3_O)        0.053    43.361 f  atten/dm2/ctxQuant/mul_1/mul/roundRawFNToRecFN/roundAnyRawFNToRecFN/io_out[26]_INST_0_i_4/O
                         net (fo=27, unplaced)        0.211    43.572    atten/dm2/ctxQuant/mul_1/mul/roundRawFNToRecFN/roundAnyRawFNToRecFN/io_out[26]_INST_0_i_4_n_0
                         LUT4 (Prop_LUT4_I1_O)        0.112    43.684 f  atten/dm2/ctxQuant/mul_1/mul/roundRawFNToRecFN/roundAnyRawFNToRecFN/io_out[26]_INST_0_i_1/O
                         net (fo=8, unplaced)         0.225    43.909    atten/dm2/ctxQuant/mul_1/mul/roundRawFNToRecFN/roundAnyRawFNToRecFN/io_out[26]_INST_0_i_1_n_0
                         LUT6 (Prop_LUT6_I4_O)        0.038    43.947 r  atten/dm2/ctxQuant/mul_1/mul/roundRawFNToRecFN/roundAnyRawFNToRecFN/io_out[28]_INST_0_i_1/O
                         net (fo=6, unplaced)         0.219    44.166    atten/dm2/ctxQuant/mul_1/mul/roundRawFNToRecFN/roundAnyRawFNToRecFN/io_out[28]_INST_0_i_1_n_0
                         LUT3 (Prop_LUT3_I0_O)        0.068    44.234 f  atten/dm2/ctxQuant/mul_1/mul/roundRawFNToRecFN/roundAnyRawFNToRecFN/io_out[30]_INST_0_i_5/O
                         net (fo=1, unplaced)         0.242    44.476    atten/dm2/ctxQuant/mul_1/mul/roundRawFNToRecFN/roundAnyRawFNToRecFN/io_out[30]_INST_0_i_5_n_0
                         CARRY8 (Prop_CARRY8_DI[2]_CO[5])
                                                      0.148    44.624 f  atten/dm2/ctxQuant/mul_1/mul/roundRawFNToRecFN/roundAnyRawFNToRecFN/io_out[30]_INST_0_i_1/CO[5]
                         net (fo=5, unplaced)         0.141    44.765    atten/dm2/ctxQuant/mul_1/mul/roundRawFNToRecFN/roundAnyRawFNToRecFN/common_totalUnderflow
                         LUT2 (Prop_LUT2_I0_O)        0.038    44.803 f  atten/dm2/ctxQuant/mul_1/mul/roundRawFNToRecFN/roundAnyRawFNToRecFN/io_out[31]_INST_0_i_3/O
                         net (fo=1, unplaced)         0.197    45.000    atten/dm2/ctxQuant/mul_1/mul/roundRawFNToRecFN/roundAnyRawFNToRecFN/io_out[31]_INST_0_i_3_n_0
                         LUT6 (Prop_LUT6_I3_O)        0.038    45.038 r  atten/dm2/ctxQuant/mul_1/mul/roundRawFNToRecFN/roundAnyRawFNToRecFN/io_out[31]_INST_0/O
                         net (fo=12, unplaced)        0.235    45.273    atten/dm2/ctxQuant/mul_1/_mul_io_out[31]
                         LUT3 (Prop_LUT3_I0_O)        0.038    45.311 r  atten/dm2/ctxQuant/mul_1/io_out[21]_INST_0_i_3/O
                         net (fo=4, unplaced)         0.210    45.521    atten/dm2/ctxQuant/mul_1/io_out[21]_INST_0_i_3_n_0
                         LUT5 (Prop_LUT5_I2_O)        0.038    45.559 r  atten/dm2/ctxQuant/mul_1/io_out[0]_INST_0_i_2/O
                         net (fo=3, unplaced)         0.203    45.762    atten/dm2/ctxQuant/mul_1/io_out[0]_INST_0_i_2_n_0
                         LUT6 (Prop_LUT6_I5_O)        0.038    45.800 r  atten/dm2/ctxQuant/mul_1/io_out[6]_INST_0_i_2/O
                         net (fo=2, unplaced)         0.197    45.997    atten/dm2/ctxQuant/mul_1/io_out[6]_INST_0_i_2_n_0
                         LUT3 (Prop_LUT3_I0_O)        0.070    46.067 r  atten/dm2/ctxQuant/mul_1/io_out[4]_INST_0_i_1/O
                         net (fo=2, unplaced)         0.197    46.264    atten/dm2/ctxQuant/mul_1/io_out[4]_INST_0_i_1_n_0
                         LUT6 (Prop_LUT6_I2_O)        0.038    46.302 r  atten/dm2/ctxQuant/mul_1/io_out[3]_INST_0/O
                         net (fo=11, unplaced)        0.233    46.535    atten/dm2/ctxQuant/add_1/io_a[3]
                         LUT6 (Prop_LUT6_I5_O)        0.038    46.573 r  atten/dm2/ctxQuant/add_1/add_i_141/O
                         net (fo=1, unplaced)         0.197    46.770    atten/dm2/ctxQuant/add_1/add_i_141_n_0
                         LUT6 (Prop_LUT6_I0_O)        0.038    46.808 r  atten/dm2/ctxQuant/add_1/add_i_74/O
                         net (fo=26, unplaced)        0.252    47.060    atten/dm2/ctxQuant/add_1/add_i_74_n_0
                         LUT6 (Prop_LUT6_I4_O)        0.038    47.098 r  atten/dm2/ctxQuant/add_1/add_i_70/O
                         net (fo=3, unplaced)         0.203    47.301    atten/dm2/ctxQuant/add_1/add_i_70_n_0
                         LUT6 (Prop_LUT6_I2_O)        0.038    47.339 r  atten/dm2/ctxQuant/add_1/add_i_67/O
                         net (fo=2, unplaced)         0.197    47.536    atten/dm2/ctxQuant/add_1/add_i_67_n_0
                         LUT3 (Prop_LUT3_I0_O)        0.038    47.574 r  atten/dm2/ctxQuant/add_1/add_i_4/O
                         net (fo=5, unplaced)         0.215    47.789    atten/dm2/ctxQuant/add_1/add/addRawFN/io_a_sExp[5]
                         LUT2 (Prop_LUT2_I0_O)        0.037    47.826 r  atten/dm2/ctxQuant/add_1/add/addRawFN/io_rawOut_sExp[5]_INST_0_i_6/O
                         net (fo=1, unplaced)         0.029    47.855    atten/dm2/ctxQuant/add_1/add/addRawFN/io_rawOut_sExp[5]_INST_0_i_6_n_0
                         CARRY8 (Prop_CARRY8_S[5]_CO[7])
                                                      0.166    48.021 r  atten/dm2/ctxQuant/add_1/add/addRawFN/io_rawOut_sExp[5]_INST_0_i_2/CO[7]
                         net (fo=1, unplaced)         0.005    48.026    atten/dm2/ctxQuant/add_1/add/addRawFN/io_rawOut_sExp[5]_INST_0_i_2_n_0
                         CARRY8 (Prop_CARRY8_CI_CO[1])
                                                      0.042    48.068 r  atten/dm2/ctxQuant/add_1/add/addRawFN/io_rawOut_sExp[5]_INST_0_i_1/CO[1]
                         net (fo=154, unplaced)       0.249    48.317    atten/dm2/ctxQuant/add_1/add/addRawFN/io_rawOut_sExp[5]_INST_0_i_1_n_6
                         LUT5 (Prop_LUT5_I4_O)        0.038    48.355 r  atten/dm2/ctxQuant/add_1/add/addRawFN/io_rawOut_sig[6]_INST_0_i_33/O
                         net (fo=3, unplaced)         0.203    48.558    atten/dm2/ctxQuant/add_1/add/addRawFN/p_1_in[2]
                         LUT2 (Prop_LUT2_I0_O)        0.068    48.626 r  atten/dm2/ctxQuant/add_1/add/addRawFN/io_rawOut_sig[6]_INST_0_i_10/O
                         net (fo=1, unplaced)         0.242    48.868    atten/dm2/ctxQuant/add_1/add/addRawFN/io_rawOut_sig[6]_INST_0_i_10_n_0
                         CARRY8 (Prop_CARRY8_DI[2]_O[4])
                                                      0.150    49.018 f  atten/dm2/ctxQuant/add_1/add/addRawFN/io_rawOut_sig[6]_INST_0_i_3/O[4]
                         net (fo=3, unplaced)         0.210    49.228    atten/dm2/ctxQuant/add_1/add/addRawFN/_close_sSigSum_T_3[5]
                         LUT1 (Prop_LUT1_I0_O)        0.037    49.265 r  atten/dm2/ctxQuant/add_1/add/addRawFN/io_rawOut_sig[6]_INST_0_i_22/O
                         net (fo=1, unplaced)         0.029    49.294    atten/dm2/ctxQuant/add_1/add/addRawFN/io_rawOut_sig[6]_INST_0_i_22_n_0
                         CARRY8 (Prop_CARRY8_S[5]_CO[7])
                                                      0.166    49.460 r  atten/dm2/ctxQuant/add_1/add/addRawFN/io_rawOut_sig[6]_INST_0_i_4/CO[7]
                         net (fo=1, unplaced)         0.005    49.465    atten/dm2/ctxQuant/add_1/add/addRawFN/io_rawOut_sig[6]_INST_0_i_4_n_0
                         CARRY8 (Prop_CARRY8_CI_O[2])
                                                      0.067    49.532 f  atten/dm2/ctxQuant/add_1/add/addRawFN/io_rawOut_sExp[4]_INST_0_i_12/O[2]
                         net (fo=4, unplaced)         0.214    49.746    atten/dm2/ctxQuant/add_1/add/addRawFN/io_rawOut_sExp[4]_INST_0_i_12_n_13
                         LUT5 (Prop_LUT5_I1_O)        0.090    49.836 f  atten/dm2/ctxQuant/add_1/add/addRawFN/io_rawOut_sExp[4]_INST_0_i_7/O
                         net (fo=6, unplaced)         0.177    50.013    atten/dm2/ctxQuant/add_1/add/addRawFN/io_rawOut_sExp[4]_INST_0_i_7_n_0
                         LUT6 (Prop_LUT6_I5_O)        0.090    50.103 f  atten/dm2/ctxQuant/add_1/add/addRawFN/io_rawOut_sExp[2]_INST_0_i_3/O
                         net (fo=1, unplaced)         0.155    50.258    atten/dm2/ctxQuant/add_1/add/addRawFN/io_rawOut_sExp[2]_INST_0_i_3_n_0
                         LUT5 (Prop_LUT5_I1_O)        0.090    50.348 f  atten/dm2/ctxQuant/add_1/add/addRawFN/io_rawOut_sExp[2]_INST_0_i_1/O
                         net (fo=35, unplaced)        0.259    50.607    atten/dm2/ctxQuant/add_1/add/addRawFN/close_normDistReduced2[1]
                         LUT6 (Prop_LUT6_I4_O)        0.038    50.645 r  atten/dm2/ctxQuant/add_1/add/addRawFN/io_rawOut_sExp[9]_INST_0_i_6/O
                         net (fo=2, unplaced)         0.197    50.842    atten/dm2/ctxQuant/add_1/add/addRawFN/io_rawOut_sExp[9]_INST_0_i_6_n_0
                         LUT6 (Prop_LUT6_I0_O)        0.038    50.880 r  atten/dm2/ctxQuant/add_1/add/addRawFN/io_rawOut_sExp[9]_INST_0_i_3/O
                         net (fo=4, unplaced)         0.210    51.090    atten/dm2/ctxQuant/add_1/add/addRawFN/io_rawOut_sExp[9]_INST_0_i_3_n_0
                         LUT6 (Prop_LUT6_I2_O)        0.038    51.128 r  atten/dm2/ctxQuant/add_1/add/addRawFN/io_rawOut_sExp[6]_INST_0/O
                         net (fo=25, unplaced)        0.210    51.338    atten/dm2/ctxQuant/add_1/add/roundRawFNToRecFN/roundAnyRawFNToRecFN/io_in_sExp[6]
                         LUT5 (Prop_LUT5_I1_O)        0.100    51.438 r  atten/dm2/ctxQuant/add_1/add/roundRawFNToRecFN/roundAnyRawFNToRecFN/io_out[26]_INST_0_i_15/O
                         net (fo=27, unplaced)        0.211    51.649    atten/dm2/ctxQuant/add_1/add/roundRawFNToRecFN/roundAnyRawFNToRecFN/io_out[26]_INST_0_i_15_n_0
                         LUT6 (Prop_LUT6_I2_O)        0.090    51.739 r  atten/dm2/ctxQuant/add_1/add/roundRawFNToRecFN/roundAnyRawFNToRecFN/io_out[26]_INST_0_i_39/O
                         net (fo=1, unplaced)         0.156    51.895    atten/dm2/ctxQuant/add_1/add/roundRawFNToRecFN/roundAnyRawFNToRecFN/io_out[26]_INST_0_i_39_n_0
                         LUT6 (Prop_LUT6_I2_O)        0.100    51.995 r  atten/dm2/ctxQuant/add_1/add/roundRawFNToRecFN/roundAnyRawFNToRecFN/io_out[26]_INST_0_i_11/O
                         net (fo=1, unplaced)         0.155    52.150    atten/dm2/ctxQuant/add_1/add/roundRawFNToRecFN/roundAnyRawFNToRecFN/io_out[26]_INST_0_i_11_n_0
                         LUT6 (Prop_LUT6_I2_O)        0.090    52.240 r  atten/dm2/ctxQuant/add_1/add/roundRawFNToRecFN/roundAnyRawFNToRecFN/io_out[26]_INST_0_i_3/O
                         net (fo=28, unplaced)        0.212    52.452    atten/dm2/ctxQuant/add_1/add/roundRawFNToRecFN/roundAnyRawFNToRecFN/io_out[26]_INST_0_i_3_n_0
                         LUT4 (Prop_LUT4_I0_O)        0.090    52.542 f  atten/dm2/ctxQuant/add_1/add/roundRawFNToRecFN/roundAnyRawFNToRecFN/io_out[26]_INST_0_i_1/O
                         net (fo=8, unplaced)         0.225    52.767    atten/dm2/ctxQuant/add_1/add/roundRawFNToRecFN/roundAnyRawFNToRecFN/io_out[26]_INST_0_i_1_n_0
                         LUT6 (Prop_LUT6_I4_O)        0.038    52.805 r  atten/dm2/ctxQuant/add_1/add/roundRawFNToRecFN/roundAnyRawFNToRecFN/io_out[28]_INST_0_i_1/O
                         net (fo=6, unplaced)         0.219    53.024    atten/dm2/ctxQuant/add_1/add/roundRawFNToRecFN/roundAnyRawFNToRecFN/io_out[28]_INST_0_i_1_n_0
                         LUT3 (Prop_LUT3_I0_O)        0.068    53.092 f  atten/dm2/ctxQuant/add_1/add/roundRawFNToRecFN/roundAnyRawFNToRecFN/io_out[30]_INST_0_i_5/O
                         net (fo=1, unplaced)         0.242    53.334    atten/dm2/ctxQuant/add_1/add/roundRawFNToRecFN/roundAnyRawFNToRecFN/io_out[30]_INST_0_i_5_n_0
                         CARRY8 (Prop_CARRY8_DI[2]_CO[5])
                                                      0.148    53.482 f  atten/dm2/ctxQuant/add_1/add/roundRawFNToRecFN/roundAnyRawFNToRecFN/io_out[30]_INST_0_i_1/CO[5]
                         net (fo=5, unplaced)         0.141    53.623    atten/dm2/ctxQuant/add_1/add/roundRawFNToRecFN/roundAnyRawFNToRecFN/common_totalUnderflow
                         LUT2 (Prop_LUT2_I0_O)        0.038    53.661 f  atten/dm2/ctxQuant/add_1/add/roundRawFNToRecFN/roundAnyRawFNToRecFN/io_out[31]_INST_0_i_3/O
                         net (fo=1, unplaced)         0.197    53.858    atten/dm2/ctxQuant/add_1/add/roundRawFNToRecFN/roundAnyRawFNToRecFN/io_out[31]_INST_0_i_3_n_0
                         LUT6 (Prop_LUT6_I3_O)        0.038    53.896 r  atten/dm2/ctxQuant/add_1/add/roundRawFNToRecFN/roundAnyRawFNToRecFN/io_out[31]_INST_0/O
                         net (fo=12, unplaced)        0.235    54.131    atten/dm2/ctxQuant/add_1/_add_io_out[31]
                         LUT3 (Prop_LUT3_I1_O)        0.038    54.169 r  atten/dm2/ctxQuant/add_1/io_out[21]_INST_0_i_3/O
                         net (fo=4, unplaced)         0.210    54.379    atten/dm2/ctxQuant/add_1/io_out[21]_INST_0_i_3_n_0
                         LUT5 (Prop_LUT5_I2_O)        0.038    54.417 r  atten/dm2/ctxQuant/add_1/io_out[2]_INST_0_i_2/O
                         net (fo=3, unplaced)         0.203    54.620    atten/dm2/ctxQuant/add_1/io_out[2]_INST_0_i_2_n_0
                         LUT6 (Prop_LUT6_I5_O)        0.038    54.658 r  atten/dm2/ctxQuant/add_1/io_out[6]_INST_0_i_2/O
                         net (fo=2, unplaced)         0.197    54.855    atten/dm2/ctxQuant/add_1/io_out[6]_INST_0_i_2_n_0
                         LUT3 (Prop_LUT3_I2_O)        0.038    54.893 r  atten/dm2/ctxQuant/add_1/io_out[6]_INST_0_i_1/O
                         net (fo=2, unplaced)         0.197    55.090    atten/dm2/ctxQuant/add_1/io_out[6]_INST_0_i_1_n_0
                         LUT6 (Prop_LUT6_I2_O)        0.038    55.128 r  atten/dm2/ctxQuant/add_1/io_out[5]_INST_0/O
                         net (fo=10, unplaced)        0.189    55.317    atten/dm2/ctxQuant/toInt_1/io_in[5]
                         LUT6 (Prop_LUT6_I0_O)        0.100    55.417 f  atten/dm2/ctxQuant/toInt_1/cvt_i_76/O
                         net (fo=1, unplaced)         0.197    55.614    atten/dm2/ctxQuant/toInt_1/cvt_i_76_n_0
                         LUT6 (Prop_LUT6_I0_O)        0.038    55.652 f  atten/dm2/ctxQuant/toInt_1/cvt_i_42/O
                         net (fo=26, unplaced)        0.252    55.904    atten/dm2/ctxQuant/toInt_1/cvt_i_42_n_0
                         LUT6 (Prop_LUT6_I4_O)        0.038    55.942 f  atten/dm2/ctxQuant/toInt_1/cvt_i_38/O
                         net (fo=3, unplaced)         0.203    56.145    atten/dm2/ctxQuant/toInt_1/cvt_i_38_n_0
                         LUT6 (Prop_LUT6_I2_O)        0.038    56.183 r  atten/dm2/ctxQuant/toInt_1/cvt_i_33/O
                         net (fo=2, unplaced)         0.197    56.380    atten/dm2/ctxQuant/toInt_1/cvt_i_33_n_0
                         LUT3 (Prop_LUT3_I0_O)        0.038    56.418 r  atten/dm2/ctxQuant/toInt_1/cvt_i_1/O
                         net (fo=35, unplaced)        0.259    56.677    atten/dm2/ctxQuant/toInt_1/cvt/io_in[31]
                         LUT2 (Prop_LUT2_I0_O)        0.038    56.715 r  atten/dm2/ctxQuant/toInt_1/cvt/io_out[1]_INST_0_i_4/O
                         net (fo=6, unplaced)         0.219    56.934    atten/dm2/ctxQuant/toInt_1/cvt/io_out[1]_INST_0_i_4_n_0
                         LUT6 (Prop_LUT6_I4_O)        0.038    56.972 f  atten/dm2/ctxQuant/toInt_1/cvt/io_out[1]_INST_0_i_3/O
                         net (fo=1, unplaced)         0.197    57.169    atten/dm2/ctxQuant/toInt_1/cvt/io_out[1]_INST_0_i_3_n_0
                         LUT6 (Prop_LUT6_I0_O)        0.038    57.207 f  atten/dm2/ctxQuant/toInt_1/cvt/io_out[1]_INST_0_i_2/O
                         net (fo=4, unplaced)         0.169    57.376    atten/dm2/ctxQuant/toInt_1/cvt/io_out[1]_INST_0_i_2_n_0
                         LUT6 (Prop_LUT6_I0_O)        0.100    57.476 r  atten/dm2/ctxQuant/toInt_1/cvt/io_out[7]_INST_0_i_7/O
                         net (fo=1, unplaced)         0.155    57.631    atten/dm2/ctxQuant/toInt_1/cvt/io_out[7]_INST_0_i_7_n_0
                         LUT6 (Prop_LUT6_I0_O)        0.090    57.721 r  atten/dm2/ctxQuant/toInt_1/cvt/io_out[7]_INST_0_i_2/O
                         net (fo=8, unplaced)         0.180    57.901    atten/dm2/ctxQuant/toInt_1/cvt/io_out[7]_INST_0_i_2_n_0
                         LUT6 (Prop_LUT6_I3_O)        0.053    57.954 r  atten/dm2/ctxQuant/toInt_1/cvt/io_out[6]_INST_0/O
                         net (fo=1, unplaced)         0.198    58.152    atten/dm2/ctxmemInst/mem/mem_ext/W0_data[14]
                         RAMB36E2                                     r  atten/dm2/ctxmemInst/mem/mem_ext/Memory_reg_0/DINADIN[14]
  -------------------------------------------------------------------    -------------------

                         (clock clk rise edge)       10.000    10.000 r  
                                                      0.000    10.000 r  clock (IN)
                         net (fo=803906, unset)       0.000    10.000    atten/dm2/ctxmemInst/mem/mem_ext/R0_clk
                         RAMB36E2                                     r  atten/dm2/ctxmemInst/mem/mem_ext/Memory_reg_0/CLKBWRCLK
                         clock pessimism              0.000    10.000    
                         clock uncertainty           -0.035     9.965    
                         RAMB36E2 (Setup_RAMB36E2_CLKBWRCLK_DINADIN[14])
                                                     -0.255     9.710    atten/dm2/ctxmemInst/mem/mem_ext/Memory_reg_0
  -------------------------------------------------------------------
                         required time                          9.710    
                         arrival time                         -58.152    
  -------------------------------------------------------------------
                         slack                                -48.442    

Slack (VIOLATED) :        -48.441ns  (required time - arrival time)
  Source:                 atten/softmax/memInst/mem/mem_ext/Memory_reg_uram_6/CLK
                            (rising edge-triggered cell URAM288 clocked by clk  {rise@0.000ns fall@5.000ns period=10.000ns})
  Destination:            atten/dm2/ctxmemInst/mem/mem_ext/Memory_reg_1/DINADIN[30]
                            (rising edge-triggered cell RAMB36E2 clocked by clk  {rise@0.000ns fall@5.000ns period=10.000ns})
  Path Group:             clk
  Path Type:              Setup (Max at Slow Process Corner)
  Requirement:            10.000ns  (clk rise@10.000ns - clk rise@0.000ns)
  Data Path Delay:        58.079ns  (logic 22.503ns (38.745%)  route 35.576ns (61.254%))
  Logic Levels:           203  (CARRY8=23 DSP_A_B_DATA=4 DSP_ALU=7 DSP_C_DATA=3 DSP_M_DATA=4 DSP_MULTIPLIER=4 DSP_OUTPUT=7 DSP_PREADD_DATA=4 LUT1=1 LUT2=15 LUT3=25 LUT4=13 LUT5=26 LUT6=67)
  Clock Uncertainty:      0.035ns  ((TSJ^2 + TIJ^2)^1/2 + DJ) / 2 + PE
    Total System Jitter     (TSJ):    0.071ns
    Total Input Jitter      (TIJ):    0.000ns
    Discrete Jitter          (DJ):    0.000ns
    Phase Error              (PE):    0.000ns

    Location             Delay type                Incr(ns)  Path(ns)    Netlist Resource(s)
  -------------------------------------------------------------------    -------------------
                         (clock clk rise edge)        0.000     0.000 r  
                                                      0.000     0.000 r  clock (IN)
                         net (fo=803906, unset)       0.000     0.000    atten/softmax/memInst/mem/mem_ext/R0_clk
                         URAM288                                      r  atten/softmax/memInst/mem/mem_ext/Memory_reg_uram_6/CLK
  -------------------------------------------------------------------    -------------------
                         URAM288 (Prop_URAM288_CLK_DOUT_B[56])
                                                      1.991     1.991 r  atten/softmax/memInst/mem/mem_ext/Memory_reg_uram_6/DOUT_B[56]
                         net (fo=1, unplaced)         0.226     2.217    atten/softmax/cuInst/io_data_in[488]
                         LUT2 (Prop_LUT2_I1_O)        0.070     2.287 r  atten/softmax/cuInst/softmax_i_504/O
                         net (fo=7, unplaced)         0.180     2.467    atten/softmax/cuInst/softmax/mul_15/io_a[8]
                         LUT4 (Prop_LUT4_I1_O)        0.090     2.557 r  atten/softmax/cuInst/softmax/mul_15/mul_i_70/O
                         net (fo=3, unplaced)         0.162     2.719    atten/softmax/cuInst/softmax/mul_15/mul_i_70_n_0
                         LUT5 (Prop_LUT5_I1_O)        0.100     2.819 r  atten/softmax/cuInst/softmax/mul_15/mul_i_41/O
                         net (fo=29, unplaced)        0.255     3.074    atten/softmax/cuInst/softmax/mul_15/mul_i_41_n_0
                         LUT6 (Prop_LUT6_I5_O)        0.038     3.112 f  atten/softmax/cuInst/softmax/mul_15/mul_i_93/O
                         net (fo=2, unplaced)         0.197     3.309    atten/softmax/cuInst/softmax/mul_15/mul_i_93_n_0
                         LUT3 (Prop_LUT3_I2_O)        0.038     3.347 f  atten/softmax/cuInst/softmax/mul_15/mul_i_50/O
                         net (fo=2, unplaced)         0.155     3.502    atten/softmax/cuInst/softmax/mul_15/mul_i_50_n_0
                         LUT5 (Prop_LUT5_I0_O)        0.090     3.592 f  atten/softmax/cuInst/softmax/mul_15/mul_i_16/O
                         net (fo=1, unplaced)         0.214     3.806    atten/softmax/cuInst/softmax/mul_15/mul/mulRawFN/mulFullRaw/io_rawOut_sig__0/B[16]
                         DSP_A_B_DATA (Prop_DSP_A_B_DATA_B[16]_B2_DATA[16])
                                                      0.151     3.957 r  atten/softmax/cuInst/softmax/mul_15/mul/mulRawFN/mulFullRaw/io_rawOut_sig__0/DSP_A_B_DATA_INST/B2_DATA[16]
                         net (fo=1, unplaced)         0.000     3.957    atten/softmax/cuInst/softmax/mul_15/mul/mulRawFN/mulFullRaw/io_rawOut_sig__0/DSP_A_B_DATA.B2_DATA<16>
                         DSP_PREADD_DATA (Prop_DSP_PREADD_DATA_B2_DATA[16]_B2B1[16])
                                                      0.073     4.030 r  atten/softmax/cuInst/softmax/mul_15/mul/mulRawFN/mulFullRaw/io_rawOut_sig__0/DSP_PREADD_DATA_INST/B2B1[16]
                         net (fo=1, unplaced)         0.000     4.030    atten/softmax/cuInst/softmax/mul_15/mul/mulRawFN/mulFullRaw/io_rawOut_sig__0/DSP_PREADD_DATA.B2B1<16>
                         DSP_MULTIPLIER (Prop_DSP_MULTIPLIER_B2B1[16]_V[19])
                                                      0.609     4.639 f  atten/softmax/cuInst/softmax/mul_15/mul/mulRawFN/mulFullRaw/io_rawOut_sig__0/DSP_MULTIPLIER_INST/V[19]
                         net (fo=1, unplaced)         0.000     4.639    atten/softmax/cuInst/softmax/mul_15/mul/mulRawFN/mulFullRaw/io_rawOut_sig__0/DSP_MULTIPLIER.V<19>
                         DSP_M_DATA (Prop_DSP_M_DATA_V[19]_V_DATA[19])
                                                      0.046     4.685 r  atten/softmax/cuInst/softmax/mul_15/mul/mulRawFN/mulFullRaw/io_rawOut_sig__0/DSP_M_DATA_INST/V_DATA[19]
                         net (fo=1, unplaced)         0.000     4.685    atten/softmax/cuInst/softmax/mul_15/mul/mulRawFN/mulFullRaw/io_rawOut_sig__0/DSP_M_DATA.V_DATA<19>
                         DSP_ALU (Prop_DSP_ALU_V_DATA[19]_ALU_OUT[19])
                                                      0.571     5.256 f  atten/softmax/cuInst/softmax/mul_15/mul/mulRawFN/mulFullRaw/io_rawOut_sig__0/DSP_ALU_INST/ALU_OUT[19]
                         net (fo=1, unplaced)         0.000     5.256    atten/softmax/cuInst/softmax/mul_15/mul/mulRawFN/mulFullRaw/io_rawOut_sig__0/DSP_ALU.ALU_OUT<19>
                         DSP_OUTPUT (Prop_DSP_OUTPUT_ALU_OUT[19]_P[19])
                                                      0.109     5.365 r  atten/softmax/cuInst/softmax/mul_15/mul/mulRawFN/mulFullRaw/io_rawOut_sig__0/DSP_OUTPUT_INST/P[19]
                         net (fo=1, unplaced)         0.211     5.576    atten/softmax/cuInst/softmax/mul_15/mul/mulRawFN/mulFullRaw/io_rawOut_sig__1/C[2]
                         DSP_C_DATA (Prop_DSP_C_DATA_C[2]_C_DATA[2])
                                                      0.105     5.681 r  atten/softmax/cuInst/softmax/mul_15/mul/mulRawFN/mulFullRaw/io_rawOut_sig__1/DSP_C_DATA_INST/C_DATA[2]
                         net (fo=2, unplaced)         0.000     5.681    atten/softmax/cuInst/softmax/mul_15/mul/mulRawFN/mulFullRaw/io_rawOut_sig__1/DSP_C_DATA.C_DATA<2>
                         DSP_ALU (Prop_DSP_ALU_C_DATA[2]_ALU_OUT[3])
                                                      0.585     6.266 r  atten/softmax/cuInst/softmax/mul_15/mul/mulRawFN/mulFullRaw/io_rawOut_sig__1/DSP_ALU_INST/ALU_OUT[3]
                         net (fo=1, unplaced)         0.000     6.266    atten/softmax/cuInst/softmax/mul_15/mul/mulRawFN/mulFullRaw/io_rawOut_sig__1/DSP_ALU.ALU_OUT<3>
                         DSP_OUTPUT (Prop_DSP_OUTPUT_ALU_OUT[3]_P[3])
                                                      0.109     6.375 f  atten/softmax/cuInst/softmax/mul_15/mul/mulRawFN/mulFullRaw/io_rawOut_sig__1/DSP_OUTPUT_INST/P[3]
                         net (fo=1, unplaced)         0.218     6.593    atten/softmax/cuInst/softmax/mul_15/mul/mulRawFN/_mulFullRaw_io_rawOut_sig[20]
                         LUT6 (Prop_LUT6_I0_O)        0.150     6.743 f  atten/softmax/cuInst/softmax/mul_15/mul/mulRawFN/io_rawOut_sig[0]_INST_0_i_2/O
                         net (fo=1, unplaced)         0.155     6.898    atten/softmax/cuInst/softmax/mul_15/mul/mulRawFN/io_rawOut_sig[0]_INST_0_i_2_n_0
                         LUT4 (Prop_LUT4_I1_O)        0.090     6.988 f  atten/softmax/cuInst/softmax/mul_15/mul/mulRawFN/io_rawOut_sig[0]_INST_0/O
                         net (fo=2, unplaced)         0.156     7.144    atten/softmax/cuInst/softmax/mul_15/mul/roundRawFNToRecFN/roundAnyRawFNToRecFN/io_in_sig[0]
                         LUT6 (Prop_LUT6_I5_O)        0.100     7.244 f  atten/softmax/cuInst/softmax/mul_15/mul/roundRawFNToRecFN/roundAnyRawFNToRecFN/io_out[26]_INST_0_i_58/O
                         net (fo=1, unplaced)         0.197     7.441    atten/softmax/cuInst/softmax/mul_15/mul/roundRawFNToRecFN/roundAnyRawFNToRecFN/io_out[26]_INST_0_i_58_n_0
                         LUT5 (Prop_LUT5_I4_O)        0.038     7.479 f  atten/softmax/cuInst/softmax/mul_15/mul/roundRawFNToRecFN/roundAnyRawFNToRecFN/io_out[26]_INST_0_i_19/O
                         net (fo=1, unplaced)         0.152     7.631    atten/softmax/cuInst/softmax/mul_15/mul/roundRawFNToRecFN/roundAnyRawFNToRecFN/io_out[26]_INST_0_i_19_n_0
                         LUT6 (Prop_LUT6_I3_O)        0.053     7.684 f  atten/softmax/cuInst/softmax/mul_15/mul/roundRawFNToRecFN/roundAnyRawFNToRecFN/io_out[26]_INST_0_i_5/O
                         net (fo=27, unplaced)        0.208     7.892    atten/softmax/cuInst/softmax/mul_15/mul/roundRawFNToRecFN/roundAnyRawFNToRecFN/io_out[26]_INST_0_i_5_n_0
                         LUT4 (Prop_LUT4_I2_O)        0.053     7.945 f  atten/softmax/cuInst/softmax/mul_15/mul/roundRawFNToRecFN/roundAnyRawFNToRecFN/io_out[26]_INST_0_i_1/O
                         net (fo=8, unplaced)         0.225     8.170    atten/softmax/cuInst/softmax/mul_15/mul/roundRawFNToRecFN/roundAnyRawFNToRecFN/io_out[26]_INST_0_i_1_n_0
                         LUT6 (Prop_LUT6_I4_O)        0.038     8.208 r  atten/softmax/cuInst/softmax/mul_15/mul/roundRawFNToRecFN/roundAnyRawFNToRecFN/io_out[28]_INST_0_i_1/O
                         net (fo=6, unplaced)         0.219     8.427    atten/softmax/cuInst/softmax/mul_15/mul/roundRawFNToRecFN/roundAnyRawFNToRecFN/io_out[28]_INST_0_i_1_n_0
                         LUT3 (Prop_LUT3_I0_O)        0.068     8.495 f  atten/softmax/cuInst/softmax/mul_15/mul/roundRawFNToRecFN/roundAnyRawFNToRecFN/io_out[30]_INST_0_i_5/O
                         net (fo=1, unplaced)         0.242     8.737    atten/softmax/cuInst/softmax/mul_15/mul/roundRawFNToRecFN/roundAnyRawFNToRecFN/io_out[30]_INST_0_i_5_n_0
                         CARRY8 (Prop_CARRY8_DI[2]_CO[5])
                                                      0.148     8.885 f  atten/softmax/cuInst/softmax/mul_15/mul/roundRawFNToRecFN/roundAnyRawFNToRecFN/io_out[30]_INST_0_i_1/CO[5]
                         net (fo=5, unplaced)         0.141     9.026    atten/softmax/cuInst/softmax/mul_15/mul/roundRawFNToRecFN/roundAnyRawFNToRecFN/common_totalUnderflow
                         LUT2 (Prop_LUT2_I0_O)        0.038     9.064 f  atten/softmax/cuInst/softmax/mul_15/mul/roundRawFNToRecFN/roundAnyRawFNToRecFN/io_out[31]_INST_0_i_3/O
                         net (fo=1, unplaced)         0.197     9.261    atten/softmax/cuInst/softmax/mul_15/mul/roundRawFNToRecFN/roundAnyRawFNToRecFN/io_out[31]_INST_0_i_3_n_0
                         LUT6 (Prop_LUT6_I3_O)        0.038     9.299 r  atten/softmax/cuInst/softmax/mul_15/mul/roundRawFNToRecFN/roundAnyRawFNToRecFN/io_out[31]_INST_0/O
                         net (fo=12, unplaced)        0.235     9.534    atten/softmax/cuInst/softmax/mul_15/_mul_io_out[31]
                         LUT3 (Prop_LUT3_I1_O)        0.038     9.572 r  atten/softmax/cuInst/softmax/mul_15/io_out[21]_INST_0_i_3/O
                         net (fo=4, unplaced)         0.210     9.782    atten/softmax/cuInst/softmax/mul_15/io_out[21]_INST_0_i_3_n_0
                         LUT5 (Prop_LUT5_I2_O)        0.038     9.820 r  atten/softmax/cuInst/softmax/mul_15/io_out[2]_INST_0_i_2/O
                         net (fo=3, unplaced)         0.203    10.023    atten/softmax/cuInst/softmax/mul_15/io_out[2]_INST_0_i_2_n_0
                         LUT6 (Prop_LUT6_I5_O)        0.038    10.061 r  atten/softmax/cuInst/softmax/mul_15/io_out[6]_INST_0_i_2/O
                         net (fo=2, unplaced)         0.197    10.258    atten/softmax/cuInst/softmax/mul_15/io_out[6]_INST_0_i_2_n_0
                         LUT3 (Prop_LUT3_I2_O)        0.038    10.296 r  atten/softmax/cuInst/softmax/mul_15/io_out[6]_INST_0_i_1/O
                         net (fo=2, unplaced)         0.197    10.493    atten/softmax/cuInst/softmax/mul_15/io_out[6]_INST_0_i_1_n_0
                         LUT6 (Prop_LUT6_I2_O)        0.038    10.531 r  atten/softmax/cuInst/softmax/mul_15/io_out[5]_INST_0/O
                         net (fo=10, unplaced)        0.189    10.720    atten/softmax/cuInst/softmax/toInt_15/io_in[5]
                         LUT6 (Prop_LUT6_I0_O)        0.100    10.820 f  atten/softmax/cuInst/softmax/toInt_15/cvt_i_76/O
                         net (fo=1, unplaced)         0.197    11.017    atten/softmax/cuInst/softmax/toInt_15/cvt_i_76_n_0
                         LUT6 (Prop_LUT6_I0_O)        0.038    11.055 f  atten/softmax/cuInst/softmax/toInt_15/cvt_i_42/O
                         net (fo=26, unplaced)        0.252    11.307    atten/softmax/cuInst/softmax/toInt_15/cvt_i_42_n_0
                         LUT6 (Prop_LUT6_I4_O)        0.038    11.345 f  atten/softmax/cuInst/softmax/toInt_15/cvt_i_38/O
                         net (fo=3, unplaced)         0.203    11.548    atten/softmax/cuInst/softmax/toInt_15/cvt_i_38_n_0
                         LUT6 (Prop_LUT6_I2_O)        0.038    11.586 r  atten/softmax/cuInst/softmax/toInt_15/cvt_i_33/O
                         net (fo=2, unplaced)         0.197    11.783    atten/softmax/cuInst/softmax/toInt_15/cvt_i_33_n_0
                         LUT3 (Prop_LUT3_I0_O)        0.038    11.821 r  atten/softmax/cuInst/softmax/toInt_15/cvt_i_1/O
                         net (fo=48, unplaced)        0.266    12.087    atten/softmax/cuInst/softmax/toInt_15/cvt/io_in[31]
                         LUT2 (Prop_LUT2_I0_O)        0.038    12.125 r  atten/softmax/cuInst/softmax/toInt_15/cvt/io_out[13]_INST_0_i_5/O
                         net (fo=18, unplaced)        0.244    12.369    atten/softmax/cuInst/softmax/toInt_15/cvt/io_out[13]_INST_0_i_5_n_0
                         LUT6 (Prop_LUT6_I4_O)        0.038    12.407 f  atten/softmax/cuInst/softmax/toInt_15/cvt/io_out[0]_INST_0_i_2/O
                         net (fo=4, unplaced)         0.168    12.575    atten/softmax/cuInst/softmax/toInt_15/cvt/io_out[0]_INST_0_i_2_n_0
                         LUT6 (Prop_LUT6_I0_O)        0.090    12.665 f  atten/softmax/cuInst/softmax/toInt_15/cvt/io_out[0]_INST_0_i_1/O
                         net (fo=10, unplaced)        0.188    12.853    atten/softmax/cuInst/softmax/toInt_15/cvt/io_out[0]_INST_0_i_1_n_0
                         LUT4 (Prop_LUT4_I1_O)        0.090    12.943 r  atten/softmax/cuInst/softmax/toInt_15/cvt/io_out[15]_INST_0_i_20/O
                         net (fo=1, unplaced)         0.197    13.140    atten/softmax/cuInst/softmax/toInt_15/cvt/io_out[15]_INST_0_i_20_n_0
                         LUT5 (Prop_LUT5_I4_O)        0.038    13.178 f  atten/softmax/cuInst/softmax/toInt_15/cvt/io_out[15]_INST_0_i_8/O
                         net (fo=1, unplaced)         0.155    13.333    atten/softmax/cuInst/softmax/toInt_15/cvt/io_out[15]_INST_0_i_8_n_0
                         LUT6 (Prop_LUT6_I2_O)        0.090    13.423 r  atten/softmax/cuInst/softmax/toInt_15/cvt/io_out[15]_INST_0_i_2/O
                         net (fo=16, unplaced)        0.241    13.664    atten/softmax/cuInst/softmax/toInt_15/cvt/io_out[15]_INST_0_i_2_n_0
                         LUT6 (Prop_LUT6_I2_O)        0.038    13.702 f  atten/softmax/cuInst/softmax/toInt_15/cvt/io_out[0]_INST_0/O
                         net (fo=1, unplaced)         0.197    13.899    atten/softmax/cuInst/softmax/_toInt_15_io_out[0]
                         LUT2 (Prop_LUT2_I1_O)        0.070    13.969 f  atten/softmax/cuInst/softmax/maxPreProcess_i_256/O
                         net (fo=7, unplaced)         0.222    14.191    atten/softmax/cuInst/softmax/maxPreProcess/io_in_15[0]
                         LUT4 (Prop_LUT4_I3_O)        0.070    14.261 r  atten/softmax/cuInst/softmax/maxPreProcess/io_out_0[8]_INST_0_i_258/O
                         net (fo=1, unplaced)         0.260    14.521    atten/softmax/cuInst/softmax/maxPreProcess/io_out_0[8]_INST_0_i_258_n_0
                         CARRY8 (Prop_CARRY8_DI[0]_CO[7])
                                                      0.140    14.661 r  atten/softmax/cuInst/softmax/maxPreProcess/io_out_0[8]_INST_0_i_129/CO[7]
                         net (fo=48, unplaced)        0.313    14.974    atten/softmax/cuInst/softmax/maxPreProcess/io_out_0[8]_INST_0_i_129_n_0
                         LUT3 (Prop_LUT3_I1_O)        0.038    15.012 r  atten/softmax/cuInst/softmax/maxPreProcess/io_out_0[8]_INST_0_i_480/O
                         net (fo=1, unplaced)         0.155    15.167    atten/softmax/cuInst/softmax/maxPreProcess/io_out_0[8]_INST_0_i_480_n_0
                         LUT6 (Prop_LUT6_I0_O)        0.090    15.257 r  atten/softmax/cuInst/softmax/maxPreProcess/io_out_0[8]_INST_0_i_274/O
                         net (fo=1, unplaced)         0.244    15.501    atten/softmax/cuInst/softmax/maxPreProcess/io_out_0[8]_INST_0_i_274_n_0
                         CARRY8 (Prop_CARRY8_DI[0]_CO[7])
                                                      0.140    15.641 r  atten/softmax/cuInst/softmax/maxPreProcess/io_out_0[8]_INST_0_i_130/CO[7]
                         net (fo=16, unplaced)        0.289    15.930    atten/softmax/cuInst/softmax/maxPreProcess/io_out_0[8]_INST_0_i_130_n_0
                         LUT5 (Prop_LUT5_I3_O)        0.038    15.968 f  atten/softmax/cuInst/softmax/maxPreProcess/io_out_0[0]_INST_0_i_118/O
                         net (fo=3, unplaced)         0.203    16.171    atten/softmax/cuInst/softmax/maxPreProcess/io_out_0[0]_INST_0_i_118_n_0
                         LUT4 (Prop_LUT4_I3_O)        0.070    16.241 r  atten/softmax/cuInst/softmax/maxPreProcess/io_out_0[8]_INST_0_i_120/O
                         net (fo=1, unplaced)         0.260    16.501    atten/softmax/cuInst/softmax/maxPreProcess/io_out_0[8]_INST_0_i_120_n_0
                         CARRY8 (Prop_CARRY8_DI[0]_CO[7])
                                                      0.140    16.641 r  atten/softmax/cuInst/softmax/maxPreProcess/io_out_0[8]_INST_0_i_32/CO[7]
                         net (fo=16, unplaced)        0.289    16.930    atten/softmax/cuInst/softmax/maxPreProcess/io_out_0[8]_INST_0_i_32_n_0
                         LUT3 (Prop_LUT3_I1_O)        0.038    16.968 r  atten/softmax/cuInst/softmax/maxPreProcess/io_out_0[0]_INST_0_i_24/O
                         net (fo=30, unplaced)        0.213    17.181    atten/softmax/cuInst/softmax/maxPreProcess/io_out_0[0]_INST_0_i_24_n_0
                         LUT6 (Prop_LUT6_I3_O)        0.090    17.271 r  atten/softmax/cuInst/softmax/maxPreProcess/io_out_0[8]_INST_0_i_41/O
                         net (fo=1, unplaced)         0.244    17.515    atten/softmax/cuInst/softmax/maxPreProcess/io_out_0[8]_INST_0_i_41_n_0
                         CARRY8 (Prop_CARRY8_DI[0]_CO[7])
                                                      0.140    17.655 r  atten/softmax/cuInst/softmax/maxPreProcess/io_out_0[8]_INST_0_i_10/CO[7]
                         net (fo=232, unplaced)       0.349    18.004    atten/softmax/cuInst/softmax/maxPreProcess/io_out_0[8]_INST_0_i_10_n_0
                         LUT5 (Prop_LUT5_I4_O)        0.038    18.042 f  atten/softmax/cuInst/softmax/maxPreProcess/io_out_0[0]_INST_0_i_27/O
                         net (fo=28, unplaced)        0.212    18.254    atten/softmax/cuInst/softmax/maxPreProcess/io_out_0[0]_INST_0_i_27_n_0
                         LUT6 (Prop_LUT6_I5_O)        0.090    18.344 r  atten/softmax/cuInst/softmax/maxPreProcess/io_out_0[8]_INST_0_i_60/O
                         net (fo=1, unplaced)         0.244    18.588    atten/softmax/cuInst/softmax/maxPreProcess/io_out_0[8]_INST_0_i_60_n_0
                         CARRY8 (Prop_CARRY8_DI[0]_CO[7])
                                                      0.140    18.728 r  atten/softmax/cuInst/softmax/maxPreProcess/io_out_0[8]_INST_0_i_12/CO[7]
                         net (fo=416, unplaced)       0.362    19.090    atten/softmax/cuInst/softmax/maxPreProcess/io_out_0[8]_INST_0_i_12_n_0
                         LUT6 (Prop_LUT6_I4_O)        0.037    19.127 r  atten/softmax/cuInst/softmax/maxPreProcess/io_out_23[0]_INST_0_i_7/O
                         net (fo=1, unplaced)         0.023    19.150    atten/softmax/cuInst/softmax/maxPreProcess/io_out_23[0]_INST_0_i_7_n_0
                         CARRY8 (Prop_CARRY8_S[1]_CO[7])
                                                      0.197    19.347 r  atten/softmax/cuInst/softmax/maxPreProcess/io_out_23[0]_INST_0/CO[7]
                         net (fo=1, unplaced)         0.005    19.352    atten/softmax/cuInst/softmax/maxPreProcess/io_out_23[0]_INST_0_n_0
                         CARRY8 (Prop_CARRY8_CI_O[7])
                                                      0.116    19.468 f  atten/softmax/cuInst/softmax/maxPreProcess/io_out_23[8]_INST_0/O[7]
                         net (fo=9, unplaced)         0.239    19.707    atten/softmax/cuInst/softmax/full_23/A[15]
                         DSP_A_B_DATA (Prop_DSP_A_B_DATA_A[15]_A2_DATA[15])
                                                      0.192    19.899 r  atten/softmax/cuInst/softmax/full_23/DSP_A_B_DATA_INST/A2_DATA[15]
                         net (fo=1, unplaced)         0.000    19.899    atten/softmax/cuInst/softmax/full_23/DSP_A_B_DATA.A2_DATA<15>
                         DSP_PREADD_DATA (Prop_DSP_PREADD_DATA_A2_DATA[15]_A2A1[15])
                                                      0.076    19.975 r  atten/softmax/cuInst/softmax/full_23/DSP_PREADD_DATA_INST/A2A1[15]
                         net (fo=1, unplaced)         0.000    19.975    atten/softmax/cuInst/softmax/full_23/DSP_PREADD_DATA.A2A1<15>
                         DSP_MULTIPLIER (Prop_DSP_MULTIPLIER_A2A1[15]_U[16])
                                                      0.505    20.480 f  atten/softmax/cuInst/softmax/full_23/DSP_MULTIPLIER_INST/U[16]
                         net (fo=1, unplaced)         0.000    20.480    atten/softmax/cuInst/softmax/full_23/DSP_MULTIPLIER.U<16>
                         DSP_M_DATA (Prop_DSP_M_DATA_U[16]_U_DATA[16])
                                                      0.047    20.527 r  atten/softmax/cuInst/softmax/full_23/DSP_M_DATA_INST/U_DATA[16]
                         net (fo=1, unplaced)         0.000    20.527    atten/softmax/cuInst/softmax/full_23/DSP_M_DATA.U_DATA<16>
                         DSP_ALU (Prop_DSP_ALU_U_DATA[16]_ALU_OUT[16])
                                                      0.585    21.112 r  atten/softmax/cuInst/softmax/full_23/DSP_ALU_INST/ALU_OUT[16]
                         net (fo=1, unplaced)         0.000    21.112    atten/softmax/cuInst/softmax/full_23/DSP_ALU.ALU_OUT<16>
                         DSP_OUTPUT (Prop_DSP_OUTPUT_ALU_OUT[16]_P[16])
                                                      0.109    21.221 f  atten/softmax/cuInst/softmax/full_23/DSP_OUTPUT_INST/P[16]
                         net (fo=47, unplaced)        0.219    21.440    atten/softmax/cuInst/softmax/exp2Stage1/io_in_23[8]
                         LUT2 (Prop_LUT2_I0_O)        0.100    21.540 f  atten/softmax/cuInst/softmax/exp2Stage1/io_out_23[15]_INST_0_i_11/O
                         net (fo=1, unplaced)         0.260    21.800    atten/softmax/cuInst/softmax/exp2Stage1/io_out_23[15]_INST_0_i_11_n_0
                         CARRY8 (Prop_CARRY8_DI[0]_CO[3])
                                                      0.182    21.982 f  atten/softmax/cuInst/softmax/exp2Stage1/io_out_23[15]_INST_0_i_3/CO[3]
                         net (fo=16, unplaced)        0.198    22.180    atten/softmax/cuInst/softmax/exp2Stage1/io_out_23[15]_INST_0_i_3_n_4
                         LUT6 (Prop_LUT6_I0_O)        0.053    22.233 r  atten/softmax/cuInst/softmax/exp2Stage1/io_out_23[0]_INST_0/O
                         net (fo=3, unplaced)         0.161    22.394    atten/softmax/cuInst/softmax/sum/io_in_23[0]
                         LUT3 (Prop_LUT3_I0_O)        0.090    22.484 r  atten/softmax/cuInst/softmax/sum/io_out[8]_INST_0_i_246/O
                         net (fo=1, unplaced)         0.221    22.705    atten/softmax/cuInst/softmax/sum/io_out[8]_INST_0_i_246_n_0
                         CARRY8 (Prop_CARRY8_DI[1]_O[2])
                                                      0.099    22.804 r  atten/softmax/cuInst/softmax/sum/io_out[8]_INST_0_i_156/O[2]
                         net (fo=3, unplaced)         0.207    23.011    atten/softmax/cuInst/softmax/sum/io_out[8]_INST_0_i_156_n_13
                         LUT3 (Prop_LUT3_I0_O)        0.090    23.101 r  atten/softmax/cuInst/softmax/sum/io_out[8]_INST_0_i_125/O
                         net (fo=1, unplaced)         0.198    23.299    atten/softmax/cuInst/softmax/sum/io_out[8]_INST_0_i_125_n_0
                         CARRY8 (Prop_CARRY8_DI[3]_O[7])
                                                      0.184    23.483 r  atten/softmax/cuInst/softmax/sum/io_out[8]_INST_0_i_26/O[7]
                         net (fo=5, unplaced)         0.173    23.656    atten/softmax/cuInst/softmax/sum/io_out[8]_INST_0_i_26_n_8
                         LUT3 (Prop_LUT3_I2_O)        0.038    23.694 r  atten/softmax/cuInst/softmax/sum/io_out[8]_INST_0_i_29/O
                         net (fo=1, unplaced)         0.197    23.891    atten/softmax/cuInst/softmax/sum/io_out[8]_INST_0_i_29_n_0
                         LUT5 (Prop_LUT5_I3_O)        0.038    23.929 r  atten/softmax/cuInst/softmax/sum/io_out[8]_INST_0_i_7/O
                         net (fo=1, unplaced)         0.244    24.173    atten/softmax/cuInst/softmax/sum/io_out[8]_INST_0_i_7_n_0
                         CARRY8 (Prop_CARRY8_DI[0]_O[5])
                                                      0.208    24.381 f  atten/softmax/cuInst/softmax/sum/io_out[8]_INST_0/O[5]
                         net (fo=27, unplaced)        0.197    24.578    atten/softmax/cuInst/softmax/log2/io_in_0[13]
                         LUT4 (Prop_LUT4_I0_O)        0.100    24.678 f  atten/softmax/cuInst/softmax/log2/io_out_0[7]_INST_0_i_4/O
                         net (fo=15, unplaced)        0.195    24.873    atten/softmax/cuInst/softmax/log2/io_out_0[7]_INST_0_i_4_n_0
                         LUT6 (Prop_LUT6_I2_O)        0.053    24.926 r  atten/softmax/cuInst/softmax/log2/io_out_0[7]_INST_0_i_1/O
                         net (fo=2, unplaced)         0.197    25.123    atten/softmax/cuInst/softmax/log2/io_out_0[7]_INST_0_i_1_n_0
                         LUT3 (Prop_LUT3_I0_O)        0.038    25.161 r  atten/softmax/cuInst/softmax/log2/io_out_0[14]_INST_0_i_16/O
                         net (fo=1, unplaced)         0.020    25.181    atten/softmax/cuInst/softmax/log2/x[7]
                         CARRY8 (Prop_CARRY8_S[0]_O[4])
                                                      0.206    25.387 r  atten/softmax/cuInst/softmax/log2/io_out_0[14]_INST_0_i_1/O[4]
                         net (fo=1, unplaced)         0.155    25.542    atten/softmax/cuInst/softmax/log2/io_out_0[14]_INST_0_i_1_n_11
                         LUT3 (Prop_LUT3_I0_O)        0.053    25.595 r  atten/softmax/cuInst/softmax/log2/io_out_0[11]_INST_0/O
                         net (fo=26, unplaced)        0.252    25.847    atten/softmax/cuInst/softmax/_log2_io_out_0[11]
                         LUT2 (Prop_LUT2_I1_O)        0.037    25.884 r  atten/softmax/cuInst/softmax/exp2Stage2_i_249/O
                         net (fo=1, unplaced)         0.032    25.916    atten/softmax/cuInst/softmax/exp2Stage2_i_249_n_0
                         CARRY8 (Prop_CARRY8_S[3]_O[4])
                                                      0.149    26.065 r  atten/softmax/cuInst/softmax/exp2Stage2_i_25/O[4]
                         net (fo=28, unplaced)        0.212    26.277    atten/softmax/cuInst/softmax/exp2Stage2/io_in_12[12]
                         LUT2 (Prop_LUT2_I0_O)        0.099    26.376 r  atten/softmax/cuInst/softmax/exp2Stage2/io_out_12[15]_INST_0_i_9/O
                         net (fo=1, unplaced)         0.242    26.618    atten/softmax/cuInst/softmax/exp2Stage2/io_out_12[15]_INST_0_i_9_n_0
                         CARRY8 (Prop_CARRY8_DI[2]_CO[3])
                                                      0.134    26.752 r  atten/softmax/cuInst/softmax/exp2Stage2/io_out_12[15]_INST_0_i_3/CO[3]
                         net (fo=16, unplaced)        0.198    26.950    atten/softmax/cuInst/softmax/exp2Stage2/io_out_12[15]_INST_0_i_3_n_4
                         LUT6 (Prop_LUT6_I0_O)        0.053    27.003 f  atten/softmax/cuInst/softmax/exp2Stage2/io_out_12[0]_INST_0/O
                         net (fo=18, unplaced)        0.203    27.206    atten/softmax/cuInst/softmax/toFp_12/cvt/io_in[0]
                         LUT6 (Prop_LUT6_I2_O)        0.100    27.306 r  atten/softmax/cuInst/softmax/toFp_12/cvt/io_out[31]_INST_0_i_28/O
                         net (fo=10, unplaced)        0.230    27.536    atten/softmax/cuInst/softmax/toFp_12/cvt/io_out[31]_INST_0_i_28_n_0
                         LUT5 (Prop_LUT5_I2_O)        0.038    27.574 r  atten/softmax/cuInst/softmax/toFp_12/cvt/io_out[31]_INST_0_i_30/O
                         net (fo=3, unplaced)         0.203    27.777    atten/softmax/cuInst/softmax/toFp_12/cvt/io_out[31]_INST_0_i_30_n_0
                         LUT5 (Prop_LUT5_I1_O)        0.070    27.847 f  atten/softmax/cuInst/softmax/toFp_12/cvt/io_out[31]_INST_0_i_23/O
                         net (fo=3, unplaced)         0.161    28.008    atten/softmax/cuInst/softmax/toFp_12/cvt/io_out[31]_INST_0_i_23_n_0
                         LUT5 (Prop_LUT5_I0_O)        0.090    28.098 r  atten/softmax/cuInst/softmax/toFp_12/cvt/io_out[26]_INST_0_i_1/O
                         net (fo=20, unplaced)        0.246    28.344    atten/softmax/cuInst/softmax/toFp_12/cvt/intAsRawFloat_adjustedNormDist[3]
                         LUT6 (Prop_LUT6_I4_O)        0.038    28.382 f  atten/softmax/cuInst/softmax/toFp_12/cvt/io_out[31]_INST_0_i_4/O
                         net (fo=4, unplaced)         0.169    28.551    atten/softmax/cuInst/softmax/toFp_12/cvt/io_out[31]_INST_0_i_4_n_0
                         LUT6 (Prop_LUT6_I2_O)        0.100    28.651 r  atten/softmax/cuInst/softmax/toFp_12/cvt/roundAnyRawFNToRecFN_i_1/O
                         net (fo=15, unplaced)        0.240    28.891    atten/softmax/cuInst/softmax/toFp_12/cvt/roundAnyRawFNToRecFN/io_in_isZero
                         LUT2 (Prop_LUT2_I1_O)        0.070    28.961 f  atten/softmax/cuInst/softmax/toFp_12/cvt/roundAnyRawFNToRecFN/io_out[20]_INST_0/O
                         net (fo=4, unplaced)         0.210    29.171    atten/softmax/cuInst/softmax/toFp_12/_cvt_io_out[20]
                         LUT5 (Prop_LUT5_I4_O)        0.038    29.209 f  atten/softmax/cuInst/softmax/toFp_12/io_out[1]_INST_0_i_1/O
                         net (fo=2, unplaced)         0.197    29.406    atten/softmax/cuInst/softmax/toFp_12/io_out[1]_INST_0_i_1_n_0
                         LUT5 (Prop_LUT5_I3_O)        0.038    29.444 f  atten/softmax/cuInst/softmax/toFp_12/io_out[1]_INST_0/O
                         net (fo=13, unplaced)        0.236    29.680    atten/softmax/cuInst/softmax/mul_38/io_a[1]
                         LUT6 (Prop_LUT6_I4_O)        0.038    29.718 r  atten/softmax/cuInst/softmax/mul_38/mul_i_97/O
                         net (fo=1, unplaced)         0.197    29.915    atten/softmax/cuInst/softmax/mul_38/mul_i_97_n_0
                         LUT5 (Prop_LUT5_I0_O)        0.038    29.953 r  atten/softmax/cuInst/softmax/mul_38/mul_i_77/O
                         net (fo=1, unplaced)         0.197    30.150    atten/softmax/cuInst/softmax/mul_38/mul_i_77_n_0
                         LUT6 (Prop_LUT6_I0_O)        0.038    30.188 r  atten/softmax/cuInst/softmax/mul_38/mul_i_39/O
                         net (fo=27, unplaced)        0.253    30.441    atten/softmax/cuInst/softmax/mul_38/mul_i_39_n_0
                         LUT3 (Prop_LUT3_I0_O)        0.038    30.479 f  atten/softmax/cuInst/softmax/mul_38/mul_i_50/O
                         net (fo=2, unplaced)         0.197    30.676    atten/softmax/cuInst/softmax/mul_38/mul_i_50_n_0
                         LUT5 (Prop_LUT5_I2_O)        0.038    30.714 f  atten/softmax/cuInst/softmax/mul_38/mul_i_16/O
                         net (fo=1, unplaced)         0.214    30.928    atten/softmax/cuInst/softmax/mul_38/mul/mulRawFN/mulFullRaw/io_rawOut_sig__0/B[16]
                         DSP_A_B_DATA (Prop_DSP_A_B_DATA_B[16]_B2_DATA[16])
                                                      0.151    31.079 r  atten/softmax/cuInst/softmax/mul_38/mul/mulRawFN/mulFullRaw/io_rawOut_sig__0/DSP_A_B_DATA_INST/B2_DATA[16]
                         net (fo=1, unplaced)         0.000    31.079    atten/softmax/cuInst/softmax/mul_38/mul/mulRawFN/mulFullRaw/io_rawOut_sig__0/DSP_A_B_DATA.B2_DATA<16>
                         DSP_PREADD_DATA (Prop_DSP_PREADD_DATA_B2_DATA[16]_B2B1[16])
                                                      0.073    31.152 r  atten/softmax/cuInst/softmax/mul_38/mul/mulRawFN/mulFullRaw/io_rawOut_sig__0/DSP_PREADD_DATA_INST/B2B1[16]
                         net (fo=1, unplaced)         0.000    31.152    atten/softmax/cuInst/softmax/mul_38/mul/mulRawFN/mulFullRaw/io_rawOut_sig__0/DSP_PREADD_DATA.B2B1<16>
                         DSP_MULTIPLIER (Prop_DSP_MULTIPLIER_B2B1[16]_V[19])
                                                      0.609    31.761 f  atten/softmax/cuInst/softmax/mul_38/mul/mulRawFN/mulFullRaw/io_rawOut_sig__0/DSP_MULTIPLIER_INST/V[19]
                         net (fo=1, unplaced)         0.000    31.761    atten/softmax/cuInst/softmax/mul_38/mul/mulRawFN/mulFullRaw/io_rawOut_sig__0/DSP_MULTIPLIER.V<19>
                         DSP_M_DATA (Prop_DSP_M_DATA_V[19]_V_DATA[19])
                                                      0.046    31.807 r  atten/softmax/cuInst/softmax/mul_38/mul/mulRawFN/mulFullRaw/io_rawOut_sig__0/DSP_M_DATA_INST/V_DATA[19]
                         net (fo=1, unplaced)         0.000    31.807    atten/softmax/cuInst/softmax/mul_38/mul/mulRawFN/mulFullRaw/io_rawOut_sig__0/DSP_M_DATA.V_DATA<19>
                         DSP_ALU (Prop_DSP_ALU_V_DATA[19]_ALU_OUT[19])
                                                      0.571    32.378 f  atten/softmax/cuInst/softmax/mul_38/mul/mulRawFN/mulFullRaw/io_rawOut_sig__0/DSP_ALU_INST/ALU_OUT[19]
                         net (fo=1, unplaced)         0.000    32.378    atten/softmax/cuInst/softmax/mul_38/mul/mulRawFN/mulFullRaw/io_rawOut_sig__0/DSP_ALU.ALU_OUT<19>
                         DSP_OUTPUT (Prop_DSP_OUTPUT_ALU_OUT[19]_P[19])
                                                      0.109    32.487 r  atten/softmax/cuInst/softmax/mul_38/mul/mulRawFN/mulFullRaw/io_rawOut_sig__0/DSP_OUTPUT_INST/P[19]
                         net (fo=1, unplaced)         0.211    32.698    atten/softmax/cuInst/softmax/mul_38/mul/mulRawFN/mulFullRaw/io_rawOut_sig__1/C[2]
                         DSP_C_DATA (Prop_DSP_C_DATA_C[2]_C_DATA[2])
                                                      0.105    32.803 r  atten/softmax/cuInst/softmax/mul_38/mul/mulRawFN/mulFullRaw/io_rawOut_sig__1/DSP_C_DATA_INST/C_DATA[2]
                         net (fo=2, unplaced)         0.000    32.803    atten/softmax/cuInst/softmax/mul_38/mul/mulRawFN/mulFullRaw/io_rawOut_sig__1/DSP_C_DATA.C_DATA<2>
                         DSP_ALU (Prop_DSP_ALU_C_DATA[2]_ALU_OUT[3])
                                                      0.585    33.388 r  atten/softmax/cuInst/softmax/mul_38/mul/mulRawFN/mulFullRaw/io_rawOut_sig__1/DSP_ALU_INST/ALU_OUT[3]
                         net (fo=1, unplaced)         0.000    33.388    atten/softmax/cuInst/softmax/mul_38/mul/mulRawFN/mulFullRaw/io_rawOut_sig__1/DSP_ALU.ALU_OUT<3>
                         DSP_OUTPUT (Prop_DSP_OUTPUT_ALU_OUT[3]_P[3])
                                                      0.109    33.497 f  atten/softmax/cuInst/softmax/mul_38/mul/mulRawFN/mulFullRaw/io_rawOut_sig__1/DSP_OUTPUT_INST/P[3]
                         net (fo=1, unplaced)         0.218    33.715    atten/softmax/cuInst/softmax/mul_38/mul/mulRawFN/_mulFullRaw_io_rawOut_sig[20]
                         LUT6 (Prop_LUT6_I0_O)        0.150    33.865 f  atten/softmax/cuInst/softmax/mul_38/mul/mulRawFN/io_rawOut_sig[0]_INST_0_i_2/O
                         net (fo=1, unplaced)         0.155    34.020    atten/softmax/cuInst/softmax/mul_38/mul/mulRawFN/io_rawOut_sig[0]_INST_0_i_2_n_0
                         LUT4 (Prop_LUT4_I1_O)        0.090    34.110 f  atten/softmax/cuInst/softmax/mul_38/mul/mulRawFN/io_rawOut_sig[0]_INST_0/O
                         net (fo=2, unplaced)         0.156    34.266    atten/softmax/cuInst/softmax/mul_38/mul/roundRawFNToRecFN/roundAnyRawFNToRecFN/io_in_sig[0]
                         LUT6 (Prop_LUT6_I5_O)        0.100    34.366 f  atten/softmax/cuInst/softmax/mul_38/mul/roundRawFNToRecFN/roundAnyRawFNToRecFN/io_out[26]_INST_0_i_39/O
                         net (fo=1, unplaced)         0.197    34.563    atten/softmax/cuInst/softmax/mul_38/mul/roundRawFNToRecFN/roundAnyRawFNToRecFN/io_out[26]_INST_0_i_39_n_0
                         LUT5 (Prop_LUT5_I4_O)        0.038    34.601 f  atten/softmax/cuInst/softmax/mul_38/mul/roundRawFNToRecFN/roundAnyRawFNToRecFN/io_out[26]_INST_0_i_12/O
                         net (fo=1, unplaced)         0.152    34.753    atten/softmax/cuInst/softmax/mul_38/mul/roundRawFNToRecFN/roundAnyRawFNToRecFN/io_out[26]_INST_0_i_12_n_0
                         LUT6 (Prop_LUT6_I3_O)        0.053    34.806 f  atten/softmax/cuInst/softmax/mul_38/mul/roundRawFNToRecFN/roundAnyRawFNToRecFN/io_out[26]_INST_0_i_4/O
                         net (fo=27, unplaced)        0.211    35.017    atten/softmax/cuInst/softmax/mul_38/mul/roundRawFNToRecFN/roundAnyRawFNToRecFN/io_out[26]_INST_0_i_4_n_0
                         LUT4 (Prop_LUT4_I1_O)        0.112    35.129 f  atten/softmax/cuInst/softmax/mul_38/mul/roundRawFNToRecFN/roundAnyRawFNToRecFN/io_out[26]_INST_0_i_1/O
                         net (fo=8, unplaced)         0.225    35.354    atten/softmax/cuInst/softmax/mul_38/mul/roundRawFNToRecFN/roundAnyRawFNToRecFN/io_out[26]_INST_0_i_1_n_0
                         LUT6 (Prop_LUT6_I4_O)        0.038    35.392 r  atten/softmax/cuInst/softmax/mul_38/mul/roundRawFNToRecFN/roundAnyRawFNToRecFN/io_out[28]_INST_0_i_1/O
                         net (fo=6, unplaced)         0.219    35.611    atten/softmax/cuInst/softmax/mul_38/mul/roundRawFNToRecFN/roundAnyRawFNToRecFN/io_out[28]_INST_0_i_1_n_0
                         LUT3 (Prop_LUT3_I0_O)        0.068    35.679 r  atten/softmax/cuInst/softmax/mul_38/mul/roundRawFNToRecFN/roundAnyRawFNToRecFN/io_out[30]_INST_0_i_5/O
                         net (fo=1, unplaced)         0.242    35.921    atten/softmax/cuInst/softmax/mul_38/mul/roundRawFNToRecFN/roundAnyRawFNToRecFN/io_out[30]_INST_0_i_5_n_0
                         CARRY8 (Prop_CARRY8_DI[2]_CO[5])
                                                      0.148    36.069 r  atten/softmax/cuInst/softmax/mul_38/mul/roundRawFNToRecFN/roundAnyRawFNToRecFN/io_out[30]_INST_0_i_1/CO[5]
                         net (fo=5, unplaced)         0.141    36.210    atten/softmax/cuInst/softmax/mul_38/mul/roundRawFNToRecFN/roundAnyRawFNToRecFN/common_totalUnderflow
                         LUT2 (Prop_LUT2_I0_O)        0.038    36.248 r  atten/softmax/cuInst/softmax/mul_38/mul/roundRawFNToRecFN/roundAnyRawFNToRecFN/io_out[31]_INST_0_i_3/O
                         net (fo=1, unplaced)         0.197    36.445    atten/softmax/cuInst/softmax/mul_38/mul/roundRawFNToRecFN/roundAnyRawFNToRecFN/io_out[31]_INST_0_i_3_n_0
                         LUT6 (Prop_LUT6_I3_O)        0.038    36.483 f  atten/softmax/cuInst/softmax/mul_38/mul/roundRawFNToRecFN/roundAnyRawFNToRecFN/io_out[31]_INST_0/O
                         net (fo=12, unplaced)        0.235    36.718    atten/softmax/cuInst/softmax/mul_38/_mul_io_out[31]
                         LUT3 (Prop_LUT3_I0_O)        0.038    36.756 f  atten/softmax/cuInst/softmax/mul_38/io_out[21]_INST_0_i_3/O
                         net (fo=4, unplaced)         0.210    36.966    atten/softmax/cuInst/softmax/mul_38/io_out[21]_INST_0_i_3_n_0
                         LUT5 (Prop_LUT5_I2_O)        0.038    37.004 f  atten/softmax/cuInst/softmax/mul_38/io_out[0]_INST_0_i_2/O
                         net (fo=3, unplaced)         0.203    37.207    atten/softmax/cuInst/softmax/mul_38/io_out[0]_INST_0_i_2_n_0
                         LUT6 (Prop_LUT6_I5_O)        0.038    37.245 f  atten/softmax/cuInst/softmax/mul_38/io_out[6]_INST_0_i_2/O
                         net (fo=2, unplaced)         0.197    37.442    atten/softmax/cuInst/softmax/mul_38/io_out[6]_INST_0_i_2_n_0
                         LUT3 (Prop_LUT3_I0_O)        0.070    37.512 f  atten/softmax/cuInst/softmax/mul_38/io_out[4]_INST_0_i_1/O
                         net (fo=2, unplaced)         0.197    37.709    atten/softmax/cuInst/softmax/mul_38/io_out[4]_INST_0_i_1_n_0
                         LUT6 (Prop_LUT6_I0_O)        0.038    37.747 f  atten/softmax/cuInst/softmax/mul_38/io_out[4]_INST_0/O
                         net (fo=1, unplaced)         0.197    37.944    atten/softmax/cuInst/softmax/_mul_38_io_out[4]
                         LUT2 (Prop_LUT2_I1_O)        0.038    37.982 f  atten/softmax/cuInst/softmax/io_out_12[4]_INST_0/O
                         net (fo=10, unplaced)        0.230    38.212    atten/dm2/ctxQuant/mul_12/io_a[4]
                         LUT4 (Prop_LUT4_I3_O)        0.038    38.250 f  atten/dm2/ctxQuant/mul_12/mul_i_134/O
                         net (fo=2, unplaced)         0.197    38.447    atten/dm2/ctxQuant/mul_12/mul_i_134_n_0
                         LUT5 (Prop_LUT5_I2_O)        0.038    38.485 r  atten/dm2/ctxQuant/mul_12/mul_i_73/O
                         net (fo=29, unplaced)        0.255    38.740    atten/dm2/ctxQuant/mul_12/mul_i_73_n_0
                         LUT6 (Prop_LUT6_I2_O)        0.038    38.778 f  atten/dm2/ctxQuant/mul_12/mul_i_159/O
                         net (fo=2, unplaced)         0.197    38.975    atten/dm2/ctxQuant/mul_12/mul_i_159_n_0
                         LUT3 (Prop_LUT3_I2_O)        0.038    39.013 f  atten/dm2/ctxQuant/mul_12/mul_i_83/O
                         net (fo=2, unplaced)         0.197    39.210    atten/dm2/ctxQuant/mul_12/mul_i_83_n_0
                         LUT5 (Prop_LUT5_I2_O)        0.038    39.248 f  atten/dm2/ctxQuant/mul_12/mul_i_16/O
                         net (fo=1, unplaced)         0.214    39.462    atten/dm2/ctxQuant/mul_12/mul/mulRawFN/mulFullRaw/io_rawOut_sig__0/B[16]
                         DSP_A_B_DATA (Prop_DSP_A_B_DATA_B[16]_B2_DATA[16])
                                                      0.151    39.613 r  atten/dm2/ctxQuant/mul_12/mul/mulRawFN/mulFullRaw/io_rawOut_sig__0/DSP_A_B_DATA_INST/B2_DATA[16]
                         net (fo=1, unplaced)         0.000    39.613    atten/dm2/ctxQuant/mul_12/mul/mulRawFN/mulFullRaw/io_rawOut_sig__0/DSP_A_B_DATA.B2_DATA<16>
                         DSP_PREADD_DATA (Prop_DSP_PREADD_DATA_B2_DATA[16]_B2B1[16])
                                                      0.073    39.686 r  atten/dm2/ctxQuant/mul_12/mul/mulRawFN/mulFullRaw/io_rawOut_sig__0/DSP_PREADD_DATA_INST/B2B1[16]
                         net (fo=1, unplaced)         0.000    39.686    atten/dm2/ctxQuant/mul_12/mul/mulRawFN/mulFullRaw/io_rawOut_sig__0/DSP_PREADD_DATA.B2B1<16>
                         DSP_MULTIPLIER (Prop_DSP_MULTIPLIER_B2B1[16]_V[19])
                                                      0.609    40.295 f  atten/dm2/ctxQuant/mul_12/mul/mulRawFN/mulFullRaw/io_rawOut_sig__0/DSP_MULTIPLIER_INST/V[19]
                         net (fo=1, unplaced)         0.000    40.295    atten/dm2/ctxQuant/mul_12/mul/mulRawFN/mulFullRaw/io_rawOut_sig__0/DSP_MULTIPLIER.V<19>
                         DSP_M_DATA (Prop_DSP_M_DATA_V[19]_V_DATA[19])
                                                      0.046    40.341 r  atten/dm2/ctxQuant/mul_12/mul/mulRawFN/mulFullRaw/io_rawOut_sig__0/DSP_M_DATA_INST/V_DATA[19]
                         net (fo=1, unplaced)         0.000    40.341    atten/dm2/ctxQuant/mul_12/mul/mulRawFN/mulFullRaw/io_rawOut_sig__0/DSP_M_DATA.V_DATA<19>
                         DSP_ALU (Prop_DSP_ALU_V_DATA[19]_ALU_OUT[19])
                                                      0.571    40.912 f  atten/dm2/ctxQuant/mul_12/mul/mulRawFN/mulFullRaw/io_rawOut_sig__0/DSP_ALU_INST/ALU_OUT[19]
                         net (fo=1, unplaced)         0.000    40.912    atten/dm2/ctxQuant/mul_12/mul/mulRawFN/mulFullRaw/io_rawOut_sig__0/DSP_ALU.ALU_OUT<19>
                         DSP_OUTPUT (Prop_DSP_OUTPUT_ALU_OUT[19]_P[19])
                                                      0.109    41.021 r  atten/dm2/ctxQuant/mul_12/mul/mulRawFN/mulFullRaw/io_rawOut_sig__0/DSP_OUTPUT_INST/P[19]
                         net (fo=1, unplaced)         0.211    41.232    atten/dm2/ctxQuant/mul_12/mul/mulRawFN/mulFullRaw/io_rawOut_sig__1/C[2]
                         DSP_C_DATA (Prop_DSP_C_DATA_C[2]_C_DATA[2])
                                                      0.105    41.337 r  atten/dm2/ctxQuant/mul_12/mul/mulRawFN/mulFullRaw/io_rawOut_sig__1/DSP_C_DATA_INST/C_DATA[2]
                         net (fo=2, unplaced)         0.000    41.337    atten/dm2/ctxQuant/mul_12/mul/mulRawFN/mulFullRaw/io_rawOut_sig__1/DSP_C_DATA.C_DATA<2>
                         DSP_ALU (Prop_DSP_ALU_C_DATA[2]_ALU_OUT[3])
                                                      0.585    41.922 r  atten/dm2/ctxQuant/mul_12/mul/mulRawFN/mulFullRaw/io_rawOut_sig__1/DSP_ALU_INST/ALU_OUT[3]
                         net (fo=1, unplaced)         0.000    41.922    atten/dm2/ctxQuant/mul_12/mul/mulRawFN/mulFullRaw/io_rawOut_sig__1/DSP_ALU.ALU_OUT<3>
                         DSP_OUTPUT (Prop_DSP_OUTPUT_ALU_OUT[3]_P[3])
                                                      0.109    42.031 f  atten/dm2/ctxQuant/mul_12/mul/mulRawFN/mulFullRaw/io_rawOut_sig__1/DSP_OUTPUT_INST/P[3]
                         net (fo=1, unplaced)         0.218    42.249    atten/dm2/ctxQuant/mul_12/mul/mulRawFN/_mulFullRaw_io_rawOut_sig[20]
                         LUT6 (Prop_LUT6_I0_O)        0.150    42.399 f  atten/dm2/ctxQuant/mul_12/mul/mulRawFN/io_rawOut_sig[0]_INST_0_i_2/O
                         net (fo=1, unplaced)         0.155    42.554    atten/dm2/ctxQuant/mul_12/mul/mulRawFN/io_rawOut_sig[0]_INST_0_i_2_n_0
                         LUT4 (Prop_LUT4_I1_O)        0.090    42.644 f  atten/dm2/ctxQuant/mul_12/mul/mulRawFN/io_rawOut_sig[0]_INST_0/O
                         net (fo=2, unplaced)         0.156    42.800    atten/dm2/ctxQuant/mul_12/mul/roundRawFNToRecFN/roundAnyRawFNToRecFN/io_in_sig[0]
                         LUT6 (Prop_LUT6_I5_O)        0.100    42.900 f  atten/dm2/ctxQuant/mul_12/mul/roundRawFNToRecFN/roundAnyRawFNToRecFN/io_out[26]_INST_0_i_39/O
                         net (fo=1, unplaced)         0.197    43.097    atten/dm2/ctxQuant/mul_12/mul/roundRawFNToRecFN/roundAnyRawFNToRecFN/io_out[26]_INST_0_i_39_n_0
                         LUT5 (Prop_LUT5_I4_O)        0.038    43.135 f  atten/dm2/ctxQuant/mul_12/mul/roundRawFNToRecFN/roundAnyRawFNToRecFN/io_out[26]_INST_0_i_12/O
                         net (fo=1, unplaced)         0.152    43.287    atten/dm2/ctxQuant/mul_12/mul/roundRawFNToRecFN/roundAnyRawFNToRecFN/io_out[26]_INST_0_i_12_n_0
                         LUT6 (Prop_LUT6_I3_O)        0.053    43.340 f  atten/dm2/ctxQuant/mul_12/mul/roundRawFNToRecFN/roundAnyRawFNToRecFN/io_out[26]_INST_0_i_4/O
                         net (fo=27, unplaced)        0.211    43.551    atten/dm2/ctxQuant/mul_12/mul/roundRawFNToRecFN/roundAnyRawFNToRecFN/io_out[26]_INST_0_i_4_n_0
                         LUT4 (Prop_LUT4_I1_O)        0.112    43.663 f  atten/dm2/ctxQuant/mul_12/mul/roundRawFNToRecFN/roundAnyRawFNToRecFN/io_out[26]_INST_0_i_1/O
                         net (fo=8, unplaced)         0.225    43.888    atten/dm2/ctxQuant/mul_12/mul/roundRawFNToRecFN/roundAnyRawFNToRecFN/io_out[26]_INST_0_i_1_n_0
                         LUT6 (Prop_LUT6_I4_O)        0.038    43.926 r  atten/dm2/ctxQuant/mul_12/mul/roundRawFNToRecFN/roundAnyRawFNToRecFN/io_out[28]_INST_0_i_1/O
                         net (fo=6, unplaced)         0.219    44.145    atten/dm2/ctxQuant/mul_12/mul/roundRawFNToRecFN/roundAnyRawFNToRecFN/io_out[28]_INST_0_i_1_n_0
                         LUT3 (Prop_LUT3_I0_O)        0.068    44.213 f  atten/dm2/ctxQuant/mul_12/mul/roundRawFNToRecFN/roundAnyRawFNToRecFN/io_out[30]_INST_0_i_5/O
                         net (fo=1, unplaced)         0.242    44.455    atten/dm2/ctxQuant/mul_12/mul/roundRawFNToRecFN/roundAnyRawFNToRecFN/io_out[30]_INST_0_i_5_n_0
                         CARRY8 (Prop_CARRY8_DI[2]_CO[5])
                                                      0.148    44.603 f  atten/dm2/ctxQuant/mul_12/mul/roundRawFNToRecFN/roundAnyRawFNToRecFN/io_out[30]_INST_0_i_1/CO[5]
                         net (fo=5, unplaced)         0.141    44.744    atten/dm2/ctxQuant/mul_12/mul/roundRawFNToRecFN/roundAnyRawFNToRecFN/common_totalUnderflow
                         LUT2 (Prop_LUT2_I0_O)        0.038    44.782 f  atten/dm2/ctxQuant/mul_12/mul/roundRawFNToRecFN/roundAnyRawFNToRecFN/io_out[31]_INST_0_i_3/O
                         net (fo=1, unplaced)         0.197    44.979    atten/dm2/ctxQuant/mul_12/mul/roundRawFNToRecFN/roundAnyRawFNToRecFN/io_out[31]_INST_0_i_3_n_0
                         LUT6 (Prop_LUT6_I3_O)        0.038    45.017 r  atten/dm2/ctxQuant/mul_12/mul/roundRawFNToRecFN/roundAnyRawFNToRecFN/io_out[31]_INST_0/O
                         net (fo=12, unplaced)        0.235    45.252    atten/dm2/ctxQuant/mul_12/_mul_io_out[31]
                         LUT3 (Prop_LUT3_I0_O)        0.038    45.290 r  atten/dm2/ctxQuant/mul_12/io_out[21]_INST_0_i_3/O
                         net (fo=4, unplaced)         0.210    45.500    atten/dm2/ctxQuant/mul_12/io_out[21]_INST_0_i_3_n_0
                         LUT5 (Prop_LUT5_I2_O)        0.038    45.538 r  atten/dm2/ctxQuant/mul_12/io_out[0]_INST_0_i_2/O
                         net (fo=3, unplaced)         0.203    45.741    atten/dm2/ctxQuant/mul_12/io_out[0]_INST_0_i_2_n_0
                         LUT6 (Prop_LUT6_I5_O)        0.038    45.779 r  atten/dm2/ctxQuant/mul_12/io_out[6]_INST_0_i_2/O
                         net (fo=2, unplaced)         0.197    45.976    atten/dm2/ctxQuant/mul_12/io_out[6]_INST_0_i_2_n_0
                         LUT3 (Prop_LUT3_I0_O)        0.070    46.046 r  atten/dm2/ctxQuant/mul_12/io_out[4]_INST_0_i_1/O
                         net (fo=2, unplaced)         0.197    46.243    atten/dm2/ctxQuant/mul_12/io_out[4]_INST_0_i_1_n_0
                         LUT6 (Prop_LUT6_I2_O)        0.038    46.281 r  atten/dm2/ctxQuant/mul_12/io_out[3]_INST_0/O
                         net (fo=11, unplaced)        0.233    46.514    atten/dm2/ctxQuant/add_12/io_a[3]
                         LUT6 (Prop_LUT6_I5_O)        0.038    46.552 r  atten/dm2/ctxQuant/add_12/add_i_141/O
                         net (fo=1, unplaced)         0.197    46.749    atten/dm2/ctxQuant/add_12/add_i_141_n_0
                         LUT6 (Prop_LUT6_I0_O)        0.038    46.787 r  atten/dm2/ctxQuant/add_12/add_i_74/O
                         net (fo=26, unplaced)        0.252    47.039    atten/dm2/ctxQuant/add_12/add_i_74_n_0
                         LUT6 (Prop_LUT6_I4_O)        0.038    47.077 r  atten/dm2/ctxQuant/add_12/add_i_70/O
                         net (fo=3, unplaced)         0.203    47.280    atten/dm2/ctxQuant/add_12/add_i_70_n_0
                         LUT6 (Prop_LUT6_I2_O)        0.038    47.318 r  atten/dm2/ctxQuant/add_12/add_i_67/O
                         net (fo=2, unplaced)         0.197    47.515    atten/dm2/ctxQuant/add_12/add_i_67_n_0
                         LUT3 (Prop_LUT3_I0_O)        0.038    47.553 r  atten/dm2/ctxQuant/add_12/add_i_4/O
                         net (fo=5, unplaced)         0.215    47.768    atten/dm2/ctxQuant/add_12/add/addRawFN/io_a_sExp[5]
                         LUT2 (Prop_LUT2_I0_O)        0.037    47.805 r  atten/dm2/ctxQuant/add_12/add/addRawFN/io_rawOut_sExp[5]_INST_0_i_6/O
                         net (fo=1, unplaced)         0.029    47.834    atten/dm2/ctxQuant/add_12/add/addRawFN/io_rawOut_sExp[5]_INST_0_i_6_n_0
                         CARRY8 (Prop_CARRY8_S[5]_CO[7])
                                                      0.166    48.000 r  atten/dm2/ctxQuant/add_12/add/addRawFN/io_rawOut_sExp[5]_INST_0_i_2/CO[7]
                         net (fo=1, unplaced)         0.005    48.005    atten/dm2/ctxQuant/add_12/add/addRawFN/io_rawOut_sExp[5]_INST_0_i_2_n_0
                         CARRY8 (Prop_CARRY8_CI_CO[1])
                                                      0.042    48.047 r  atten/dm2/ctxQuant/add_12/add/addRawFN/io_rawOut_sExp[5]_INST_0_i_1/CO[1]
                         net (fo=154, unplaced)       0.249    48.296    atten/dm2/ctxQuant/add_12/add/addRawFN/io_rawOut_sExp[5]_INST_0_i_1_n_6
                         LUT5 (Prop_LUT5_I4_O)        0.038    48.334 r  atten/dm2/ctxQuant/add_12/add/addRawFN/io_rawOut_sig[6]_INST_0_i_33/O
                         net (fo=3, unplaced)         0.203    48.537    atten/dm2/ctxQuant/add_12/add/addRawFN/p_1_in[2]
                         LUT2 (Prop_LUT2_I0_O)        0.068    48.605 r  atten/dm2/ctxQuant/add_12/add/addRawFN/io_rawOut_sig[6]_INST_0_i_10/O
                         net (fo=1, unplaced)         0.242    48.847    atten/dm2/ctxQuant/add_12/add/addRawFN/io_rawOut_sig[6]_INST_0_i_10_n_0
                         CARRY8 (Prop_CARRY8_DI[2]_O[4])
                                                      0.150    48.997 f  atten/dm2/ctxQuant/add_12/add/addRawFN/io_rawOut_sig[6]_INST_0_i_3/O[4]
                         net (fo=3, unplaced)         0.210    49.207    atten/dm2/ctxQuant/add_12/add/addRawFN/_close_sSigSum_T_3[5]
                         LUT1 (Prop_LUT1_I0_O)        0.037    49.244 r  atten/dm2/ctxQuant/add_12/add/addRawFN/io_rawOut_sig[6]_INST_0_i_22/O
                         net (fo=1, unplaced)         0.029    49.273    atten/dm2/ctxQuant/add_12/add/addRawFN/io_rawOut_sig[6]_INST_0_i_22_n_0
                         CARRY8 (Prop_CARRY8_S[5]_CO[7])
                                                      0.166    49.439 r  atten/dm2/ctxQuant/add_12/add/addRawFN/io_rawOut_sig[6]_INST_0_i_4/CO[7]
                         net (fo=1, unplaced)         0.005    49.444    atten/dm2/ctxQuant/add_12/add/addRawFN/io_rawOut_sig[6]_INST_0_i_4_n_0
                         CARRY8 (Prop_CARRY8_CI_O[2])
                                                      0.067    49.511 f  atten/dm2/ctxQuant/add_12/add/addRawFN/io_rawOut_sExp[4]_INST_0_i_12/O[2]
                         net (fo=4, unplaced)         0.214    49.725    atten/dm2/ctxQuant/add_12/add/addRawFN/io_rawOut_sExp[4]_INST_0_i_12_n_13
                         LUT5 (Prop_LUT5_I1_O)        0.090    49.815 f  atten/dm2/ctxQuant/add_12/add/addRawFN/io_rawOut_sExp[4]_INST_0_i_7/O
                         net (fo=6, unplaced)         0.177    49.992    atten/dm2/ctxQuant/add_12/add/addRawFN/io_rawOut_sExp[4]_INST_0_i_7_n_0
                         LUT6 (Prop_LUT6_I5_O)        0.090    50.082 f  atten/dm2/ctxQuant/add_12/add/addRawFN/io_rawOut_sExp[2]_INST_0_i_3/O
                         net (fo=1, unplaced)         0.155    50.237    atten/dm2/ctxQuant/add_12/add/addRawFN/io_rawOut_sExp[2]_INST_0_i_3_n_0
                         LUT5 (Prop_LUT5_I1_O)        0.090    50.327 f  atten/dm2/ctxQuant/add_12/add/addRawFN/io_rawOut_sExp[2]_INST_0_i_1/O
                         net (fo=35, unplaced)        0.259    50.586    atten/dm2/ctxQuant/add_12/add/addRawFN/close_normDistReduced2[1]
                         LUT6 (Prop_LUT6_I4_O)        0.038    50.624 r  atten/dm2/ctxQuant/add_12/add/addRawFN/io_rawOut_sExp[9]_INST_0_i_6/O
                         net (fo=2, unplaced)         0.197    50.821    atten/dm2/ctxQuant/add_12/add/addRawFN/io_rawOut_sExp[9]_INST_0_i_6_n_0
                         LUT6 (Prop_LUT6_I0_O)        0.038    50.859 r  atten/dm2/ctxQuant/add_12/add/addRawFN/io_rawOut_sExp[9]_INST_0_i_3/O
                         net (fo=4, unplaced)         0.210    51.069    atten/dm2/ctxQuant/add_12/add/addRawFN/io_rawOut_sExp[9]_INST_0_i_3_n_0
                         LUT6 (Prop_LUT6_I2_O)        0.038    51.107 r  atten/dm2/ctxQuant/add_12/add/addRawFN/io_rawOut_sExp[6]_INST_0/O
                         net (fo=25, unplaced)        0.210    51.317    atten/dm2/ctxQuant/add_12/add/roundRawFNToRecFN/roundAnyRawFNToRecFN/io_in_sExp[6]
                         LUT5 (Prop_LUT5_I1_O)        0.100    51.417 r  atten/dm2/ctxQuant/add_12/add/roundRawFNToRecFN/roundAnyRawFNToRecFN/io_out[26]_INST_0_i_15/O
                         net (fo=27, unplaced)        0.211    51.628    atten/dm2/ctxQuant/add_12/add/roundRawFNToRecFN/roundAnyRawFNToRecFN/io_out[26]_INST_0_i_15_n_0
                         LUT6 (Prop_LUT6_I2_O)        0.090    51.718 r  atten/dm2/ctxQuant/add_12/add/roundRawFNToRecFN/roundAnyRawFNToRecFN/io_out[26]_INST_0_i_39/O
                         net (fo=1, unplaced)         0.156    51.874    atten/dm2/ctxQuant/add_12/add/roundRawFNToRecFN/roundAnyRawFNToRecFN/io_out[26]_INST_0_i_39_n_0
                         LUT6 (Prop_LUT6_I2_O)        0.100    51.974 r  atten/dm2/ctxQuant/add_12/add/roundRawFNToRecFN/roundAnyRawFNToRecFN/io_out[26]_INST_0_i_11/O
                         net (fo=1, unplaced)         0.155    52.129    atten/dm2/ctxQuant/add_12/add/roundRawFNToRecFN/roundAnyRawFNToRecFN/io_out[26]_INST_0_i_11_n_0
                         LUT6 (Prop_LUT6_I2_O)        0.090    52.219 r  atten/dm2/ctxQuant/add_12/add/roundRawFNToRecFN/roundAnyRawFNToRecFN/io_out[26]_INST_0_i_3/O
                         net (fo=28, unplaced)        0.212    52.431    atten/dm2/ctxQuant/add_12/add/roundRawFNToRecFN/roundAnyRawFNToRecFN/io_out[26]_INST_0_i_3_n_0
                         LUT4 (Prop_LUT4_I0_O)        0.090    52.521 f  atten/dm2/ctxQuant/add_12/add/roundRawFNToRecFN/roundAnyRawFNToRecFN/io_out[26]_INST_0_i_1/O
                         net (fo=8, unplaced)         0.225    52.746    atten/dm2/ctxQuant/add_12/add/roundRawFNToRecFN/roundAnyRawFNToRecFN/io_out[26]_INST_0_i_1_n_0
                         LUT6 (Prop_LUT6_I4_O)        0.038    52.784 r  atten/dm2/ctxQuant/add_12/add/roundRawFNToRecFN/roundAnyRawFNToRecFN/io_out[28]_INST_0_i_1/O
                         net (fo=6, unplaced)         0.219    53.003    atten/dm2/ctxQuant/add_12/add/roundRawFNToRecFN/roundAnyRawFNToRecFN/io_out[28]_INST_0_i_1_n_0
                         LUT3 (Prop_LUT3_I0_O)        0.068    53.071 f  atten/dm2/ctxQuant/add_12/add/roundRawFNToRecFN/roundAnyRawFNToRecFN/io_out[30]_INST_0_i_5/O
                         net (fo=1, unplaced)         0.242    53.313    atten/dm2/ctxQuant/add_12/add/roundRawFNToRecFN/roundAnyRawFNToRecFN/io_out[30]_INST_0_i_5_n_0
                         CARRY8 (Prop_CARRY8_DI[2]_CO[5])
                                                      0.148    53.461 f  atten/dm2/ctxQuant/add_12/add/roundRawFNToRecFN/roundAnyRawFNToRecFN/io_out[30]_INST_0_i_1/CO[5]
                         net (fo=5, unplaced)         0.141    53.602    atten/dm2/ctxQuant/add_12/add/roundRawFNToRecFN/roundAnyRawFNToRecFN/common_totalUnderflow
                         LUT2 (Prop_LUT2_I0_O)        0.038    53.640 f  atten/dm2/ctxQuant/add_12/add/roundRawFNToRecFN/roundAnyRawFNToRecFN/io_out[31]_INST_0_i_3/O
                         net (fo=1, unplaced)         0.197    53.837    atten/dm2/ctxQuant/add_12/add/roundRawFNToRecFN/roundAnyRawFNToRecFN/io_out[31]_INST_0_i_3_n_0
                         LUT6 (Prop_LUT6_I3_O)        0.038    53.875 r  atten/dm2/ctxQuant/add_12/add/roundRawFNToRecFN/roundAnyRawFNToRecFN/io_out[31]_INST_0/O
                         net (fo=12, unplaced)        0.235    54.110    atten/dm2/ctxQuant/add_12/_add_io_out[31]
                         LUT3 (Prop_LUT3_I1_O)        0.038    54.148 r  atten/dm2/ctxQuant/add_12/io_out[21]_INST_0_i_3/O
                         net (fo=4, unplaced)         0.210    54.358    atten/dm2/ctxQuant/add_12/io_out[21]_INST_0_i_3_n_0
                         LUT5 (Prop_LUT5_I2_O)        0.038    54.396 r  atten/dm2/ctxQuant/add_12/io_out[2]_INST_0_i_2/O
                         net (fo=3, unplaced)         0.203    54.599    atten/dm2/ctxQuant/add_12/io_out[2]_INST_0_i_2_n_0
                         LUT6 (Prop_LUT6_I5_O)        0.038    54.637 r  atten/dm2/ctxQuant/add_12/io_out[6]_INST_0_i_2/O
                         net (fo=2, unplaced)         0.197    54.834    atten/dm2/ctxQuant/add_12/io_out[6]_INST_0_i_2_n_0
                         LUT3 (Prop_LUT3_I2_O)        0.038    54.872 r  atten/dm2/ctxQuant/add_12/io_out[6]_INST_0_i_1/O
                         net (fo=2, unplaced)         0.197    55.069    atten/dm2/ctxQuant/add_12/io_out[6]_INST_0_i_1_n_0
                         LUT6 (Prop_LUT6_I2_O)        0.038    55.107 r  atten/dm2/ctxQuant/add_12/io_out[5]_INST_0/O
                         net (fo=10, unplaced)        0.189    55.296    atten/dm2/ctxQuant/toInt_12/io_in[5]
                         LUT6 (Prop_LUT6_I0_O)        0.100    55.396 f  atten/dm2/ctxQuant/toInt_12/cvt_i_76/O
                         net (fo=1, unplaced)         0.197    55.593    atten/dm2/ctxQuant/toInt_12/cvt_i_76_n_0
                         LUT6 (Prop_LUT6_I0_O)        0.038    55.631 f  atten/dm2/ctxQuant/toInt_12/cvt_i_43/O
                         net (fo=26, unplaced)        0.252    55.883    atten/dm2/ctxQuant/toInt_12/cvt_i_43_n_0
                         LUT6 (Prop_LUT6_I4_O)        0.038    55.921 f  atten/dm2/ctxQuant/toInt_12/cvt_i_39/O
                         net (fo=3, unplaced)         0.203    56.124    atten/dm2/ctxQuant/toInt_12/cvt_i_39_n_0
                         LUT6 (Prop_LUT6_I2_O)        0.038    56.162 r  atten/dm2/ctxQuant/toInt_12/cvt_i_33/O
                         net (fo=2, unplaced)         0.197    56.359    atten/dm2/ctxQuant/toInt_12/cvt_i_33_n_0
                         LUT3 (Prop_LUT3_I0_O)        0.038    56.397 r  atten/dm2/ctxQuant/toInt_12/cvt_i_1/O
                         net (fo=35, unplaced)        0.259    56.656    atten/dm2/ctxQuant/toInt_12/cvt/io_in[31]
                         LUT2 (Prop_LUT2_I0_O)        0.038    56.694 r  atten/dm2/ctxQuant/toInt_12/cvt/io_out[1]_INST_0_i_4/O
                         net (fo=6, unplaced)         0.219    56.913    atten/dm2/ctxQuant/toInt_12/cvt/io_out[1]_INST_0_i_4_n_0
                         LUT6 (Prop_LUT6_I4_O)        0.038    56.951 f  atten/dm2/ctxQuant/toInt_12/cvt/io_out[1]_INST_0_i_3/O
                         net (fo=1, unplaced)         0.197    57.148    atten/dm2/ctxQuant/toInt_12/cvt/io_out[1]_INST_0_i_3_n_0
                         LUT6 (Prop_LUT6_I0_O)        0.038    57.186 f  atten/dm2/ctxQuant/toInt_12/cvt/io_out[1]_INST_0_i_2/O
                         net (fo=4, unplaced)         0.169    57.355    atten/dm2/ctxQuant/toInt_12/cvt/io_out[1]_INST_0_i_2_n_0
                         LUT6 (Prop_LUT6_I0_O)        0.100    57.455 r  atten/dm2/ctxQuant/toInt_12/cvt/io_out[7]_INST_0_i_7/O
                         net (fo=1, unplaced)         0.155    57.610    atten/dm2/ctxQuant/toInt_12/cvt/io_out[7]_INST_0_i_7_n_0
                         LUT6 (Prop_LUT6_I0_O)        0.090    57.700 r  atten/dm2/ctxQuant/toInt_12/cvt/io_out[7]_INST_0_i_2/O
                         net (fo=8, unplaced)         0.180    57.880    atten/dm2/ctxQuant/toInt_12/cvt/io_out[7]_INST_0_i_2_n_0
                         LUT6 (Prop_LUT6_I3_O)        0.053    57.933 r  atten/dm2/ctxQuant/toInt_12/cvt/io_out[6]_INST_0/O
                         net (fo=1, unplaced)         0.146    58.079    atten/dm2/ctxmemInst/mem/mem_ext/W0_data[102]
                         RAMB36E2                                     r  atten/dm2/ctxmemInst/mem/mem_ext/Memory_reg_1/DINADIN[30]
  -------------------------------------------------------------------    -------------------

                         (clock clk rise edge)       10.000    10.000 r  
                                                      0.000    10.000 r  clock (IN)
                         net (fo=803906, unset)       0.000    10.000    atten/dm2/ctxmemInst/mem/mem_ext/R0_clk
                         RAMB36E2                                     r  atten/dm2/ctxmemInst/mem/mem_ext/Memory_reg_1/CLKBWRCLK
                         clock pessimism              0.000    10.000    
                         clock uncertainty           -0.035     9.965    
                         RAMB36E2 (Setup_RAMB36E2_CLKBWRCLK_DINADIN[30])
                                                     -0.327     9.638    atten/dm2/ctxmemInst/mem/mem_ext/Memory_reg_1
  -------------------------------------------------------------------
                         required time                          9.638    
                         arrival time                         -58.079    
  -------------------------------------------------------------------
                         slack                                -48.441    

Slack (VIOLATED) :        -48.431ns  (required time - arrival time)
  Source:                 atten/softmax/memInst/mem/mem_ext/Memory_reg_uram_6/CLK
                            (rising edge-triggered cell URAM288 clocked by clk  {rise@0.000ns fall@5.000ns period=10.000ns})
  Destination:            atten/dm2/ctxmemInst/mem/mem_ext/Memory_reg_0/DINADIN[10]
                            (rising edge-triggered cell RAMB36E2 clocked by clk  {rise@0.000ns fall@5.000ns period=10.000ns})
  Path Group:             clk
  Path Type:              Setup (Max at Slow Process Corner)
  Requirement:            10.000ns  (clk rise@10.000ns - clk rise@0.000ns)
  Data Path Delay:        58.134ns  (logic 22.550ns (38.790%)  route 35.584ns (61.210%))
  Logic Levels:           203  (CARRY8=23 DSP_A_B_DATA=4 DSP_ALU=7 DSP_C_DATA=3 DSP_M_DATA=4 DSP_MULTIPLIER=4 DSP_OUTPUT=7 DSP_PREADD_DATA=4 LUT1=1 LUT2=15 LUT3=25 LUT4=13 LUT5=26 LUT6=67)
  Clock Uncertainty:      0.035ns  ((TSJ^2 + TIJ^2)^1/2 + DJ) / 2 + PE
    Total System Jitter     (TSJ):    0.071ns
    Total Input Jitter      (TIJ):    0.000ns
    Discrete Jitter          (DJ):    0.000ns
    Phase Error              (PE):    0.000ns

    Location             Delay type                Incr(ns)  Path(ns)    Netlist Resource(s)
  -------------------------------------------------------------------    -------------------
                         (clock clk rise edge)        0.000     0.000 r  
                                                      0.000     0.000 r  clock (IN)
                         net (fo=803906, unset)       0.000     0.000    atten/softmax/memInst/mem/mem_ext/R0_clk
                         URAM288                                      r  atten/softmax/memInst/mem/mem_ext/Memory_reg_uram_6/CLK
  -------------------------------------------------------------------    -------------------
                         URAM288 (Prop_URAM288_CLK_DOUT_B[56])
                                                      1.991     1.991 r  atten/softmax/memInst/mem/mem_ext/Memory_reg_uram_6/DOUT_B[56]
                         net (fo=1, unplaced)         0.226     2.217    atten/softmax/cuInst/io_data_in[488]
                         LUT2 (Prop_LUT2_I1_O)        0.070     2.287 r  atten/softmax/cuInst/softmax_i_504/O
                         net (fo=7, unplaced)         0.180     2.467    atten/softmax/cuInst/softmax/mul_15/io_a[8]
                         LUT4 (Prop_LUT4_I1_O)        0.090     2.557 r  atten/softmax/cuInst/softmax/mul_15/mul_i_70/O
                         net (fo=3, unplaced)         0.162     2.719    atten/softmax/cuInst/softmax/mul_15/mul_i_70_n_0
                         LUT5 (Prop_LUT5_I1_O)        0.100     2.819 r  atten/softmax/cuInst/softmax/mul_15/mul_i_41/O
                         net (fo=29, unplaced)        0.255     3.074    atten/softmax/cuInst/softmax/mul_15/mul_i_41_n_0
                         LUT6 (Prop_LUT6_I5_O)        0.038     3.112 f  atten/softmax/cuInst/softmax/mul_15/mul_i_93/O
                         net (fo=2, unplaced)         0.197     3.309    atten/softmax/cuInst/softmax/mul_15/mul_i_93_n_0
                         LUT3 (Prop_LUT3_I2_O)        0.038     3.347 f  atten/softmax/cuInst/softmax/mul_15/mul_i_50/O
                         net (fo=2, unplaced)         0.155     3.502    atten/softmax/cuInst/softmax/mul_15/mul_i_50_n_0
                         LUT5 (Prop_LUT5_I0_O)        0.090     3.592 f  atten/softmax/cuInst/softmax/mul_15/mul_i_16/O
                         net (fo=1, unplaced)         0.214     3.806    atten/softmax/cuInst/softmax/mul_15/mul/mulRawFN/mulFullRaw/io_rawOut_sig__0/B[16]
                         DSP_A_B_DATA (Prop_DSP_A_B_DATA_B[16]_B2_DATA[16])
                                                      0.151     3.957 r  atten/softmax/cuInst/softmax/mul_15/mul/mulRawFN/mulFullRaw/io_rawOut_sig__0/DSP_A_B_DATA_INST/B2_DATA[16]
                         net (fo=1, unplaced)         0.000     3.957    atten/softmax/cuInst/softmax/mul_15/mul/mulRawFN/mulFullRaw/io_rawOut_sig__0/DSP_A_B_DATA.B2_DATA<16>
                         DSP_PREADD_DATA (Prop_DSP_PREADD_DATA_B2_DATA[16]_B2B1[16])
                                                      0.073     4.030 r  atten/softmax/cuInst/softmax/mul_15/mul/mulRawFN/mulFullRaw/io_rawOut_sig__0/DSP_PREADD_DATA_INST/B2B1[16]
                         net (fo=1, unplaced)         0.000     4.030    atten/softmax/cuInst/softmax/mul_15/mul/mulRawFN/mulFullRaw/io_rawOut_sig__0/DSP_PREADD_DATA.B2B1<16>
                         DSP_MULTIPLIER (Prop_DSP_MULTIPLIER_B2B1[16]_V[19])
                                                      0.609     4.639 f  atten/softmax/cuInst/softmax/mul_15/mul/mulRawFN/mulFullRaw/io_rawOut_sig__0/DSP_MULTIPLIER_INST/V[19]
                         net (fo=1, unplaced)         0.000     4.639    atten/softmax/cuInst/softmax/mul_15/mul/mulRawFN/mulFullRaw/io_rawOut_sig__0/DSP_MULTIPLIER.V<19>
                         DSP_M_DATA (Prop_DSP_M_DATA_V[19]_V_DATA[19])
                                                      0.046     4.685 r  atten/softmax/cuInst/softmax/mul_15/mul/mulRawFN/mulFullRaw/io_rawOut_sig__0/DSP_M_DATA_INST/V_DATA[19]
                         net (fo=1, unplaced)         0.000     4.685    atten/softmax/cuInst/softmax/mul_15/mul/mulRawFN/mulFullRaw/io_rawOut_sig__0/DSP_M_DATA.V_DATA<19>
                         DSP_ALU (Prop_DSP_ALU_V_DATA[19]_ALU_OUT[19])
                                                      0.571     5.256 f  atten/softmax/cuInst/softmax/mul_15/mul/mulRawFN/mulFullRaw/io_rawOut_sig__0/DSP_ALU_INST/ALU_OUT[19]
                         net (fo=1, unplaced)         0.000     5.256    atten/softmax/cuInst/softmax/mul_15/mul/mulRawFN/mulFullRaw/io_rawOut_sig__0/DSP_ALU.ALU_OUT<19>
                         DSP_OUTPUT (Prop_DSP_OUTPUT_ALU_OUT[19]_P[19])
                                                      0.109     5.365 r  atten/softmax/cuInst/softmax/mul_15/mul/mulRawFN/mulFullRaw/io_rawOut_sig__0/DSP_OUTPUT_INST/P[19]
                         net (fo=1, unplaced)         0.211     5.576    atten/softmax/cuInst/softmax/mul_15/mul/mulRawFN/mulFullRaw/io_rawOut_sig__1/C[2]
                         DSP_C_DATA (Prop_DSP_C_DATA_C[2]_C_DATA[2])
                                                      0.105     5.681 r  atten/softmax/cuInst/softmax/mul_15/mul/mulRawFN/mulFullRaw/io_rawOut_sig__1/DSP_C_DATA_INST/C_DATA[2]
                         net (fo=2, unplaced)         0.000     5.681    atten/softmax/cuInst/softmax/mul_15/mul/mulRawFN/mulFullRaw/io_rawOut_sig__1/DSP_C_DATA.C_DATA<2>
                         DSP_ALU (Prop_DSP_ALU_C_DATA[2]_ALU_OUT[3])
                                                      0.585     6.266 r  atten/softmax/cuInst/softmax/mul_15/mul/mulRawFN/mulFullRaw/io_rawOut_sig__1/DSP_ALU_INST/ALU_OUT[3]
                         net (fo=1, unplaced)         0.000     6.266    atten/softmax/cuInst/softmax/mul_15/mul/mulRawFN/mulFullRaw/io_rawOut_sig__1/DSP_ALU.ALU_OUT<3>
                         DSP_OUTPUT (Prop_DSP_OUTPUT_ALU_OUT[3]_P[3])
                                                      0.109     6.375 f  atten/softmax/cuInst/softmax/mul_15/mul/mulRawFN/mulFullRaw/io_rawOut_sig__1/DSP_OUTPUT_INST/P[3]
                         net (fo=1, unplaced)         0.218     6.593    atten/softmax/cuInst/softmax/mul_15/mul/mulRawFN/_mulFullRaw_io_rawOut_sig[20]
                         LUT6 (Prop_LUT6_I0_O)        0.150     6.743 f  atten/softmax/cuInst/softmax/mul_15/mul/mulRawFN/io_rawOut_sig[0]_INST_0_i_2/O
                         net (fo=1, unplaced)         0.155     6.898    atten/softmax/cuInst/softmax/mul_15/mul/mulRawFN/io_rawOut_sig[0]_INST_0_i_2_n_0
                         LUT4 (Prop_LUT4_I1_O)        0.090     6.988 f  atten/softmax/cuInst/softmax/mul_15/mul/mulRawFN/io_rawOut_sig[0]_INST_0/O
                         net (fo=2, unplaced)         0.156     7.144    atten/softmax/cuInst/softmax/mul_15/mul/roundRawFNToRecFN/roundAnyRawFNToRecFN/io_in_sig[0]
                         LUT6 (Prop_LUT6_I5_O)        0.100     7.244 f  atten/softmax/cuInst/softmax/mul_15/mul/roundRawFNToRecFN/roundAnyRawFNToRecFN/io_out[26]_INST_0_i_58/O
                         net (fo=1, unplaced)         0.197     7.441    atten/softmax/cuInst/softmax/mul_15/mul/roundRawFNToRecFN/roundAnyRawFNToRecFN/io_out[26]_INST_0_i_58_n_0
                         LUT5 (Prop_LUT5_I4_O)        0.038     7.479 f  atten/softmax/cuInst/softmax/mul_15/mul/roundRawFNToRecFN/roundAnyRawFNToRecFN/io_out[26]_INST_0_i_19/O
                         net (fo=1, unplaced)         0.152     7.631    atten/softmax/cuInst/softmax/mul_15/mul/roundRawFNToRecFN/roundAnyRawFNToRecFN/io_out[26]_INST_0_i_19_n_0
                         LUT6 (Prop_LUT6_I3_O)        0.053     7.684 f  atten/softmax/cuInst/softmax/mul_15/mul/roundRawFNToRecFN/roundAnyRawFNToRecFN/io_out[26]_INST_0_i_5/O
                         net (fo=27, unplaced)        0.208     7.892    atten/softmax/cuInst/softmax/mul_15/mul/roundRawFNToRecFN/roundAnyRawFNToRecFN/io_out[26]_INST_0_i_5_n_0
                         LUT4 (Prop_LUT4_I2_O)        0.053     7.945 f  atten/softmax/cuInst/softmax/mul_15/mul/roundRawFNToRecFN/roundAnyRawFNToRecFN/io_out[26]_INST_0_i_1/O
                         net (fo=8, unplaced)         0.225     8.170    atten/softmax/cuInst/softmax/mul_15/mul/roundRawFNToRecFN/roundAnyRawFNToRecFN/io_out[26]_INST_0_i_1_n_0
                         LUT6 (Prop_LUT6_I4_O)        0.038     8.208 r  atten/softmax/cuInst/softmax/mul_15/mul/roundRawFNToRecFN/roundAnyRawFNToRecFN/io_out[28]_INST_0_i_1/O
                         net (fo=6, unplaced)         0.219     8.427    atten/softmax/cuInst/softmax/mul_15/mul/roundRawFNToRecFN/roundAnyRawFNToRecFN/io_out[28]_INST_0_i_1_n_0
                         LUT3 (Prop_LUT3_I0_O)        0.068     8.495 f  atten/softmax/cuInst/softmax/mul_15/mul/roundRawFNToRecFN/roundAnyRawFNToRecFN/io_out[30]_INST_0_i_5/O
                         net (fo=1, unplaced)         0.242     8.737    atten/softmax/cuInst/softmax/mul_15/mul/roundRawFNToRecFN/roundAnyRawFNToRecFN/io_out[30]_INST_0_i_5_n_0
                         CARRY8 (Prop_CARRY8_DI[2]_CO[5])
                                                      0.148     8.885 f  atten/softmax/cuInst/softmax/mul_15/mul/roundRawFNToRecFN/roundAnyRawFNToRecFN/io_out[30]_INST_0_i_1/CO[5]
                         net (fo=5, unplaced)         0.141     9.026    atten/softmax/cuInst/softmax/mul_15/mul/roundRawFNToRecFN/roundAnyRawFNToRecFN/common_totalUnderflow
                         LUT2 (Prop_LUT2_I0_O)        0.038     9.064 f  atten/softmax/cuInst/softmax/mul_15/mul/roundRawFNToRecFN/roundAnyRawFNToRecFN/io_out[31]_INST_0_i_3/O
                         net (fo=1, unplaced)         0.197     9.261    atten/softmax/cuInst/softmax/mul_15/mul/roundRawFNToRecFN/roundAnyRawFNToRecFN/io_out[31]_INST_0_i_3_n_0
                         LUT6 (Prop_LUT6_I3_O)        0.038     9.299 r  atten/softmax/cuInst/softmax/mul_15/mul/roundRawFNToRecFN/roundAnyRawFNToRecFN/io_out[31]_INST_0/O
                         net (fo=12, unplaced)        0.235     9.534    atten/softmax/cuInst/softmax/mul_15/_mul_io_out[31]
                         LUT3 (Prop_LUT3_I1_O)        0.038     9.572 r  atten/softmax/cuInst/softmax/mul_15/io_out[21]_INST_0_i_3/O
                         net (fo=4, unplaced)         0.210     9.782    atten/softmax/cuInst/softmax/mul_15/io_out[21]_INST_0_i_3_n_0
                         LUT5 (Prop_LUT5_I2_O)        0.038     9.820 r  atten/softmax/cuInst/softmax/mul_15/io_out[2]_INST_0_i_2/O
                         net (fo=3, unplaced)         0.203    10.023    atten/softmax/cuInst/softmax/mul_15/io_out[2]_INST_0_i_2_n_0
                         LUT6 (Prop_LUT6_I5_O)        0.038    10.061 r  atten/softmax/cuInst/softmax/mul_15/io_out[6]_INST_0_i_2/O
                         net (fo=2, unplaced)         0.197    10.258    atten/softmax/cuInst/softmax/mul_15/io_out[6]_INST_0_i_2_n_0
                         LUT3 (Prop_LUT3_I2_O)        0.038    10.296 r  atten/softmax/cuInst/softmax/mul_15/io_out[6]_INST_0_i_1/O
                         net (fo=2, unplaced)         0.197    10.493    atten/softmax/cuInst/softmax/mul_15/io_out[6]_INST_0_i_1_n_0
                         LUT6 (Prop_LUT6_I2_O)        0.038    10.531 r  atten/softmax/cuInst/softmax/mul_15/io_out[5]_INST_0/O
                         net (fo=10, unplaced)        0.189    10.720    atten/softmax/cuInst/softmax/toInt_15/io_in[5]
                         LUT6 (Prop_LUT6_I0_O)        0.100    10.820 f  atten/softmax/cuInst/softmax/toInt_15/cvt_i_76/O
                         net (fo=1, unplaced)         0.197    11.017    atten/softmax/cuInst/softmax/toInt_15/cvt_i_76_n_0
                         LUT6 (Prop_LUT6_I0_O)        0.038    11.055 f  atten/softmax/cuInst/softmax/toInt_15/cvt_i_42/O
                         net (fo=26, unplaced)        0.252    11.307    atten/softmax/cuInst/softmax/toInt_15/cvt_i_42_n_0
                         LUT6 (Prop_LUT6_I4_O)        0.038    11.345 f  atten/softmax/cuInst/softmax/toInt_15/cvt_i_38/O
                         net (fo=3, unplaced)         0.203    11.548    atten/softmax/cuInst/softmax/toInt_15/cvt_i_38_n_0
                         LUT6 (Prop_LUT6_I2_O)        0.038    11.586 r  atten/softmax/cuInst/softmax/toInt_15/cvt_i_33/O
                         net (fo=2, unplaced)         0.197    11.783    atten/softmax/cuInst/softmax/toInt_15/cvt_i_33_n_0
                         LUT3 (Prop_LUT3_I0_O)        0.038    11.821 r  atten/softmax/cuInst/softmax/toInt_15/cvt_i_1/O
                         net (fo=48, unplaced)        0.266    12.087    atten/softmax/cuInst/softmax/toInt_15/cvt/io_in[31]
                         LUT2 (Prop_LUT2_I0_O)        0.038    12.125 r  atten/softmax/cuInst/softmax/toInt_15/cvt/io_out[13]_INST_0_i_5/O
                         net (fo=18, unplaced)        0.244    12.369    atten/softmax/cuInst/softmax/toInt_15/cvt/io_out[13]_INST_0_i_5_n_0
                         LUT6 (Prop_LUT6_I4_O)        0.038    12.407 f  atten/softmax/cuInst/softmax/toInt_15/cvt/io_out[0]_INST_0_i_2/O
                         net (fo=4, unplaced)         0.168    12.575    atten/softmax/cuInst/softmax/toInt_15/cvt/io_out[0]_INST_0_i_2_n_0
                         LUT6 (Prop_LUT6_I0_O)        0.090    12.665 f  atten/softmax/cuInst/softmax/toInt_15/cvt/io_out[0]_INST_0_i_1/O
                         net (fo=10, unplaced)        0.188    12.853    atten/softmax/cuInst/softmax/toInt_15/cvt/io_out[0]_INST_0_i_1_n_0
                         LUT4 (Prop_LUT4_I1_O)        0.090    12.943 r  atten/softmax/cuInst/softmax/toInt_15/cvt/io_out[15]_INST_0_i_20/O
                         net (fo=1, unplaced)         0.197    13.140    atten/softmax/cuInst/softmax/toInt_15/cvt/io_out[15]_INST_0_i_20_n_0
                         LUT5 (Prop_LUT5_I4_O)        0.038    13.178 f  atten/softmax/cuInst/softmax/toInt_15/cvt/io_out[15]_INST_0_i_8/O
                         net (fo=1, unplaced)         0.155    13.333    atten/softmax/cuInst/softmax/toInt_15/cvt/io_out[15]_INST_0_i_8_n_0
                         LUT6 (Prop_LUT6_I2_O)        0.090    13.423 r  atten/softmax/cuInst/softmax/toInt_15/cvt/io_out[15]_INST_0_i_2/O
                         net (fo=16, unplaced)        0.241    13.664    atten/softmax/cuInst/softmax/toInt_15/cvt/io_out[15]_INST_0_i_2_n_0
                         LUT6 (Prop_LUT6_I2_O)        0.038    13.702 f  atten/softmax/cuInst/softmax/toInt_15/cvt/io_out[0]_INST_0/O
                         net (fo=1, unplaced)         0.197    13.899    atten/softmax/cuInst/softmax/_toInt_15_io_out[0]
                         LUT2 (Prop_LUT2_I1_O)        0.070    13.969 f  atten/softmax/cuInst/softmax/maxPreProcess_i_256/O
                         net (fo=7, unplaced)         0.222    14.191    atten/softmax/cuInst/softmax/maxPreProcess/io_in_15[0]
                         LUT4 (Prop_LUT4_I3_O)        0.070    14.261 r  atten/softmax/cuInst/softmax/maxPreProcess/io_out_0[8]_INST_0_i_258/O
                         net (fo=1, unplaced)         0.260    14.521    atten/softmax/cuInst/softmax/maxPreProcess/io_out_0[8]_INST_0_i_258_n_0
                         CARRY8 (Prop_CARRY8_DI[0]_CO[7])
                                                      0.140    14.661 r  atten/softmax/cuInst/softmax/maxPreProcess/io_out_0[8]_INST_0_i_129/CO[7]
                         net (fo=48, unplaced)        0.313    14.974    atten/softmax/cuInst/softmax/maxPreProcess/io_out_0[8]_INST_0_i_129_n_0
                         LUT3 (Prop_LUT3_I1_O)        0.038    15.012 r  atten/softmax/cuInst/softmax/maxPreProcess/io_out_0[8]_INST_0_i_480/O
                         net (fo=1, unplaced)         0.155    15.167    atten/softmax/cuInst/softmax/maxPreProcess/io_out_0[8]_INST_0_i_480_n_0
                         LUT6 (Prop_LUT6_I0_O)        0.090    15.257 r  atten/softmax/cuInst/softmax/maxPreProcess/io_out_0[8]_INST_0_i_274/O
                         net (fo=1, unplaced)         0.244    15.501    atten/softmax/cuInst/softmax/maxPreProcess/io_out_0[8]_INST_0_i_274_n_0
                         CARRY8 (Prop_CARRY8_DI[0]_CO[7])
                                                      0.140    15.641 r  atten/softmax/cuInst/softmax/maxPreProcess/io_out_0[8]_INST_0_i_130/CO[7]
                         net (fo=16, unplaced)        0.289    15.930    atten/softmax/cuInst/softmax/maxPreProcess/io_out_0[8]_INST_0_i_130_n_0
                         LUT5 (Prop_LUT5_I3_O)        0.038    15.968 f  atten/softmax/cuInst/softmax/maxPreProcess/io_out_0[0]_INST_0_i_118/O
                         net (fo=3, unplaced)         0.203    16.171    atten/softmax/cuInst/softmax/maxPreProcess/io_out_0[0]_INST_0_i_118_n_0
                         LUT4 (Prop_LUT4_I3_O)        0.070    16.241 r  atten/softmax/cuInst/softmax/maxPreProcess/io_out_0[8]_INST_0_i_120/O
                         net (fo=1, unplaced)         0.260    16.501    atten/softmax/cuInst/softmax/maxPreProcess/io_out_0[8]_INST_0_i_120_n_0
                         CARRY8 (Prop_CARRY8_DI[0]_CO[7])
                                                      0.140    16.641 r  atten/softmax/cuInst/softmax/maxPreProcess/io_out_0[8]_INST_0_i_32/CO[7]
                         net (fo=16, unplaced)        0.289    16.930    atten/softmax/cuInst/softmax/maxPreProcess/io_out_0[8]_INST_0_i_32_n_0
                         LUT3 (Prop_LUT3_I1_O)        0.038    16.968 r  atten/softmax/cuInst/softmax/maxPreProcess/io_out_0[0]_INST_0_i_24/O
                         net (fo=30, unplaced)        0.213    17.181    atten/softmax/cuInst/softmax/maxPreProcess/io_out_0[0]_INST_0_i_24_n_0
                         LUT6 (Prop_LUT6_I3_O)        0.090    17.271 r  atten/softmax/cuInst/softmax/maxPreProcess/io_out_0[8]_INST_0_i_41/O
                         net (fo=1, unplaced)         0.244    17.515    atten/softmax/cuInst/softmax/maxPreProcess/io_out_0[8]_INST_0_i_41_n_0
                         CARRY8 (Prop_CARRY8_DI[0]_CO[7])
                                                      0.140    17.655 r  atten/softmax/cuInst/softmax/maxPreProcess/io_out_0[8]_INST_0_i_10/CO[7]
                         net (fo=232, unplaced)       0.349    18.004    atten/softmax/cuInst/softmax/maxPreProcess/io_out_0[8]_INST_0_i_10_n_0
                         LUT5 (Prop_LUT5_I4_O)        0.038    18.042 f  atten/softmax/cuInst/softmax/maxPreProcess/io_out_0[0]_INST_0_i_27/O
                         net (fo=28, unplaced)        0.212    18.254    atten/softmax/cuInst/softmax/maxPreProcess/io_out_0[0]_INST_0_i_27_n_0
                         LUT6 (Prop_LUT6_I5_O)        0.090    18.344 r  atten/softmax/cuInst/softmax/maxPreProcess/io_out_0[8]_INST_0_i_60/O
                         net (fo=1, unplaced)         0.244    18.588    atten/softmax/cuInst/softmax/maxPreProcess/io_out_0[8]_INST_0_i_60_n_0
                         CARRY8 (Prop_CARRY8_DI[0]_CO[7])
                                                      0.140    18.728 r  atten/softmax/cuInst/softmax/maxPreProcess/io_out_0[8]_INST_0_i_12/CO[7]
                         net (fo=416, unplaced)       0.362    19.090    atten/softmax/cuInst/softmax/maxPreProcess/io_out_0[8]_INST_0_i_12_n_0
                         LUT6 (Prop_LUT6_I4_O)        0.037    19.127 r  atten/softmax/cuInst/softmax/maxPreProcess/io_out_23[0]_INST_0_i_7/O
                         net (fo=1, unplaced)         0.023    19.150    atten/softmax/cuInst/softmax/maxPreProcess/io_out_23[0]_INST_0_i_7_n_0
                         CARRY8 (Prop_CARRY8_S[1]_CO[7])
                                                      0.197    19.347 r  atten/softmax/cuInst/softmax/maxPreProcess/io_out_23[0]_INST_0/CO[7]
                         net (fo=1, unplaced)         0.005    19.352    atten/softmax/cuInst/softmax/maxPreProcess/io_out_23[0]_INST_0_n_0
                         CARRY8 (Prop_CARRY8_CI_O[7])
                                                      0.116    19.468 f  atten/softmax/cuInst/softmax/maxPreProcess/io_out_23[8]_INST_0/O[7]
                         net (fo=9, unplaced)         0.239    19.707    atten/softmax/cuInst/softmax/full_23/A[15]
                         DSP_A_B_DATA (Prop_DSP_A_B_DATA_A[15]_A2_DATA[15])
                                                      0.192    19.899 r  atten/softmax/cuInst/softmax/full_23/DSP_A_B_DATA_INST/A2_DATA[15]
                         net (fo=1, unplaced)         0.000    19.899    atten/softmax/cuInst/softmax/full_23/DSP_A_B_DATA.A2_DATA<15>
                         DSP_PREADD_DATA (Prop_DSP_PREADD_DATA_A2_DATA[15]_A2A1[15])
                                                      0.076    19.975 r  atten/softmax/cuInst/softmax/full_23/DSP_PREADD_DATA_INST/A2A1[15]
                         net (fo=1, unplaced)         0.000    19.975    atten/softmax/cuInst/softmax/full_23/DSP_PREADD_DATA.A2A1<15>
                         DSP_MULTIPLIER (Prop_DSP_MULTIPLIER_A2A1[15]_U[16])
                                                      0.505    20.480 f  atten/softmax/cuInst/softmax/full_23/DSP_MULTIPLIER_INST/U[16]
                         net (fo=1, unplaced)         0.000    20.480    atten/softmax/cuInst/softmax/full_23/DSP_MULTIPLIER.U<16>
                         DSP_M_DATA (Prop_DSP_M_DATA_U[16]_U_DATA[16])
                                                      0.047    20.527 r  atten/softmax/cuInst/softmax/full_23/DSP_M_DATA_INST/U_DATA[16]
                         net (fo=1, unplaced)         0.000    20.527    atten/softmax/cuInst/softmax/full_23/DSP_M_DATA.U_DATA<16>
                         DSP_ALU (Prop_DSP_ALU_U_DATA[16]_ALU_OUT[16])
                                                      0.585    21.112 r  atten/softmax/cuInst/softmax/full_23/DSP_ALU_INST/ALU_OUT[16]
                         net (fo=1, unplaced)         0.000    21.112    atten/softmax/cuInst/softmax/full_23/DSP_ALU.ALU_OUT<16>
                         DSP_OUTPUT (Prop_DSP_OUTPUT_ALU_OUT[16]_P[16])
                                                      0.109    21.221 f  atten/softmax/cuInst/softmax/full_23/DSP_OUTPUT_INST/P[16]
                         net (fo=47, unplaced)        0.219    21.440    atten/softmax/cuInst/softmax/exp2Stage1/io_in_23[8]
                         LUT2 (Prop_LUT2_I0_O)        0.100    21.540 f  atten/softmax/cuInst/softmax/exp2Stage1/io_out_23[15]_INST_0_i_11/O
                         net (fo=1, unplaced)         0.260    21.800    atten/softmax/cuInst/softmax/exp2Stage1/io_out_23[15]_INST_0_i_11_n_0
                         CARRY8 (Prop_CARRY8_DI[0]_CO[3])
                                                      0.182    21.982 f  atten/softmax/cuInst/softmax/exp2Stage1/io_out_23[15]_INST_0_i_3/CO[3]
                         net (fo=16, unplaced)        0.198    22.180    atten/softmax/cuInst/softmax/exp2Stage1/io_out_23[15]_INST_0_i_3_n_4
                         LUT6 (Prop_LUT6_I0_O)        0.053    22.233 r  atten/softmax/cuInst/softmax/exp2Stage1/io_out_23[0]_INST_0/O
                         net (fo=3, unplaced)         0.161    22.394    atten/softmax/cuInst/softmax/sum/io_in_23[0]
                         LUT3 (Prop_LUT3_I0_O)        0.090    22.484 r  atten/softmax/cuInst/softmax/sum/io_out[8]_INST_0_i_246/O
                         net (fo=1, unplaced)         0.221    22.705    atten/softmax/cuInst/softmax/sum/io_out[8]_INST_0_i_246_n_0
                         CARRY8 (Prop_CARRY8_DI[1]_O[2])
                                                      0.099    22.804 r  atten/softmax/cuInst/softmax/sum/io_out[8]_INST_0_i_156/O[2]
                         net (fo=3, unplaced)         0.207    23.011    atten/softmax/cuInst/softmax/sum/io_out[8]_INST_0_i_156_n_13
                         LUT3 (Prop_LUT3_I0_O)        0.090    23.101 r  atten/softmax/cuInst/softmax/sum/io_out[8]_INST_0_i_125/O
                         net (fo=1, unplaced)         0.198    23.299    atten/softmax/cuInst/softmax/sum/io_out[8]_INST_0_i_125_n_0
                         CARRY8 (Prop_CARRY8_DI[3]_O[7])
                                                      0.184    23.483 r  atten/softmax/cuInst/softmax/sum/io_out[8]_INST_0_i_26/O[7]
                         net (fo=5, unplaced)         0.173    23.656    atten/softmax/cuInst/softmax/sum/io_out[8]_INST_0_i_26_n_8
                         LUT3 (Prop_LUT3_I2_O)        0.038    23.694 r  atten/softmax/cuInst/softmax/sum/io_out[8]_INST_0_i_29/O
                         net (fo=1, unplaced)         0.197    23.891    atten/softmax/cuInst/softmax/sum/io_out[8]_INST_0_i_29_n_0
                         LUT5 (Prop_LUT5_I3_O)        0.038    23.929 r  atten/softmax/cuInst/softmax/sum/io_out[8]_INST_0_i_7/O
                         net (fo=1, unplaced)         0.244    24.173    atten/softmax/cuInst/softmax/sum/io_out[8]_INST_0_i_7_n_0
                         CARRY8 (Prop_CARRY8_DI[0]_O[5])
                                                      0.208    24.381 f  atten/softmax/cuInst/softmax/sum/io_out[8]_INST_0/O[5]
                         net (fo=27, unplaced)        0.197    24.578    atten/softmax/cuInst/softmax/log2/io_in_0[13]
                         LUT4 (Prop_LUT4_I0_O)        0.100    24.678 f  atten/softmax/cuInst/softmax/log2/io_out_0[7]_INST_0_i_4/O
                         net (fo=15, unplaced)        0.195    24.873    atten/softmax/cuInst/softmax/log2/io_out_0[7]_INST_0_i_4_n_0
                         LUT6 (Prop_LUT6_I2_O)        0.053    24.926 r  atten/softmax/cuInst/softmax/log2/io_out_0[7]_INST_0_i_1/O
                         net (fo=2, unplaced)         0.197    25.123    atten/softmax/cuInst/softmax/log2/io_out_0[7]_INST_0_i_1_n_0
                         LUT3 (Prop_LUT3_I0_O)        0.038    25.161 r  atten/softmax/cuInst/softmax/log2/io_out_0[14]_INST_0_i_16/O
                         net (fo=1, unplaced)         0.020    25.181    atten/softmax/cuInst/softmax/log2/x[7]
                         CARRY8 (Prop_CARRY8_S[0]_O[4])
                                                      0.206    25.387 r  atten/softmax/cuInst/softmax/log2/io_out_0[14]_INST_0_i_1/O[4]
                         net (fo=1, unplaced)         0.155    25.542    atten/softmax/cuInst/softmax/log2/io_out_0[14]_INST_0_i_1_n_11
                         LUT3 (Prop_LUT3_I0_O)        0.053    25.595 r  atten/softmax/cuInst/softmax/log2/io_out_0[11]_INST_0/O
                         net (fo=26, unplaced)        0.252    25.847    atten/softmax/cuInst/softmax/_log2_io_out_0[11]
                         LUT2 (Prop_LUT2_I1_O)        0.037    25.884 r  atten/softmax/cuInst/softmax/exp2Stage2_i_73/O
                         net (fo=1, unplaced)         0.032    25.916    atten/softmax/cuInst/softmax/exp2Stage2_i_73_n_0
                         CARRY8 (Prop_CARRY8_S[3]_O[4])
                                                      0.149    26.065 r  atten/softmax/cuInst/softmax/exp2Stage2_i_3/O[4]
                         net (fo=28, unplaced)        0.212    26.277    atten/softmax/cuInst/softmax/exp2Stage2/io_in_1[12]
                         LUT2 (Prop_LUT2_I0_O)        0.099    26.376 r  atten/softmax/cuInst/softmax/exp2Stage2/io_out_1[15]_INST_0_i_9/O
                         net (fo=1, unplaced)         0.242    26.618    atten/softmax/cuInst/softmax/exp2Stage2/io_out_1[15]_INST_0_i_9_n_0
                         CARRY8 (Prop_CARRY8_DI[2]_CO[3])
                                                      0.134    26.752 r  atten/softmax/cuInst/softmax/exp2Stage2/io_out_1[15]_INST_0_i_3/CO[3]
                         net (fo=16, unplaced)        0.198    26.950    atten/softmax/cuInst/softmax/exp2Stage2/io_out_1[15]_INST_0_i_3_n_4
                         LUT6 (Prop_LUT6_I0_O)        0.053    27.003 f  atten/softmax/cuInst/softmax/exp2Stage2/io_out_1[0]_INST_0/O
                         net (fo=18, unplaced)        0.203    27.206    atten/softmax/cuInst/softmax/toFp_1/cvt/io_in[0]
                         LUT6 (Prop_LUT6_I2_O)        0.100    27.306 r  atten/softmax/cuInst/softmax/toFp_1/cvt/io_out[31]_INST_0_i_28/O
                         net (fo=10, unplaced)        0.230    27.536    atten/softmax/cuInst/softmax/toFp_1/cvt/io_out[31]_INST_0_i_28_n_0
                         LUT5 (Prop_LUT5_I2_O)        0.038    27.574 r  atten/softmax/cuInst/softmax/toFp_1/cvt/io_out[31]_INST_0_i_30/O
                         net (fo=3, unplaced)         0.203    27.777    atten/softmax/cuInst/softmax/toFp_1/cvt/io_out[31]_INST_0_i_30_n_0
                         LUT5 (Prop_LUT5_I1_O)        0.070    27.847 f  atten/softmax/cuInst/softmax/toFp_1/cvt/io_out[31]_INST_0_i_23/O
                         net (fo=3, unplaced)         0.161    28.008    atten/softmax/cuInst/softmax/toFp_1/cvt/io_out[31]_INST_0_i_23_n_0
                         LUT5 (Prop_LUT5_I0_O)        0.090    28.098 r  atten/softmax/cuInst/softmax/toFp_1/cvt/io_out[26]_INST_0_i_1/O
                         net (fo=20, unplaced)        0.246    28.344    atten/softmax/cuInst/softmax/toFp_1/cvt/intAsRawFloat_adjustedNormDist[3]
                         LUT6 (Prop_LUT6_I4_O)        0.038    28.382 f  atten/softmax/cuInst/softmax/toFp_1/cvt/io_out[31]_INST_0_i_4/O
                         net (fo=4, unplaced)         0.169    28.551    atten/softmax/cuInst/softmax/toFp_1/cvt/io_out[31]_INST_0_i_4_n_0
                         LUT6 (Prop_LUT6_I2_O)        0.100    28.651 r  atten/softmax/cuInst/softmax/toFp_1/cvt/roundAnyRawFNToRecFN_i_1/O
                         net (fo=15, unplaced)        0.240    28.891    atten/softmax/cuInst/softmax/toFp_1/cvt/roundAnyRawFNToRecFN/io_in_isZero
                         LUT2 (Prop_LUT2_I1_O)        0.070    28.961 f  atten/softmax/cuInst/softmax/toFp_1/cvt/roundAnyRawFNToRecFN/io_out[20]_INST_0/O
                         net (fo=4, unplaced)         0.210    29.171    atten/softmax/cuInst/softmax/toFp_1/_cvt_io_out[20]
                         LUT5 (Prop_LUT5_I4_O)        0.038    29.209 f  atten/softmax/cuInst/softmax/toFp_1/io_out[1]_INST_0_i_1/O
                         net (fo=2, unplaced)         0.197    29.406    atten/softmax/cuInst/softmax/toFp_1/io_out[1]_INST_0_i_1_n_0
                         LUT5 (Prop_LUT5_I3_O)        0.038    29.444 f  atten/softmax/cuInst/softmax/toFp_1/io_out[1]_INST_0/O
                         net (fo=13, unplaced)        0.236    29.680    atten/softmax/cuInst/softmax/mul_27/io_a[1]
                         LUT6 (Prop_LUT6_I4_O)        0.038    29.718 r  atten/softmax/cuInst/softmax/mul_27/mul_i_97/O
                         net (fo=1, unplaced)         0.197    29.915    atten/softmax/cuInst/softmax/mul_27/mul_i_97_n_0
                         LUT5 (Prop_LUT5_I0_O)        0.038    29.953 r  atten/softmax/cuInst/softmax/mul_27/mul_i_77/O
                         net (fo=1, unplaced)         0.197    30.150    atten/softmax/cuInst/softmax/mul_27/mul_i_77_n_0
                         LUT6 (Prop_LUT6_I0_O)        0.038    30.188 r  atten/softmax/cuInst/softmax/mul_27/mul_i_39/O
                         net (fo=27, unplaced)        0.253    30.441    atten/softmax/cuInst/softmax/mul_27/mul_i_39_n_0
                         LUT3 (Prop_LUT3_I0_O)        0.038    30.479 f  atten/softmax/cuInst/softmax/mul_27/mul_i_50/O
                         net (fo=2, unplaced)         0.197    30.676    atten/softmax/cuInst/softmax/mul_27/mul_i_50_n_0
                         LUT5 (Prop_LUT5_I2_O)        0.038    30.714 f  atten/softmax/cuInst/softmax/mul_27/mul_i_16/O
                         net (fo=1, unplaced)         0.214    30.928    atten/softmax/cuInst/softmax/mul_27/mul/mulRawFN/mulFullRaw/io_rawOut_sig__0/B[16]
                         DSP_A_B_DATA (Prop_DSP_A_B_DATA_B[16]_B2_DATA[16])
                                                      0.151    31.079 r  atten/softmax/cuInst/softmax/mul_27/mul/mulRawFN/mulFullRaw/io_rawOut_sig__0/DSP_A_B_DATA_INST/B2_DATA[16]
                         net (fo=1, unplaced)         0.000    31.079    atten/softmax/cuInst/softmax/mul_27/mul/mulRawFN/mulFullRaw/io_rawOut_sig__0/DSP_A_B_DATA.B2_DATA<16>
                         DSP_PREADD_DATA (Prop_DSP_PREADD_DATA_B2_DATA[16]_B2B1[16])
                                                      0.073    31.152 r  atten/softmax/cuInst/softmax/mul_27/mul/mulRawFN/mulFullRaw/io_rawOut_sig__0/DSP_PREADD_DATA_INST/B2B1[16]
                         net (fo=1, unplaced)         0.000    31.152    atten/softmax/cuInst/softmax/mul_27/mul/mulRawFN/mulFullRaw/io_rawOut_sig__0/DSP_PREADD_DATA.B2B1<16>
                         DSP_MULTIPLIER (Prop_DSP_MULTIPLIER_B2B1[16]_V[19])
                                                      0.609    31.761 f  atten/softmax/cuInst/softmax/mul_27/mul/mulRawFN/mulFullRaw/io_rawOut_sig__0/DSP_MULTIPLIER_INST/V[19]
                         net (fo=1, unplaced)         0.000    31.761    atten/softmax/cuInst/softmax/mul_27/mul/mulRawFN/mulFullRaw/io_rawOut_sig__0/DSP_MULTIPLIER.V<19>
                         DSP_M_DATA (Prop_DSP_M_DATA_V[19]_V_DATA[19])
                                                      0.046    31.807 r  atten/softmax/cuInst/softmax/mul_27/mul/mulRawFN/mulFullRaw/io_rawOut_sig__0/DSP_M_DATA_INST/V_DATA[19]
                         net (fo=1, unplaced)         0.000    31.807    atten/softmax/cuInst/softmax/mul_27/mul/mulRawFN/mulFullRaw/io_rawOut_sig__0/DSP_M_DATA.V_DATA<19>
                         DSP_ALU (Prop_DSP_ALU_V_DATA[19]_ALU_OUT[19])
                                                      0.571    32.378 f  atten/softmax/cuInst/softmax/mul_27/mul/mulRawFN/mulFullRaw/io_rawOut_sig__0/DSP_ALU_INST/ALU_OUT[19]
                         net (fo=1, unplaced)         0.000    32.378    atten/softmax/cuInst/softmax/mul_27/mul/mulRawFN/mulFullRaw/io_rawOut_sig__0/DSP_ALU.ALU_OUT<19>
                         DSP_OUTPUT (Prop_DSP_OUTPUT_ALU_OUT[19]_P[19])
                                                      0.109    32.487 r  atten/softmax/cuInst/softmax/mul_27/mul/mulRawFN/mulFullRaw/io_rawOut_sig__0/DSP_OUTPUT_INST/P[19]
                         net (fo=1, unplaced)         0.211    32.698    atten/softmax/cuInst/softmax/mul_27/mul/mulRawFN/mulFullRaw/io_rawOut_sig__1/C[2]
                         DSP_C_DATA (Prop_DSP_C_DATA_C[2]_C_DATA[2])
                                                      0.105    32.803 r  atten/softmax/cuInst/softmax/mul_27/mul/mulRawFN/mulFullRaw/io_rawOut_sig__1/DSP_C_DATA_INST/C_DATA[2]
                         net (fo=2, unplaced)         0.000    32.803    atten/softmax/cuInst/softmax/mul_27/mul/mulRawFN/mulFullRaw/io_rawOut_sig__1/DSP_C_DATA.C_DATA<2>
                         DSP_ALU (Prop_DSP_ALU_C_DATA[2]_ALU_OUT[3])
                                                      0.585    33.388 r  atten/softmax/cuInst/softmax/mul_27/mul/mulRawFN/mulFullRaw/io_rawOut_sig__1/DSP_ALU_INST/ALU_OUT[3]
                         net (fo=1, unplaced)         0.000    33.388    atten/softmax/cuInst/softmax/mul_27/mul/mulRawFN/mulFullRaw/io_rawOut_sig__1/DSP_ALU.ALU_OUT<3>
                         DSP_OUTPUT (Prop_DSP_OUTPUT_ALU_OUT[3]_P[3])
                                                      0.109    33.497 f  atten/softmax/cuInst/softmax/mul_27/mul/mulRawFN/mulFullRaw/io_rawOut_sig__1/DSP_OUTPUT_INST/P[3]
                         net (fo=1, unplaced)         0.218    33.715    atten/softmax/cuInst/softmax/mul_27/mul/mulRawFN/_mulFullRaw_io_rawOut_sig[20]
                         LUT6 (Prop_LUT6_I0_O)        0.150    33.865 f  atten/softmax/cuInst/softmax/mul_27/mul/mulRawFN/io_rawOut_sig[0]_INST_0_i_2/O
                         net (fo=1, unplaced)         0.155    34.020    atten/softmax/cuInst/softmax/mul_27/mul/mulRawFN/io_rawOut_sig[0]_INST_0_i_2_n_0
                         LUT4 (Prop_LUT4_I1_O)        0.090    34.110 f  atten/softmax/cuInst/softmax/mul_27/mul/mulRawFN/io_rawOut_sig[0]_INST_0/O
                         net (fo=2, unplaced)         0.156    34.266    atten/softmax/cuInst/softmax/mul_27/mul/roundRawFNToRecFN/roundAnyRawFNToRecFN/io_in_sig[0]
                         LUT6 (Prop_LUT6_I5_O)        0.100    34.366 f  atten/softmax/cuInst/softmax/mul_27/mul/roundRawFNToRecFN/roundAnyRawFNToRecFN/io_out[26]_INST_0_i_39/O
                         net (fo=1, unplaced)         0.197    34.563    atten/softmax/cuInst/softmax/mul_27/mul/roundRawFNToRecFN/roundAnyRawFNToRecFN/io_out[26]_INST_0_i_39_n_0
                         LUT5 (Prop_LUT5_I4_O)        0.038    34.601 f  atten/softmax/cuInst/softmax/mul_27/mul/roundRawFNToRecFN/roundAnyRawFNToRecFN/io_out[26]_INST_0_i_12/O
                         net (fo=1, unplaced)         0.152    34.753    atten/softmax/cuInst/softmax/mul_27/mul/roundRawFNToRecFN/roundAnyRawFNToRecFN/io_out[26]_INST_0_i_12_n_0
                         LUT6 (Prop_LUT6_I3_O)        0.053    34.806 f  atten/softmax/cuInst/softmax/mul_27/mul/roundRawFNToRecFN/roundAnyRawFNToRecFN/io_out[26]_INST_0_i_4/O
                         net (fo=27, unplaced)        0.211    35.017    atten/softmax/cuInst/softmax/mul_27/mul/roundRawFNToRecFN/roundAnyRawFNToRecFN/io_out[26]_INST_0_i_4_n_0
                         LUT4 (Prop_LUT4_I1_O)        0.112    35.129 f  atten/softmax/cuInst/softmax/mul_27/mul/roundRawFNToRecFN/roundAnyRawFNToRecFN/io_out[26]_INST_0_i_1/O
                         net (fo=8, unplaced)         0.225    35.354    atten/softmax/cuInst/softmax/mul_27/mul/roundRawFNToRecFN/roundAnyRawFNToRecFN/io_out[26]_INST_0_i_1_n_0
                         LUT6 (Prop_LUT6_I4_O)        0.038    35.392 r  atten/softmax/cuInst/softmax/mul_27/mul/roundRawFNToRecFN/roundAnyRawFNToRecFN/io_out[28]_INST_0_i_1/O
                         net (fo=6, unplaced)         0.219    35.611    atten/softmax/cuInst/softmax/mul_27/mul/roundRawFNToRecFN/roundAnyRawFNToRecFN/io_out[28]_INST_0_i_1_n_0
                         LUT3 (Prop_LUT3_I0_O)        0.068    35.679 r  atten/softmax/cuInst/softmax/mul_27/mul/roundRawFNToRecFN/roundAnyRawFNToRecFN/io_out[30]_INST_0_i_5/O
                         net (fo=1, unplaced)         0.242    35.921    atten/softmax/cuInst/softmax/mul_27/mul/roundRawFNToRecFN/roundAnyRawFNToRecFN/io_out[30]_INST_0_i_5_n_0
                         CARRY8 (Prop_CARRY8_DI[2]_CO[5])
                                                      0.148    36.069 r  atten/softmax/cuInst/softmax/mul_27/mul/roundRawFNToRecFN/roundAnyRawFNToRecFN/io_out[30]_INST_0_i_1/CO[5]
                         net (fo=5, unplaced)         0.141    36.210    atten/softmax/cuInst/softmax/mul_27/mul/roundRawFNToRecFN/roundAnyRawFNToRecFN/common_totalUnderflow
                         LUT2 (Prop_LUT2_I0_O)        0.038    36.248 r  atten/softmax/cuInst/softmax/mul_27/mul/roundRawFNToRecFN/roundAnyRawFNToRecFN/io_out[31]_INST_0_i_3/O
                         net (fo=1, unplaced)         0.197    36.445    atten/softmax/cuInst/softmax/mul_27/mul/roundRawFNToRecFN/roundAnyRawFNToRecFN/io_out[31]_INST_0_i_3_n_0
                         LUT6 (Prop_LUT6_I3_O)        0.038    36.483 f  atten/softmax/cuInst/softmax/mul_27/mul/roundRawFNToRecFN/roundAnyRawFNToRecFN/io_out[31]_INST_0/O
                         net (fo=12, unplaced)        0.235    36.718    atten/softmax/cuInst/softmax/mul_27/_mul_io_out[31]
                         LUT3 (Prop_LUT3_I0_O)        0.038    36.756 f  atten/softmax/cuInst/softmax/mul_27/io_out[21]_INST_0_i_3/O
                         net (fo=4, unplaced)         0.210    36.966    atten/softmax/cuInst/softmax/mul_27/io_out[21]_INST_0_i_3_n_0
                         LUT5 (Prop_LUT5_I2_O)        0.038    37.004 f  atten/softmax/cuInst/softmax/mul_27/io_out[0]_INST_0_i_2/O
                         net (fo=3, unplaced)         0.203    37.207    atten/softmax/cuInst/softmax/mul_27/io_out[0]_INST_0_i_2_n_0
                         LUT6 (Prop_LUT6_I5_O)        0.038    37.245 f  atten/softmax/cuInst/softmax/mul_27/io_out[6]_INST_0_i_2/O
                         net (fo=2, unplaced)         0.197    37.442    atten/softmax/cuInst/softmax/mul_27/io_out[6]_INST_0_i_2_n_0
                         LUT3 (Prop_LUT3_I2_O)        0.038    37.480 f  atten/softmax/cuInst/softmax/mul_27/io_out[6]_INST_0_i_1/O
                         net (fo=2, unplaced)         0.197    37.677    atten/softmax/cuInst/softmax/mul_27/io_out[6]_INST_0_i_1_n_0
                         LUT6 (Prop_LUT6_I2_O)        0.038    37.715 f  atten/softmax/cuInst/softmax/mul_27/io_out[5]_INST_0/O
                         net (fo=1, unplaced)         0.197    37.912    atten/softmax/cuInst/softmax/_mul_27_io_out[5]
                         LUT2 (Prop_LUT2_I1_O)        0.070    37.982 f  atten/softmax/cuInst/softmax/io_out_1[5]_INST_0/O
                         net (fo=10, unplaced)        0.189    38.171    atten/dm2/ctxQuant/mul_1/io_a[5]
                         LUT4 (Prop_LUT4_I0_O)        0.100    38.271 f  atten/dm2/ctxQuant/mul_1/mul_i_134/O
                         net (fo=2, unplaced)         0.197    38.468    atten/dm2/ctxQuant/mul_1/mul_i_134_n_0
                         LUT5 (Prop_LUT5_I2_O)        0.038    38.506 r  atten/dm2/ctxQuant/mul_1/mul_i_73/O
                         net (fo=29, unplaced)        0.255    38.761    atten/dm2/ctxQuant/mul_1/mul_i_73_n_0
                         LUT6 (Prop_LUT6_I2_O)        0.038    38.799 f  atten/dm2/ctxQuant/mul_1/mul_i_159/O
                         net (fo=2, unplaced)         0.197    38.996    atten/dm2/ctxQuant/mul_1/mul_i_159_n_0
                         LUT3 (Prop_LUT3_I2_O)        0.038    39.034 f  atten/dm2/ctxQuant/mul_1/mul_i_83/O
                         net (fo=2, unplaced)         0.197    39.231    atten/dm2/ctxQuant/mul_1/mul_i_83_n_0
                         LUT5 (Prop_LUT5_I2_O)        0.038    39.269 f  atten/dm2/ctxQuant/mul_1/mul_i_16/O
                         net (fo=1, unplaced)         0.214    39.483    atten/dm2/ctxQuant/mul_1/mul/mulRawFN/mulFullRaw/io_rawOut_sig__0/B[16]
                         DSP_A_B_DATA (Prop_DSP_A_B_DATA_B[16]_B2_DATA[16])
                                                      0.151    39.634 r  atten/dm2/ctxQuant/mul_1/mul/mulRawFN/mulFullRaw/io_rawOut_sig__0/DSP_A_B_DATA_INST/B2_DATA[16]
                         net (fo=1, unplaced)         0.000    39.634    atten/dm2/ctxQuant/mul_1/mul/mulRawFN/mulFullRaw/io_rawOut_sig__0/DSP_A_B_DATA.B2_DATA<16>
                         DSP_PREADD_DATA (Prop_DSP_PREADD_DATA_B2_DATA[16]_B2B1[16])
                                                      0.073    39.707 r  atten/dm2/ctxQuant/mul_1/mul/mulRawFN/mulFullRaw/io_rawOut_sig__0/DSP_PREADD_DATA_INST/B2B1[16]
                         net (fo=1, unplaced)         0.000    39.707    atten/dm2/ctxQuant/mul_1/mul/mulRawFN/mulFullRaw/io_rawOut_sig__0/DSP_PREADD_DATA.B2B1<16>
                         DSP_MULTIPLIER (Prop_DSP_MULTIPLIER_B2B1[16]_V[19])
                                                      0.609    40.316 f  atten/dm2/ctxQuant/mul_1/mul/mulRawFN/mulFullRaw/io_rawOut_sig__0/DSP_MULTIPLIER_INST/V[19]
                         net (fo=1, unplaced)         0.000    40.316    atten/dm2/ctxQuant/mul_1/mul/mulRawFN/mulFullRaw/io_rawOut_sig__0/DSP_MULTIPLIER.V<19>
                         DSP_M_DATA (Prop_DSP_M_DATA_V[19]_V_DATA[19])
                                                      0.046    40.362 r  atten/dm2/ctxQuant/mul_1/mul/mulRawFN/mulFullRaw/io_rawOut_sig__0/DSP_M_DATA_INST/V_DATA[19]
                         net (fo=1, unplaced)         0.000    40.362    atten/dm2/ctxQuant/mul_1/mul/mulRawFN/mulFullRaw/io_rawOut_sig__0/DSP_M_DATA.V_DATA<19>
                         DSP_ALU (Prop_DSP_ALU_V_DATA[19]_ALU_OUT[19])
                                                      0.571    40.933 f  atten/dm2/ctxQuant/mul_1/mul/mulRawFN/mulFullRaw/io_rawOut_sig__0/DSP_ALU_INST/ALU_OUT[19]
                         net (fo=1, unplaced)         0.000    40.933    atten/dm2/ctxQuant/mul_1/mul/mulRawFN/mulFullRaw/io_rawOut_sig__0/DSP_ALU.ALU_OUT<19>
                         DSP_OUTPUT (Prop_DSP_OUTPUT_ALU_OUT[19]_P[19])
                                                      0.109    41.042 r  atten/dm2/ctxQuant/mul_1/mul/mulRawFN/mulFullRaw/io_rawOut_sig__0/DSP_OUTPUT_INST/P[19]
                         net (fo=1, unplaced)         0.211    41.253    atten/dm2/ctxQuant/mul_1/mul/mulRawFN/mulFullRaw/io_rawOut_sig__1/C[2]
                         DSP_C_DATA (Prop_DSP_C_DATA_C[2]_C_DATA[2])
                                                      0.105    41.358 r  atten/dm2/ctxQuant/mul_1/mul/mulRawFN/mulFullRaw/io_rawOut_sig__1/DSP_C_DATA_INST/C_DATA[2]
                         net (fo=2, unplaced)         0.000    41.358    atten/dm2/ctxQuant/mul_1/mul/mulRawFN/mulFullRaw/io_rawOut_sig__1/DSP_C_DATA.C_DATA<2>
                         DSP_ALU (Prop_DSP_ALU_C_DATA[2]_ALU_OUT[3])
                                                      0.585    41.943 r  atten/dm2/ctxQuant/mul_1/mul/mulRawFN/mulFullRaw/io_rawOut_sig__1/DSP_ALU_INST/ALU_OUT[3]
                         net (fo=1, unplaced)         0.000    41.943    atten/dm2/ctxQuant/mul_1/mul/mulRawFN/mulFullRaw/io_rawOut_sig__1/DSP_ALU.ALU_OUT<3>
                         DSP_OUTPUT (Prop_DSP_OUTPUT_ALU_OUT[3]_P[3])
                                                      0.109    42.052 f  atten/dm2/ctxQuant/mul_1/mul/mulRawFN/mulFullRaw/io_rawOut_sig__1/DSP_OUTPUT_INST/P[3]
                         net (fo=1, unplaced)         0.218    42.270    atten/dm2/ctxQuant/mul_1/mul/mulRawFN/_mulFullRaw_io_rawOut_sig[20]
                         LUT6 (Prop_LUT6_I0_O)        0.150    42.420 f  atten/dm2/ctxQuant/mul_1/mul/mulRawFN/io_rawOut_sig[0]_INST_0_i_2/O
                         net (fo=1, unplaced)         0.155    42.575    atten/dm2/ctxQuant/mul_1/mul/mulRawFN/io_rawOut_sig[0]_INST_0_i_2_n_0
                         LUT4 (Prop_LUT4_I1_O)        0.090    42.665 f  atten/dm2/ctxQuant/mul_1/mul/mulRawFN/io_rawOut_sig[0]_INST_0/O
                         net (fo=2, unplaced)         0.156    42.821    atten/dm2/ctxQuant/mul_1/mul/roundRawFNToRecFN/roundAnyRawFNToRecFN/io_in_sig[0]
                         LUT6 (Prop_LUT6_I5_O)        0.100    42.921 f  atten/dm2/ctxQuant/mul_1/mul/roundRawFNToRecFN/roundAnyRawFNToRecFN/io_out[26]_INST_0_i_39/O
                         net (fo=1, unplaced)         0.197    43.118    atten/dm2/ctxQuant/mul_1/mul/roundRawFNToRecFN/roundAnyRawFNToRecFN/io_out[26]_INST_0_i_39_n_0
                         LUT5 (Prop_LUT5_I4_O)        0.038    43.156 f  atten/dm2/ctxQuant/mul_1/mul/roundRawFNToRecFN/roundAnyRawFNToRecFN/io_out[26]_INST_0_i_12/O
                         net (fo=1, unplaced)         0.152    43.308    atten/dm2/ctxQuant/mul_1/mul/roundRawFNToRecFN/roundAnyRawFNToRecFN/io_out[26]_INST_0_i_12_n_0
                         LUT6 (Prop_LUT6_I3_O)        0.053    43.361 f  atten/dm2/ctxQuant/mul_1/mul/roundRawFNToRecFN/roundAnyRawFNToRecFN/io_out[26]_INST_0_i_4/O
                         net (fo=27, unplaced)        0.211    43.572    atten/dm2/ctxQuant/mul_1/mul/roundRawFNToRecFN/roundAnyRawFNToRecFN/io_out[26]_INST_0_i_4_n_0
                         LUT4 (Prop_LUT4_I1_O)        0.112    43.684 f  atten/dm2/ctxQuant/mul_1/mul/roundRawFNToRecFN/roundAnyRawFNToRecFN/io_out[26]_INST_0_i_1/O
                         net (fo=8, unplaced)         0.225    43.909    atten/dm2/ctxQuant/mul_1/mul/roundRawFNToRecFN/roundAnyRawFNToRecFN/io_out[26]_INST_0_i_1_n_0
                         LUT6 (Prop_LUT6_I4_O)        0.038    43.947 r  atten/dm2/ctxQuant/mul_1/mul/roundRawFNToRecFN/roundAnyRawFNToRecFN/io_out[28]_INST_0_i_1/O
                         net (fo=6, unplaced)         0.219    44.166    atten/dm2/ctxQuant/mul_1/mul/roundRawFNToRecFN/roundAnyRawFNToRecFN/io_out[28]_INST_0_i_1_n_0
                         LUT3 (Prop_LUT3_I0_O)        0.068    44.234 f  atten/dm2/ctxQuant/mul_1/mul/roundRawFNToRecFN/roundAnyRawFNToRecFN/io_out[30]_INST_0_i_5/O
                         net (fo=1, unplaced)         0.242    44.476    atten/dm2/ctxQuant/mul_1/mul/roundRawFNToRecFN/roundAnyRawFNToRecFN/io_out[30]_INST_0_i_5_n_0
                         CARRY8 (Prop_CARRY8_DI[2]_CO[5])
                                                      0.148    44.624 f  atten/dm2/ctxQuant/mul_1/mul/roundRawFNToRecFN/roundAnyRawFNToRecFN/io_out[30]_INST_0_i_1/CO[5]
                         net (fo=5, unplaced)         0.141    44.765    atten/dm2/ctxQuant/mul_1/mul/roundRawFNToRecFN/roundAnyRawFNToRecFN/common_totalUnderflow
                         LUT2 (Prop_LUT2_I0_O)        0.038    44.803 f  atten/dm2/ctxQuant/mul_1/mul/roundRawFNToRecFN/roundAnyRawFNToRecFN/io_out[31]_INST_0_i_3/O
                         net (fo=1, unplaced)         0.197    45.000    atten/dm2/ctxQuant/mul_1/mul/roundRawFNToRecFN/roundAnyRawFNToRecFN/io_out[31]_INST_0_i_3_n_0
                         LUT6 (Prop_LUT6_I3_O)        0.038    45.038 r  atten/dm2/ctxQuant/mul_1/mul/roundRawFNToRecFN/roundAnyRawFNToRecFN/io_out[31]_INST_0/O
                         net (fo=12, unplaced)        0.235    45.273    atten/dm2/ctxQuant/mul_1/_mul_io_out[31]
                         LUT3 (Prop_LUT3_I0_O)        0.038    45.311 r  atten/dm2/ctxQuant/mul_1/io_out[21]_INST_0_i_3/O
                         net (fo=4, unplaced)         0.210    45.521    atten/dm2/ctxQuant/mul_1/io_out[21]_INST_0_i_3_n_0
                         LUT5 (Prop_LUT5_I2_O)        0.038    45.559 r  atten/dm2/ctxQuant/mul_1/io_out[0]_INST_0_i_2/O
                         net (fo=3, unplaced)         0.203    45.762    atten/dm2/ctxQuant/mul_1/io_out[0]_INST_0_i_2_n_0
                         LUT6 (Prop_LUT6_I5_O)        0.038    45.800 r  atten/dm2/ctxQuant/mul_1/io_out[6]_INST_0_i_2/O
                         net (fo=2, unplaced)         0.197    45.997    atten/dm2/ctxQuant/mul_1/io_out[6]_INST_0_i_2_n_0
                         LUT3 (Prop_LUT3_I0_O)        0.070    46.067 r  atten/dm2/ctxQuant/mul_1/io_out[4]_INST_0_i_1/O
                         net (fo=2, unplaced)         0.197    46.264    atten/dm2/ctxQuant/mul_1/io_out[4]_INST_0_i_1_n_0
                         LUT6 (Prop_LUT6_I2_O)        0.038    46.302 r  atten/dm2/ctxQuant/mul_1/io_out[3]_INST_0/O
                         net (fo=11, unplaced)        0.233    46.535    atten/dm2/ctxQuant/add_1/io_a[3]
                         LUT6 (Prop_LUT6_I5_O)        0.038    46.573 r  atten/dm2/ctxQuant/add_1/add_i_141/O
                         net (fo=1, unplaced)         0.197    46.770    atten/dm2/ctxQuant/add_1/add_i_141_n_0
                         LUT6 (Prop_LUT6_I0_O)        0.038    46.808 r  atten/dm2/ctxQuant/add_1/add_i_74/O
                         net (fo=26, unplaced)        0.252    47.060    atten/dm2/ctxQuant/add_1/add_i_74_n_0
                         LUT6 (Prop_LUT6_I4_O)        0.038    47.098 r  atten/dm2/ctxQuant/add_1/add_i_70/O
                         net (fo=3, unplaced)         0.203    47.301    atten/dm2/ctxQuant/add_1/add_i_70_n_0
                         LUT6 (Prop_LUT6_I2_O)        0.038    47.339 r  atten/dm2/ctxQuant/add_1/add_i_67/O
                         net (fo=2, unplaced)         0.197    47.536    atten/dm2/ctxQuant/add_1/add_i_67_n_0
                         LUT3 (Prop_LUT3_I0_O)        0.038    47.574 r  atten/dm2/ctxQuant/add_1/add_i_4/O
                         net (fo=5, unplaced)         0.215    47.789    atten/dm2/ctxQuant/add_1/add/addRawFN/io_a_sExp[5]
                         LUT2 (Prop_LUT2_I0_O)        0.037    47.826 r  atten/dm2/ctxQuant/add_1/add/addRawFN/io_rawOut_sExp[5]_INST_0_i_6/O
                         net (fo=1, unplaced)         0.029    47.855    atten/dm2/ctxQuant/add_1/add/addRawFN/io_rawOut_sExp[5]_INST_0_i_6_n_0
                         CARRY8 (Prop_CARRY8_S[5]_CO[7])
                                                      0.166    48.021 r  atten/dm2/ctxQuant/add_1/add/addRawFN/io_rawOut_sExp[5]_INST_0_i_2/CO[7]
                         net (fo=1, unplaced)         0.005    48.026    atten/dm2/ctxQuant/add_1/add/addRawFN/io_rawOut_sExp[5]_INST_0_i_2_n_0
                         CARRY8 (Prop_CARRY8_CI_CO[1])
                                                      0.042    48.068 r  atten/dm2/ctxQuant/add_1/add/addRawFN/io_rawOut_sExp[5]_INST_0_i_1/CO[1]
                         net (fo=154, unplaced)       0.249    48.317    atten/dm2/ctxQuant/add_1/add/addRawFN/io_rawOut_sExp[5]_INST_0_i_1_n_6
                         LUT5 (Prop_LUT5_I4_O)        0.038    48.355 r  atten/dm2/ctxQuant/add_1/add/addRawFN/io_rawOut_sig[6]_INST_0_i_33/O
                         net (fo=3, unplaced)         0.203    48.558    atten/dm2/ctxQuant/add_1/add/addRawFN/p_1_in[2]
                         LUT2 (Prop_LUT2_I0_O)        0.068    48.626 r  atten/dm2/ctxQuant/add_1/add/addRawFN/io_rawOut_sig[6]_INST_0_i_10/O
                         net (fo=1, unplaced)         0.242    48.868    atten/dm2/ctxQuant/add_1/add/addRawFN/io_rawOut_sig[6]_INST_0_i_10_n_0
                         CARRY8 (Prop_CARRY8_DI[2]_O[4])
                                                      0.150    49.018 f  atten/dm2/ctxQuant/add_1/add/addRawFN/io_rawOut_sig[6]_INST_0_i_3/O[4]
                         net (fo=3, unplaced)         0.210    49.228    atten/dm2/ctxQuant/add_1/add/addRawFN/_close_sSigSum_T_3[5]
                         LUT1 (Prop_LUT1_I0_O)        0.037    49.265 r  atten/dm2/ctxQuant/add_1/add/addRawFN/io_rawOut_sig[6]_INST_0_i_22/O
                         net (fo=1, unplaced)         0.029    49.294    atten/dm2/ctxQuant/add_1/add/addRawFN/io_rawOut_sig[6]_INST_0_i_22_n_0
                         CARRY8 (Prop_CARRY8_S[5]_CO[7])
                                                      0.166    49.460 r  atten/dm2/ctxQuant/add_1/add/addRawFN/io_rawOut_sig[6]_INST_0_i_4/CO[7]
                         net (fo=1, unplaced)         0.005    49.465    atten/dm2/ctxQuant/add_1/add/addRawFN/io_rawOut_sig[6]_INST_0_i_4_n_0
                         CARRY8 (Prop_CARRY8_CI_O[2])
                                                      0.067    49.532 f  atten/dm2/ctxQuant/add_1/add/addRawFN/io_rawOut_sExp[4]_INST_0_i_12/O[2]
                         net (fo=4, unplaced)         0.214    49.746    atten/dm2/ctxQuant/add_1/add/addRawFN/io_rawOut_sExp[4]_INST_0_i_12_n_13
                         LUT5 (Prop_LUT5_I1_O)        0.090    49.836 f  atten/dm2/ctxQuant/add_1/add/addRawFN/io_rawOut_sExp[4]_INST_0_i_7/O
                         net (fo=6, unplaced)         0.177    50.013    atten/dm2/ctxQuant/add_1/add/addRawFN/io_rawOut_sExp[4]_INST_0_i_7_n_0
                         LUT6 (Prop_LUT6_I5_O)        0.090    50.103 f  atten/dm2/ctxQuant/add_1/add/addRawFN/io_rawOut_sExp[2]_INST_0_i_3/O
                         net (fo=1, unplaced)         0.155    50.258    atten/dm2/ctxQuant/add_1/add/addRawFN/io_rawOut_sExp[2]_INST_0_i_3_n_0
                         LUT5 (Prop_LUT5_I1_O)        0.090    50.348 f  atten/dm2/ctxQuant/add_1/add/addRawFN/io_rawOut_sExp[2]_INST_0_i_1/O
                         net (fo=35, unplaced)        0.259    50.607    atten/dm2/ctxQuant/add_1/add/addRawFN/close_normDistReduced2[1]
                         LUT6 (Prop_LUT6_I4_O)        0.038    50.645 r  atten/dm2/ctxQuant/add_1/add/addRawFN/io_rawOut_sExp[9]_INST_0_i_6/O
                         net (fo=2, unplaced)         0.197    50.842    atten/dm2/ctxQuant/add_1/add/addRawFN/io_rawOut_sExp[9]_INST_0_i_6_n_0
                         LUT6 (Prop_LUT6_I0_O)        0.038    50.880 r  atten/dm2/ctxQuant/add_1/add/addRawFN/io_rawOut_sExp[9]_INST_0_i_3/O
                         net (fo=4, unplaced)         0.210    51.090    atten/dm2/ctxQuant/add_1/add/addRawFN/io_rawOut_sExp[9]_INST_0_i_3_n_0
                         LUT6 (Prop_LUT6_I2_O)        0.038    51.128 r  atten/dm2/ctxQuant/add_1/add/addRawFN/io_rawOut_sExp[6]_INST_0/O
                         net (fo=25, unplaced)        0.210    51.338    atten/dm2/ctxQuant/add_1/add/roundRawFNToRecFN/roundAnyRawFNToRecFN/io_in_sExp[6]
                         LUT5 (Prop_LUT5_I1_O)        0.100    51.438 r  atten/dm2/ctxQuant/add_1/add/roundRawFNToRecFN/roundAnyRawFNToRecFN/io_out[26]_INST_0_i_15/O
                         net (fo=27, unplaced)        0.211    51.649    atten/dm2/ctxQuant/add_1/add/roundRawFNToRecFN/roundAnyRawFNToRecFN/io_out[26]_INST_0_i_15_n_0
                         LUT6 (Prop_LUT6_I2_O)        0.090    51.739 r  atten/dm2/ctxQuant/add_1/add/roundRawFNToRecFN/roundAnyRawFNToRecFN/io_out[26]_INST_0_i_39/O
                         net (fo=1, unplaced)         0.156    51.895    atten/dm2/ctxQuant/add_1/add/roundRawFNToRecFN/roundAnyRawFNToRecFN/io_out[26]_INST_0_i_39_n_0
                         LUT6 (Prop_LUT6_I2_O)        0.100    51.995 r  atten/dm2/ctxQuant/add_1/add/roundRawFNToRecFN/roundAnyRawFNToRecFN/io_out[26]_INST_0_i_11/O
                         net (fo=1, unplaced)         0.155    52.150    atten/dm2/ctxQuant/add_1/add/roundRawFNToRecFN/roundAnyRawFNToRecFN/io_out[26]_INST_0_i_11_n_0
                         LUT6 (Prop_LUT6_I2_O)        0.090    52.240 r  atten/dm2/ctxQuant/add_1/add/roundRawFNToRecFN/roundAnyRawFNToRecFN/io_out[26]_INST_0_i_3/O
                         net (fo=28, unplaced)        0.212    52.452    atten/dm2/ctxQuant/add_1/add/roundRawFNToRecFN/roundAnyRawFNToRecFN/io_out[26]_INST_0_i_3_n_0
                         LUT4 (Prop_LUT4_I0_O)        0.090    52.542 f  atten/dm2/ctxQuant/add_1/add/roundRawFNToRecFN/roundAnyRawFNToRecFN/io_out[26]_INST_0_i_1/O
                         net (fo=8, unplaced)         0.225    52.767    atten/dm2/ctxQuant/add_1/add/roundRawFNToRecFN/roundAnyRawFNToRecFN/io_out[26]_INST_0_i_1_n_0
                         LUT6 (Prop_LUT6_I4_O)        0.038    52.805 r  atten/dm2/ctxQuant/add_1/add/roundRawFNToRecFN/roundAnyRawFNToRecFN/io_out[28]_INST_0_i_1/O
                         net (fo=6, unplaced)         0.219    53.024    atten/dm2/ctxQuant/add_1/add/roundRawFNToRecFN/roundAnyRawFNToRecFN/io_out[28]_INST_0_i_1_n_0
                         LUT3 (Prop_LUT3_I0_O)        0.068    53.092 f  atten/dm2/ctxQuant/add_1/add/roundRawFNToRecFN/roundAnyRawFNToRecFN/io_out[30]_INST_0_i_5/O
                         net (fo=1, unplaced)         0.242    53.334    atten/dm2/ctxQuant/add_1/add/roundRawFNToRecFN/roundAnyRawFNToRecFN/io_out[30]_INST_0_i_5_n_0
                         CARRY8 (Prop_CARRY8_DI[2]_CO[5])
                                                      0.148    53.482 f  atten/dm2/ctxQuant/add_1/add/roundRawFNToRecFN/roundAnyRawFNToRecFN/io_out[30]_INST_0_i_1/CO[5]
                         net (fo=5, unplaced)         0.141    53.623    atten/dm2/ctxQuant/add_1/add/roundRawFNToRecFN/roundAnyRawFNToRecFN/common_totalUnderflow
                         LUT2 (Prop_LUT2_I0_O)        0.038    53.661 f  atten/dm2/ctxQuant/add_1/add/roundRawFNToRecFN/roundAnyRawFNToRecFN/io_out[31]_INST_0_i_3/O
                         net (fo=1, unplaced)         0.197    53.858    atten/dm2/ctxQuant/add_1/add/roundRawFNToRecFN/roundAnyRawFNToRecFN/io_out[31]_INST_0_i_3_n_0
                         LUT6 (Prop_LUT6_I3_O)        0.038    53.896 r  atten/dm2/ctxQuant/add_1/add/roundRawFNToRecFN/roundAnyRawFNToRecFN/io_out[31]_INST_0/O
                         net (fo=12, unplaced)        0.235    54.131    atten/dm2/ctxQuant/add_1/_add_io_out[31]
                         LUT3 (Prop_LUT3_I1_O)        0.038    54.169 r  atten/dm2/ctxQuant/add_1/io_out[21]_INST_0_i_3/O
                         net (fo=4, unplaced)         0.210    54.379    atten/dm2/ctxQuant/add_1/io_out[21]_INST_0_i_3_n_0
                         LUT5 (Prop_LUT5_I2_O)        0.038    54.417 r  atten/dm2/ctxQuant/add_1/io_out[2]_INST_0_i_2/O
                         net (fo=3, unplaced)         0.203    54.620    atten/dm2/ctxQuant/add_1/io_out[2]_INST_0_i_2_n_0
                         LUT6 (Prop_LUT6_I5_O)        0.038    54.658 r  atten/dm2/ctxQuant/add_1/io_out[6]_INST_0_i_2/O
                         net (fo=2, unplaced)         0.197    54.855    atten/dm2/ctxQuant/add_1/io_out[6]_INST_0_i_2_n_0
                         LUT3 (Prop_LUT3_I2_O)        0.038    54.893 r  atten/dm2/ctxQuant/add_1/io_out[6]_INST_0_i_1/O
                         net (fo=2, unplaced)         0.197    55.090    atten/dm2/ctxQuant/add_1/io_out[6]_INST_0_i_1_n_0
                         LUT6 (Prop_LUT6_I2_O)        0.038    55.128 r  atten/dm2/ctxQuant/add_1/io_out[5]_INST_0/O
                         net (fo=10, unplaced)        0.189    55.317    atten/dm2/ctxQuant/toInt_1/io_in[5]
                         LUT6 (Prop_LUT6_I0_O)        0.100    55.417 f  atten/dm2/ctxQuant/toInt_1/cvt_i_76/O
                         net (fo=1, unplaced)         0.197    55.614    atten/dm2/ctxQuant/toInt_1/cvt_i_76_n_0
                         LUT6 (Prop_LUT6_I0_O)        0.038    55.652 f  atten/dm2/ctxQuant/toInt_1/cvt_i_42/O
                         net (fo=26, unplaced)        0.252    55.904    atten/dm2/ctxQuant/toInt_1/cvt_i_42_n_0
                         LUT6 (Prop_LUT6_I4_O)        0.038    55.942 f  atten/dm2/ctxQuant/toInt_1/cvt_i_38/O
                         net (fo=3, unplaced)         0.203    56.145    atten/dm2/ctxQuant/toInt_1/cvt_i_38_n_0
                         LUT6 (Prop_LUT6_I2_O)        0.038    56.183 r  atten/dm2/ctxQuant/toInt_1/cvt_i_33/O
                         net (fo=2, unplaced)         0.197    56.380    atten/dm2/ctxQuant/toInt_1/cvt_i_33_n_0
                         LUT3 (Prop_LUT3_I0_O)        0.038    56.418 r  atten/dm2/ctxQuant/toInt_1/cvt_i_1/O
                         net (fo=35, unplaced)        0.259    56.677    atten/dm2/ctxQuant/toInt_1/cvt/io_in[31]
                         LUT2 (Prop_LUT2_I0_O)        0.038    56.715 r  atten/dm2/ctxQuant/toInt_1/cvt/io_out[1]_INST_0_i_4/O
                         net (fo=6, unplaced)         0.219    56.934    atten/dm2/ctxQuant/toInt_1/cvt/io_out[1]_INST_0_i_4_n_0
                         LUT6 (Prop_LUT6_I4_O)        0.038    56.972 f  atten/dm2/ctxQuant/toInt_1/cvt/io_out[1]_INST_0_i_3/O
                         net (fo=1, unplaced)         0.197    57.169    atten/dm2/ctxQuant/toInt_1/cvt/io_out[1]_INST_0_i_3_n_0
                         LUT6 (Prop_LUT6_I0_O)        0.038    57.207 f  atten/dm2/ctxQuant/toInt_1/cvt/io_out[1]_INST_0_i_2/O
                         net (fo=4, unplaced)         0.169    57.376    atten/dm2/ctxQuant/toInt_1/cvt/io_out[1]_INST_0_i_2_n_0
                         LUT6 (Prop_LUT6_I0_O)        0.100    57.476 r  atten/dm2/ctxQuant/toInt_1/cvt/io_out[7]_INST_0_i_7/O
                         net (fo=1, unplaced)         0.155    57.631    atten/dm2/ctxQuant/toInt_1/cvt/io_out[7]_INST_0_i_7_n_0
                         LUT6 (Prop_LUT6_I0_O)        0.090    57.721 r  atten/dm2/ctxQuant/toInt_1/cvt/io_out[7]_INST_0_i_2/O
                         net (fo=8, unplaced)         0.225    57.946    atten/dm2/ctxQuant/toInt_1/cvt/io_out[7]_INST_0_i_2_n_0
                         LUT6 (Prop_LUT6_I3_O)        0.038    57.984 r  atten/dm2/ctxQuant/toInt_1/cvt/io_out[2]_INST_0/O
                         net (fo=1, unplaced)         0.150    58.134    atten/dm2/ctxmemInst/mem/mem_ext/W0_data[10]
                         RAMB36E2                                     r  atten/dm2/ctxmemInst/mem/mem_ext/Memory_reg_0/DINADIN[10]
  -------------------------------------------------------------------    -------------------

                         (clock clk rise edge)       10.000    10.000 r  
                                                      0.000    10.000 r  clock (IN)
                         net (fo=803906, unset)       0.000    10.000    atten/dm2/ctxmemInst/mem/mem_ext/R0_clk
                         RAMB36E2                                     r  atten/dm2/ctxmemInst/mem/mem_ext/Memory_reg_0/CLKBWRCLK
                         clock pessimism              0.000    10.000    
                         clock uncertainty           -0.035     9.965    
                         RAMB36E2 (Setup_RAMB36E2_CLKBWRCLK_DINADIN[10])
                                                     -0.262     9.703    atten/dm2/ctxmemInst/mem/mem_ext/Memory_reg_0
  -------------------------------------------------------------------
                         required time                          9.703    
                         arrival time                         -58.134    
  -------------------------------------------------------------------
                         slack                                -48.431    

Slack (VIOLATED) :        -48.430ns  (required time - arrival time)
  Source:                 atten/softmax/memInst/mem/mem_ext/Memory_reg_uram_6/CLK
                            (rising edge-triggered cell URAM288 clocked by clk  {rise@0.000ns fall@5.000ns period=10.000ns})
  Destination:            atten/dm2/ctxmemInst/mem/mem_ext/Memory_reg_1/DINADIN[25]
                            (rising edge-triggered cell RAMB36E2 clocked by clk  {rise@0.000ns fall@5.000ns period=10.000ns})
  Path Group:             clk
  Path Type:              Setup (Max at Slow Process Corner)
  Requirement:            10.000ns  (clk rise@10.000ns - clk rise@0.000ns)
  Data Path Delay:        58.119ns  (logic 22.488ns (38.693%)  route 35.631ns (61.307%))
  Logic Levels:           203  (CARRY8=23 DSP_A_B_DATA=4 DSP_ALU=7 DSP_C_DATA=3 DSP_M_DATA=4 DSP_MULTIPLIER=4 DSP_OUTPUT=7 DSP_PREADD_DATA=4 LUT1=1 LUT2=15 LUT3=25 LUT4=13 LUT5=26 LUT6=67)
  Clock Uncertainty:      0.035ns  ((TSJ^2 + TIJ^2)^1/2 + DJ) / 2 + PE
    Total System Jitter     (TSJ):    0.071ns
    Total Input Jitter      (TIJ):    0.000ns
    Discrete Jitter          (DJ):    0.000ns
    Phase Error              (PE):    0.000ns

    Location             Delay type                Incr(ns)  Path(ns)    Netlist Resource(s)
  -------------------------------------------------------------------    -------------------
                         (clock clk rise edge)        0.000     0.000 r  
                                                      0.000     0.000 r  clock (IN)
                         net (fo=803906, unset)       0.000     0.000    atten/softmax/memInst/mem/mem_ext/R0_clk
                         URAM288                                      r  atten/softmax/memInst/mem/mem_ext/Memory_reg_uram_6/CLK
  -------------------------------------------------------------------    -------------------
                         URAM288 (Prop_URAM288_CLK_DOUT_B[56])
                                                      1.991     1.991 r  atten/softmax/memInst/mem/mem_ext/Memory_reg_uram_6/DOUT_B[56]
                         net (fo=1, unplaced)         0.226     2.217    atten/softmax/cuInst/io_data_in[488]
                         LUT2 (Prop_LUT2_I1_O)        0.070     2.287 r  atten/softmax/cuInst/softmax_i_504/O
                         net (fo=7, unplaced)         0.180     2.467    atten/softmax/cuInst/softmax/mul_15/io_a[8]
                         LUT4 (Prop_LUT4_I1_O)        0.090     2.557 r  atten/softmax/cuInst/softmax/mul_15/mul_i_70/O
                         net (fo=3, unplaced)         0.162     2.719    atten/softmax/cuInst/softmax/mul_15/mul_i_70_n_0
                         LUT5 (Prop_LUT5_I1_O)        0.100     2.819 r  atten/softmax/cuInst/softmax/mul_15/mul_i_41/O
                         net (fo=29, unplaced)        0.255     3.074    atten/softmax/cuInst/softmax/mul_15/mul_i_41_n_0
                         LUT6 (Prop_LUT6_I5_O)        0.038     3.112 f  atten/softmax/cuInst/softmax/mul_15/mul_i_93/O
                         net (fo=2, unplaced)         0.197     3.309    atten/softmax/cuInst/softmax/mul_15/mul_i_93_n_0
                         LUT3 (Prop_LUT3_I2_O)        0.038     3.347 f  atten/softmax/cuInst/softmax/mul_15/mul_i_50/O
                         net (fo=2, unplaced)         0.155     3.502    atten/softmax/cuInst/softmax/mul_15/mul_i_50_n_0
                         LUT5 (Prop_LUT5_I0_O)        0.090     3.592 f  atten/softmax/cuInst/softmax/mul_15/mul_i_16/O
                         net (fo=1, unplaced)         0.214     3.806    atten/softmax/cuInst/softmax/mul_15/mul/mulRawFN/mulFullRaw/io_rawOut_sig__0/B[16]
                         DSP_A_B_DATA (Prop_DSP_A_B_DATA_B[16]_B2_DATA[16])
                                                      0.151     3.957 r  atten/softmax/cuInst/softmax/mul_15/mul/mulRawFN/mulFullRaw/io_rawOut_sig__0/DSP_A_B_DATA_INST/B2_DATA[16]
                         net (fo=1, unplaced)         0.000     3.957    atten/softmax/cuInst/softmax/mul_15/mul/mulRawFN/mulFullRaw/io_rawOut_sig__0/DSP_A_B_DATA.B2_DATA<16>
                         DSP_PREADD_DATA (Prop_DSP_PREADD_DATA_B2_DATA[16]_B2B1[16])
                                                      0.073     4.030 r  atten/softmax/cuInst/softmax/mul_15/mul/mulRawFN/mulFullRaw/io_rawOut_sig__0/DSP_PREADD_DATA_INST/B2B1[16]
                         net (fo=1, unplaced)         0.000     4.030    atten/softmax/cuInst/softmax/mul_15/mul/mulRawFN/mulFullRaw/io_rawOut_sig__0/DSP_PREADD_DATA.B2B1<16>
                         DSP_MULTIPLIER (Prop_DSP_MULTIPLIER_B2B1[16]_V[19])
                                                      0.609     4.639 f  atten/softmax/cuInst/softmax/mul_15/mul/mulRawFN/mulFullRaw/io_rawOut_sig__0/DSP_MULTIPLIER_INST/V[19]
                         net (fo=1, unplaced)         0.000     4.639    atten/softmax/cuInst/softmax/mul_15/mul/mulRawFN/mulFullRaw/io_rawOut_sig__0/DSP_MULTIPLIER.V<19>
                         DSP_M_DATA (Prop_DSP_M_DATA_V[19]_V_DATA[19])
                                                      0.046     4.685 r  atten/softmax/cuInst/softmax/mul_15/mul/mulRawFN/mulFullRaw/io_rawOut_sig__0/DSP_M_DATA_INST/V_DATA[19]
                         net (fo=1, unplaced)         0.000     4.685    atten/softmax/cuInst/softmax/mul_15/mul/mulRawFN/mulFullRaw/io_rawOut_sig__0/DSP_M_DATA.V_DATA<19>
                         DSP_ALU (Prop_DSP_ALU_V_DATA[19]_ALU_OUT[19])
                                                      0.571     5.256 f  atten/softmax/cuInst/softmax/mul_15/mul/mulRawFN/mulFullRaw/io_rawOut_sig__0/DSP_ALU_INST/ALU_OUT[19]
                         net (fo=1, unplaced)         0.000     5.256    atten/softmax/cuInst/softmax/mul_15/mul/mulRawFN/mulFullRaw/io_rawOut_sig__0/DSP_ALU.ALU_OUT<19>
                         DSP_OUTPUT (Prop_DSP_OUTPUT_ALU_OUT[19]_P[19])
                                                      0.109     5.365 r  atten/softmax/cuInst/softmax/mul_15/mul/mulRawFN/mulFullRaw/io_rawOut_sig__0/DSP_OUTPUT_INST/P[19]
                         net (fo=1, unplaced)         0.211     5.576    atten/softmax/cuInst/softmax/mul_15/mul/mulRawFN/mulFullRaw/io_rawOut_sig__1/C[2]
                         DSP_C_DATA (Prop_DSP_C_DATA_C[2]_C_DATA[2])
                                                      0.105     5.681 r  atten/softmax/cuInst/softmax/mul_15/mul/mulRawFN/mulFullRaw/io_rawOut_sig__1/DSP_C_DATA_INST/C_DATA[2]
                         net (fo=2, unplaced)         0.000     5.681    atten/softmax/cuInst/softmax/mul_15/mul/mulRawFN/mulFullRaw/io_rawOut_sig__1/DSP_C_DATA.C_DATA<2>
                         DSP_ALU (Prop_DSP_ALU_C_DATA[2]_ALU_OUT[3])
                                                      0.585     6.266 r  atten/softmax/cuInst/softmax/mul_15/mul/mulRawFN/mulFullRaw/io_rawOut_sig__1/DSP_ALU_INST/ALU_OUT[3]
                         net (fo=1, unplaced)         0.000     6.266    atten/softmax/cuInst/softmax/mul_15/mul/mulRawFN/mulFullRaw/io_rawOut_sig__1/DSP_ALU.ALU_OUT<3>
                         DSP_OUTPUT (Prop_DSP_OUTPUT_ALU_OUT[3]_P[3])
                                                      0.109     6.375 f  atten/softmax/cuInst/softmax/mul_15/mul/mulRawFN/mulFullRaw/io_rawOut_sig__1/DSP_OUTPUT_INST/P[3]
                         net (fo=1, unplaced)         0.218     6.593    atten/softmax/cuInst/softmax/mul_15/mul/mulRawFN/_mulFullRaw_io_rawOut_sig[20]
                         LUT6 (Prop_LUT6_I0_O)        0.150     6.743 f  atten/softmax/cuInst/softmax/mul_15/mul/mulRawFN/io_rawOut_sig[0]_INST_0_i_2/O
                         net (fo=1, unplaced)         0.155     6.898    atten/softmax/cuInst/softmax/mul_15/mul/mulRawFN/io_rawOut_sig[0]_INST_0_i_2_n_0
                         LUT4 (Prop_LUT4_I1_O)        0.090     6.988 f  atten/softmax/cuInst/softmax/mul_15/mul/mulRawFN/io_rawOut_sig[0]_INST_0/O
                         net (fo=2, unplaced)         0.156     7.144    atten/softmax/cuInst/softmax/mul_15/mul/roundRawFNToRecFN/roundAnyRawFNToRecFN/io_in_sig[0]
                         LUT6 (Prop_LUT6_I5_O)        0.100     7.244 f  atten/softmax/cuInst/softmax/mul_15/mul/roundRawFNToRecFN/roundAnyRawFNToRecFN/io_out[26]_INST_0_i_58/O
                         net (fo=1, unplaced)         0.197     7.441    atten/softmax/cuInst/softmax/mul_15/mul/roundRawFNToRecFN/roundAnyRawFNToRecFN/io_out[26]_INST_0_i_58_n_0
                         LUT5 (Prop_LUT5_I4_O)        0.038     7.479 f  atten/softmax/cuInst/softmax/mul_15/mul/roundRawFNToRecFN/roundAnyRawFNToRecFN/io_out[26]_INST_0_i_19/O
                         net (fo=1, unplaced)         0.152     7.631    atten/softmax/cuInst/softmax/mul_15/mul/roundRawFNToRecFN/roundAnyRawFNToRecFN/io_out[26]_INST_0_i_19_n_0
                         LUT6 (Prop_LUT6_I3_O)        0.053     7.684 f  atten/softmax/cuInst/softmax/mul_15/mul/roundRawFNToRecFN/roundAnyRawFNToRecFN/io_out[26]_INST_0_i_5/O
                         net (fo=27, unplaced)        0.208     7.892    atten/softmax/cuInst/softmax/mul_15/mul/roundRawFNToRecFN/roundAnyRawFNToRecFN/io_out[26]_INST_0_i_5_n_0
                         LUT4 (Prop_LUT4_I2_O)        0.053     7.945 f  atten/softmax/cuInst/softmax/mul_15/mul/roundRawFNToRecFN/roundAnyRawFNToRecFN/io_out[26]_INST_0_i_1/O
                         net (fo=8, unplaced)         0.225     8.170    atten/softmax/cuInst/softmax/mul_15/mul/roundRawFNToRecFN/roundAnyRawFNToRecFN/io_out[26]_INST_0_i_1_n_0
                         LUT6 (Prop_LUT6_I4_O)        0.038     8.208 r  atten/softmax/cuInst/softmax/mul_15/mul/roundRawFNToRecFN/roundAnyRawFNToRecFN/io_out[28]_INST_0_i_1/O
                         net (fo=6, unplaced)         0.219     8.427    atten/softmax/cuInst/softmax/mul_15/mul/roundRawFNToRecFN/roundAnyRawFNToRecFN/io_out[28]_INST_0_i_1_n_0
                         LUT3 (Prop_LUT3_I0_O)        0.068     8.495 f  atten/softmax/cuInst/softmax/mul_15/mul/roundRawFNToRecFN/roundAnyRawFNToRecFN/io_out[30]_INST_0_i_5/O
                         net (fo=1, unplaced)         0.242     8.737    atten/softmax/cuInst/softmax/mul_15/mul/roundRawFNToRecFN/roundAnyRawFNToRecFN/io_out[30]_INST_0_i_5_n_0
                         CARRY8 (Prop_CARRY8_DI[2]_CO[5])
                                                      0.148     8.885 f  atten/softmax/cuInst/softmax/mul_15/mul/roundRawFNToRecFN/roundAnyRawFNToRecFN/io_out[30]_INST_0_i_1/CO[5]
                         net (fo=5, unplaced)         0.141     9.026    atten/softmax/cuInst/softmax/mul_15/mul/roundRawFNToRecFN/roundAnyRawFNToRecFN/common_totalUnderflow
                         LUT2 (Prop_LUT2_I0_O)        0.038     9.064 f  atten/softmax/cuInst/softmax/mul_15/mul/roundRawFNToRecFN/roundAnyRawFNToRecFN/io_out[31]_INST_0_i_3/O
                         net (fo=1, unplaced)         0.197     9.261    atten/softmax/cuInst/softmax/mul_15/mul/roundRawFNToRecFN/roundAnyRawFNToRecFN/io_out[31]_INST_0_i_3_n_0
                         LUT6 (Prop_LUT6_I3_O)        0.038     9.299 r  atten/softmax/cuInst/softmax/mul_15/mul/roundRawFNToRecFN/roundAnyRawFNToRecFN/io_out[31]_INST_0/O
                         net (fo=12, unplaced)        0.235     9.534    atten/softmax/cuInst/softmax/mul_15/_mul_io_out[31]
                         LUT3 (Prop_LUT3_I1_O)        0.038     9.572 r  atten/softmax/cuInst/softmax/mul_15/io_out[21]_INST_0_i_3/O
                         net (fo=4, unplaced)         0.210     9.782    atten/softmax/cuInst/softmax/mul_15/io_out[21]_INST_0_i_3_n_0
                         LUT5 (Prop_LUT5_I2_O)        0.038     9.820 r  atten/softmax/cuInst/softmax/mul_15/io_out[2]_INST_0_i_2/O
                         net (fo=3, unplaced)         0.203    10.023    atten/softmax/cuInst/softmax/mul_15/io_out[2]_INST_0_i_2_n_0
                         LUT6 (Prop_LUT6_I5_O)        0.038    10.061 r  atten/softmax/cuInst/softmax/mul_15/io_out[6]_INST_0_i_2/O
                         net (fo=2, unplaced)         0.197    10.258    atten/softmax/cuInst/softmax/mul_15/io_out[6]_INST_0_i_2_n_0
                         LUT3 (Prop_LUT3_I2_O)        0.038    10.296 r  atten/softmax/cuInst/softmax/mul_15/io_out[6]_INST_0_i_1/O
                         net (fo=2, unplaced)         0.197    10.493    atten/softmax/cuInst/softmax/mul_15/io_out[6]_INST_0_i_1_n_0
                         LUT6 (Prop_LUT6_I2_O)        0.038    10.531 r  atten/softmax/cuInst/softmax/mul_15/io_out[5]_INST_0/O
                         net (fo=10, unplaced)        0.189    10.720    atten/softmax/cuInst/softmax/toInt_15/io_in[5]
                         LUT6 (Prop_LUT6_I0_O)        0.100    10.820 f  atten/softmax/cuInst/softmax/toInt_15/cvt_i_76/O
                         net (fo=1, unplaced)         0.197    11.017    atten/softmax/cuInst/softmax/toInt_15/cvt_i_76_n_0
                         LUT6 (Prop_LUT6_I0_O)        0.038    11.055 f  atten/softmax/cuInst/softmax/toInt_15/cvt_i_42/O
                         net (fo=26, unplaced)        0.252    11.307    atten/softmax/cuInst/softmax/toInt_15/cvt_i_42_n_0
                         LUT6 (Prop_LUT6_I4_O)        0.038    11.345 f  atten/softmax/cuInst/softmax/toInt_15/cvt_i_38/O
                         net (fo=3, unplaced)         0.203    11.548    atten/softmax/cuInst/softmax/toInt_15/cvt_i_38_n_0
                         LUT6 (Prop_LUT6_I2_O)        0.038    11.586 r  atten/softmax/cuInst/softmax/toInt_15/cvt_i_33/O
                         net (fo=2, unplaced)         0.197    11.783    atten/softmax/cuInst/softmax/toInt_15/cvt_i_33_n_0
                         LUT3 (Prop_LUT3_I0_O)        0.038    11.821 r  atten/softmax/cuInst/softmax/toInt_15/cvt_i_1/O
                         net (fo=48, unplaced)        0.266    12.087    atten/softmax/cuInst/softmax/toInt_15/cvt/io_in[31]
                         LUT2 (Prop_LUT2_I0_O)        0.038    12.125 r  atten/softmax/cuInst/softmax/toInt_15/cvt/io_out[13]_INST_0_i_5/O
                         net (fo=18, unplaced)        0.244    12.369    atten/softmax/cuInst/softmax/toInt_15/cvt/io_out[13]_INST_0_i_5_n_0
                         LUT6 (Prop_LUT6_I4_O)        0.038    12.407 f  atten/softmax/cuInst/softmax/toInt_15/cvt/io_out[0]_INST_0_i_2/O
                         net (fo=4, unplaced)         0.168    12.575    atten/softmax/cuInst/softmax/toInt_15/cvt/io_out[0]_INST_0_i_2_n_0
                         LUT6 (Prop_LUT6_I0_O)        0.090    12.665 f  atten/softmax/cuInst/softmax/toInt_15/cvt/io_out[0]_INST_0_i_1/O
                         net (fo=10, unplaced)        0.188    12.853    atten/softmax/cuInst/softmax/toInt_15/cvt/io_out[0]_INST_0_i_1_n_0
                         LUT4 (Prop_LUT4_I1_O)        0.090    12.943 r  atten/softmax/cuInst/softmax/toInt_15/cvt/io_out[15]_INST_0_i_20/O
                         net (fo=1, unplaced)         0.197    13.140    atten/softmax/cuInst/softmax/toInt_15/cvt/io_out[15]_INST_0_i_20_n_0
                         LUT5 (Prop_LUT5_I4_O)        0.038    13.178 f  atten/softmax/cuInst/softmax/toInt_15/cvt/io_out[15]_INST_0_i_8/O
                         net (fo=1, unplaced)         0.155    13.333    atten/softmax/cuInst/softmax/toInt_15/cvt/io_out[15]_INST_0_i_8_n_0
                         LUT6 (Prop_LUT6_I2_O)        0.090    13.423 r  atten/softmax/cuInst/softmax/toInt_15/cvt/io_out[15]_INST_0_i_2/O
                         net (fo=16, unplaced)        0.241    13.664    atten/softmax/cuInst/softmax/toInt_15/cvt/io_out[15]_INST_0_i_2_n_0
                         LUT6 (Prop_LUT6_I2_O)        0.038    13.702 f  atten/softmax/cuInst/softmax/toInt_15/cvt/io_out[0]_INST_0/O
                         net (fo=1, unplaced)         0.197    13.899    atten/softmax/cuInst/softmax/_toInt_15_io_out[0]
                         LUT2 (Prop_LUT2_I1_O)        0.070    13.969 f  atten/softmax/cuInst/softmax/maxPreProcess_i_256/O
                         net (fo=7, unplaced)         0.222    14.191    atten/softmax/cuInst/softmax/maxPreProcess/io_in_15[0]
                         LUT4 (Prop_LUT4_I3_O)        0.070    14.261 r  atten/softmax/cuInst/softmax/maxPreProcess/io_out_0[8]_INST_0_i_258/O
                         net (fo=1, unplaced)         0.260    14.521    atten/softmax/cuInst/softmax/maxPreProcess/io_out_0[8]_INST_0_i_258_n_0
                         CARRY8 (Prop_CARRY8_DI[0]_CO[7])
                                                      0.140    14.661 r  atten/softmax/cuInst/softmax/maxPreProcess/io_out_0[8]_INST_0_i_129/CO[7]
                         net (fo=48, unplaced)        0.313    14.974    atten/softmax/cuInst/softmax/maxPreProcess/io_out_0[8]_INST_0_i_129_n_0
                         LUT3 (Prop_LUT3_I1_O)        0.038    15.012 r  atten/softmax/cuInst/softmax/maxPreProcess/io_out_0[8]_INST_0_i_480/O
                         net (fo=1, unplaced)         0.155    15.167    atten/softmax/cuInst/softmax/maxPreProcess/io_out_0[8]_INST_0_i_480_n_0
                         LUT6 (Prop_LUT6_I0_O)        0.090    15.257 r  atten/softmax/cuInst/softmax/maxPreProcess/io_out_0[8]_INST_0_i_274/O
                         net (fo=1, unplaced)         0.244    15.501    atten/softmax/cuInst/softmax/maxPreProcess/io_out_0[8]_INST_0_i_274_n_0
                         CARRY8 (Prop_CARRY8_DI[0]_CO[7])
                                                      0.140    15.641 r  atten/softmax/cuInst/softmax/maxPreProcess/io_out_0[8]_INST_0_i_130/CO[7]
                         net (fo=16, unplaced)        0.289    15.930    atten/softmax/cuInst/softmax/maxPreProcess/io_out_0[8]_INST_0_i_130_n_0
                         LUT5 (Prop_LUT5_I3_O)        0.038    15.968 f  atten/softmax/cuInst/softmax/maxPreProcess/io_out_0[0]_INST_0_i_118/O
                         net (fo=3, unplaced)         0.203    16.171    atten/softmax/cuInst/softmax/maxPreProcess/io_out_0[0]_INST_0_i_118_n_0
                         LUT4 (Prop_LUT4_I3_O)        0.070    16.241 r  atten/softmax/cuInst/softmax/maxPreProcess/io_out_0[8]_INST_0_i_120/O
                         net (fo=1, unplaced)         0.260    16.501    atten/softmax/cuInst/softmax/maxPreProcess/io_out_0[8]_INST_0_i_120_n_0
                         CARRY8 (Prop_CARRY8_DI[0]_CO[7])
                                                      0.140    16.641 r  atten/softmax/cuInst/softmax/maxPreProcess/io_out_0[8]_INST_0_i_32/CO[7]
                         net (fo=16, unplaced)        0.289    16.930    atten/softmax/cuInst/softmax/maxPreProcess/io_out_0[8]_INST_0_i_32_n_0
                         LUT3 (Prop_LUT3_I1_O)        0.038    16.968 r  atten/softmax/cuInst/softmax/maxPreProcess/io_out_0[0]_INST_0_i_24/O
                         net (fo=30, unplaced)        0.213    17.181    atten/softmax/cuInst/softmax/maxPreProcess/io_out_0[0]_INST_0_i_24_n_0
                         LUT6 (Prop_LUT6_I3_O)        0.090    17.271 r  atten/softmax/cuInst/softmax/maxPreProcess/io_out_0[8]_INST_0_i_41/O
                         net (fo=1, unplaced)         0.244    17.515    atten/softmax/cuInst/softmax/maxPreProcess/io_out_0[8]_INST_0_i_41_n_0
                         CARRY8 (Prop_CARRY8_DI[0]_CO[7])
                                                      0.140    17.655 r  atten/softmax/cuInst/softmax/maxPreProcess/io_out_0[8]_INST_0_i_10/CO[7]
                         net (fo=232, unplaced)       0.349    18.004    atten/softmax/cuInst/softmax/maxPreProcess/io_out_0[8]_INST_0_i_10_n_0
                         LUT5 (Prop_LUT5_I4_O)        0.038    18.042 f  atten/softmax/cuInst/softmax/maxPreProcess/io_out_0[0]_INST_0_i_27/O
                         net (fo=28, unplaced)        0.212    18.254    atten/softmax/cuInst/softmax/maxPreProcess/io_out_0[0]_INST_0_i_27_n_0
                         LUT6 (Prop_LUT6_I5_O)        0.090    18.344 r  atten/softmax/cuInst/softmax/maxPreProcess/io_out_0[8]_INST_0_i_60/O
                         net (fo=1, unplaced)         0.244    18.588    atten/softmax/cuInst/softmax/maxPreProcess/io_out_0[8]_INST_0_i_60_n_0
                         CARRY8 (Prop_CARRY8_DI[0]_CO[7])
                                                      0.140    18.728 r  atten/softmax/cuInst/softmax/maxPreProcess/io_out_0[8]_INST_0_i_12/CO[7]
                         net (fo=416, unplaced)       0.362    19.090    atten/softmax/cuInst/softmax/maxPreProcess/io_out_0[8]_INST_0_i_12_n_0
                         LUT6 (Prop_LUT6_I4_O)        0.037    19.127 r  atten/softmax/cuInst/softmax/maxPreProcess/io_out_23[0]_INST_0_i_7/O
                         net (fo=1, unplaced)         0.023    19.150    atten/softmax/cuInst/softmax/maxPreProcess/io_out_23[0]_INST_0_i_7_n_0
                         CARRY8 (Prop_CARRY8_S[1]_CO[7])
                                                      0.197    19.347 r  atten/softmax/cuInst/softmax/maxPreProcess/io_out_23[0]_INST_0/CO[7]
                         net (fo=1, unplaced)         0.005    19.352    atten/softmax/cuInst/softmax/maxPreProcess/io_out_23[0]_INST_0_n_0
                         CARRY8 (Prop_CARRY8_CI_O[7])
                                                      0.116    19.468 f  atten/softmax/cuInst/softmax/maxPreProcess/io_out_23[8]_INST_0/O[7]
                         net (fo=9, unplaced)         0.239    19.707    atten/softmax/cuInst/softmax/full_23/A[15]
                         DSP_A_B_DATA (Prop_DSP_A_B_DATA_A[15]_A2_DATA[15])
                                                      0.192    19.899 r  atten/softmax/cuInst/softmax/full_23/DSP_A_B_DATA_INST/A2_DATA[15]
                         net (fo=1, unplaced)         0.000    19.899    atten/softmax/cuInst/softmax/full_23/DSP_A_B_DATA.A2_DATA<15>
                         DSP_PREADD_DATA (Prop_DSP_PREADD_DATA_A2_DATA[15]_A2A1[15])
                                                      0.076    19.975 r  atten/softmax/cuInst/softmax/full_23/DSP_PREADD_DATA_INST/A2A1[15]
                         net (fo=1, unplaced)         0.000    19.975    atten/softmax/cuInst/softmax/full_23/DSP_PREADD_DATA.A2A1<15>
                         DSP_MULTIPLIER (Prop_DSP_MULTIPLIER_A2A1[15]_U[16])
                                                      0.505    20.480 f  atten/softmax/cuInst/softmax/full_23/DSP_MULTIPLIER_INST/U[16]
                         net (fo=1, unplaced)         0.000    20.480    atten/softmax/cuInst/softmax/full_23/DSP_MULTIPLIER.U<16>
                         DSP_M_DATA (Prop_DSP_M_DATA_U[16]_U_DATA[16])
                                                      0.047    20.527 r  atten/softmax/cuInst/softmax/full_23/DSP_M_DATA_INST/U_DATA[16]
                         net (fo=1, unplaced)         0.000    20.527    atten/softmax/cuInst/softmax/full_23/DSP_M_DATA.U_DATA<16>
                         DSP_ALU (Prop_DSP_ALU_U_DATA[16]_ALU_OUT[16])
                                                      0.585    21.112 r  atten/softmax/cuInst/softmax/full_23/DSP_ALU_INST/ALU_OUT[16]
                         net (fo=1, unplaced)         0.000    21.112    atten/softmax/cuInst/softmax/full_23/DSP_ALU.ALU_OUT<16>
                         DSP_OUTPUT (Prop_DSP_OUTPUT_ALU_OUT[16]_P[16])
                                                      0.109    21.221 f  atten/softmax/cuInst/softmax/full_23/DSP_OUTPUT_INST/P[16]
                         net (fo=47, unplaced)        0.219    21.440    atten/softmax/cuInst/softmax/exp2Stage1/io_in_23[8]
                         LUT2 (Prop_LUT2_I0_O)        0.100    21.540 f  atten/softmax/cuInst/softmax/exp2Stage1/io_out_23[15]_INST_0_i_11/O
                         net (fo=1, unplaced)         0.260    21.800    atten/softmax/cuInst/softmax/exp2Stage1/io_out_23[15]_INST_0_i_11_n_0
                         CARRY8 (Prop_CARRY8_DI[0]_CO[3])
                                                      0.182    21.982 f  atten/softmax/cuInst/softmax/exp2Stage1/io_out_23[15]_INST_0_i_3/CO[3]
                         net (fo=16, unplaced)        0.198    22.180    atten/softmax/cuInst/softmax/exp2Stage1/io_out_23[15]_INST_0_i_3_n_4
                         LUT6 (Prop_LUT6_I0_O)        0.053    22.233 r  atten/softmax/cuInst/softmax/exp2Stage1/io_out_23[0]_INST_0/O
                         net (fo=3, unplaced)         0.161    22.394    atten/softmax/cuInst/softmax/sum/io_in_23[0]
                         LUT3 (Prop_LUT3_I0_O)        0.090    22.484 r  atten/softmax/cuInst/softmax/sum/io_out[8]_INST_0_i_246/O
                         net (fo=1, unplaced)         0.221    22.705    atten/softmax/cuInst/softmax/sum/io_out[8]_INST_0_i_246_n_0
                         CARRY8 (Prop_CARRY8_DI[1]_O[2])
                                                      0.099    22.804 r  atten/softmax/cuInst/softmax/sum/io_out[8]_INST_0_i_156/O[2]
                         net (fo=3, unplaced)         0.207    23.011    atten/softmax/cuInst/softmax/sum/io_out[8]_INST_0_i_156_n_13
                         LUT3 (Prop_LUT3_I0_O)        0.090    23.101 r  atten/softmax/cuInst/softmax/sum/io_out[8]_INST_0_i_125/O
                         net (fo=1, unplaced)         0.198    23.299    atten/softmax/cuInst/softmax/sum/io_out[8]_INST_0_i_125_n_0
                         CARRY8 (Prop_CARRY8_DI[3]_O[7])
                                                      0.184    23.483 r  atten/softmax/cuInst/softmax/sum/io_out[8]_INST_0_i_26/O[7]
                         net (fo=5, unplaced)         0.173    23.656    atten/softmax/cuInst/softmax/sum/io_out[8]_INST_0_i_26_n_8
                         LUT3 (Prop_LUT3_I2_O)        0.038    23.694 r  atten/softmax/cuInst/softmax/sum/io_out[8]_INST_0_i_29/O
                         net (fo=1, unplaced)         0.197    23.891    atten/softmax/cuInst/softmax/sum/io_out[8]_INST_0_i_29_n_0
                         LUT5 (Prop_LUT5_I3_O)        0.038    23.929 r  atten/softmax/cuInst/softmax/sum/io_out[8]_INST_0_i_7/O
                         net (fo=1, unplaced)         0.244    24.173    atten/softmax/cuInst/softmax/sum/io_out[8]_INST_0_i_7_n_0
                         CARRY8 (Prop_CARRY8_DI[0]_O[5])
                                                      0.208    24.381 f  atten/softmax/cuInst/softmax/sum/io_out[8]_INST_0/O[5]
                         net (fo=27, unplaced)        0.197    24.578    atten/softmax/cuInst/softmax/log2/io_in_0[13]
                         LUT4 (Prop_LUT4_I0_O)        0.100    24.678 f  atten/softmax/cuInst/softmax/log2/io_out_0[7]_INST_0_i_4/O
                         net (fo=15, unplaced)        0.195    24.873    atten/softmax/cuInst/softmax/log2/io_out_0[7]_INST_0_i_4_n_0
                         LUT6 (Prop_LUT6_I2_O)        0.053    24.926 r  atten/softmax/cuInst/softmax/log2/io_out_0[7]_INST_0_i_1/O
                         net (fo=2, unplaced)         0.197    25.123    atten/softmax/cuInst/softmax/log2/io_out_0[7]_INST_0_i_1_n_0
                         LUT3 (Prop_LUT3_I0_O)        0.038    25.161 r  atten/softmax/cuInst/softmax/log2/io_out_0[14]_INST_0_i_16/O
                         net (fo=1, unplaced)         0.020    25.181    atten/softmax/cuInst/softmax/log2/x[7]
                         CARRY8 (Prop_CARRY8_S[0]_O[4])
                                                      0.206    25.387 r  atten/softmax/cuInst/softmax/log2/io_out_0[14]_INST_0_i_1/O[4]
                         net (fo=1, unplaced)         0.155    25.542    atten/softmax/cuInst/softmax/log2/io_out_0[14]_INST_0_i_1_n_11
                         LUT3 (Prop_LUT3_I0_O)        0.053    25.595 r  atten/softmax/cuInst/softmax/log2/io_out_0[11]_INST_0/O
                         net (fo=26, unplaced)        0.252    25.847    atten/softmax/cuInst/softmax/_log2_io_out_0[11]
                         LUT2 (Prop_LUT2_I1_O)        0.037    25.884 r  atten/softmax/cuInst/softmax/exp2Stage2_i_249/O
                         net (fo=1, unplaced)         0.032    25.916    atten/softmax/cuInst/softmax/exp2Stage2_i_249_n_0
                         CARRY8 (Prop_CARRY8_S[3]_O[4])
                                                      0.149    26.065 r  atten/softmax/cuInst/softmax/exp2Stage2_i_25/O[4]
                         net (fo=28, unplaced)        0.212    26.277    atten/softmax/cuInst/softmax/exp2Stage2/io_in_12[12]
                         LUT2 (Prop_LUT2_I0_O)        0.099    26.376 r  atten/softmax/cuInst/softmax/exp2Stage2/io_out_12[15]_INST_0_i_9/O
                         net (fo=1, unplaced)         0.242    26.618    atten/softmax/cuInst/softmax/exp2Stage2/io_out_12[15]_INST_0_i_9_n_0
                         CARRY8 (Prop_CARRY8_DI[2]_CO[3])
                                                      0.134    26.752 r  atten/softmax/cuInst/softmax/exp2Stage2/io_out_12[15]_INST_0_i_3/CO[3]
                         net (fo=16, unplaced)        0.198    26.950    atten/softmax/cuInst/softmax/exp2Stage2/io_out_12[15]_INST_0_i_3_n_4
                         LUT6 (Prop_LUT6_I0_O)        0.053    27.003 f  atten/softmax/cuInst/softmax/exp2Stage2/io_out_12[0]_INST_0/O
                         net (fo=18, unplaced)        0.203    27.206    atten/softmax/cuInst/softmax/toFp_12/cvt/io_in[0]
                         LUT6 (Prop_LUT6_I2_O)        0.100    27.306 r  atten/softmax/cuInst/softmax/toFp_12/cvt/io_out[31]_INST_0_i_28/O
                         net (fo=10, unplaced)        0.230    27.536    atten/softmax/cuInst/softmax/toFp_12/cvt/io_out[31]_INST_0_i_28_n_0
                         LUT5 (Prop_LUT5_I2_O)        0.038    27.574 r  atten/softmax/cuInst/softmax/toFp_12/cvt/io_out[31]_INST_0_i_30/O
                         net (fo=3, unplaced)         0.203    27.777    atten/softmax/cuInst/softmax/toFp_12/cvt/io_out[31]_INST_0_i_30_n_0
                         LUT5 (Prop_LUT5_I1_O)        0.070    27.847 f  atten/softmax/cuInst/softmax/toFp_12/cvt/io_out[31]_INST_0_i_23/O
                         net (fo=3, unplaced)         0.161    28.008    atten/softmax/cuInst/softmax/toFp_12/cvt/io_out[31]_INST_0_i_23_n_0
                         LUT5 (Prop_LUT5_I0_O)        0.090    28.098 r  atten/softmax/cuInst/softmax/toFp_12/cvt/io_out[26]_INST_0_i_1/O
                         net (fo=20, unplaced)        0.246    28.344    atten/softmax/cuInst/softmax/toFp_12/cvt/intAsRawFloat_adjustedNormDist[3]
                         LUT6 (Prop_LUT6_I4_O)        0.038    28.382 f  atten/softmax/cuInst/softmax/toFp_12/cvt/io_out[31]_INST_0_i_4/O
                         net (fo=4, unplaced)         0.169    28.551    atten/softmax/cuInst/softmax/toFp_12/cvt/io_out[31]_INST_0_i_4_n_0
                         LUT6 (Prop_LUT6_I2_O)        0.100    28.651 r  atten/softmax/cuInst/softmax/toFp_12/cvt/roundAnyRawFNToRecFN_i_1/O
                         net (fo=15, unplaced)        0.240    28.891    atten/softmax/cuInst/softmax/toFp_12/cvt/roundAnyRawFNToRecFN/io_in_isZero
                         LUT2 (Prop_LUT2_I1_O)        0.070    28.961 f  atten/softmax/cuInst/softmax/toFp_12/cvt/roundAnyRawFNToRecFN/io_out[20]_INST_0/O
                         net (fo=4, unplaced)         0.210    29.171    atten/softmax/cuInst/softmax/toFp_12/_cvt_io_out[20]
                         LUT5 (Prop_LUT5_I4_O)        0.038    29.209 f  atten/softmax/cuInst/softmax/toFp_12/io_out[1]_INST_0_i_1/O
                         net (fo=2, unplaced)         0.197    29.406    atten/softmax/cuInst/softmax/toFp_12/io_out[1]_INST_0_i_1_n_0
                         LUT5 (Prop_LUT5_I3_O)        0.038    29.444 f  atten/softmax/cuInst/softmax/toFp_12/io_out[1]_INST_0/O
                         net (fo=13, unplaced)        0.236    29.680    atten/softmax/cuInst/softmax/mul_38/io_a[1]
                         LUT6 (Prop_LUT6_I4_O)        0.038    29.718 r  atten/softmax/cuInst/softmax/mul_38/mul_i_97/O
                         net (fo=1, unplaced)         0.197    29.915    atten/softmax/cuInst/softmax/mul_38/mul_i_97_n_0
                         LUT5 (Prop_LUT5_I0_O)        0.038    29.953 r  atten/softmax/cuInst/softmax/mul_38/mul_i_77/O
                         net (fo=1, unplaced)         0.197    30.150    atten/softmax/cuInst/softmax/mul_38/mul_i_77_n_0
                         LUT6 (Prop_LUT6_I0_O)        0.038    30.188 r  atten/softmax/cuInst/softmax/mul_38/mul_i_39/O
                         net (fo=27, unplaced)        0.253    30.441    atten/softmax/cuInst/softmax/mul_38/mul_i_39_n_0
                         LUT3 (Prop_LUT3_I0_O)        0.038    30.479 f  atten/softmax/cuInst/softmax/mul_38/mul_i_50/O
                         net (fo=2, unplaced)         0.197    30.676    atten/softmax/cuInst/softmax/mul_38/mul_i_50_n_0
                         LUT5 (Prop_LUT5_I2_O)        0.038    30.714 f  atten/softmax/cuInst/softmax/mul_38/mul_i_16/O
                         net (fo=1, unplaced)         0.214    30.928    atten/softmax/cuInst/softmax/mul_38/mul/mulRawFN/mulFullRaw/io_rawOut_sig__0/B[16]
                         DSP_A_B_DATA (Prop_DSP_A_B_DATA_B[16]_B2_DATA[16])
                                                      0.151    31.079 r  atten/softmax/cuInst/softmax/mul_38/mul/mulRawFN/mulFullRaw/io_rawOut_sig__0/DSP_A_B_DATA_INST/B2_DATA[16]
                         net (fo=1, unplaced)         0.000    31.079    atten/softmax/cuInst/softmax/mul_38/mul/mulRawFN/mulFullRaw/io_rawOut_sig__0/DSP_A_B_DATA.B2_DATA<16>
                         DSP_PREADD_DATA (Prop_DSP_PREADD_DATA_B2_DATA[16]_B2B1[16])
                                                      0.073    31.152 r  atten/softmax/cuInst/softmax/mul_38/mul/mulRawFN/mulFullRaw/io_rawOut_sig__0/DSP_PREADD_DATA_INST/B2B1[16]
                         net (fo=1, unplaced)         0.000    31.152    atten/softmax/cuInst/softmax/mul_38/mul/mulRawFN/mulFullRaw/io_rawOut_sig__0/DSP_PREADD_DATA.B2B1<16>
                         DSP_MULTIPLIER (Prop_DSP_MULTIPLIER_B2B1[16]_V[19])
                                                      0.609    31.761 f  atten/softmax/cuInst/softmax/mul_38/mul/mulRawFN/mulFullRaw/io_rawOut_sig__0/DSP_MULTIPLIER_INST/V[19]
                         net (fo=1, unplaced)         0.000    31.761    atten/softmax/cuInst/softmax/mul_38/mul/mulRawFN/mulFullRaw/io_rawOut_sig__0/DSP_MULTIPLIER.V<19>
                         DSP_M_DATA (Prop_DSP_M_DATA_V[19]_V_DATA[19])
                                                      0.046    31.807 r  atten/softmax/cuInst/softmax/mul_38/mul/mulRawFN/mulFullRaw/io_rawOut_sig__0/DSP_M_DATA_INST/V_DATA[19]
                         net (fo=1, unplaced)         0.000    31.807    atten/softmax/cuInst/softmax/mul_38/mul/mulRawFN/mulFullRaw/io_rawOut_sig__0/DSP_M_DATA.V_DATA<19>
                         DSP_ALU (Prop_DSP_ALU_V_DATA[19]_ALU_OUT[19])
                                                      0.571    32.378 f  atten/softmax/cuInst/softmax/mul_38/mul/mulRawFN/mulFullRaw/io_rawOut_sig__0/DSP_ALU_INST/ALU_OUT[19]
                         net (fo=1, unplaced)         0.000    32.378    atten/softmax/cuInst/softmax/mul_38/mul/mulRawFN/mulFullRaw/io_rawOut_sig__0/DSP_ALU.ALU_OUT<19>
                         DSP_OUTPUT (Prop_DSP_OUTPUT_ALU_OUT[19]_P[19])
                                                      0.109    32.487 r  atten/softmax/cuInst/softmax/mul_38/mul/mulRawFN/mulFullRaw/io_rawOut_sig__0/DSP_OUTPUT_INST/P[19]
                         net (fo=1, unplaced)         0.211    32.698    atten/softmax/cuInst/softmax/mul_38/mul/mulRawFN/mulFullRaw/io_rawOut_sig__1/C[2]
                         DSP_C_DATA (Prop_DSP_C_DATA_C[2]_C_DATA[2])
                                                      0.105    32.803 r  atten/softmax/cuInst/softmax/mul_38/mul/mulRawFN/mulFullRaw/io_rawOut_sig__1/DSP_C_DATA_INST/C_DATA[2]
                         net (fo=2, unplaced)         0.000    32.803    atten/softmax/cuInst/softmax/mul_38/mul/mulRawFN/mulFullRaw/io_rawOut_sig__1/DSP_C_DATA.C_DATA<2>
                         DSP_ALU (Prop_DSP_ALU_C_DATA[2]_ALU_OUT[3])
                                                      0.585    33.388 r  atten/softmax/cuInst/softmax/mul_38/mul/mulRawFN/mulFullRaw/io_rawOut_sig__1/DSP_ALU_INST/ALU_OUT[3]
                         net (fo=1, unplaced)         0.000    33.388    atten/softmax/cuInst/softmax/mul_38/mul/mulRawFN/mulFullRaw/io_rawOut_sig__1/DSP_ALU.ALU_OUT<3>
                         DSP_OUTPUT (Prop_DSP_OUTPUT_ALU_OUT[3]_P[3])
                                                      0.109    33.497 f  atten/softmax/cuInst/softmax/mul_38/mul/mulRawFN/mulFullRaw/io_rawOut_sig__1/DSP_OUTPUT_INST/P[3]
                         net (fo=1, unplaced)         0.218    33.715    atten/softmax/cuInst/softmax/mul_38/mul/mulRawFN/_mulFullRaw_io_rawOut_sig[20]
                         LUT6 (Prop_LUT6_I0_O)        0.150    33.865 f  atten/softmax/cuInst/softmax/mul_38/mul/mulRawFN/io_rawOut_sig[0]_INST_0_i_2/O
                         net (fo=1, unplaced)         0.155    34.020    atten/softmax/cuInst/softmax/mul_38/mul/mulRawFN/io_rawOut_sig[0]_INST_0_i_2_n_0
                         LUT4 (Prop_LUT4_I1_O)        0.090    34.110 f  atten/softmax/cuInst/softmax/mul_38/mul/mulRawFN/io_rawOut_sig[0]_INST_0/O
                         net (fo=2, unplaced)         0.156    34.266    atten/softmax/cuInst/softmax/mul_38/mul/roundRawFNToRecFN/roundAnyRawFNToRecFN/io_in_sig[0]
                         LUT6 (Prop_LUT6_I5_O)        0.100    34.366 f  atten/softmax/cuInst/softmax/mul_38/mul/roundRawFNToRecFN/roundAnyRawFNToRecFN/io_out[26]_INST_0_i_39/O
                         net (fo=1, unplaced)         0.197    34.563    atten/softmax/cuInst/softmax/mul_38/mul/roundRawFNToRecFN/roundAnyRawFNToRecFN/io_out[26]_INST_0_i_39_n_0
                         LUT5 (Prop_LUT5_I4_O)        0.038    34.601 f  atten/softmax/cuInst/softmax/mul_38/mul/roundRawFNToRecFN/roundAnyRawFNToRecFN/io_out[26]_INST_0_i_12/O
                         net (fo=1, unplaced)         0.152    34.753    atten/softmax/cuInst/softmax/mul_38/mul/roundRawFNToRecFN/roundAnyRawFNToRecFN/io_out[26]_INST_0_i_12_n_0
                         LUT6 (Prop_LUT6_I3_O)        0.053    34.806 f  atten/softmax/cuInst/softmax/mul_38/mul/roundRawFNToRecFN/roundAnyRawFNToRecFN/io_out[26]_INST_0_i_4/O
                         net (fo=27, unplaced)        0.211    35.017    atten/softmax/cuInst/softmax/mul_38/mul/roundRawFNToRecFN/roundAnyRawFNToRecFN/io_out[26]_INST_0_i_4_n_0
                         LUT4 (Prop_LUT4_I1_O)        0.112    35.129 f  atten/softmax/cuInst/softmax/mul_38/mul/roundRawFNToRecFN/roundAnyRawFNToRecFN/io_out[26]_INST_0_i_1/O
                         net (fo=8, unplaced)         0.225    35.354    atten/softmax/cuInst/softmax/mul_38/mul/roundRawFNToRecFN/roundAnyRawFNToRecFN/io_out[26]_INST_0_i_1_n_0
                         LUT6 (Prop_LUT6_I4_O)        0.038    35.392 r  atten/softmax/cuInst/softmax/mul_38/mul/roundRawFNToRecFN/roundAnyRawFNToRecFN/io_out[28]_INST_0_i_1/O
                         net (fo=6, unplaced)         0.219    35.611    atten/softmax/cuInst/softmax/mul_38/mul/roundRawFNToRecFN/roundAnyRawFNToRecFN/io_out[28]_INST_0_i_1_n_0
                         LUT3 (Prop_LUT3_I0_O)        0.068    35.679 r  atten/softmax/cuInst/softmax/mul_38/mul/roundRawFNToRecFN/roundAnyRawFNToRecFN/io_out[30]_INST_0_i_5/O
                         net (fo=1, unplaced)         0.242    35.921    atten/softmax/cuInst/softmax/mul_38/mul/roundRawFNToRecFN/roundAnyRawFNToRecFN/io_out[30]_INST_0_i_5_n_0
                         CARRY8 (Prop_CARRY8_DI[2]_CO[5])
                                                      0.148    36.069 r  atten/softmax/cuInst/softmax/mul_38/mul/roundRawFNToRecFN/roundAnyRawFNToRecFN/io_out[30]_INST_0_i_1/CO[5]
                         net (fo=5, unplaced)         0.141    36.210    atten/softmax/cuInst/softmax/mul_38/mul/roundRawFNToRecFN/roundAnyRawFNToRecFN/common_totalUnderflow
                         LUT2 (Prop_LUT2_I0_O)        0.038    36.248 r  atten/softmax/cuInst/softmax/mul_38/mul/roundRawFNToRecFN/roundAnyRawFNToRecFN/io_out[31]_INST_0_i_3/O
                         net (fo=1, unplaced)         0.197    36.445    atten/softmax/cuInst/softmax/mul_38/mul/roundRawFNToRecFN/roundAnyRawFNToRecFN/io_out[31]_INST_0_i_3_n_0
                         LUT6 (Prop_LUT6_I3_O)        0.038    36.483 f  atten/softmax/cuInst/softmax/mul_38/mul/roundRawFNToRecFN/roundAnyRawFNToRecFN/io_out[31]_INST_0/O
                         net (fo=12, unplaced)        0.235    36.718    atten/softmax/cuInst/softmax/mul_38/_mul_io_out[31]
                         LUT3 (Prop_LUT3_I0_O)        0.038    36.756 f  atten/softmax/cuInst/softmax/mul_38/io_out[21]_INST_0_i_3/O
                         net (fo=4, unplaced)         0.210    36.966    atten/softmax/cuInst/softmax/mul_38/io_out[21]_INST_0_i_3_n_0
                         LUT5 (Prop_LUT5_I2_O)        0.038    37.004 f  atten/softmax/cuInst/softmax/mul_38/io_out[0]_INST_0_i_2/O
                         net (fo=3, unplaced)         0.203    37.207    atten/softmax/cuInst/softmax/mul_38/io_out[0]_INST_0_i_2_n_0
                         LUT6 (Prop_LUT6_I5_O)        0.038    37.245 f  atten/softmax/cuInst/softmax/mul_38/io_out[6]_INST_0_i_2/O
                         net (fo=2, unplaced)         0.197    37.442    atten/softmax/cuInst/softmax/mul_38/io_out[6]_INST_0_i_2_n_0
                         LUT3 (Prop_LUT3_I0_O)        0.070    37.512 f  atten/softmax/cuInst/softmax/mul_38/io_out[4]_INST_0_i_1/O
                         net (fo=2, unplaced)         0.197    37.709    atten/softmax/cuInst/softmax/mul_38/io_out[4]_INST_0_i_1_n_0
                         LUT6 (Prop_LUT6_I0_O)        0.038    37.747 f  atten/softmax/cuInst/softmax/mul_38/io_out[4]_INST_0/O
                         net (fo=1, unplaced)         0.197    37.944    atten/softmax/cuInst/softmax/_mul_38_io_out[4]
                         LUT2 (Prop_LUT2_I1_O)        0.038    37.982 f  atten/softmax/cuInst/softmax/io_out_12[4]_INST_0/O
                         net (fo=10, unplaced)        0.230    38.212    atten/dm2/ctxQuant/mul_12/io_a[4]
                         LUT4 (Prop_LUT4_I3_O)        0.038    38.250 f  atten/dm2/ctxQuant/mul_12/mul_i_134/O
                         net (fo=2, unplaced)         0.197    38.447    atten/dm2/ctxQuant/mul_12/mul_i_134_n_0
                         LUT5 (Prop_LUT5_I2_O)        0.038    38.485 r  atten/dm2/ctxQuant/mul_12/mul_i_73/O
                         net (fo=29, unplaced)        0.255    38.740    atten/dm2/ctxQuant/mul_12/mul_i_73_n_0
                         LUT6 (Prop_LUT6_I2_O)        0.038    38.778 f  atten/dm2/ctxQuant/mul_12/mul_i_159/O
                         net (fo=2, unplaced)         0.197    38.975    atten/dm2/ctxQuant/mul_12/mul_i_159_n_0
                         LUT3 (Prop_LUT3_I2_O)        0.038    39.013 f  atten/dm2/ctxQuant/mul_12/mul_i_83/O
                         net (fo=2, unplaced)         0.197    39.210    atten/dm2/ctxQuant/mul_12/mul_i_83_n_0
                         LUT5 (Prop_LUT5_I2_O)        0.038    39.248 f  atten/dm2/ctxQuant/mul_12/mul_i_16/O
                         net (fo=1, unplaced)         0.214    39.462    atten/dm2/ctxQuant/mul_12/mul/mulRawFN/mulFullRaw/io_rawOut_sig__0/B[16]
                         DSP_A_B_DATA (Prop_DSP_A_B_DATA_B[16]_B2_DATA[16])
                                                      0.151    39.613 r  atten/dm2/ctxQuant/mul_12/mul/mulRawFN/mulFullRaw/io_rawOut_sig__0/DSP_A_B_DATA_INST/B2_DATA[16]
                         net (fo=1, unplaced)         0.000    39.613    atten/dm2/ctxQuant/mul_12/mul/mulRawFN/mulFullRaw/io_rawOut_sig__0/DSP_A_B_DATA.B2_DATA<16>
                         DSP_PREADD_DATA (Prop_DSP_PREADD_DATA_B2_DATA[16]_B2B1[16])
                                                      0.073    39.686 r  atten/dm2/ctxQuant/mul_12/mul/mulRawFN/mulFullRaw/io_rawOut_sig__0/DSP_PREADD_DATA_INST/B2B1[16]
                         net (fo=1, unplaced)         0.000    39.686    atten/dm2/ctxQuant/mul_12/mul/mulRawFN/mulFullRaw/io_rawOut_sig__0/DSP_PREADD_DATA.B2B1<16>
                         DSP_MULTIPLIER (Prop_DSP_MULTIPLIER_B2B1[16]_V[19])
                                                      0.609    40.295 f  atten/dm2/ctxQuant/mul_12/mul/mulRawFN/mulFullRaw/io_rawOut_sig__0/DSP_MULTIPLIER_INST/V[19]
                         net (fo=1, unplaced)         0.000    40.295    atten/dm2/ctxQuant/mul_12/mul/mulRawFN/mulFullRaw/io_rawOut_sig__0/DSP_MULTIPLIER.V<19>
                         DSP_M_DATA (Prop_DSP_M_DATA_V[19]_V_DATA[19])
                                                      0.046    40.341 r  atten/dm2/ctxQuant/mul_12/mul/mulRawFN/mulFullRaw/io_rawOut_sig__0/DSP_M_DATA_INST/V_DATA[19]
                         net (fo=1, unplaced)         0.000    40.341    atten/dm2/ctxQuant/mul_12/mul/mulRawFN/mulFullRaw/io_rawOut_sig__0/DSP_M_DATA.V_DATA<19>
                         DSP_ALU (Prop_DSP_ALU_V_DATA[19]_ALU_OUT[19])
                                                      0.571    40.912 f  atten/dm2/ctxQuant/mul_12/mul/mulRawFN/mulFullRaw/io_rawOut_sig__0/DSP_ALU_INST/ALU_OUT[19]
                         net (fo=1, unplaced)         0.000    40.912    atten/dm2/ctxQuant/mul_12/mul/mulRawFN/mulFullRaw/io_rawOut_sig__0/DSP_ALU.ALU_OUT<19>
                         DSP_OUTPUT (Prop_DSP_OUTPUT_ALU_OUT[19]_P[19])
                                                      0.109    41.021 r  atten/dm2/ctxQuant/mul_12/mul/mulRawFN/mulFullRaw/io_rawOut_sig__0/DSP_OUTPUT_INST/P[19]
                         net (fo=1, unplaced)         0.211    41.232    atten/dm2/ctxQuant/mul_12/mul/mulRawFN/mulFullRaw/io_rawOut_sig__1/C[2]
                         DSP_C_DATA (Prop_DSP_C_DATA_C[2]_C_DATA[2])
                                                      0.105    41.337 r  atten/dm2/ctxQuant/mul_12/mul/mulRawFN/mulFullRaw/io_rawOut_sig__1/DSP_C_DATA_INST/C_DATA[2]
                         net (fo=2, unplaced)         0.000    41.337    atten/dm2/ctxQuant/mul_12/mul/mulRawFN/mulFullRaw/io_rawOut_sig__1/DSP_C_DATA.C_DATA<2>
                         DSP_ALU (Prop_DSP_ALU_C_DATA[2]_ALU_OUT[3])
                                                      0.585    41.922 r  atten/dm2/ctxQuant/mul_12/mul/mulRawFN/mulFullRaw/io_rawOut_sig__1/DSP_ALU_INST/ALU_OUT[3]
                         net (fo=1, unplaced)         0.000    41.922    atten/dm2/ctxQuant/mul_12/mul/mulRawFN/mulFullRaw/io_rawOut_sig__1/DSP_ALU.ALU_OUT<3>
                         DSP_OUTPUT (Prop_DSP_OUTPUT_ALU_OUT[3]_P[3])
                                                      0.109    42.031 f  atten/dm2/ctxQuant/mul_12/mul/mulRawFN/mulFullRaw/io_rawOut_sig__1/DSP_OUTPUT_INST/P[3]
                         net (fo=1, unplaced)         0.218    42.249    atten/dm2/ctxQuant/mul_12/mul/mulRawFN/_mulFullRaw_io_rawOut_sig[20]
                         LUT6 (Prop_LUT6_I0_O)        0.150    42.399 f  atten/dm2/ctxQuant/mul_12/mul/mulRawFN/io_rawOut_sig[0]_INST_0_i_2/O
                         net (fo=1, unplaced)         0.155    42.554    atten/dm2/ctxQuant/mul_12/mul/mulRawFN/io_rawOut_sig[0]_INST_0_i_2_n_0
                         LUT4 (Prop_LUT4_I1_O)        0.090    42.644 f  atten/dm2/ctxQuant/mul_12/mul/mulRawFN/io_rawOut_sig[0]_INST_0/O
                         net (fo=2, unplaced)         0.156    42.800    atten/dm2/ctxQuant/mul_12/mul/roundRawFNToRecFN/roundAnyRawFNToRecFN/io_in_sig[0]
                         LUT6 (Prop_LUT6_I5_O)        0.100    42.900 f  atten/dm2/ctxQuant/mul_12/mul/roundRawFNToRecFN/roundAnyRawFNToRecFN/io_out[26]_INST_0_i_39/O
                         net (fo=1, unplaced)         0.197    43.097    atten/dm2/ctxQuant/mul_12/mul/roundRawFNToRecFN/roundAnyRawFNToRecFN/io_out[26]_INST_0_i_39_n_0
                         LUT5 (Prop_LUT5_I4_O)        0.038    43.135 f  atten/dm2/ctxQuant/mul_12/mul/roundRawFNToRecFN/roundAnyRawFNToRecFN/io_out[26]_INST_0_i_12/O
                         net (fo=1, unplaced)         0.152    43.287    atten/dm2/ctxQuant/mul_12/mul/roundRawFNToRecFN/roundAnyRawFNToRecFN/io_out[26]_INST_0_i_12_n_0
                         LUT6 (Prop_LUT6_I3_O)        0.053    43.340 f  atten/dm2/ctxQuant/mul_12/mul/roundRawFNToRecFN/roundAnyRawFNToRecFN/io_out[26]_INST_0_i_4/O
                         net (fo=27, unplaced)        0.211    43.551    atten/dm2/ctxQuant/mul_12/mul/roundRawFNToRecFN/roundAnyRawFNToRecFN/io_out[26]_INST_0_i_4_n_0
                         LUT4 (Prop_LUT4_I1_O)        0.112    43.663 f  atten/dm2/ctxQuant/mul_12/mul/roundRawFNToRecFN/roundAnyRawFNToRecFN/io_out[26]_INST_0_i_1/O
                         net (fo=8, unplaced)         0.225    43.888    atten/dm2/ctxQuant/mul_12/mul/roundRawFNToRecFN/roundAnyRawFNToRecFN/io_out[26]_INST_0_i_1_n_0
                         LUT6 (Prop_LUT6_I4_O)        0.038    43.926 r  atten/dm2/ctxQuant/mul_12/mul/roundRawFNToRecFN/roundAnyRawFNToRecFN/io_out[28]_INST_0_i_1/O
                         net (fo=6, unplaced)         0.219    44.145    atten/dm2/ctxQuant/mul_12/mul/roundRawFNToRecFN/roundAnyRawFNToRecFN/io_out[28]_INST_0_i_1_n_0
                         LUT3 (Prop_LUT3_I0_O)        0.068    44.213 f  atten/dm2/ctxQuant/mul_12/mul/roundRawFNToRecFN/roundAnyRawFNToRecFN/io_out[30]_INST_0_i_5/O
                         net (fo=1, unplaced)         0.242    44.455    atten/dm2/ctxQuant/mul_12/mul/roundRawFNToRecFN/roundAnyRawFNToRecFN/io_out[30]_INST_0_i_5_n_0
                         CARRY8 (Prop_CARRY8_DI[2]_CO[5])
                                                      0.148    44.603 f  atten/dm2/ctxQuant/mul_12/mul/roundRawFNToRecFN/roundAnyRawFNToRecFN/io_out[30]_INST_0_i_1/CO[5]
                         net (fo=5, unplaced)         0.141    44.744    atten/dm2/ctxQuant/mul_12/mul/roundRawFNToRecFN/roundAnyRawFNToRecFN/common_totalUnderflow
                         LUT2 (Prop_LUT2_I0_O)        0.038    44.782 f  atten/dm2/ctxQuant/mul_12/mul/roundRawFNToRecFN/roundAnyRawFNToRecFN/io_out[31]_INST_0_i_3/O
                         net (fo=1, unplaced)         0.197    44.979    atten/dm2/ctxQuant/mul_12/mul/roundRawFNToRecFN/roundAnyRawFNToRecFN/io_out[31]_INST_0_i_3_n_0
                         LUT6 (Prop_LUT6_I3_O)        0.038    45.017 r  atten/dm2/ctxQuant/mul_12/mul/roundRawFNToRecFN/roundAnyRawFNToRecFN/io_out[31]_INST_0/O
                         net (fo=12, unplaced)        0.235    45.252    atten/dm2/ctxQuant/mul_12/_mul_io_out[31]
                         LUT3 (Prop_LUT3_I0_O)        0.038    45.290 r  atten/dm2/ctxQuant/mul_12/io_out[21]_INST_0_i_3/O
                         net (fo=4, unplaced)         0.210    45.500    atten/dm2/ctxQuant/mul_12/io_out[21]_INST_0_i_3_n_0
                         LUT5 (Prop_LUT5_I2_O)        0.038    45.538 r  atten/dm2/ctxQuant/mul_12/io_out[0]_INST_0_i_2/O
                         net (fo=3, unplaced)         0.203    45.741    atten/dm2/ctxQuant/mul_12/io_out[0]_INST_0_i_2_n_0
                         LUT6 (Prop_LUT6_I5_O)        0.038    45.779 r  atten/dm2/ctxQuant/mul_12/io_out[6]_INST_0_i_2/O
                         net (fo=2, unplaced)         0.197    45.976    atten/dm2/ctxQuant/mul_12/io_out[6]_INST_0_i_2_n_0
                         LUT3 (Prop_LUT3_I0_O)        0.070    46.046 r  atten/dm2/ctxQuant/mul_12/io_out[4]_INST_0_i_1/O
                         net (fo=2, unplaced)         0.197    46.243    atten/dm2/ctxQuant/mul_12/io_out[4]_INST_0_i_1_n_0
                         LUT6 (Prop_LUT6_I2_O)        0.038    46.281 r  atten/dm2/ctxQuant/mul_12/io_out[3]_INST_0/O
                         net (fo=11, unplaced)        0.233    46.514    atten/dm2/ctxQuant/add_12/io_a[3]
                         LUT6 (Prop_LUT6_I5_O)        0.038    46.552 r  atten/dm2/ctxQuant/add_12/add_i_141/O
                         net (fo=1, unplaced)         0.197    46.749    atten/dm2/ctxQuant/add_12/add_i_141_n_0
                         LUT6 (Prop_LUT6_I0_O)        0.038    46.787 r  atten/dm2/ctxQuant/add_12/add_i_74/O
                         net (fo=26, unplaced)        0.252    47.039    atten/dm2/ctxQuant/add_12/add_i_74_n_0
                         LUT6 (Prop_LUT6_I4_O)        0.038    47.077 r  atten/dm2/ctxQuant/add_12/add_i_70/O
                         net (fo=3, unplaced)         0.203    47.280    atten/dm2/ctxQuant/add_12/add_i_70_n_0
                         LUT6 (Prop_LUT6_I2_O)        0.038    47.318 r  atten/dm2/ctxQuant/add_12/add_i_67/O
                         net (fo=2, unplaced)         0.197    47.515    atten/dm2/ctxQuant/add_12/add_i_67_n_0
                         LUT3 (Prop_LUT3_I0_O)        0.038    47.553 r  atten/dm2/ctxQuant/add_12/add_i_4/O
                         net (fo=5, unplaced)         0.215    47.768    atten/dm2/ctxQuant/add_12/add/addRawFN/io_a_sExp[5]
                         LUT2 (Prop_LUT2_I0_O)        0.037    47.805 r  atten/dm2/ctxQuant/add_12/add/addRawFN/io_rawOut_sExp[5]_INST_0_i_6/O
                         net (fo=1, unplaced)         0.029    47.834    atten/dm2/ctxQuant/add_12/add/addRawFN/io_rawOut_sExp[5]_INST_0_i_6_n_0
                         CARRY8 (Prop_CARRY8_S[5]_CO[7])
                                                      0.166    48.000 r  atten/dm2/ctxQuant/add_12/add/addRawFN/io_rawOut_sExp[5]_INST_0_i_2/CO[7]
                         net (fo=1, unplaced)         0.005    48.005    atten/dm2/ctxQuant/add_12/add/addRawFN/io_rawOut_sExp[5]_INST_0_i_2_n_0
                         CARRY8 (Prop_CARRY8_CI_CO[1])
                                                      0.042    48.047 r  atten/dm2/ctxQuant/add_12/add/addRawFN/io_rawOut_sExp[5]_INST_0_i_1/CO[1]
                         net (fo=154, unplaced)       0.249    48.296    atten/dm2/ctxQuant/add_12/add/addRawFN/io_rawOut_sExp[5]_INST_0_i_1_n_6
                         LUT5 (Prop_LUT5_I4_O)        0.038    48.334 r  atten/dm2/ctxQuant/add_12/add/addRawFN/io_rawOut_sig[6]_INST_0_i_33/O
                         net (fo=3, unplaced)         0.203    48.537    atten/dm2/ctxQuant/add_12/add/addRawFN/p_1_in[2]
                         LUT2 (Prop_LUT2_I0_O)        0.068    48.605 r  atten/dm2/ctxQuant/add_12/add/addRawFN/io_rawOut_sig[6]_INST_0_i_10/O
                         net (fo=1, unplaced)         0.242    48.847    atten/dm2/ctxQuant/add_12/add/addRawFN/io_rawOut_sig[6]_INST_0_i_10_n_0
                         CARRY8 (Prop_CARRY8_DI[2]_O[4])
                                                      0.150    48.997 f  atten/dm2/ctxQuant/add_12/add/addRawFN/io_rawOut_sig[6]_INST_0_i_3/O[4]
                         net (fo=3, unplaced)         0.210    49.207    atten/dm2/ctxQuant/add_12/add/addRawFN/_close_sSigSum_T_3[5]
                         LUT1 (Prop_LUT1_I0_O)        0.037    49.244 r  atten/dm2/ctxQuant/add_12/add/addRawFN/io_rawOut_sig[6]_INST_0_i_22/O
                         net (fo=1, unplaced)         0.029    49.273    atten/dm2/ctxQuant/add_12/add/addRawFN/io_rawOut_sig[6]_INST_0_i_22_n_0
                         CARRY8 (Prop_CARRY8_S[5]_CO[7])
                                                      0.166    49.439 r  atten/dm2/ctxQuant/add_12/add/addRawFN/io_rawOut_sig[6]_INST_0_i_4/CO[7]
                         net (fo=1, unplaced)         0.005    49.444    atten/dm2/ctxQuant/add_12/add/addRawFN/io_rawOut_sig[6]_INST_0_i_4_n_0
                         CARRY8 (Prop_CARRY8_CI_O[2])
                                                      0.067    49.511 f  atten/dm2/ctxQuant/add_12/add/addRawFN/io_rawOut_sExp[4]_INST_0_i_12/O[2]
                         net (fo=4, unplaced)         0.214    49.725    atten/dm2/ctxQuant/add_12/add/addRawFN/io_rawOut_sExp[4]_INST_0_i_12_n_13
                         LUT5 (Prop_LUT5_I1_O)        0.090    49.815 f  atten/dm2/ctxQuant/add_12/add/addRawFN/io_rawOut_sExp[4]_INST_0_i_7/O
                         net (fo=6, unplaced)         0.177    49.992    atten/dm2/ctxQuant/add_12/add/addRawFN/io_rawOut_sExp[4]_INST_0_i_7_n_0
                         LUT6 (Prop_LUT6_I5_O)        0.090    50.082 f  atten/dm2/ctxQuant/add_12/add/addRawFN/io_rawOut_sExp[2]_INST_0_i_3/O
                         net (fo=1, unplaced)         0.155    50.237    atten/dm2/ctxQuant/add_12/add/addRawFN/io_rawOut_sExp[2]_INST_0_i_3_n_0
                         LUT5 (Prop_LUT5_I1_O)        0.090    50.327 f  atten/dm2/ctxQuant/add_12/add/addRawFN/io_rawOut_sExp[2]_INST_0_i_1/O
                         net (fo=35, unplaced)        0.259    50.586    atten/dm2/ctxQuant/add_12/add/addRawFN/close_normDistReduced2[1]
                         LUT6 (Prop_LUT6_I4_O)        0.038    50.624 r  atten/dm2/ctxQuant/add_12/add/addRawFN/io_rawOut_sExp[9]_INST_0_i_6/O
                         net (fo=2, unplaced)         0.197    50.821    atten/dm2/ctxQuant/add_12/add/addRawFN/io_rawOut_sExp[9]_INST_0_i_6_n_0
                         LUT6 (Prop_LUT6_I0_O)        0.038    50.859 r  atten/dm2/ctxQuant/add_12/add/addRawFN/io_rawOut_sExp[9]_INST_0_i_3/O
                         net (fo=4, unplaced)         0.210    51.069    atten/dm2/ctxQuant/add_12/add/addRawFN/io_rawOut_sExp[9]_INST_0_i_3_n_0
                         LUT6 (Prop_LUT6_I2_O)        0.038    51.107 r  atten/dm2/ctxQuant/add_12/add/addRawFN/io_rawOut_sExp[6]_INST_0/O
                         net (fo=25, unplaced)        0.210    51.317    atten/dm2/ctxQuant/add_12/add/roundRawFNToRecFN/roundAnyRawFNToRecFN/io_in_sExp[6]
                         LUT5 (Prop_LUT5_I1_O)        0.100    51.417 r  atten/dm2/ctxQuant/add_12/add/roundRawFNToRecFN/roundAnyRawFNToRecFN/io_out[26]_INST_0_i_15/O
                         net (fo=27, unplaced)        0.211    51.628    atten/dm2/ctxQuant/add_12/add/roundRawFNToRecFN/roundAnyRawFNToRecFN/io_out[26]_INST_0_i_15_n_0
                         LUT6 (Prop_LUT6_I2_O)        0.090    51.718 r  atten/dm2/ctxQuant/add_12/add/roundRawFNToRecFN/roundAnyRawFNToRecFN/io_out[26]_INST_0_i_39/O
                         net (fo=1, unplaced)         0.156    51.874    atten/dm2/ctxQuant/add_12/add/roundRawFNToRecFN/roundAnyRawFNToRecFN/io_out[26]_INST_0_i_39_n_0
                         LUT6 (Prop_LUT6_I2_O)        0.100    51.974 r  atten/dm2/ctxQuant/add_12/add/roundRawFNToRecFN/roundAnyRawFNToRecFN/io_out[26]_INST_0_i_11/O
                         net (fo=1, unplaced)         0.155    52.129    atten/dm2/ctxQuant/add_12/add/roundRawFNToRecFN/roundAnyRawFNToRecFN/io_out[26]_INST_0_i_11_n_0
                         LUT6 (Prop_LUT6_I2_O)        0.090    52.219 r  atten/dm2/ctxQuant/add_12/add/roundRawFNToRecFN/roundAnyRawFNToRecFN/io_out[26]_INST_0_i_3/O
                         net (fo=28, unplaced)        0.212    52.431    atten/dm2/ctxQuant/add_12/add/roundRawFNToRecFN/roundAnyRawFNToRecFN/io_out[26]_INST_0_i_3_n_0
                         LUT4 (Prop_LUT4_I0_O)        0.090    52.521 f  atten/dm2/ctxQuant/add_12/add/roundRawFNToRecFN/roundAnyRawFNToRecFN/io_out[26]_INST_0_i_1/O
                         net (fo=8, unplaced)         0.225    52.746    atten/dm2/ctxQuant/add_12/add/roundRawFNToRecFN/roundAnyRawFNToRecFN/io_out[26]_INST_0_i_1_n_0
                         LUT6 (Prop_LUT6_I4_O)        0.038    52.784 r  atten/dm2/ctxQuant/add_12/add/roundRawFNToRecFN/roundAnyRawFNToRecFN/io_out[28]_INST_0_i_1/O
                         net (fo=6, unplaced)         0.219    53.003    atten/dm2/ctxQuant/add_12/add/roundRawFNToRecFN/roundAnyRawFNToRecFN/io_out[28]_INST_0_i_1_n_0
                         LUT3 (Prop_LUT3_I0_O)        0.068    53.071 f  atten/dm2/ctxQuant/add_12/add/roundRawFNToRecFN/roundAnyRawFNToRecFN/io_out[30]_INST_0_i_5/O
                         net (fo=1, unplaced)         0.242    53.313    atten/dm2/ctxQuant/add_12/add/roundRawFNToRecFN/roundAnyRawFNToRecFN/io_out[30]_INST_0_i_5_n_0
                         CARRY8 (Prop_CARRY8_DI[2]_CO[5])
                                                      0.148    53.461 f  atten/dm2/ctxQuant/add_12/add/roundRawFNToRecFN/roundAnyRawFNToRecFN/io_out[30]_INST_0_i_1/CO[5]
                         net (fo=5, unplaced)         0.141    53.602    atten/dm2/ctxQuant/add_12/add/roundRawFNToRecFN/roundAnyRawFNToRecFN/common_totalUnderflow
                         LUT2 (Prop_LUT2_I0_O)        0.038    53.640 f  atten/dm2/ctxQuant/add_12/add/roundRawFNToRecFN/roundAnyRawFNToRecFN/io_out[31]_INST_0_i_3/O
                         net (fo=1, unplaced)         0.197    53.837    atten/dm2/ctxQuant/add_12/add/roundRawFNToRecFN/roundAnyRawFNToRecFN/io_out[31]_INST_0_i_3_n_0
                         LUT6 (Prop_LUT6_I3_O)        0.038    53.875 r  atten/dm2/ctxQuant/add_12/add/roundRawFNToRecFN/roundAnyRawFNToRecFN/io_out[31]_INST_0/O
                         net (fo=12, unplaced)        0.235    54.110    atten/dm2/ctxQuant/add_12/_add_io_out[31]
                         LUT3 (Prop_LUT3_I1_O)        0.038    54.148 r  atten/dm2/ctxQuant/add_12/io_out[21]_INST_0_i_3/O
                         net (fo=4, unplaced)         0.210    54.358    atten/dm2/ctxQuant/add_12/io_out[21]_INST_0_i_3_n_0
                         LUT5 (Prop_LUT5_I2_O)        0.038    54.396 r  atten/dm2/ctxQuant/add_12/io_out[2]_INST_0_i_2/O
                         net (fo=3, unplaced)         0.203    54.599    atten/dm2/ctxQuant/add_12/io_out[2]_INST_0_i_2_n_0
                         LUT6 (Prop_LUT6_I5_O)        0.038    54.637 r  atten/dm2/ctxQuant/add_12/io_out[6]_INST_0_i_2/O
                         net (fo=2, unplaced)         0.197    54.834    atten/dm2/ctxQuant/add_12/io_out[6]_INST_0_i_2_n_0
                         LUT3 (Prop_LUT3_I2_O)        0.038    54.872 r  atten/dm2/ctxQuant/add_12/io_out[6]_INST_0_i_1/O
                         net (fo=2, unplaced)         0.197    55.069    atten/dm2/ctxQuant/add_12/io_out[6]_INST_0_i_1_n_0
                         LUT6 (Prop_LUT6_I2_O)        0.038    55.107 r  atten/dm2/ctxQuant/add_12/io_out[5]_INST_0/O
                         net (fo=10, unplaced)        0.189    55.296    atten/dm2/ctxQuant/toInt_12/io_in[5]
                         LUT6 (Prop_LUT6_I0_O)        0.100    55.396 f  atten/dm2/ctxQuant/toInt_12/cvt_i_76/O
                         net (fo=1, unplaced)         0.197    55.593    atten/dm2/ctxQuant/toInt_12/cvt_i_76_n_0
                         LUT6 (Prop_LUT6_I0_O)        0.038    55.631 f  atten/dm2/ctxQuant/toInt_12/cvt_i_43/O
                         net (fo=26, unplaced)        0.252    55.883    atten/dm2/ctxQuant/toInt_12/cvt_i_43_n_0
                         LUT6 (Prop_LUT6_I4_O)        0.038    55.921 f  atten/dm2/ctxQuant/toInt_12/cvt_i_39/O
                         net (fo=3, unplaced)         0.203    56.124    atten/dm2/ctxQuant/toInt_12/cvt_i_39_n_0
                         LUT6 (Prop_LUT6_I2_O)        0.038    56.162 r  atten/dm2/ctxQuant/toInt_12/cvt_i_33/O
                         net (fo=2, unplaced)         0.197    56.359    atten/dm2/ctxQuant/toInt_12/cvt_i_33_n_0
                         LUT3 (Prop_LUT3_I0_O)        0.038    56.397 r  atten/dm2/ctxQuant/toInt_12/cvt_i_1/O
                         net (fo=35, unplaced)        0.259    56.656    atten/dm2/ctxQuant/toInt_12/cvt/io_in[31]
                         LUT2 (Prop_LUT2_I0_O)        0.038    56.694 r  atten/dm2/ctxQuant/toInt_12/cvt/io_out[1]_INST_0_i_4/O
                         net (fo=6, unplaced)         0.219    56.913    atten/dm2/ctxQuant/toInt_12/cvt/io_out[1]_INST_0_i_4_n_0
                         LUT6 (Prop_LUT6_I4_O)        0.038    56.951 f  atten/dm2/ctxQuant/toInt_12/cvt/io_out[1]_INST_0_i_3/O
                         net (fo=1, unplaced)         0.197    57.148    atten/dm2/ctxQuant/toInt_12/cvt/io_out[1]_INST_0_i_3_n_0
                         LUT6 (Prop_LUT6_I0_O)        0.038    57.186 f  atten/dm2/ctxQuant/toInt_12/cvt/io_out[1]_INST_0_i_2/O
                         net (fo=4, unplaced)         0.169    57.355    atten/dm2/ctxQuant/toInt_12/cvt/io_out[1]_INST_0_i_2_n_0
                         LUT6 (Prop_LUT6_I0_O)        0.100    57.455 r  atten/dm2/ctxQuant/toInt_12/cvt/io_out[7]_INST_0_i_7/O
                         net (fo=1, unplaced)         0.155    57.610    atten/dm2/ctxQuant/toInt_12/cvt/io_out[7]_INST_0_i_7_n_0
                         LUT6 (Prop_LUT6_I0_O)        0.090    57.700 r  atten/dm2/ctxQuant/toInt_12/cvt/io_out[7]_INST_0_i_2/O
                         net (fo=8, unplaced)         0.225    57.925    atten/dm2/ctxQuant/toInt_12/cvt/io_out[7]_INST_0_i_2_n_0
                         LUT6 (Prop_LUT6_I3_O)        0.038    57.963 r  atten/dm2/ctxQuant/toInt_12/cvt/io_out[1]_INST_0/O
                         net (fo=1, unplaced)         0.156    58.119    atten/dm2/ctxmemInst/mem/mem_ext/W0_data[97]
                         RAMB36E2                                     r  atten/dm2/ctxmemInst/mem/mem_ext/Memory_reg_1/DINADIN[25]
  -------------------------------------------------------------------    -------------------

                         (clock clk rise edge)       10.000    10.000 r  
                                                      0.000    10.000 r  clock (IN)
                         net (fo=803906, unset)       0.000    10.000    atten/dm2/ctxmemInst/mem/mem_ext/R0_clk
                         RAMB36E2                                     r  atten/dm2/ctxmemInst/mem/mem_ext/Memory_reg_1/CLKBWRCLK
                         clock pessimism              0.000    10.000    
                         clock uncertainty           -0.035     9.965    
                         RAMB36E2 (Setup_RAMB36E2_CLKBWRCLK_DINADIN[25])
                                                     -0.276     9.689    atten/dm2/ctxmemInst/mem/mem_ext/Memory_reg_1
  -------------------------------------------------------------------
                         required time                          9.689    
                         arrival time                         -58.119    
  -------------------------------------------------------------------
                         slack                                -48.430    

Slack (VIOLATED) :        -48.415ns  (required time - arrival time)
  Source:                 atten/softmax/memInst/mem/mem_ext/Memory_reg_uram_6/CLK
                            (rising edge-triggered cell URAM288 clocked by clk  {rise@0.000ns fall@5.000ns period=10.000ns})
  Destination:            atten/dm2/ctxmemInst/mem/mem_ext/Memory_reg_0/DINADIN[17]
                            (rising edge-triggered cell RAMB36E2 clocked by clk  {rise@0.000ns fall@5.000ns period=10.000ns})
  Path Group:             clk
  Path Type:              Setup (Max at Slow Process Corner)
  Requirement:            10.000ns  (clk rise@10.000ns - clk rise@0.000ns)
  Data Path Delay:        58.095ns  (logic 22.550ns (38.816%)  route 35.545ns (61.184%))
  Logic Levels:           203  (CARRY8=23 DSP_A_B_DATA=4 DSP_ALU=7 DSP_C_DATA=3 DSP_M_DATA=4 DSP_MULTIPLIER=4 DSP_OUTPUT=7 DSP_PREADD_DATA=4 LUT1=1 LUT2=15 LUT3=25 LUT4=13 LUT5=26 LUT6=67)
  Clock Uncertainty:      0.035ns  ((TSJ^2 + TIJ^2)^1/2 + DJ) / 2 + PE
    Total System Jitter     (TSJ):    0.071ns
    Total Input Jitter      (TIJ):    0.000ns
    Discrete Jitter          (DJ):    0.000ns
    Phase Error              (PE):    0.000ns

    Location             Delay type                Incr(ns)  Path(ns)    Netlist Resource(s)
  -------------------------------------------------------------------    -------------------
                         (clock clk rise edge)        0.000     0.000 r  
                                                      0.000     0.000 r  clock (IN)
                         net (fo=803906, unset)       0.000     0.000    atten/softmax/memInst/mem/mem_ext/R0_clk
                         URAM288                                      r  atten/softmax/memInst/mem/mem_ext/Memory_reg_uram_6/CLK
  -------------------------------------------------------------------    -------------------
                         URAM288 (Prop_URAM288_CLK_DOUT_B[56])
                                                      1.991     1.991 r  atten/softmax/memInst/mem/mem_ext/Memory_reg_uram_6/DOUT_B[56]
                         net (fo=1, unplaced)         0.226     2.217    atten/softmax/cuInst/io_data_in[488]
                         LUT2 (Prop_LUT2_I1_O)        0.070     2.287 r  atten/softmax/cuInst/softmax_i_504/O
                         net (fo=7, unplaced)         0.180     2.467    atten/softmax/cuInst/softmax/mul_15/io_a[8]
                         LUT4 (Prop_LUT4_I1_O)        0.090     2.557 r  atten/softmax/cuInst/softmax/mul_15/mul_i_70/O
                         net (fo=3, unplaced)         0.162     2.719    atten/softmax/cuInst/softmax/mul_15/mul_i_70_n_0
                         LUT5 (Prop_LUT5_I1_O)        0.100     2.819 r  atten/softmax/cuInst/softmax/mul_15/mul_i_41/O
                         net (fo=29, unplaced)        0.255     3.074    atten/softmax/cuInst/softmax/mul_15/mul_i_41_n_0
                         LUT6 (Prop_LUT6_I5_O)        0.038     3.112 f  atten/softmax/cuInst/softmax/mul_15/mul_i_93/O
                         net (fo=2, unplaced)         0.197     3.309    atten/softmax/cuInst/softmax/mul_15/mul_i_93_n_0
                         LUT3 (Prop_LUT3_I2_O)        0.038     3.347 f  atten/softmax/cuInst/softmax/mul_15/mul_i_50/O
                         net (fo=2, unplaced)         0.155     3.502    atten/softmax/cuInst/softmax/mul_15/mul_i_50_n_0
                         LUT5 (Prop_LUT5_I0_O)        0.090     3.592 f  atten/softmax/cuInst/softmax/mul_15/mul_i_16/O
                         net (fo=1, unplaced)         0.214     3.806    atten/softmax/cuInst/softmax/mul_15/mul/mulRawFN/mulFullRaw/io_rawOut_sig__0/B[16]
                         DSP_A_B_DATA (Prop_DSP_A_B_DATA_B[16]_B2_DATA[16])
                                                      0.151     3.957 r  atten/softmax/cuInst/softmax/mul_15/mul/mulRawFN/mulFullRaw/io_rawOut_sig__0/DSP_A_B_DATA_INST/B2_DATA[16]
                         net (fo=1, unplaced)         0.000     3.957    atten/softmax/cuInst/softmax/mul_15/mul/mulRawFN/mulFullRaw/io_rawOut_sig__0/DSP_A_B_DATA.B2_DATA<16>
                         DSP_PREADD_DATA (Prop_DSP_PREADD_DATA_B2_DATA[16]_B2B1[16])
                                                      0.073     4.030 r  atten/softmax/cuInst/softmax/mul_15/mul/mulRawFN/mulFullRaw/io_rawOut_sig__0/DSP_PREADD_DATA_INST/B2B1[16]
                         net (fo=1, unplaced)         0.000     4.030    atten/softmax/cuInst/softmax/mul_15/mul/mulRawFN/mulFullRaw/io_rawOut_sig__0/DSP_PREADD_DATA.B2B1<16>
                         DSP_MULTIPLIER (Prop_DSP_MULTIPLIER_B2B1[16]_V[19])
                                                      0.609     4.639 f  atten/softmax/cuInst/softmax/mul_15/mul/mulRawFN/mulFullRaw/io_rawOut_sig__0/DSP_MULTIPLIER_INST/V[19]
                         net (fo=1, unplaced)         0.000     4.639    atten/softmax/cuInst/softmax/mul_15/mul/mulRawFN/mulFullRaw/io_rawOut_sig__0/DSP_MULTIPLIER.V<19>
                         DSP_M_DATA (Prop_DSP_M_DATA_V[19]_V_DATA[19])
                                                      0.046     4.685 r  atten/softmax/cuInst/softmax/mul_15/mul/mulRawFN/mulFullRaw/io_rawOut_sig__0/DSP_M_DATA_INST/V_DATA[19]
                         net (fo=1, unplaced)         0.000     4.685    atten/softmax/cuInst/softmax/mul_15/mul/mulRawFN/mulFullRaw/io_rawOut_sig__0/DSP_M_DATA.V_DATA<19>
                         DSP_ALU (Prop_DSP_ALU_V_DATA[19]_ALU_OUT[19])
                                                      0.571     5.256 f  atten/softmax/cuInst/softmax/mul_15/mul/mulRawFN/mulFullRaw/io_rawOut_sig__0/DSP_ALU_INST/ALU_OUT[19]
                         net (fo=1, unplaced)         0.000     5.256    atten/softmax/cuInst/softmax/mul_15/mul/mulRawFN/mulFullRaw/io_rawOut_sig__0/DSP_ALU.ALU_OUT<19>
                         DSP_OUTPUT (Prop_DSP_OUTPUT_ALU_OUT[19]_P[19])
                                                      0.109     5.365 r  atten/softmax/cuInst/softmax/mul_15/mul/mulRawFN/mulFullRaw/io_rawOut_sig__0/DSP_OUTPUT_INST/P[19]
                         net (fo=1, unplaced)         0.211     5.576    atten/softmax/cuInst/softmax/mul_15/mul/mulRawFN/mulFullRaw/io_rawOut_sig__1/C[2]
                         DSP_C_DATA (Prop_DSP_C_DATA_C[2]_C_DATA[2])
                                                      0.105     5.681 r  atten/softmax/cuInst/softmax/mul_15/mul/mulRawFN/mulFullRaw/io_rawOut_sig__1/DSP_C_DATA_INST/C_DATA[2]
                         net (fo=2, unplaced)         0.000     5.681    atten/softmax/cuInst/softmax/mul_15/mul/mulRawFN/mulFullRaw/io_rawOut_sig__1/DSP_C_DATA.C_DATA<2>
                         DSP_ALU (Prop_DSP_ALU_C_DATA[2]_ALU_OUT[3])
                                                      0.585     6.266 r  atten/softmax/cuInst/softmax/mul_15/mul/mulRawFN/mulFullRaw/io_rawOut_sig__1/DSP_ALU_INST/ALU_OUT[3]
                         net (fo=1, unplaced)         0.000     6.266    atten/softmax/cuInst/softmax/mul_15/mul/mulRawFN/mulFullRaw/io_rawOut_sig__1/DSP_ALU.ALU_OUT<3>
                         DSP_OUTPUT (Prop_DSP_OUTPUT_ALU_OUT[3]_P[3])
                                                      0.109     6.375 f  atten/softmax/cuInst/softmax/mul_15/mul/mulRawFN/mulFullRaw/io_rawOut_sig__1/DSP_OUTPUT_INST/P[3]
                         net (fo=1, unplaced)         0.218     6.593    atten/softmax/cuInst/softmax/mul_15/mul/mulRawFN/_mulFullRaw_io_rawOut_sig[20]
                         LUT6 (Prop_LUT6_I0_O)        0.150     6.743 f  atten/softmax/cuInst/softmax/mul_15/mul/mulRawFN/io_rawOut_sig[0]_INST_0_i_2/O
                         net (fo=1, unplaced)         0.155     6.898    atten/softmax/cuInst/softmax/mul_15/mul/mulRawFN/io_rawOut_sig[0]_INST_0_i_2_n_0
                         LUT4 (Prop_LUT4_I1_O)        0.090     6.988 f  atten/softmax/cuInst/softmax/mul_15/mul/mulRawFN/io_rawOut_sig[0]_INST_0/O
                         net (fo=2, unplaced)         0.156     7.144    atten/softmax/cuInst/softmax/mul_15/mul/roundRawFNToRecFN/roundAnyRawFNToRecFN/io_in_sig[0]
                         LUT6 (Prop_LUT6_I5_O)        0.100     7.244 f  atten/softmax/cuInst/softmax/mul_15/mul/roundRawFNToRecFN/roundAnyRawFNToRecFN/io_out[26]_INST_0_i_58/O
                         net (fo=1, unplaced)         0.197     7.441    atten/softmax/cuInst/softmax/mul_15/mul/roundRawFNToRecFN/roundAnyRawFNToRecFN/io_out[26]_INST_0_i_58_n_0
                         LUT5 (Prop_LUT5_I4_O)        0.038     7.479 f  atten/softmax/cuInst/softmax/mul_15/mul/roundRawFNToRecFN/roundAnyRawFNToRecFN/io_out[26]_INST_0_i_19/O
                         net (fo=1, unplaced)         0.152     7.631    atten/softmax/cuInst/softmax/mul_15/mul/roundRawFNToRecFN/roundAnyRawFNToRecFN/io_out[26]_INST_0_i_19_n_0
                         LUT6 (Prop_LUT6_I3_O)        0.053     7.684 f  atten/softmax/cuInst/softmax/mul_15/mul/roundRawFNToRecFN/roundAnyRawFNToRecFN/io_out[26]_INST_0_i_5/O
                         net (fo=27, unplaced)        0.208     7.892    atten/softmax/cuInst/softmax/mul_15/mul/roundRawFNToRecFN/roundAnyRawFNToRecFN/io_out[26]_INST_0_i_5_n_0
                         LUT4 (Prop_LUT4_I2_O)        0.053     7.945 f  atten/softmax/cuInst/softmax/mul_15/mul/roundRawFNToRecFN/roundAnyRawFNToRecFN/io_out[26]_INST_0_i_1/O
                         net (fo=8, unplaced)         0.225     8.170    atten/softmax/cuInst/softmax/mul_15/mul/roundRawFNToRecFN/roundAnyRawFNToRecFN/io_out[26]_INST_0_i_1_n_0
                         LUT6 (Prop_LUT6_I4_O)        0.038     8.208 r  atten/softmax/cuInst/softmax/mul_15/mul/roundRawFNToRecFN/roundAnyRawFNToRecFN/io_out[28]_INST_0_i_1/O
                         net (fo=6, unplaced)         0.219     8.427    atten/softmax/cuInst/softmax/mul_15/mul/roundRawFNToRecFN/roundAnyRawFNToRecFN/io_out[28]_INST_0_i_1_n_0
                         LUT3 (Prop_LUT3_I0_O)        0.068     8.495 f  atten/softmax/cuInst/softmax/mul_15/mul/roundRawFNToRecFN/roundAnyRawFNToRecFN/io_out[30]_INST_0_i_5/O
                         net (fo=1, unplaced)         0.242     8.737    atten/softmax/cuInst/softmax/mul_15/mul/roundRawFNToRecFN/roundAnyRawFNToRecFN/io_out[30]_INST_0_i_5_n_0
                         CARRY8 (Prop_CARRY8_DI[2]_CO[5])
                                                      0.148     8.885 f  atten/softmax/cuInst/softmax/mul_15/mul/roundRawFNToRecFN/roundAnyRawFNToRecFN/io_out[30]_INST_0_i_1/CO[5]
                         net (fo=5, unplaced)         0.141     9.026    atten/softmax/cuInst/softmax/mul_15/mul/roundRawFNToRecFN/roundAnyRawFNToRecFN/common_totalUnderflow
                         LUT2 (Prop_LUT2_I0_O)        0.038     9.064 f  atten/softmax/cuInst/softmax/mul_15/mul/roundRawFNToRecFN/roundAnyRawFNToRecFN/io_out[31]_INST_0_i_3/O
                         net (fo=1, unplaced)         0.197     9.261    atten/softmax/cuInst/softmax/mul_15/mul/roundRawFNToRecFN/roundAnyRawFNToRecFN/io_out[31]_INST_0_i_3_n_0
                         LUT6 (Prop_LUT6_I3_O)        0.038     9.299 r  atten/softmax/cuInst/softmax/mul_15/mul/roundRawFNToRecFN/roundAnyRawFNToRecFN/io_out[31]_INST_0/O
                         net (fo=12, unplaced)        0.235     9.534    atten/softmax/cuInst/softmax/mul_15/_mul_io_out[31]
                         LUT3 (Prop_LUT3_I1_O)        0.038     9.572 r  atten/softmax/cuInst/softmax/mul_15/io_out[21]_INST_0_i_3/O
                         net (fo=4, unplaced)         0.210     9.782    atten/softmax/cuInst/softmax/mul_15/io_out[21]_INST_0_i_3_n_0
                         LUT5 (Prop_LUT5_I2_O)        0.038     9.820 r  atten/softmax/cuInst/softmax/mul_15/io_out[2]_INST_0_i_2/O
                         net (fo=3, unplaced)         0.203    10.023    atten/softmax/cuInst/softmax/mul_15/io_out[2]_INST_0_i_2_n_0
                         LUT6 (Prop_LUT6_I5_O)        0.038    10.061 r  atten/softmax/cuInst/softmax/mul_15/io_out[6]_INST_0_i_2/O
                         net (fo=2, unplaced)         0.197    10.258    atten/softmax/cuInst/softmax/mul_15/io_out[6]_INST_0_i_2_n_0
                         LUT3 (Prop_LUT3_I2_O)        0.038    10.296 r  atten/softmax/cuInst/softmax/mul_15/io_out[6]_INST_0_i_1/O
                         net (fo=2, unplaced)         0.197    10.493    atten/softmax/cuInst/softmax/mul_15/io_out[6]_INST_0_i_1_n_0
                         LUT6 (Prop_LUT6_I2_O)        0.038    10.531 r  atten/softmax/cuInst/softmax/mul_15/io_out[5]_INST_0/O
                         net (fo=10, unplaced)        0.189    10.720    atten/softmax/cuInst/softmax/toInt_15/io_in[5]
                         LUT6 (Prop_LUT6_I0_O)        0.100    10.820 f  atten/softmax/cuInst/softmax/toInt_15/cvt_i_76/O
                         net (fo=1, unplaced)         0.197    11.017    atten/softmax/cuInst/softmax/toInt_15/cvt_i_76_n_0
                         LUT6 (Prop_LUT6_I0_O)        0.038    11.055 f  atten/softmax/cuInst/softmax/toInt_15/cvt_i_42/O
                         net (fo=26, unplaced)        0.252    11.307    atten/softmax/cuInst/softmax/toInt_15/cvt_i_42_n_0
                         LUT6 (Prop_LUT6_I4_O)        0.038    11.345 f  atten/softmax/cuInst/softmax/toInt_15/cvt_i_38/O
                         net (fo=3, unplaced)         0.203    11.548    atten/softmax/cuInst/softmax/toInt_15/cvt_i_38_n_0
                         LUT6 (Prop_LUT6_I2_O)        0.038    11.586 r  atten/softmax/cuInst/softmax/toInt_15/cvt_i_33/O
                         net (fo=2, unplaced)         0.197    11.783    atten/softmax/cuInst/softmax/toInt_15/cvt_i_33_n_0
                         LUT3 (Prop_LUT3_I0_O)        0.038    11.821 r  atten/softmax/cuInst/softmax/toInt_15/cvt_i_1/O
                         net (fo=48, unplaced)        0.266    12.087    atten/softmax/cuInst/softmax/toInt_15/cvt/io_in[31]
                         LUT2 (Prop_LUT2_I0_O)        0.038    12.125 r  atten/softmax/cuInst/softmax/toInt_15/cvt/io_out[13]_INST_0_i_5/O
                         net (fo=18, unplaced)        0.244    12.369    atten/softmax/cuInst/softmax/toInt_15/cvt/io_out[13]_INST_0_i_5_n_0
                         LUT6 (Prop_LUT6_I4_O)        0.038    12.407 f  atten/softmax/cuInst/softmax/toInt_15/cvt/io_out[0]_INST_0_i_2/O
                         net (fo=4, unplaced)         0.168    12.575    atten/softmax/cuInst/softmax/toInt_15/cvt/io_out[0]_INST_0_i_2_n_0
                         LUT6 (Prop_LUT6_I0_O)        0.090    12.665 f  atten/softmax/cuInst/softmax/toInt_15/cvt/io_out[0]_INST_0_i_1/O
                         net (fo=10, unplaced)        0.188    12.853    atten/softmax/cuInst/softmax/toInt_15/cvt/io_out[0]_INST_0_i_1_n_0
                         LUT4 (Prop_LUT4_I1_O)        0.090    12.943 r  atten/softmax/cuInst/softmax/toInt_15/cvt/io_out[15]_INST_0_i_20/O
                         net (fo=1, unplaced)         0.197    13.140    atten/softmax/cuInst/softmax/toInt_15/cvt/io_out[15]_INST_0_i_20_n_0
                         LUT5 (Prop_LUT5_I4_O)        0.038    13.178 f  atten/softmax/cuInst/softmax/toInt_15/cvt/io_out[15]_INST_0_i_8/O
                         net (fo=1, unplaced)         0.155    13.333    atten/softmax/cuInst/softmax/toInt_15/cvt/io_out[15]_INST_0_i_8_n_0
                         LUT6 (Prop_LUT6_I2_O)        0.090    13.423 r  atten/softmax/cuInst/softmax/toInt_15/cvt/io_out[15]_INST_0_i_2/O
                         net (fo=16, unplaced)        0.241    13.664    atten/softmax/cuInst/softmax/toInt_15/cvt/io_out[15]_INST_0_i_2_n_0
                         LUT6 (Prop_LUT6_I2_O)        0.038    13.702 f  atten/softmax/cuInst/softmax/toInt_15/cvt/io_out[0]_INST_0/O
                         net (fo=1, unplaced)         0.197    13.899    atten/softmax/cuInst/softmax/_toInt_15_io_out[0]
                         LUT2 (Prop_LUT2_I1_O)        0.070    13.969 f  atten/softmax/cuInst/softmax/maxPreProcess_i_256/O
                         net (fo=7, unplaced)         0.222    14.191    atten/softmax/cuInst/softmax/maxPreProcess/io_in_15[0]
                         LUT4 (Prop_LUT4_I3_O)        0.070    14.261 r  atten/softmax/cuInst/softmax/maxPreProcess/io_out_0[8]_INST_0_i_258/O
                         net (fo=1, unplaced)         0.260    14.521    atten/softmax/cuInst/softmax/maxPreProcess/io_out_0[8]_INST_0_i_258_n_0
                         CARRY8 (Prop_CARRY8_DI[0]_CO[7])
                                                      0.140    14.661 r  atten/softmax/cuInst/softmax/maxPreProcess/io_out_0[8]_INST_0_i_129/CO[7]
                         net (fo=48, unplaced)        0.313    14.974    atten/softmax/cuInst/softmax/maxPreProcess/io_out_0[8]_INST_0_i_129_n_0
                         LUT3 (Prop_LUT3_I1_O)        0.038    15.012 r  atten/softmax/cuInst/softmax/maxPreProcess/io_out_0[8]_INST_0_i_480/O
                         net (fo=1, unplaced)         0.155    15.167    atten/softmax/cuInst/softmax/maxPreProcess/io_out_0[8]_INST_0_i_480_n_0
                         LUT6 (Prop_LUT6_I0_O)        0.090    15.257 r  atten/softmax/cuInst/softmax/maxPreProcess/io_out_0[8]_INST_0_i_274/O
                         net (fo=1, unplaced)         0.244    15.501    atten/softmax/cuInst/softmax/maxPreProcess/io_out_0[8]_INST_0_i_274_n_0
                         CARRY8 (Prop_CARRY8_DI[0]_CO[7])
                                                      0.140    15.641 r  atten/softmax/cuInst/softmax/maxPreProcess/io_out_0[8]_INST_0_i_130/CO[7]
                         net (fo=16, unplaced)        0.289    15.930    atten/softmax/cuInst/softmax/maxPreProcess/io_out_0[8]_INST_0_i_130_n_0
                         LUT5 (Prop_LUT5_I3_O)        0.038    15.968 f  atten/softmax/cuInst/softmax/maxPreProcess/io_out_0[0]_INST_0_i_118/O
                         net (fo=3, unplaced)         0.203    16.171    atten/softmax/cuInst/softmax/maxPreProcess/io_out_0[0]_INST_0_i_118_n_0
                         LUT4 (Prop_LUT4_I3_O)        0.070    16.241 r  atten/softmax/cuInst/softmax/maxPreProcess/io_out_0[8]_INST_0_i_120/O
                         net (fo=1, unplaced)         0.260    16.501    atten/softmax/cuInst/softmax/maxPreProcess/io_out_0[8]_INST_0_i_120_n_0
                         CARRY8 (Prop_CARRY8_DI[0]_CO[7])
                                                      0.140    16.641 r  atten/softmax/cuInst/softmax/maxPreProcess/io_out_0[8]_INST_0_i_32/CO[7]
                         net (fo=16, unplaced)        0.289    16.930    atten/softmax/cuInst/softmax/maxPreProcess/io_out_0[8]_INST_0_i_32_n_0
                         LUT3 (Prop_LUT3_I1_O)        0.038    16.968 r  atten/softmax/cuInst/softmax/maxPreProcess/io_out_0[0]_INST_0_i_24/O
                         net (fo=30, unplaced)        0.213    17.181    atten/softmax/cuInst/softmax/maxPreProcess/io_out_0[0]_INST_0_i_24_n_0
                         LUT6 (Prop_LUT6_I3_O)        0.090    17.271 r  atten/softmax/cuInst/softmax/maxPreProcess/io_out_0[8]_INST_0_i_41/O
                         net (fo=1, unplaced)         0.244    17.515    atten/softmax/cuInst/softmax/maxPreProcess/io_out_0[8]_INST_0_i_41_n_0
                         CARRY8 (Prop_CARRY8_DI[0]_CO[7])
                                                      0.140    17.655 r  atten/softmax/cuInst/softmax/maxPreProcess/io_out_0[8]_INST_0_i_10/CO[7]
                         net (fo=232, unplaced)       0.349    18.004    atten/softmax/cuInst/softmax/maxPreProcess/io_out_0[8]_INST_0_i_10_n_0
                         LUT5 (Prop_LUT5_I4_O)        0.038    18.042 f  atten/softmax/cuInst/softmax/maxPreProcess/io_out_0[0]_INST_0_i_27/O
                         net (fo=28, unplaced)        0.212    18.254    atten/softmax/cuInst/softmax/maxPreProcess/io_out_0[0]_INST_0_i_27_n_0
                         LUT6 (Prop_LUT6_I5_O)        0.090    18.344 r  atten/softmax/cuInst/softmax/maxPreProcess/io_out_0[8]_INST_0_i_60/O
                         net (fo=1, unplaced)         0.244    18.588    atten/softmax/cuInst/softmax/maxPreProcess/io_out_0[8]_INST_0_i_60_n_0
                         CARRY8 (Prop_CARRY8_DI[0]_CO[7])
                                                      0.140    18.728 r  atten/softmax/cuInst/softmax/maxPreProcess/io_out_0[8]_INST_0_i_12/CO[7]
                         net (fo=416, unplaced)       0.362    19.090    atten/softmax/cuInst/softmax/maxPreProcess/io_out_0[8]_INST_0_i_12_n_0
                         LUT6 (Prop_LUT6_I4_O)        0.037    19.127 r  atten/softmax/cuInst/softmax/maxPreProcess/io_out_23[0]_INST_0_i_7/O
                         net (fo=1, unplaced)         0.023    19.150    atten/softmax/cuInst/softmax/maxPreProcess/io_out_23[0]_INST_0_i_7_n_0
                         CARRY8 (Prop_CARRY8_S[1]_CO[7])
                                                      0.197    19.347 r  atten/softmax/cuInst/softmax/maxPreProcess/io_out_23[0]_INST_0/CO[7]
                         net (fo=1, unplaced)         0.005    19.352    atten/softmax/cuInst/softmax/maxPreProcess/io_out_23[0]_INST_0_n_0
                         CARRY8 (Prop_CARRY8_CI_O[7])
                                                      0.116    19.468 f  atten/softmax/cuInst/softmax/maxPreProcess/io_out_23[8]_INST_0/O[7]
                         net (fo=9, unplaced)         0.239    19.707    atten/softmax/cuInst/softmax/full_23/A[15]
                         DSP_A_B_DATA (Prop_DSP_A_B_DATA_A[15]_A2_DATA[15])
                                                      0.192    19.899 r  atten/softmax/cuInst/softmax/full_23/DSP_A_B_DATA_INST/A2_DATA[15]
                         net (fo=1, unplaced)         0.000    19.899    atten/softmax/cuInst/softmax/full_23/DSP_A_B_DATA.A2_DATA<15>
                         DSP_PREADD_DATA (Prop_DSP_PREADD_DATA_A2_DATA[15]_A2A1[15])
                                                      0.076    19.975 r  atten/softmax/cuInst/softmax/full_23/DSP_PREADD_DATA_INST/A2A1[15]
                         net (fo=1, unplaced)         0.000    19.975    atten/softmax/cuInst/softmax/full_23/DSP_PREADD_DATA.A2A1<15>
                         DSP_MULTIPLIER (Prop_DSP_MULTIPLIER_A2A1[15]_U[16])
                                                      0.505    20.480 f  atten/softmax/cuInst/softmax/full_23/DSP_MULTIPLIER_INST/U[16]
                         net (fo=1, unplaced)         0.000    20.480    atten/softmax/cuInst/softmax/full_23/DSP_MULTIPLIER.U<16>
                         DSP_M_DATA (Prop_DSP_M_DATA_U[16]_U_DATA[16])
                                                      0.047    20.527 r  atten/softmax/cuInst/softmax/full_23/DSP_M_DATA_INST/U_DATA[16]
                         net (fo=1, unplaced)         0.000    20.527    atten/softmax/cuInst/softmax/full_23/DSP_M_DATA.U_DATA<16>
                         DSP_ALU (Prop_DSP_ALU_U_DATA[16]_ALU_OUT[16])
                                                      0.585    21.112 r  atten/softmax/cuInst/softmax/full_23/DSP_ALU_INST/ALU_OUT[16]
                         net (fo=1, unplaced)         0.000    21.112    atten/softmax/cuInst/softmax/full_23/DSP_ALU.ALU_OUT<16>
                         DSP_OUTPUT (Prop_DSP_OUTPUT_ALU_OUT[16]_P[16])
                                                      0.109    21.221 f  atten/softmax/cuInst/softmax/full_23/DSP_OUTPUT_INST/P[16]
                         net (fo=47, unplaced)        0.219    21.440    atten/softmax/cuInst/softmax/exp2Stage1/io_in_23[8]
                         LUT2 (Prop_LUT2_I0_O)        0.100    21.540 f  atten/softmax/cuInst/softmax/exp2Stage1/io_out_23[15]_INST_0_i_11/O
                         net (fo=1, unplaced)         0.260    21.800    atten/softmax/cuInst/softmax/exp2Stage1/io_out_23[15]_INST_0_i_11_n_0
                         CARRY8 (Prop_CARRY8_DI[0]_CO[3])
                                                      0.182    21.982 f  atten/softmax/cuInst/softmax/exp2Stage1/io_out_23[15]_INST_0_i_3/CO[3]
                         net (fo=16, unplaced)        0.198    22.180    atten/softmax/cuInst/softmax/exp2Stage1/io_out_23[15]_INST_0_i_3_n_4
                         LUT6 (Prop_LUT6_I0_O)        0.053    22.233 r  atten/softmax/cuInst/softmax/exp2Stage1/io_out_23[0]_INST_0/O
                         net (fo=3, unplaced)         0.161    22.394    atten/softmax/cuInst/softmax/sum/io_in_23[0]
                         LUT3 (Prop_LUT3_I0_O)        0.090    22.484 r  atten/softmax/cuInst/softmax/sum/io_out[8]_INST_0_i_246/O
                         net (fo=1, unplaced)         0.221    22.705    atten/softmax/cuInst/softmax/sum/io_out[8]_INST_0_i_246_n_0
                         CARRY8 (Prop_CARRY8_DI[1]_O[2])
                                                      0.099    22.804 r  atten/softmax/cuInst/softmax/sum/io_out[8]_INST_0_i_156/O[2]
                         net (fo=3, unplaced)         0.207    23.011    atten/softmax/cuInst/softmax/sum/io_out[8]_INST_0_i_156_n_13
                         LUT3 (Prop_LUT3_I0_O)        0.090    23.101 r  atten/softmax/cuInst/softmax/sum/io_out[8]_INST_0_i_125/O
                         net (fo=1, unplaced)         0.198    23.299    atten/softmax/cuInst/softmax/sum/io_out[8]_INST_0_i_125_n_0
                         CARRY8 (Prop_CARRY8_DI[3]_O[7])
                                                      0.184    23.483 r  atten/softmax/cuInst/softmax/sum/io_out[8]_INST_0_i_26/O[7]
                         net (fo=5, unplaced)         0.173    23.656    atten/softmax/cuInst/softmax/sum/io_out[8]_INST_0_i_26_n_8
                         LUT3 (Prop_LUT3_I2_O)        0.038    23.694 r  atten/softmax/cuInst/softmax/sum/io_out[8]_INST_0_i_29/O
                         net (fo=1, unplaced)         0.197    23.891    atten/softmax/cuInst/softmax/sum/io_out[8]_INST_0_i_29_n_0
                         LUT5 (Prop_LUT5_I3_O)        0.038    23.929 r  atten/softmax/cuInst/softmax/sum/io_out[8]_INST_0_i_7/O
                         net (fo=1, unplaced)         0.244    24.173    atten/softmax/cuInst/softmax/sum/io_out[8]_INST_0_i_7_n_0
                         CARRY8 (Prop_CARRY8_DI[0]_O[5])
                                                      0.208    24.381 f  atten/softmax/cuInst/softmax/sum/io_out[8]_INST_0/O[5]
                         net (fo=27, unplaced)        0.197    24.578    atten/softmax/cuInst/softmax/log2/io_in_0[13]
                         LUT4 (Prop_LUT4_I0_O)        0.100    24.678 f  atten/softmax/cuInst/softmax/log2/io_out_0[7]_INST_0_i_4/O
                         net (fo=15, unplaced)        0.195    24.873    atten/softmax/cuInst/softmax/log2/io_out_0[7]_INST_0_i_4_n_0
                         LUT6 (Prop_LUT6_I2_O)        0.053    24.926 r  atten/softmax/cuInst/softmax/log2/io_out_0[7]_INST_0_i_1/O
                         net (fo=2, unplaced)         0.197    25.123    atten/softmax/cuInst/softmax/log2/io_out_0[7]_INST_0_i_1_n_0
                         LUT3 (Prop_LUT3_I0_O)        0.038    25.161 r  atten/softmax/cuInst/softmax/log2/io_out_0[14]_INST_0_i_16/O
                         net (fo=1, unplaced)         0.020    25.181    atten/softmax/cuInst/softmax/log2/x[7]
                         CARRY8 (Prop_CARRY8_S[0]_O[4])
                                                      0.206    25.387 r  atten/softmax/cuInst/softmax/log2/io_out_0[14]_INST_0_i_1/O[4]
                         net (fo=1, unplaced)         0.155    25.542    atten/softmax/cuInst/softmax/log2/io_out_0[14]_INST_0_i_1_n_11
                         LUT3 (Prop_LUT3_I0_O)        0.053    25.595 r  atten/softmax/cuInst/softmax/log2/io_out_0[11]_INST_0/O
                         net (fo=26, unplaced)        0.252    25.847    atten/softmax/cuInst/softmax/_log2_io_out_0[11]
                         LUT2 (Prop_LUT2_I1_O)        0.037    25.884 r  atten/softmax/cuInst/softmax/exp2Stage2_i_89/O
                         net (fo=1, unplaced)         0.032    25.916    atten/softmax/cuInst/softmax/exp2Stage2_i_89_n_0
                         CARRY8 (Prop_CARRY8_S[3]_O[4])
                                                      0.149    26.065 r  atten/softmax/cuInst/softmax/exp2Stage2_i_5/O[4]
                         net (fo=28, unplaced)        0.212    26.277    atten/softmax/cuInst/softmax/exp2Stage2/io_in_2[12]
                         LUT2 (Prop_LUT2_I0_O)        0.099    26.376 r  atten/softmax/cuInst/softmax/exp2Stage2/io_out_2[15]_INST_0_i_9/O
                         net (fo=1, unplaced)         0.242    26.618    atten/softmax/cuInst/softmax/exp2Stage2/io_out_2[15]_INST_0_i_9_n_0
                         CARRY8 (Prop_CARRY8_DI[2]_CO[3])
                                                      0.134    26.752 r  atten/softmax/cuInst/softmax/exp2Stage2/io_out_2[15]_INST_0_i_3/CO[3]
                         net (fo=16, unplaced)        0.198    26.950    atten/softmax/cuInst/softmax/exp2Stage2/io_out_2[15]_INST_0_i_3_n_4
                         LUT6 (Prop_LUT6_I0_O)        0.053    27.003 f  atten/softmax/cuInst/softmax/exp2Stage2/io_out_2[0]_INST_0/O
                         net (fo=18, unplaced)        0.203    27.206    atten/softmax/cuInst/softmax/toFp_2/cvt/io_in[0]
                         LUT6 (Prop_LUT6_I2_O)        0.100    27.306 r  atten/softmax/cuInst/softmax/toFp_2/cvt/io_out[31]_INST_0_i_28/O
                         net (fo=10, unplaced)        0.230    27.536    atten/softmax/cuInst/softmax/toFp_2/cvt/io_out[31]_INST_0_i_28_n_0
                         LUT5 (Prop_LUT5_I2_O)        0.038    27.574 r  atten/softmax/cuInst/softmax/toFp_2/cvt/io_out[31]_INST_0_i_30/O
                         net (fo=3, unplaced)         0.203    27.777    atten/softmax/cuInst/softmax/toFp_2/cvt/io_out[31]_INST_0_i_30_n_0
                         LUT5 (Prop_LUT5_I1_O)        0.070    27.847 f  atten/softmax/cuInst/softmax/toFp_2/cvt/io_out[31]_INST_0_i_23/O
                         net (fo=3, unplaced)         0.161    28.008    atten/softmax/cuInst/softmax/toFp_2/cvt/io_out[31]_INST_0_i_23_n_0
                         LUT5 (Prop_LUT5_I0_O)        0.090    28.098 r  atten/softmax/cuInst/softmax/toFp_2/cvt/io_out[26]_INST_0_i_1/O
                         net (fo=20, unplaced)        0.246    28.344    atten/softmax/cuInst/softmax/toFp_2/cvt/intAsRawFloat_adjustedNormDist[3]
                         LUT6 (Prop_LUT6_I4_O)        0.038    28.382 f  atten/softmax/cuInst/softmax/toFp_2/cvt/io_out[31]_INST_0_i_4/O
                         net (fo=4, unplaced)         0.169    28.551    atten/softmax/cuInst/softmax/toFp_2/cvt/io_out[31]_INST_0_i_4_n_0
                         LUT6 (Prop_LUT6_I2_O)        0.100    28.651 r  atten/softmax/cuInst/softmax/toFp_2/cvt/roundAnyRawFNToRecFN_i_1/O
                         net (fo=15, unplaced)        0.240    28.891    atten/softmax/cuInst/softmax/toFp_2/cvt/roundAnyRawFNToRecFN/io_in_isZero
                         LUT2 (Prop_LUT2_I1_O)        0.070    28.961 f  atten/softmax/cuInst/softmax/toFp_2/cvt/roundAnyRawFNToRecFN/io_out[20]_INST_0/O
                         net (fo=4, unplaced)         0.210    29.171    atten/softmax/cuInst/softmax/toFp_2/_cvt_io_out[20]
                         LUT5 (Prop_LUT5_I4_O)        0.038    29.209 f  atten/softmax/cuInst/softmax/toFp_2/io_out[1]_INST_0_i_1/O
                         net (fo=2, unplaced)         0.197    29.406    atten/softmax/cuInst/softmax/toFp_2/io_out[1]_INST_0_i_1_n_0
                         LUT5 (Prop_LUT5_I3_O)        0.038    29.444 f  atten/softmax/cuInst/softmax/toFp_2/io_out[1]_INST_0/O
                         net (fo=13, unplaced)        0.236    29.680    atten/softmax/cuInst/softmax/mul_28/io_a[1]
                         LUT6 (Prop_LUT6_I4_O)        0.038    29.718 r  atten/softmax/cuInst/softmax/mul_28/mul_i_97/O
                         net (fo=1, unplaced)         0.197    29.915    atten/softmax/cuInst/softmax/mul_28/mul_i_97_n_0
                         LUT5 (Prop_LUT5_I0_O)        0.038    29.953 r  atten/softmax/cuInst/softmax/mul_28/mul_i_77/O
                         net (fo=1, unplaced)         0.197    30.150    atten/softmax/cuInst/softmax/mul_28/mul_i_77_n_0
                         LUT6 (Prop_LUT6_I0_O)        0.038    30.188 r  atten/softmax/cuInst/softmax/mul_28/mul_i_39/O
                         net (fo=27, unplaced)        0.253    30.441    atten/softmax/cuInst/softmax/mul_28/mul_i_39_n_0
                         LUT3 (Prop_LUT3_I0_O)        0.038    30.479 f  atten/softmax/cuInst/softmax/mul_28/mul_i_50/O
                         net (fo=2, unplaced)         0.197    30.676    atten/softmax/cuInst/softmax/mul_28/mul_i_50_n_0
                         LUT5 (Prop_LUT5_I2_O)        0.038    30.714 f  atten/softmax/cuInst/softmax/mul_28/mul_i_16/O
                         net (fo=1, unplaced)         0.214    30.928    atten/softmax/cuInst/softmax/mul_28/mul/mulRawFN/mulFullRaw/io_rawOut_sig__0/B[16]
                         DSP_A_B_DATA (Prop_DSP_A_B_DATA_B[16]_B2_DATA[16])
                                                      0.151    31.079 r  atten/softmax/cuInst/softmax/mul_28/mul/mulRawFN/mulFullRaw/io_rawOut_sig__0/DSP_A_B_DATA_INST/B2_DATA[16]
                         net (fo=1, unplaced)         0.000    31.079    atten/softmax/cuInst/softmax/mul_28/mul/mulRawFN/mulFullRaw/io_rawOut_sig__0/DSP_A_B_DATA.B2_DATA<16>
                         DSP_PREADD_DATA (Prop_DSP_PREADD_DATA_B2_DATA[16]_B2B1[16])
                                                      0.073    31.152 r  atten/softmax/cuInst/softmax/mul_28/mul/mulRawFN/mulFullRaw/io_rawOut_sig__0/DSP_PREADD_DATA_INST/B2B1[16]
                         net (fo=1, unplaced)         0.000    31.152    atten/softmax/cuInst/softmax/mul_28/mul/mulRawFN/mulFullRaw/io_rawOut_sig__0/DSP_PREADD_DATA.B2B1<16>
                         DSP_MULTIPLIER (Prop_DSP_MULTIPLIER_B2B1[16]_V[19])
                                                      0.609    31.761 f  atten/softmax/cuInst/softmax/mul_28/mul/mulRawFN/mulFullRaw/io_rawOut_sig__0/DSP_MULTIPLIER_INST/V[19]
                         net (fo=1, unplaced)         0.000    31.761    atten/softmax/cuInst/softmax/mul_28/mul/mulRawFN/mulFullRaw/io_rawOut_sig__0/DSP_MULTIPLIER.V<19>
                         DSP_M_DATA (Prop_DSP_M_DATA_V[19]_V_DATA[19])
                                                      0.046    31.807 r  atten/softmax/cuInst/softmax/mul_28/mul/mulRawFN/mulFullRaw/io_rawOut_sig__0/DSP_M_DATA_INST/V_DATA[19]
                         net (fo=1, unplaced)         0.000    31.807    atten/softmax/cuInst/softmax/mul_28/mul/mulRawFN/mulFullRaw/io_rawOut_sig__0/DSP_M_DATA.V_DATA<19>
                         DSP_ALU (Prop_DSP_ALU_V_DATA[19]_ALU_OUT[19])
                                                      0.571    32.378 f  atten/softmax/cuInst/softmax/mul_28/mul/mulRawFN/mulFullRaw/io_rawOut_sig__0/DSP_ALU_INST/ALU_OUT[19]
                         net (fo=1, unplaced)         0.000    32.378    atten/softmax/cuInst/softmax/mul_28/mul/mulRawFN/mulFullRaw/io_rawOut_sig__0/DSP_ALU.ALU_OUT<19>
                         DSP_OUTPUT (Prop_DSP_OUTPUT_ALU_OUT[19]_P[19])
                                                      0.109    32.487 r  atten/softmax/cuInst/softmax/mul_28/mul/mulRawFN/mulFullRaw/io_rawOut_sig__0/DSP_OUTPUT_INST/P[19]
                         net (fo=1, unplaced)         0.211    32.698    atten/softmax/cuInst/softmax/mul_28/mul/mulRawFN/mulFullRaw/io_rawOut_sig__1/C[2]
                         DSP_C_DATA (Prop_DSP_C_DATA_C[2]_C_DATA[2])
                                                      0.105    32.803 r  atten/softmax/cuInst/softmax/mul_28/mul/mulRawFN/mulFullRaw/io_rawOut_sig__1/DSP_C_DATA_INST/C_DATA[2]
                         net (fo=2, unplaced)         0.000    32.803    atten/softmax/cuInst/softmax/mul_28/mul/mulRawFN/mulFullRaw/io_rawOut_sig__1/DSP_C_DATA.C_DATA<2>
                         DSP_ALU (Prop_DSP_ALU_C_DATA[2]_ALU_OUT[3])
                                                      0.585    33.388 r  atten/softmax/cuInst/softmax/mul_28/mul/mulRawFN/mulFullRaw/io_rawOut_sig__1/DSP_ALU_INST/ALU_OUT[3]
                         net (fo=1, unplaced)         0.000    33.388    atten/softmax/cuInst/softmax/mul_28/mul/mulRawFN/mulFullRaw/io_rawOut_sig__1/DSP_ALU.ALU_OUT<3>
                         DSP_OUTPUT (Prop_DSP_OUTPUT_ALU_OUT[3]_P[3])
                                                      0.109    33.497 f  atten/softmax/cuInst/softmax/mul_28/mul/mulRawFN/mulFullRaw/io_rawOut_sig__1/DSP_OUTPUT_INST/P[3]
                         net (fo=1, unplaced)         0.218    33.715    atten/softmax/cuInst/softmax/mul_28/mul/mulRawFN/_mulFullRaw_io_rawOut_sig[20]
                         LUT6 (Prop_LUT6_I0_O)        0.150    33.865 f  atten/softmax/cuInst/softmax/mul_28/mul/mulRawFN/io_rawOut_sig[0]_INST_0_i_2/O
                         net (fo=1, unplaced)         0.155    34.020    atten/softmax/cuInst/softmax/mul_28/mul/mulRawFN/io_rawOut_sig[0]_INST_0_i_2_n_0
                         LUT4 (Prop_LUT4_I1_O)        0.090    34.110 f  atten/softmax/cuInst/softmax/mul_28/mul/mulRawFN/io_rawOut_sig[0]_INST_0/O
                         net (fo=2, unplaced)         0.156    34.266    atten/softmax/cuInst/softmax/mul_28/mul/roundRawFNToRecFN/roundAnyRawFNToRecFN/io_in_sig[0]
                         LUT6 (Prop_LUT6_I5_O)        0.100    34.366 f  atten/softmax/cuInst/softmax/mul_28/mul/roundRawFNToRecFN/roundAnyRawFNToRecFN/io_out[26]_INST_0_i_39/O
                         net (fo=1, unplaced)         0.197    34.563    atten/softmax/cuInst/softmax/mul_28/mul/roundRawFNToRecFN/roundAnyRawFNToRecFN/io_out[26]_INST_0_i_39_n_0
                         LUT5 (Prop_LUT5_I4_O)        0.038    34.601 f  atten/softmax/cuInst/softmax/mul_28/mul/roundRawFNToRecFN/roundAnyRawFNToRecFN/io_out[26]_INST_0_i_12/O
                         net (fo=1, unplaced)         0.152    34.753    atten/softmax/cuInst/softmax/mul_28/mul/roundRawFNToRecFN/roundAnyRawFNToRecFN/io_out[26]_INST_0_i_12_n_0
                         LUT6 (Prop_LUT6_I3_O)        0.053    34.806 f  atten/softmax/cuInst/softmax/mul_28/mul/roundRawFNToRecFN/roundAnyRawFNToRecFN/io_out[26]_INST_0_i_4/O
                         net (fo=27, unplaced)        0.211    35.017    atten/softmax/cuInst/softmax/mul_28/mul/roundRawFNToRecFN/roundAnyRawFNToRecFN/io_out[26]_INST_0_i_4_n_0
                         LUT4 (Prop_LUT4_I1_O)        0.112    35.129 f  atten/softmax/cuInst/softmax/mul_28/mul/roundRawFNToRecFN/roundAnyRawFNToRecFN/io_out[26]_INST_0_i_1/O
                         net (fo=8, unplaced)         0.225    35.354    atten/softmax/cuInst/softmax/mul_28/mul/roundRawFNToRecFN/roundAnyRawFNToRecFN/io_out[26]_INST_0_i_1_n_0
                         LUT6 (Prop_LUT6_I4_O)        0.038    35.392 r  atten/softmax/cuInst/softmax/mul_28/mul/roundRawFNToRecFN/roundAnyRawFNToRecFN/io_out[28]_INST_0_i_1/O
                         net (fo=6, unplaced)         0.219    35.611    atten/softmax/cuInst/softmax/mul_28/mul/roundRawFNToRecFN/roundAnyRawFNToRecFN/io_out[28]_INST_0_i_1_n_0
                         LUT3 (Prop_LUT3_I0_O)        0.068    35.679 r  atten/softmax/cuInst/softmax/mul_28/mul/roundRawFNToRecFN/roundAnyRawFNToRecFN/io_out[30]_INST_0_i_5/O
                         net (fo=1, unplaced)         0.242    35.921    atten/softmax/cuInst/softmax/mul_28/mul/roundRawFNToRecFN/roundAnyRawFNToRecFN/io_out[30]_INST_0_i_5_n_0
                         CARRY8 (Prop_CARRY8_DI[2]_CO[5])
                                                      0.148    36.069 r  atten/softmax/cuInst/softmax/mul_28/mul/roundRawFNToRecFN/roundAnyRawFNToRecFN/io_out[30]_INST_0_i_1/CO[5]
                         net (fo=5, unplaced)         0.141    36.210    atten/softmax/cuInst/softmax/mul_28/mul/roundRawFNToRecFN/roundAnyRawFNToRecFN/common_totalUnderflow
                         LUT2 (Prop_LUT2_I0_O)        0.038    36.248 r  atten/softmax/cuInst/softmax/mul_28/mul/roundRawFNToRecFN/roundAnyRawFNToRecFN/io_out[31]_INST_0_i_3/O
                         net (fo=1, unplaced)         0.197    36.445    atten/softmax/cuInst/softmax/mul_28/mul/roundRawFNToRecFN/roundAnyRawFNToRecFN/io_out[31]_INST_0_i_3_n_0
                         LUT6 (Prop_LUT6_I3_O)        0.038    36.483 f  atten/softmax/cuInst/softmax/mul_28/mul/roundRawFNToRecFN/roundAnyRawFNToRecFN/io_out[31]_INST_0/O
                         net (fo=12, unplaced)        0.235    36.718    atten/softmax/cuInst/softmax/mul_28/_mul_io_out[31]
                         LUT3 (Prop_LUT3_I0_O)        0.038    36.756 f  atten/softmax/cuInst/softmax/mul_28/io_out[21]_INST_0_i_3/O
                         net (fo=4, unplaced)         0.210    36.966    atten/softmax/cuInst/softmax/mul_28/io_out[21]_INST_0_i_3_n_0
                         LUT5 (Prop_LUT5_I2_O)        0.038    37.004 f  atten/softmax/cuInst/softmax/mul_28/io_out[0]_INST_0_i_2/O
                         net (fo=3, unplaced)         0.203    37.207    atten/softmax/cuInst/softmax/mul_28/io_out[0]_INST_0_i_2_n_0
                         LUT6 (Prop_LUT6_I5_O)        0.038    37.245 f  atten/softmax/cuInst/softmax/mul_28/io_out[6]_INST_0_i_2/O
                         net (fo=2, unplaced)         0.197    37.442    atten/softmax/cuInst/softmax/mul_28/io_out[6]_INST_0_i_2_n_0
                         LUT3 (Prop_LUT3_I2_O)        0.038    37.480 f  atten/softmax/cuInst/softmax/mul_28/io_out[6]_INST_0_i_1/O
                         net (fo=2, unplaced)         0.197    37.677    atten/softmax/cuInst/softmax/mul_28/io_out[6]_INST_0_i_1_n_0
                         LUT6 (Prop_LUT6_I2_O)        0.038    37.715 f  atten/softmax/cuInst/softmax/mul_28/io_out[5]_INST_0/O
                         net (fo=1, unplaced)         0.197    37.912    atten/softmax/cuInst/softmax/_mul_28_io_out[5]
                         LUT2 (Prop_LUT2_I1_O)        0.070    37.982 f  atten/softmax/cuInst/softmax/io_out_2[5]_INST_0/O
                         net (fo=10, unplaced)        0.189    38.171    atten/dm2/ctxQuant/mul_2/io_a[5]
                         LUT4 (Prop_LUT4_I0_O)        0.100    38.271 f  atten/dm2/ctxQuant/mul_2/mul_i_134/O
                         net (fo=2, unplaced)         0.197    38.468    atten/dm2/ctxQuant/mul_2/mul_i_134_n_0
                         LUT5 (Prop_LUT5_I2_O)        0.038    38.506 r  atten/dm2/ctxQuant/mul_2/mul_i_73/O
                         net (fo=29, unplaced)        0.255    38.761    atten/dm2/ctxQuant/mul_2/mul_i_73_n_0
                         LUT6 (Prop_LUT6_I2_O)        0.038    38.799 f  atten/dm2/ctxQuant/mul_2/mul_i_159/O
                         net (fo=2, unplaced)         0.197    38.996    atten/dm2/ctxQuant/mul_2/mul_i_159_n_0
                         LUT3 (Prop_LUT3_I2_O)        0.038    39.034 f  atten/dm2/ctxQuant/mul_2/mul_i_83/O
                         net (fo=2, unplaced)         0.197    39.231    atten/dm2/ctxQuant/mul_2/mul_i_83_n_0
                         LUT5 (Prop_LUT5_I2_O)        0.038    39.269 f  atten/dm2/ctxQuant/mul_2/mul_i_16/O
                         net (fo=1, unplaced)         0.214    39.483    atten/dm2/ctxQuant/mul_2/mul/mulRawFN/mulFullRaw/io_rawOut_sig__0/B[16]
                         DSP_A_B_DATA (Prop_DSP_A_B_DATA_B[16]_B2_DATA[16])
                                                      0.151    39.634 r  atten/dm2/ctxQuant/mul_2/mul/mulRawFN/mulFullRaw/io_rawOut_sig__0/DSP_A_B_DATA_INST/B2_DATA[16]
                         net (fo=1, unplaced)         0.000    39.634    atten/dm2/ctxQuant/mul_2/mul/mulRawFN/mulFullRaw/io_rawOut_sig__0/DSP_A_B_DATA.B2_DATA<16>
                         DSP_PREADD_DATA (Prop_DSP_PREADD_DATA_B2_DATA[16]_B2B1[16])
                                                      0.073    39.707 r  atten/dm2/ctxQuant/mul_2/mul/mulRawFN/mulFullRaw/io_rawOut_sig__0/DSP_PREADD_DATA_INST/B2B1[16]
                         net (fo=1, unplaced)         0.000    39.707    atten/dm2/ctxQuant/mul_2/mul/mulRawFN/mulFullRaw/io_rawOut_sig__0/DSP_PREADD_DATA.B2B1<16>
                         DSP_MULTIPLIER (Prop_DSP_MULTIPLIER_B2B1[16]_V[19])
                                                      0.609    40.316 f  atten/dm2/ctxQuant/mul_2/mul/mulRawFN/mulFullRaw/io_rawOut_sig__0/DSP_MULTIPLIER_INST/V[19]
                         net (fo=1, unplaced)         0.000    40.316    atten/dm2/ctxQuant/mul_2/mul/mulRawFN/mulFullRaw/io_rawOut_sig__0/DSP_MULTIPLIER.V<19>
                         DSP_M_DATA (Prop_DSP_M_DATA_V[19]_V_DATA[19])
                                                      0.046    40.362 r  atten/dm2/ctxQuant/mul_2/mul/mulRawFN/mulFullRaw/io_rawOut_sig__0/DSP_M_DATA_INST/V_DATA[19]
                         net (fo=1, unplaced)         0.000    40.362    atten/dm2/ctxQuant/mul_2/mul/mulRawFN/mulFullRaw/io_rawOut_sig__0/DSP_M_DATA.V_DATA<19>
                         DSP_ALU (Prop_DSP_ALU_V_DATA[19]_ALU_OUT[19])
                                                      0.571    40.933 f  atten/dm2/ctxQuant/mul_2/mul/mulRawFN/mulFullRaw/io_rawOut_sig__0/DSP_ALU_INST/ALU_OUT[19]
                         net (fo=1, unplaced)         0.000    40.933    atten/dm2/ctxQuant/mul_2/mul/mulRawFN/mulFullRaw/io_rawOut_sig__0/DSP_ALU.ALU_OUT<19>
                         DSP_OUTPUT (Prop_DSP_OUTPUT_ALU_OUT[19]_P[19])
                                                      0.109    41.042 r  atten/dm2/ctxQuant/mul_2/mul/mulRawFN/mulFullRaw/io_rawOut_sig__0/DSP_OUTPUT_INST/P[19]
                         net (fo=1, unplaced)         0.211    41.253    atten/dm2/ctxQuant/mul_2/mul/mulRawFN/mulFullRaw/io_rawOut_sig__1/C[2]
                         DSP_C_DATA (Prop_DSP_C_DATA_C[2]_C_DATA[2])
                                                      0.105    41.358 r  atten/dm2/ctxQuant/mul_2/mul/mulRawFN/mulFullRaw/io_rawOut_sig__1/DSP_C_DATA_INST/C_DATA[2]
                         net (fo=2, unplaced)         0.000    41.358    atten/dm2/ctxQuant/mul_2/mul/mulRawFN/mulFullRaw/io_rawOut_sig__1/DSP_C_DATA.C_DATA<2>
                         DSP_ALU (Prop_DSP_ALU_C_DATA[2]_ALU_OUT[3])
                                                      0.585    41.943 r  atten/dm2/ctxQuant/mul_2/mul/mulRawFN/mulFullRaw/io_rawOut_sig__1/DSP_ALU_INST/ALU_OUT[3]
                         net (fo=1, unplaced)         0.000    41.943    atten/dm2/ctxQuant/mul_2/mul/mulRawFN/mulFullRaw/io_rawOut_sig__1/DSP_ALU.ALU_OUT<3>
                         DSP_OUTPUT (Prop_DSP_OUTPUT_ALU_OUT[3]_P[3])
                                                      0.109    42.052 f  atten/dm2/ctxQuant/mul_2/mul/mulRawFN/mulFullRaw/io_rawOut_sig__1/DSP_OUTPUT_INST/P[3]
                         net (fo=1, unplaced)         0.218    42.270    atten/dm2/ctxQuant/mul_2/mul/mulRawFN/_mulFullRaw_io_rawOut_sig[20]
                         LUT6 (Prop_LUT6_I0_O)        0.150    42.420 f  atten/dm2/ctxQuant/mul_2/mul/mulRawFN/io_rawOut_sig[0]_INST_0_i_2/O
                         net (fo=1, unplaced)         0.155    42.575    atten/dm2/ctxQuant/mul_2/mul/mulRawFN/io_rawOut_sig[0]_INST_0_i_2_n_0
                         LUT4 (Prop_LUT4_I1_O)        0.090    42.665 f  atten/dm2/ctxQuant/mul_2/mul/mulRawFN/io_rawOut_sig[0]_INST_0/O
                         net (fo=2, unplaced)         0.156    42.821    atten/dm2/ctxQuant/mul_2/mul/roundRawFNToRecFN/roundAnyRawFNToRecFN/io_in_sig[0]
                         LUT6 (Prop_LUT6_I5_O)        0.100    42.921 f  atten/dm2/ctxQuant/mul_2/mul/roundRawFNToRecFN/roundAnyRawFNToRecFN/io_out[26]_INST_0_i_39/O
                         net (fo=1, unplaced)         0.197    43.118    atten/dm2/ctxQuant/mul_2/mul/roundRawFNToRecFN/roundAnyRawFNToRecFN/io_out[26]_INST_0_i_39_n_0
                         LUT5 (Prop_LUT5_I4_O)        0.038    43.156 f  atten/dm2/ctxQuant/mul_2/mul/roundRawFNToRecFN/roundAnyRawFNToRecFN/io_out[26]_INST_0_i_12/O
                         net (fo=1, unplaced)         0.152    43.308    atten/dm2/ctxQuant/mul_2/mul/roundRawFNToRecFN/roundAnyRawFNToRecFN/io_out[26]_INST_0_i_12_n_0
                         LUT6 (Prop_LUT6_I3_O)        0.053    43.361 f  atten/dm2/ctxQuant/mul_2/mul/roundRawFNToRecFN/roundAnyRawFNToRecFN/io_out[26]_INST_0_i_4/O
                         net (fo=27, unplaced)        0.211    43.572    atten/dm2/ctxQuant/mul_2/mul/roundRawFNToRecFN/roundAnyRawFNToRecFN/io_out[26]_INST_0_i_4_n_0
                         LUT4 (Prop_LUT4_I1_O)        0.112    43.684 f  atten/dm2/ctxQuant/mul_2/mul/roundRawFNToRecFN/roundAnyRawFNToRecFN/io_out[26]_INST_0_i_1/O
                         net (fo=8, unplaced)         0.225    43.909    atten/dm2/ctxQuant/mul_2/mul/roundRawFNToRecFN/roundAnyRawFNToRecFN/io_out[26]_INST_0_i_1_n_0
                         LUT6 (Prop_LUT6_I4_O)        0.038    43.947 r  atten/dm2/ctxQuant/mul_2/mul/roundRawFNToRecFN/roundAnyRawFNToRecFN/io_out[28]_INST_0_i_1/O
                         net (fo=6, unplaced)         0.219    44.166    atten/dm2/ctxQuant/mul_2/mul/roundRawFNToRecFN/roundAnyRawFNToRecFN/io_out[28]_INST_0_i_1_n_0
                         LUT3 (Prop_LUT3_I0_O)        0.068    44.234 f  atten/dm2/ctxQuant/mul_2/mul/roundRawFNToRecFN/roundAnyRawFNToRecFN/io_out[30]_INST_0_i_5/O
                         net (fo=1, unplaced)         0.242    44.476    atten/dm2/ctxQuant/mul_2/mul/roundRawFNToRecFN/roundAnyRawFNToRecFN/io_out[30]_INST_0_i_5_n_0
                         CARRY8 (Prop_CARRY8_DI[2]_CO[5])
                                                      0.148    44.624 f  atten/dm2/ctxQuant/mul_2/mul/roundRawFNToRecFN/roundAnyRawFNToRecFN/io_out[30]_INST_0_i_1/CO[5]
                         net (fo=5, unplaced)         0.141    44.765    atten/dm2/ctxQuant/mul_2/mul/roundRawFNToRecFN/roundAnyRawFNToRecFN/common_totalUnderflow
                         LUT2 (Prop_LUT2_I0_O)        0.038    44.803 f  atten/dm2/ctxQuant/mul_2/mul/roundRawFNToRecFN/roundAnyRawFNToRecFN/io_out[31]_INST_0_i_3/O
                         net (fo=1, unplaced)         0.197    45.000    atten/dm2/ctxQuant/mul_2/mul/roundRawFNToRecFN/roundAnyRawFNToRecFN/io_out[31]_INST_0_i_3_n_0
                         LUT6 (Prop_LUT6_I3_O)        0.038    45.038 r  atten/dm2/ctxQuant/mul_2/mul/roundRawFNToRecFN/roundAnyRawFNToRecFN/io_out[31]_INST_0/O
                         net (fo=12, unplaced)        0.235    45.273    atten/dm2/ctxQuant/mul_2/_mul_io_out[31]
                         LUT3 (Prop_LUT3_I0_O)        0.038    45.311 r  atten/dm2/ctxQuant/mul_2/io_out[21]_INST_0_i_3/O
                         net (fo=4, unplaced)         0.210    45.521    atten/dm2/ctxQuant/mul_2/io_out[21]_INST_0_i_3_n_0
                         LUT5 (Prop_LUT5_I2_O)        0.038    45.559 r  atten/dm2/ctxQuant/mul_2/io_out[0]_INST_0_i_2/O
                         net (fo=3, unplaced)         0.203    45.762    atten/dm2/ctxQuant/mul_2/io_out[0]_INST_0_i_2_n_0
                         LUT6 (Prop_LUT6_I5_O)        0.038    45.800 r  atten/dm2/ctxQuant/mul_2/io_out[6]_INST_0_i_2/O
                         net (fo=2, unplaced)         0.197    45.997    atten/dm2/ctxQuant/mul_2/io_out[6]_INST_0_i_2_n_0
                         LUT3 (Prop_LUT3_I0_O)        0.070    46.067 r  atten/dm2/ctxQuant/mul_2/io_out[4]_INST_0_i_1/O
                         net (fo=2, unplaced)         0.197    46.264    atten/dm2/ctxQuant/mul_2/io_out[4]_INST_0_i_1_n_0
                         LUT6 (Prop_LUT6_I2_O)        0.038    46.302 r  atten/dm2/ctxQuant/mul_2/io_out[3]_INST_0/O
                         net (fo=11, unplaced)        0.233    46.535    atten/dm2/ctxQuant/add_2/io_a[3]
                         LUT6 (Prop_LUT6_I5_O)        0.038    46.573 r  atten/dm2/ctxQuant/add_2/add_i_141/O
                         net (fo=1, unplaced)         0.197    46.770    atten/dm2/ctxQuant/add_2/add_i_141_n_0
                         LUT6 (Prop_LUT6_I0_O)        0.038    46.808 r  atten/dm2/ctxQuant/add_2/add_i_74/O
                         net (fo=26, unplaced)        0.252    47.060    atten/dm2/ctxQuant/add_2/add_i_74_n_0
                         LUT6 (Prop_LUT6_I4_O)        0.038    47.098 r  atten/dm2/ctxQuant/add_2/add_i_70/O
                         net (fo=3, unplaced)         0.203    47.301    atten/dm2/ctxQuant/add_2/add_i_70_n_0
                         LUT6 (Prop_LUT6_I2_O)        0.038    47.339 r  atten/dm2/ctxQuant/add_2/add_i_67/O
                         net (fo=2, unplaced)         0.197    47.536    atten/dm2/ctxQuant/add_2/add_i_67_n_0
                         LUT3 (Prop_LUT3_I0_O)        0.038    47.574 r  atten/dm2/ctxQuant/add_2/add_i_4/O
                         net (fo=5, unplaced)         0.215    47.789    atten/dm2/ctxQuant/add_2/add/addRawFN/io_a_sExp[5]
                         LUT2 (Prop_LUT2_I0_O)        0.037    47.826 r  atten/dm2/ctxQuant/add_2/add/addRawFN/io_rawOut_sExp[5]_INST_0_i_6/O
                         net (fo=1, unplaced)         0.029    47.855    atten/dm2/ctxQuant/add_2/add/addRawFN/io_rawOut_sExp[5]_INST_0_i_6_n_0
                         CARRY8 (Prop_CARRY8_S[5]_CO[7])
                                                      0.166    48.021 r  atten/dm2/ctxQuant/add_2/add/addRawFN/io_rawOut_sExp[5]_INST_0_i_2/CO[7]
                         net (fo=1, unplaced)         0.005    48.026    atten/dm2/ctxQuant/add_2/add/addRawFN/io_rawOut_sExp[5]_INST_0_i_2_n_0
                         CARRY8 (Prop_CARRY8_CI_CO[1])
                                                      0.042    48.068 r  atten/dm2/ctxQuant/add_2/add/addRawFN/io_rawOut_sExp[5]_INST_0_i_1/CO[1]
                         net (fo=154, unplaced)       0.249    48.317    atten/dm2/ctxQuant/add_2/add/addRawFN/io_rawOut_sExp[5]_INST_0_i_1_n_6
                         LUT5 (Prop_LUT5_I4_O)        0.038    48.355 r  atten/dm2/ctxQuant/add_2/add/addRawFN/io_rawOut_sig[6]_INST_0_i_33/O
                         net (fo=3, unplaced)         0.203    48.558    atten/dm2/ctxQuant/add_2/add/addRawFN/p_1_in[2]
                         LUT2 (Prop_LUT2_I0_O)        0.068    48.626 r  atten/dm2/ctxQuant/add_2/add/addRawFN/io_rawOut_sig[6]_INST_0_i_10/O
                         net (fo=1, unplaced)         0.242    48.868    atten/dm2/ctxQuant/add_2/add/addRawFN/io_rawOut_sig[6]_INST_0_i_10_n_0
                         CARRY8 (Prop_CARRY8_DI[2]_O[4])
                                                      0.150    49.018 f  atten/dm2/ctxQuant/add_2/add/addRawFN/io_rawOut_sig[6]_INST_0_i_3/O[4]
                         net (fo=3, unplaced)         0.210    49.228    atten/dm2/ctxQuant/add_2/add/addRawFN/_close_sSigSum_T_3[5]
                         LUT1 (Prop_LUT1_I0_O)        0.037    49.265 r  atten/dm2/ctxQuant/add_2/add/addRawFN/io_rawOut_sig[6]_INST_0_i_22/O
                         net (fo=1, unplaced)         0.029    49.294    atten/dm2/ctxQuant/add_2/add/addRawFN/io_rawOut_sig[6]_INST_0_i_22_n_0
                         CARRY8 (Prop_CARRY8_S[5]_CO[7])
                                                      0.166    49.460 r  atten/dm2/ctxQuant/add_2/add/addRawFN/io_rawOut_sig[6]_INST_0_i_4/CO[7]
                         net (fo=1, unplaced)         0.005    49.465    atten/dm2/ctxQuant/add_2/add/addRawFN/io_rawOut_sig[6]_INST_0_i_4_n_0
                         CARRY8 (Prop_CARRY8_CI_O[2])
                                                      0.067    49.532 f  atten/dm2/ctxQuant/add_2/add/addRawFN/io_rawOut_sExp[4]_INST_0_i_12/O[2]
                         net (fo=4, unplaced)         0.214    49.746    atten/dm2/ctxQuant/add_2/add/addRawFN/io_rawOut_sExp[4]_INST_0_i_12_n_13
                         LUT5 (Prop_LUT5_I1_O)        0.090    49.836 f  atten/dm2/ctxQuant/add_2/add/addRawFN/io_rawOut_sExp[4]_INST_0_i_7/O
                         net (fo=6, unplaced)         0.177    50.013    atten/dm2/ctxQuant/add_2/add/addRawFN/io_rawOut_sExp[4]_INST_0_i_7_n_0
                         LUT6 (Prop_LUT6_I5_O)        0.090    50.103 f  atten/dm2/ctxQuant/add_2/add/addRawFN/io_rawOut_sExp[2]_INST_0_i_3/O
                         net (fo=1, unplaced)         0.155    50.258    atten/dm2/ctxQuant/add_2/add/addRawFN/io_rawOut_sExp[2]_INST_0_i_3_n_0
                         LUT5 (Prop_LUT5_I1_O)        0.090    50.348 f  atten/dm2/ctxQuant/add_2/add/addRawFN/io_rawOut_sExp[2]_INST_0_i_1/O
                         net (fo=35, unplaced)        0.259    50.607    atten/dm2/ctxQuant/add_2/add/addRawFN/close_normDistReduced2[1]
                         LUT6 (Prop_LUT6_I4_O)        0.038    50.645 r  atten/dm2/ctxQuant/add_2/add/addRawFN/io_rawOut_sExp[9]_INST_0_i_6/O
                         net (fo=2, unplaced)         0.197    50.842    atten/dm2/ctxQuant/add_2/add/addRawFN/io_rawOut_sExp[9]_INST_0_i_6_n_0
                         LUT6 (Prop_LUT6_I0_O)        0.038    50.880 r  atten/dm2/ctxQuant/add_2/add/addRawFN/io_rawOut_sExp[9]_INST_0_i_3/O
                         net (fo=4, unplaced)         0.210    51.090    atten/dm2/ctxQuant/add_2/add/addRawFN/io_rawOut_sExp[9]_INST_0_i_3_n_0
                         LUT6 (Prop_LUT6_I2_O)        0.038    51.128 r  atten/dm2/ctxQuant/add_2/add/addRawFN/io_rawOut_sExp[6]_INST_0/O
                         net (fo=25, unplaced)        0.210    51.338    atten/dm2/ctxQuant/add_2/add/roundRawFNToRecFN/roundAnyRawFNToRecFN/io_in_sExp[6]
                         LUT5 (Prop_LUT5_I1_O)        0.100    51.438 r  atten/dm2/ctxQuant/add_2/add/roundRawFNToRecFN/roundAnyRawFNToRecFN/io_out[26]_INST_0_i_15/O
                         net (fo=27, unplaced)        0.211    51.649    atten/dm2/ctxQuant/add_2/add/roundRawFNToRecFN/roundAnyRawFNToRecFN/io_out[26]_INST_0_i_15_n_0
                         LUT6 (Prop_LUT6_I2_O)        0.090    51.739 r  atten/dm2/ctxQuant/add_2/add/roundRawFNToRecFN/roundAnyRawFNToRecFN/io_out[26]_INST_0_i_39/O
                         net (fo=1, unplaced)         0.156    51.895    atten/dm2/ctxQuant/add_2/add/roundRawFNToRecFN/roundAnyRawFNToRecFN/io_out[26]_INST_0_i_39_n_0
                         LUT6 (Prop_LUT6_I2_O)        0.100    51.995 r  atten/dm2/ctxQuant/add_2/add/roundRawFNToRecFN/roundAnyRawFNToRecFN/io_out[26]_INST_0_i_11/O
                         net (fo=1, unplaced)         0.155    52.150    atten/dm2/ctxQuant/add_2/add/roundRawFNToRecFN/roundAnyRawFNToRecFN/io_out[26]_INST_0_i_11_n_0
                         LUT6 (Prop_LUT6_I2_O)        0.090    52.240 r  atten/dm2/ctxQuant/add_2/add/roundRawFNToRecFN/roundAnyRawFNToRecFN/io_out[26]_INST_0_i_3/O
                         net (fo=28, unplaced)        0.212    52.452    atten/dm2/ctxQuant/add_2/add/roundRawFNToRecFN/roundAnyRawFNToRecFN/io_out[26]_INST_0_i_3_n_0
                         LUT4 (Prop_LUT4_I0_O)        0.090    52.542 f  atten/dm2/ctxQuant/add_2/add/roundRawFNToRecFN/roundAnyRawFNToRecFN/io_out[26]_INST_0_i_1/O
                         net (fo=8, unplaced)         0.225    52.767    atten/dm2/ctxQuant/add_2/add/roundRawFNToRecFN/roundAnyRawFNToRecFN/io_out[26]_INST_0_i_1_n_0
                         LUT6 (Prop_LUT6_I4_O)        0.038    52.805 r  atten/dm2/ctxQuant/add_2/add/roundRawFNToRecFN/roundAnyRawFNToRecFN/io_out[28]_INST_0_i_1/O
                         net (fo=6, unplaced)         0.219    53.024    atten/dm2/ctxQuant/add_2/add/roundRawFNToRecFN/roundAnyRawFNToRecFN/io_out[28]_INST_0_i_1_n_0
                         LUT3 (Prop_LUT3_I0_O)        0.068    53.092 f  atten/dm2/ctxQuant/add_2/add/roundRawFNToRecFN/roundAnyRawFNToRecFN/io_out[30]_INST_0_i_5/O
                         net (fo=1, unplaced)         0.242    53.334    atten/dm2/ctxQuant/add_2/add/roundRawFNToRecFN/roundAnyRawFNToRecFN/io_out[30]_INST_0_i_5_n_0
                         CARRY8 (Prop_CARRY8_DI[2]_CO[5])
                                                      0.148    53.482 f  atten/dm2/ctxQuant/add_2/add/roundRawFNToRecFN/roundAnyRawFNToRecFN/io_out[30]_INST_0_i_1/CO[5]
                         net (fo=5, unplaced)         0.141    53.623    atten/dm2/ctxQuant/add_2/add/roundRawFNToRecFN/roundAnyRawFNToRecFN/common_totalUnderflow
                         LUT2 (Prop_LUT2_I0_O)        0.038    53.661 f  atten/dm2/ctxQuant/add_2/add/roundRawFNToRecFN/roundAnyRawFNToRecFN/io_out[31]_INST_0_i_3/O
                         net (fo=1, unplaced)         0.197    53.858    atten/dm2/ctxQuant/add_2/add/roundRawFNToRecFN/roundAnyRawFNToRecFN/io_out[31]_INST_0_i_3_n_0
                         LUT6 (Prop_LUT6_I3_O)        0.038    53.896 r  atten/dm2/ctxQuant/add_2/add/roundRawFNToRecFN/roundAnyRawFNToRecFN/io_out[31]_INST_0/O
                         net (fo=12, unplaced)        0.235    54.131    atten/dm2/ctxQuant/add_2/_add_io_out[31]
                         LUT3 (Prop_LUT3_I1_O)        0.038    54.169 r  atten/dm2/ctxQuant/add_2/io_out[21]_INST_0_i_3/O
                         net (fo=4, unplaced)         0.210    54.379    atten/dm2/ctxQuant/add_2/io_out[21]_INST_0_i_3_n_0
                         LUT5 (Prop_LUT5_I2_O)        0.038    54.417 r  atten/dm2/ctxQuant/add_2/io_out[2]_INST_0_i_2/O
                         net (fo=3, unplaced)         0.203    54.620    atten/dm2/ctxQuant/add_2/io_out[2]_INST_0_i_2_n_0
                         LUT6 (Prop_LUT6_I5_O)        0.038    54.658 r  atten/dm2/ctxQuant/add_2/io_out[6]_INST_0_i_2/O
                         net (fo=2, unplaced)         0.197    54.855    atten/dm2/ctxQuant/add_2/io_out[6]_INST_0_i_2_n_0
                         LUT3 (Prop_LUT3_I2_O)        0.038    54.893 r  atten/dm2/ctxQuant/add_2/io_out[6]_INST_0_i_1/O
                         net (fo=2, unplaced)         0.197    55.090    atten/dm2/ctxQuant/add_2/io_out[6]_INST_0_i_1_n_0
                         LUT6 (Prop_LUT6_I2_O)        0.038    55.128 r  atten/dm2/ctxQuant/add_2/io_out[5]_INST_0/O
                         net (fo=10, unplaced)        0.189    55.317    atten/dm2/ctxQuant/toInt_2/io_in[5]
                         LUT6 (Prop_LUT6_I0_O)        0.100    55.417 f  atten/dm2/ctxQuant/toInt_2/cvt_i_76/O
                         net (fo=1, unplaced)         0.197    55.614    atten/dm2/ctxQuant/toInt_2/cvt_i_76_n_0
                         LUT6 (Prop_LUT6_I0_O)        0.038    55.652 f  atten/dm2/ctxQuant/toInt_2/cvt_i_42/O
                         net (fo=26, unplaced)        0.252    55.904    atten/dm2/ctxQuant/toInt_2/cvt_i_42_n_0
                         LUT6 (Prop_LUT6_I4_O)        0.038    55.942 f  atten/dm2/ctxQuant/toInt_2/cvt_i_38/O
                         net (fo=3, unplaced)         0.203    56.145    atten/dm2/ctxQuant/toInt_2/cvt_i_38_n_0
                         LUT6 (Prop_LUT6_I2_O)        0.038    56.183 r  atten/dm2/ctxQuant/toInt_2/cvt_i_33/O
                         net (fo=2, unplaced)         0.197    56.380    atten/dm2/ctxQuant/toInt_2/cvt_i_33_n_0
                         LUT3 (Prop_LUT3_I0_O)        0.038    56.418 r  atten/dm2/ctxQuant/toInt_2/cvt_i_1/O
                         net (fo=35, unplaced)        0.259    56.677    atten/dm2/ctxQuant/toInt_2/cvt/io_in[31]
                         LUT2 (Prop_LUT2_I0_O)        0.038    56.715 r  atten/dm2/ctxQuant/toInt_2/cvt/io_out[1]_INST_0_i_4/O
                         net (fo=6, unplaced)         0.219    56.934    atten/dm2/ctxQuant/toInt_2/cvt/io_out[1]_INST_0_i_4_n_0
                         LUT6 (Prop_LUT6_I4_O)        0.038    56.972 f  atten/dm2/ctxQuant/toInt_2/cvt/io_out[1]_INST_0_i_3/O
                         net (fo=1, unplaced)         0.197    57.169    atten/dm2/ctxQuant/toInt_2/cvt/io_out[1]_INST_0_i_3_n_0
                         LUT6 (Prop_LUT6_I0_O)        0.038    57.207 f  atten/dm2/ctxQuant/toInt_2/cvt/io_out[1]_INST_0_i_2/O
                         net (fo=4, unplaced)         0.169    57.376    atten/dm2/ctxQuant/toInt_2/cvt/io_out[1]_INST_0_i_2_n_0
                         LUT6 (Prop_LUT6_I0_O)        0.100    57.476 r  atten/dm2/ctxQuant/toInt_2/cvt/io_out[7]_INST_0_i_7/O
                         net (fo=1, unplaced)         0.155    57.631    atten/dm2/ctxQuant/toInt_2/cvt/io_out[7]_INST_0_i_7_n_0
                         LUT6 (Prop_LUT6_I0_O)        0.090    57.721 r  atten/dm2/ctxQuant/toInt_2/cvt/io_out[7]_INST_0_i_2/O
                         net (fo=8, unplaced)         0.225    57.946    atten/dm2/ctxQuant/toInt_2/cvt/io_out[7]_INST_0_i_2_n_0
                         LUT6 (Prop_LUT6_I3_O)        0.038    57.984 r  atten/dm2/ctxQuant/toInt_2/cvt/io_out[1]_INST_0/O
                         net (fo=1, unplaced)         0.111    58.095    atten/dm2/ctxmemInst/mem/mem_ext/W0_data[17]
                         RAMB36E2                                     r  atten/dm2/ctxmemInst/mem/mem_ext/Memory_reg_0/DINADIN[17]
  -------------------------------------------------------------------    -------------------

                         (clock clk rise edge)       10.000    10.000 r  
                                                      0.000    10.000 r  clock (IN)
                         net (fo=803906, unset)       0.000    10.000    atten/dm2/ctxmemInst/mem/mem_ext/R0_clk
                         RAMB36E2                                     r  atten/dm2/ctxmemInst/mem/mem_ext/Memory_reg_0/CLKBWRCLK
                         clock pessimism              0.000    10.000    
                         clock uncertainty           -0.035     9.965    
                         RAMB36E2 (Setup_RAMB36E2_CLKBWRCLK_DINADIN[17])
                                                     -0.285     9.680    atten/dm2/ctxmemInst/mem/mem_ext/Memory_reg_0
  -------------------------------------------------------------------
                         required time                          9.680    
                         arrival time                         -58.095    
  -------------------------------------------------------------------
                         slack                                -48.415    

Slack (VIOLATED) :        -48.413ns  (required time - arrival time)
  Source:                 atten/softmax/memInst/mem/mem_ext/Memory_reg_uram_6/CLK
                            (rising edge-triggered cell URAM288 clocked by clk  {rise@0.000ns fall@5.000ns period=10.000ns})
  Destination:            atten/dm2/ctxmemInst/mem/mem_ext/Memory_reg_0/DINADIN[11]
                            (rising edge-triggered cell RAMB36E2 clocked by clk  {rise@0.000ns fall@5.000ns period=10.000ns})
  Path Group:             clk
  Path Type:              Setup (Max at Slow Process Corner)
  Requirement:            10.000ns  (clk rise@10.000ns - clk rise@0.000ns)
  Data Path Delay:        58.116ns  (logic 22.436ns (38.605%)  route 35.680ns (61.394%))
  Logic Levels:           203  (CARRY8=23 DSP_A_B_DATA=4 DSP_ALU=7 DSP_C_DATA=3 DSP_M_DATA=4 DSP_MULTIPLIER=4 DSP_OUTPUT=7 DSP_PREADD_DATA=4 LUT1=1 LUT2=16 LUT3=25 LUT4=14 LUT5=26 LUT6=65)
  Clock Uncertainty:      0.035ns  ((TSJ^2 + TIJ^2)^1/2 + DJ) / 2 + PE
    Total System Jitter     (TSJ):    0.071ns
    Total Input Jitter      (TIJ):    0.000ns
    Discrete Jitter          (DJ):    0.000ns
    Phase Error              (PE):    0.000ns

    Location             Delay type                Incr(ns)  Path(ns)    Netlist Resource(s)
  -------------------------------------------------------------------    -------------------
                         (clock clk rise edge)        0.000     0.000 r  
                                                      0.000     0.000 r  clock (IN)
                         net (fo=803906, unset)       0.000     0.000    atten/softmax/memInst/mem/mem_ext/R0_clk
                         URAM288                                      r  atten/softmax/memInst/mem/mem_ext/Memory_reg_uram_6/CLK
  -------------------------------------------------------------------    -------------------
                         URAM288 (Prop_URAM288_CLK_DOUT_B[56])
                                                      1.991     1.991 r  atten/softmax/memInst/mem/mem_ext/Memory_reg_uram_6/DOUT_B[56]
                         net (fo=1, unplaced)         0.226     2.217    atten/softmax/cuInst/io_data_in[488]
                         LUT2 (Prop_LUT2_I1_O)        0.070     2.287 r  atten/softmax/cuInst/softmax_i_504/O
                         net (fo=7, unplaced)         0.180     2.467    atten/softmax/cuInst/softmax/mul_15/io_a[8]
                         LUT4 (Prop_LUT4_I1_O)        0.090     2.557 r  atten/softmax/cuInst/softmax/mul_15/mul_i_70/O
                         net (fo=3, unplaced)         0.162     2.719    atten/softmax/cuInst/softmax/mul_15/mul_i_70_n_0
                         LUT5 (Prop_LUT5_I1_O)        0.100     2.819 r  atten/softmax/cuInst/softmax/mul_15/mul_i_41/O
                         net (fo=29, unplaced)        0.255     3.074    atten/softmax/cuInst/softmax/mul_15/mul_i_41_n_0
                         LUT6 (Prop_LUT6_I5_O)        0.038     3.112 f  atten/softmax/cuInst/softmax/mul_15/mul_i_93/O
                         net (fo=2, unplaced)         0.197     3.309    atten/softmax/cuInst/softmax/mul_15/mul_i_93_n_0
                         LUT3 (Prop_LUT3_I2_O)        0.038     3.347 f  atten/softmax/cuInst/softmax/mul_15/mul_i_50/O
                         net (fo=2, unplaced)         0.155     3.502    atten/softmax/cuInst/softmax/mul_15/mul_i_50_n_0
                         LUT5 (Prop_LUT5_I0_O)        0.090     3.592 f  atten/softmax/cuInst/softmax/mul_15/mul_i_16/O
                         net (fo=1, unplaced)         0.214     3.806    atten/softmax/cuInst/softmax/mul_15/mul/mulRawFN/mulFullRaw/io_rawOut_sig__0/B[16]
                         DSP_A_B_DATA (Prop_DSP_A_B_DATA_B[16]_B2_DATA[16])
                                                      0.151     3.957 r  atten/softmax/cuInst/softmax/mul_15/mul/mulRawFN/mulFullRaw/io_rawOut_sig__0/DSP_A_B_DATA_INST/B2_DATA[16]
                         net (fo=1, unplaced)         0.000     3.957    atten/softmax/cuInst/softmax/mul_15/mul/mulRawFN/mulFullRaw/io_rawOut_sig__0/DSP_A_B_DATA.B2_DATA<16>
                         DSP_PREADD_DATA (Prop_DSP_PREADD_DATA_B2_DATA[16]_B2B1[16])
                                                      0.073     4.030 r  atten/softmax/cuInst/softmax/mul_15/mul/mulRawFN/mulFullRaw/io_rawOut_sig__0/DSP_PREADD_DATA_INST/B2B1[16]
                         net (fo=1, unplaced)         0.000     4.030    atten/softmax/cuInst/softmax/mul_15/mul/mulRawFN/mulFullRaw/io_rawOut_sig__0/DSP_PREADD_DATA.B2B1<16>
                         DSP_MULTIPLIER (Prop_DSP_MULTIPLIER_B2B1[16]_V[19])
                                                      0.609     4.639 f  atten/softmax/cuInst/softmax/mul_15/mul/mulRawFN/mulFullRaw/io_rawOut_sig__0/DSP_MULTIPLIER_INST/V[19]
                         net (fo=1, unplaced)         0.000     4.639    atten/softmax/cuInst/softmax/mul_15/mul/mulRawFN/mulFullRaw/io_rawOut_sig__0/DSP_MULTIPLIER.V<19>
                         DSP_M_DATA (Prop_DSP_M_DATA_V[19]_V_DATA[19])
                                                      0.046     4.685 r  atten/softmax/cuInst/softmax/mul_15/mul/mulRawFN/mulFullRaw/io_rawOut_sig__0/DSP_M_DATA_INST/V_DATA[19]
                         net (fo=1, unplaced)         0.000     4.685    atten/softmax/cuInst/softmax/mul_15/mul/mulRawFN/mulFullRaw/io_rawOut_sig__0/DSP_M_DATA.V_DATA<19>
                         DSP_ALU (Prop_DSP_ALU_V_DATA[19]_ALU_OUT[19])
                                                      0.571     5.256 f  atten/softmax/cuInst/softmax/mul_15/mul/mulRawFN/mulFullRaw/io_rawOut_sig__0/DSP_ALU_INST/ALU_OUT[19]
                         net (fo=1, unplaced)         0.000     5.256    atten/softmax/cuInst/softmax/mul_15/mul/mulRawFN/mulFullRaw/io_rawOut_sig__0/DSP_ALU.ALU_OUT<19>
                         DSP_OUTPUT (Prop_DSP_OUTPUT_ALU_OUT[19]_P[19])
                                                      0.109     5.365 r  atten/softmax/cuInst/softmax/mul_15/mul/mulRawFN/mulFullRaw/io_rawOut_sig__0/DSP_OUTPUT_INST/P[19]
                         net (fo=1, unplaced)         0.211     5.576    atten/softmax/cuInst/softmax/mul_15/mul/mulRawFN/mulFullRaw/io_rawOut_sig__1/C[2]
                         DSP_C_DATA (Prop_DSP_C_DATA_C[2]_C_DATA[2])
                                                      0.105     5.681 r  atten/softmax/cuInst/softmax/mul_15/mul/mulRawFN/mulFullRaw/io_rawOut_sig__1/DSP_C_DATA_INST/C_DATA[2]
                         net (fo=2, unplaced)         0.000     5.681    atten/softmax/cuInst/softmax/mul_15/mul/mulRawFN/mulFullRaw/io_rawOut_sig__1/DSP_C_DATA.C_DATA<2>
                         DSP_ALU (Prop_DSP_ALU_C_DATA[2]_ALU_OUT[3])
                                                      0.585     6.266 r  atten/softmax/cuInst/softmax/mul_15/mul/mulRawFN/mulFullRaw/io_rawOut_sig__1/DSP_ALU_INST/ALU_OUT[3]
                         net (fo=1, unplaced)         0.000     6.266    atten/softmax/cuInst/softmax/mul_15/mul/mulRawFN/mulFullRaw/io_rawOut_sig__1/DSP_ALU.ALU_OUT<3>
                         DSP_OUTPUT (Prop_DSP_OUTPUT_ALU_OUT[3]_P[3])
                                                      0.109     6.375 f  atten/softmax/cuInst/softmax/mul_15/mul/mulRawFN/mulFullRaw/io_rawOut_sig__1/DSP_OUTPUT_INST/P[3]
                         net (fo=1, unplaced)         0.218     6.593    atten/softmax/cuInst/softmax/mul_15/mul/mulRawFN/_mulFullRaw_io_rawOut_sig[20]
                         LUT6 (Prop_LUT6_I0_O)        0.150     6.743 f  atten/softmax/cuInst/softmax/mul_15/mul/mulRawFN/io_rawOut_sig[0]_INST_0_i_2/O
                         net (fo=1, unplaced)         0.155     6.898    atten/softmax/cuInst/softmax/mul_15/mul/mulRawFN/io_rawOut_sig[0]_INST_0_i_2_n_0
                         LUT4 (Prop_LUT4_I1_O)        0.090     6.988 f  atten/softmax/cuInst/softmax/mul_15/mul/mulRawFN/io_rawOut_sig[0]_INST_0/O
                         net (fo=2, unplaced)         0.156     7.144    atten/softmax/cuInst/softmax/mul_15/mul/roundRawFNToRecFN/roundAnyRawFNToRecFN/io_in_sig[0]
                         LUT6 (Prop_LUT6_I5_O)        0.100     7.244 f  atten/softmax/cuInst/softmax/mul_15/mul/roundRawFNToRecFN/roundAnyRawFNToRecFN/io_out[26]_INST_0_i_58/O
                         net (fo=1, unplaced)         0.197     7.441    atten/softmax/cuInst/softmax/mul_15/mul/roundRawFNToRecFN/roundAnyRawFNToRecFN/io_out[26]_INST_0_i_58_n_0
                         LUT5 (Prop_LUT5_I4_O)        0.038     7.479 f  atten/softmax/cuInst/softmax/mul_15/mul/roundRawFNToRecFN/roundAnyRawFNToRecFN/io_out[26]_INST_0_i_19/O
                         net (fo=1, unplaced)         0.152     7.631    atten/softmax/cuInst/softmax/mul_15/mul/roundRawFNToRecFN/roundAnyRawFNToRecFN/io_out[26]_INST_0_i_19_n_0
                         LUT6 (Prop_LUT6_I3_O)        0.053     7.684 f  atten/softmax/cuInst/softmax/mul_15/mul/roundRawFNToRecFN/roundAnyRawFNToRecFN/io_out[26]_INST_0_i_5/O
                         net (fo=27, unplaced)        0.208     7.892    atten/softmax/cuInst/softmax/mul_15/mul/roundRawFNToRecFN/roundAnyRawFNToRecFN/io_out[26]_INST_0_i_5_n_0
                         LUT4 (Prop_LUT4_I2_O)        0.053     7.945 f  atten/softmax/cuInst/softmax/mul_15/mul/roundRawFNToRecFN/roundAnyRawFNToRecFN/io_out[26]_INST_0_i_1/O
                         net (fo=8, unplaced)         0.225     8.170    atten/softmax/cuInst/softmax/mul_15/mul/roundRawFNToRecFN/roundAnyRawFNToRecFN/io_out[26]_INST_0_i_1_n_0
                         LUT6 (Prop_LUT6_I4_O)        0.038     8.208 r  atten/softmax/cuInst/softmax/mul_15/mul/roundRawFNToRecFN/roundAnyRawFNToRecFN/io_out[28]_INST_0_i_1/O
                         net (fo=6, unplaced)         0.219     8.427    atten/softmax/cuInst/softmax/mul_15/mul/roundRawFNToRecFN/roundAnyRawFNToRecFN/io_out[28]_INST_0_i_1_n_0
                         LUT3 (Prop_LUT3_I0_O)        0.068     8.495 f  atten/softmax/cuInst/softmax/mul_15/mul/roundRawFNToRecFN/roundAnyRawFNToRecFN/io_out[30]_INST_0_i_5/O
                         net (fo=1, unplaced)         0.242     8.737    atten/softmax/cuInst/softmax/mul_15/mul/roundRawFNToRecFN/roundAnyRawFNToRecFN/io_out[30]_INST_0_i_5_n_0
                         CARRY8 (Prop_CARRY8_DI[2]_CO[5])
                                                      0.148     8.885 f  atten/softmax/cuInst/softmax/mul_15/mul/roundRawFNToRecFN/roundAnyRawFNToRecFN/io_out[30]_INST_0_i_1/CO[5]
                         net (fo=5, unplaced)         0.141     9.026    atten/softmax/cuInst/softmax/mul_15/mul/roundRawFNToRecFN/roundAnyRawFNToRecFN/common_totalUnderflow
                         LUT2 (Prop_LUT2_I0_O)        0.038     9.064 f  atten/softmax/cuInst/softmax/mul_15/mul/roundRawFNToRecFN/roundAnyRawFNToRecFN/io_out[31]_INST_0_i_3/O
                         net (fo=1, unplaced)         0.197     9.261    atten/softmax/cuInst/softmax/mul_15/mul/roundRawFNToRecFN/roundAnyRawFNToRecFN/io_out[31]_INST_0_i_3_n_0
                         LUT6 (Prop_LUT6_I3_O)        0.038     9.299 r  atten/softmax/cuInst/softmax/mul_15/mul/roundRawFNToRecFN/roundAnyRawFNToRecFN/io_out[31]_INST_0/O
                         net (fo=12, unplaced)        0.235     9.534    atten/softmax/cuInst/softmax/mul_15/_mul_io_out[31]
                         LUT3 (Prop_LUT3_I1_O)        0.038     9.572 r  atten/softmax/cuInst/softmax/mul_15/io_out[21]_INST_0_i_3/O
                         net (fo=4, unplaced)         0.210     9.782    atten/softmax/cuInst/softmax/mul_15/io_out[21]_INST_0_i_3_n_0
                         LUT5 (Prop_LUT5_I2_O)        0.038     9.820 r  atten/softmax/cuInst/softmax/mul_15/io_out[2]_INST_0_i_2/O
                         net (fo=3, unplaced)         0.203    10.023    atten/softmax/cuInst/softmax/mul_15/io_out[2]_INST_0_i_2_n_0
                         LUT6 (Prop_LUT6_I5_O)        0.038    10.061 r  atten/softmax/cuInst/softmax/mul_15/io_out[6]_INST_0_i_2/O
                         net (fo=2, unplaced)         0.197    10.258    atten/softmax/cuInst/softmax/mul_15/io_out[6]_INST_0_i_2_n_0
                         LUT3 (Prop_LUT3_I2_O)        0.038    10.296 r  atten/softmax/cuInst/softmax/mul_15/io_out[6]_INST_0_i_1/O
                         net (fo=2, unplaced)         0.197    10.493    atten/softmax/cuInst/softmax/mul_15/io_out[6]_INST_0_i_1_n_0
                         LUT6 (Prop_LUT6_I2_O)        0.038    10.531 r  atten/softmax/cuInst/softmax/mul_15/io_out[5]_INST_0/O
                         net (fo=10, unplaced)        0.189    10.720    atten/softmax/cuInst/softmax/toInt_15/io_in[5]
                         LUT6 (Prop_LUT6_I0_O)        0.100    10.820 f  atten/softmax/cuInst/softmax/toInt_15/cvt_i_76/O
                         net (fo=1, unplaced)         0.197    11.017    atten/softmax/cuInst/softmax/toInt_15/cvt_i_76_n_0
                         LUT6 (Prop_LUT6_I0_O)        0.038    11.055 f  atten/softmax/cuInst/softmax/toInt_15/cvt_i_42/O
                         net (fo=26, unplaced)        0.252    11.307    atten/softmax/cuInst/softmax/toInt_15/cvt_i_42_n_0
                         LUT6 (Prop_LUT6_I4_O)        0.038    11.345 f  atten/softmax/cuInst/softmax/toInt_15/cvt_i_38/O
                         net (fo=3, unplaced)         0.203    11.548    atten/softmax/cuInst/softmax/toInt_15/cvt_i_38_n_0
                         LUT6 (Prop_LUT6_I2_O)        0.038    11.586 r  atten/softmax/cuInst/softmax/toInt_15/cvt_i_33/O
                         net (fo=2, unplaced)         0.197    11.783    atten/softmax/cuInst/softmax/toInt_15/cvt_i_33_n_0
                         LUT3 (Prop_LUT3_I0_O)        0.038    11.821 r  atten/softmax/cuInst/softmax/toInt_15/cvt_i_1/O
                         net (fo=48, unplaced)        0.266    12.087    atten/softmax/cuInst/softmax/toInt_15/cvt/io_in[31]
                         LUT2 (Prop_LUT2_I0_O)        0.038    12.125 r  atten/softmax/cuInst/softmax/toInt_15/cvt/io_out[13]_INST_0_i_5/O
                         net (fo=18, unplaced)        0.244    12.369    atten/softmax/cuInst/softmax/toInt_15/cvt/io_out[13]_INST_0_i_5_n_0
                         LUT6 (Prop_LUT6_I4_O)        0.038    12.407 f  atten/softmax/cuInst/softmax/toInt_15/cvt/io_out[0]_INST_0_i_2/O
                         net (fo=4, unplaced)         0.168    12.575    atten/softmax/cuInst/softmax/toInt_15/cvt/io_out[0]_INST_0_i_2_n_0
                         LUT6 (Prop_LUT6_I0_O)        0.090    12.665 f  atten/softmax/cuInst/softmax/toInt_15/cvt/io_out[0]_INST_0_i_1/O
                         net (fo=10, unplaced)        0.188    12.853    atten/softmax/cuInst/softmax/toInt_15/cvt/io_out[0]_INST_0_i_1_n_0
                         LUT4 (Prop_LUT4_I1_O)        0.090    12.943 r  atten/softmax/cuInst/softmax/toInt_15/cvt/io_out[15]_INST_0_i_20/O
                         net (fo=1, unplaced)         0.197    13.140    atten/softmax/cuInst/softmax/toInt_15/cvt/io_out[15]_INST_0_i_20_n_0
                         LUT5 (Prop_LUT5_I4_O)        0.038    13.178 f  atten/softmax/cuInst/softmax/toInt_15/cvt/io_out[15]_INST_0_i_8/O
                         net (fo=1, unplaced)         0.155    13.333    atten/softmax/cuInst/softmax/toInt_15/cvt/io_out[15]_INST_0_i_8_n_0
                         LUT6 (Prop_LUT6_I2_O)        0.090    13.423 r  atten/softmax/cuInst/softmax/toInt_15/cvt/io_out[15]_INST_0_i_2/O
                         net (fo=16, unplaced)        0.241    13.664    atten/softmax/cuInst/softmax/toInt_15/cvt/io_out[15]_INST_0_i_2_n_0
                         LUT6 (Prop_LUT6_I2_O)        0.038    13.702 f  atten/softmax/cuInst/softmax/toInt_15/cvt/io_out[0]_INST_0/O
                         net (fo=1, unplaced)         0.197    13.899    atten/softmax/cuInst/softmax/_toInt_15_io_out[0]
                         LUT2 (Prop_LUT2_I1_O)        0.070    13.969 f  atten/softmax/cuInst/softmax/maxPreProcess_i_256/O
                         net (fo=7, unplaced)         0.222    14.191    atten/softmax/cuInst/softmax/maxPreProcess/io_in_15[0]
                         LUT4 (Prop_LUT4_I3_O)        0.070    14.261 r  atten/softmax/cuInst/softmax/maxPreProcess/io_out_0[8]_INST_0_i_258/O
                         net (fo=1, unplaced)         0.260    14.521    atten/softmax/cuInst/softmax/maxPreProcess/io_out_0[8]_INST_0_i_258_n_0
                         CARRY8 (Prop_CARRY8_DI[0]_CO[7])
                                                      0.140    14.661 r  atten/softmax/cuInst/softmax/maxPreProcess/io_out_0[8]_INST_0_i_129/CO[7]
                         net (fo=48, unplaced)        0.313    14.974    atten/softmax/cuInst/softmax/maxPreProcess/io_out_0[8]_INST_0_i_129_n_0
                         LUT3 (Prop_LUT3_I1_O)        0.038    15.012 r  atten/softmax/cuInst/softmax/maxPreProcess/io_out_0[8]_INST_0_i_480/O
                         net (fo=1, unplaced)         0.155    15.167    atten/softmax/cuInst/softmax/maxPreProcess/io_out_0[8]_INST_0_i_480_n_0
                         LUT6 (Prop_LUT6_I0_O)        0.090    15.257 r  atten/softmax/cuInst/softmax/maxPreProcess/io_out_0[8]_INST_0_i_274/O
                         net (fo=1, unplaced)         0.244    15.501    atten/softmax/cuInst/softmax/maxPreProcess/io_out_0[8]_INST_0_i_274_n_0
                         CARRY8 (Prop_CARRY8_DI[0]_CO[7])
                                                      0.140    15.641 r  atten/softmax/cuInst/softmax/maxPreProcess/io_out_0[8]_INST_0_i_130/CO[7]
                         net (fo=16, unplaced)        0.289    15.930    atten/softmax/cuInst/softmax/maxPreProcess/io_out_0[8]_INST_0_i_130_n_0
                         LUT5 (Prop_LUT5_I3_O)        0.038    15.968 f  atten/softmax/cuInst/softmax/maxPreProcess/io_out_0[0]_INST_0_i_118/O
                         net (fo=3, unplaced)         0.203    16.171    atten/softmax/cuInst/softmax/maxPreProcess/io_out_0[0]_INST_0_i_118_n_0
                         LUT4 (Prop_LUT4_I3_O)        0.070    16.241 r  atten/softmax/cuInst/softmax/maxPreProcess/io_out_0[8]_INST_0_i_120/O
                         net (fo=1, unplaced)         0.260    16.501    atten/softmax/cuInst/softmax/maxPreProcess/io_out_0[8]_INST_0_i_120_n_0
                         CARRY8 (Prop_CARRY8_DI[0]_CO[7])
                                                      0.140    16.641 r  atten/softmax/cuInst/softmax/maxPreProcess/io_out_0[8]_INST_0_i_32/CO[7]
                         net (fo=16, unplaced)        0.289    16.930    atten/softmax/cuInst/softmax/maxPreProcess/io_out_0[8]_INST_0_i_32_n_0
                         LUT3 (Prop_LUT3_I1_O)        0.038    16.968 r  atten/softmax/cuInst/softmax/maxPreProcess/io_out_0[0]_INST_0_i_24/O
                         net (fo=30, unplaced)        0.213    17.181    atten/softmax/cuInst/softmax/maxPreProcess/io_out_0[0]_INST_0_i_24_n_0
                         LUT6 (Prop_LUT6_I3_O)        0.090    17.271 r  atten/softmax/cuInst/softmax/maxPreProcess/io_out_0[8]_INST_0_i_41/O
                         net (fo=1, unplaced)         0.244    17.515    atten/softmax/cuInst/softmax/maxPreProcess/io_out_0[8]_INST_0_i_41_n_0
                         CARRY8 (Prop_CARRY8_DI[0]_CO[7])
                                                      0.140    17.655 r  atten/softmax/cuInst/softmax/maxPreProcess/io_out_0[8]_INST_0_i_10/CO[7]
                         net (fo=232, unplaced)       0.349    18.004    atten/softmax/cuInst/softmax/maxPreProcess/io_out_0[8]_INST_0_i_10_n_0
                         LUT5 (Prop_LUT5_I4_O)        0.038    18.042 f  atten/softmax/cuInst/softmax/maxPreProcess/io_out_0[0]_INST_0_i_27/O
                         net (fo=28, unplaced)        0.212    18.254    atten/softmax/cuInst/softmax/maxPreProcess/io_out_0[0]_INST_0_i_27_n_0
                         LUT6 (Prop_LUT6_I5_O)        0.090    18.344 r  atten/softmax/cuInst/softmax/maxPreProcess/io_out_0[8]_INST_0_i_60/O
                         net (fo=1, unplaced)         0.244    18.588    atten/softmax/cuInst/softmax/maxPreProcess/io_out_0[8]_INST_0_i_60_n_0
                         CARRY8 (Prop_CARRY8_DI[0]_CO[7])
                                                      0.140    18.728 r  atten/softmax/cuInst/softmax/maxPreProcess/io_out_0[8]_INST_0_i_12/CO[7]
                         net (fo=416, unplaced)       0.362    19.090    atten/softmax/cuInst/softmax/maxPreProcess/io_out_0[8]_INST_0_i_12_n_0
                         LUT6 (Prop_LUT6_I4_O)        0.037    19.127 r  atten/softmax/cuInst/softmax/maxPreProcess/io_out_23[0]_INST_0_i_7/O
                         net (fo=1, unplaced)         0.023    19.150    atten/softmax/cuInst/softmax/maxPreProcess/io_out_23[0]_INST_0_i_7_n_0
                         CARRY8 (Prop_CARRY8_S[1]_CO[7])
                                                      0.197    19.347 r  atten/softmax/cuInst/softmax/maxPreProcess/io_out_23[0]_INST_0/CO[7]
                         net (fo=1, unplaced)         0.005    19.352    atten/softmax/cuInst/softmax/maxPreProcess/io_out_23[0]_INST_0_n_0
                         CARRY8 (Prop_CARRY8_CI_O[7])
                                                      0.116    19.468 f  atten/softmax/cuInst/softmax/maxPreProcess/io_out_23[8]_INST_0/O[7]
                         net (fo=9, unplaced)         0.239    19.707    atten/softmax/cuInst/softmax/full_23/A[15]
                         DSP_A_B_DATA (Prop_DSP_A_B_DATA_A[15]_A2_DATA[15])
                                                      0.192    19.899 r  atten/softmax/cuInst/softmax/full_23/DSP_A_B_DATA_INST/A2_DATA[15]
                         net (fo=1, unplaced)         0.000    19.899    atten/softmax/cuInst/softmax/full_23/DSP_A_B_DATA.A2_DATA<15>
                         DSP_PREADD_DATA (Prop_DSP_PREADD_DATA_A2_DATA[15]_A2A1[15])
                                                      0.076    19.975 r  atten/softmax/cuInst/softmax/full_23/DSP_PREADD_DATA_INST/A2A1[15]
                         net (fo=1, unplaced)         0.000    19.975    atten/softmax/cuInst/softmax/full_23/DSP_PREADD_DATA.A2A1<15>
                         DSP_MULTIPLIER (Prop_DSP_MULTIPLIER_A2A1[15]_U[16])
                                                      0.505    20.480 f  atten/softmax/cuInst/softmax/full_23/DSP_MULTIPLIER_INST/U[16]
                         net (fo=1, unplaced)         0.000    20.480    atten/softmax/cuInst/softmax/full_23/DSP_MULTIPLIER.U<16>
                         DSP_M_DATA (Prop_DSP_M_DATA_U[16]_U_DATA[16])
                                                      0.047    20.527 r  atten/softmax/cuInst/softmax/full_23/DSP_M_DATA_INST/U_DATA[16]
                         net (fo=1, unplaced)         0.000    20.527    atten/softmax/cuInst/softmax/full_23/DSP_M_DATA.U_DATA<16>
                         DSP_ALU (Prop_DSP_ALU_U_DATA[16]_ALU_OUT[16])
                                                      0.585    21.112 r  atten/softmax/cuInst/softmax/full_23/DSP_ALU_INST/ALU_OUT[16]
                         net (fo=1, unplaced)         0.000    21.112    atten/softmax/cuInst/softmax/full_23/DSP_ALU.ALU_OUT<16>
                         DSP_OUTPUT (Prop_DSP_OUTPUT_ALU_OUT[16]_P[16])
                                                      0.109    21.221 f  atten/softmax/cuInst/softmax/full_23/DSP_OUTPUT_INST/P[16]
                         net (fo=47, unplaced)        0.219    21.440    atten/softmax/cuInst/softmax/exp2Stage1/io_in_23[8]
                         LUT2 (Prop_LUT2_I0_O)        0.100    21.540 f  atten/softmax/cuInst/softmax/exp2Stage1/io_out_23[15]_INST_0_i_11/O
                         net (fo=1, unplaced)         0.260    21.800    atten/softmax/cuInst/softmax/exp2Stage1/io_out_23[15]_INST_0_i_11_n_0
                         CARRY8 (Prop_CARRY8_DI[0]_CO[3])
                                                      0.182    21.982 f  atten/softmax/cuInst/softmax/exp2Stage1/io_out_23[15]_INST_0_i_3/CO[3]
                         net (fo=16, unplaced)        0.198    22.180    atten/softmax/cuInst/softmax/exp2Stage1/io_out_23[15]_INST_0_i_3_n_4
                         LUT6 (Prop_LUT6_I0_O)        0.053    22.233 r  atten/softmax/cuInst/softmax/exp2Stage1/io_out_23[0]_INST_0/O
                         net (fo=3, unplaced)         0.161    22.394    atten/softmax/cuInst/softmax/sum/io_in_23[0]
                         LUT3 (Prop_LUT3_I0_O)        0.090    22.484 r  atten/softmax/cuInst/softmax/sum/io_out[8]_INST_0_i_246/O
                         net (fo=1, unplaced)         0.221    22.705    atten/softmax/cuInst/softmax/sum/io_out[8]_INST_0_i_246_n_0
                         CARRY8 (Prop_CARRY8_DI[1]_O[2])
                                                      0.099    22.804 r  atten/softmax/cuInst/softmax/sum/io_out[8]_INST_0_i_156/O[2]
                         net (fo=3, unplaced)         0.207    23.011    atten/softmax/cuInst/softmax/sum/io_out[8]_INST_0_i_156_n_13
                         LUT3 (Prop_LUT3_I0_O)        0.090    23.101 r  atten/softmax/cuInst/softmax/sum/io_out[8]_INST_0_i_125/O
                         net (fo=1, unplaced)         0.198    23.299    atten/softmax/cuInst/softmax/sum/io_out[8]_INST_0_i_125_n_0
                         CARRY8 (Prop_CARRY8_DI[3]_O[7])
                                                      0.184    23.483 r  atten/softmax/cuInst/softmax/sum/io_out[8]_INST_0_i_26/O[7]
                         net (fo=5, unplaced)         0.173    23.656    atten/softmax/cuInst/softmax/sum/io_out[8]_INST_0_i_26_n_8
                         LUT3 (Prop_LUT3_I2_O)        0.038    23.694 r  atten/softmax/cuInst/softmax/sum/io_out[8]_INST_0_i_29/O
                         net (fo=1, unplaced)         0.197    23.891    atten/softmax/cuInst/softmax/sum/io_out[8]_INST_0_i_29_n_0
                         LUT5 (Prop_LUT5_I3_O)        0.038    23.929 r  atten/softmax/cuInst/softmax/sum/io_out[8]_INST_0_i_7/O
                         net (fo=1, unplaced)         0.244    24.173    atten/softmax/cuInst/softmax/sum/io_out[8]_INST_0_i_7_n_0
                         CARRY8 (Prop_CARRY8_DI[0]_O[5])
                                                      0.208    24.381 f  atten/softmax/cuInst/softmax/sum/io_out[8]_INST_0/O[5]
                         net (fo=27, unplaced)        0.197    24.578    atten/softmax/cuInst/softmax/log2/io_in_0[13]
                         LUT4 (Prop_LUT4_I0_O)        0.100    24.678 f  atten/softmax/cuInst/softmax/log2/io_out_0[7]_INST_0_i_4/O
                         net (fo=15, unplaced)        0.195    24.873    atten/softmax/cuInst/softmax/log2/io_out_0[7]_INST_0_i_4_n_0
                         LUT6 (Prop_LUT6_I2_O)        0.053    24.926 r  atten/softmax/cuInst/softmax/log2/io_out_0[7]_INST_0_i_1/O
                         net (fo=2, unplaced)         0.197    25.123    atten/softmax/cuInst/softmax/log2/io_out_0[7]_INST_0_i_1_n_0
                         LUT3 (Prop_LUT3_I0_O)        0.038    25.161 r  atten/softmax/cuInst/softmax/log2/io_out_0[14]_INST_0_i_16/O
                         net (fo=1, unplaced)         0.020    25.181    atten/softmax/cuInst/softmax/log2/x[7]
                         CARRY8 (Prop_CARRY8_S[0]_O[4])
                                                      0.206    25.387 r  atten/softmax/cuInst/softmax/log2/io_out_0[14]_INST_0_i_1/O[4]
                         net (fo=1, unplaced)         0.155    25.542    atten/softmax/cuInst/softmax/log2/io_out_0[14]_INST_0_i_1_n_11
                         LUT3 (Prop_LUT3_I0_O)        0.053    25.595 r  atten/softmax/cuInst/softmax/log2/io_out_0[11]_INST_0/O
                         net (fo=26, unplaced)        0.252    25.847    atten/softmax/cuInst/softmax/_log2_io_out_0[11]
                         LUT2 (Prop_LUT2_I1_O)        0.037    25.884 r  atten/softmax/cuInst/softmax/exp2Stage2_i_73/O
                         net (fo=1, unplaced)         0.032    25.916    atten/softmax/cuInst/softmax/exp2Stage2_i_73_n_0
                         CARRY8 (Prop_CARRY8_S[3]_O[4])
                                                      0.149    26.065 r  atten/softmax/cuInst/softmax/exp2Stage2_i_3/O[4]
                         net (fo=28, unplaced)        0.212    26.277    atten/softmax/cuInst/softmax/exp2Stage2/io_in_1[12]
                         LUT2 (Prop_LUT2_I0_O)        0.099    26.376 r  atten/softmax/cuInst/softmax/exp2Stage2/io_out_1[15]_INST_0_i_9/O
                         net (fo=1, unplaced)         0.242    26.618    atten/softmax/cuInst/softmax/exp2Stage2/io_out_1[15]_INST_0_i_9_n_0
                         CARRY8 (Prop_CARRY8_DI[2]_CO[3])
                                                      0.134    26.752 r  atten/softmax/cuInst/softmax/exp2Stage2/io_out_1[15]_INST_0_i_3/CO[3]
                         net (fo=16, unplaced)        0.198    26.950    atten/softmax/cuInst/softmax/exp2Stage2/io_out_1[15]_INST_0_i_3_n_4
                         LUT6 (Prop_LUT6_I0_O)        0.053    27.003 f  atten/softmax/cuInst/softmax/exp2Stage2/io_out_1[0]_INST_0/O
                         net (fo=18, unplaced)        0.203    27.206    atten/softmax/cuInst/softmax/toFp_1/cvt/io_in[0]
                         LUT6 (Prop_LUT6_I2_O)        0.100    27.306 r  atten/softmax/cuInst/softmax/toFp_1/cvt/io_out[31]_INST_0_i_28/O
                         net (fo=10, unplaced)        0.230    27.536    atten/softmax/cuInst/softmax/toFp_1/cvt/io_out[31]_INST_0_i_28_n_0
                         LUT5 (Prop_LUT5_I2_O)        0.038    27.574 r  atten/softmax/cuInst/softmax/toFp_1/cvt/io_out[31]_INST_0_i_30/O
                         net (fo=3, unplaced)         0.203    27.777    atten/softmax/cuInst/softmax/toFp_1/cvt/io_out[31]_INST_0_i_30_n_0
                         LUT5 (Prop_LUT5_I1_O)        0.070    27.847 f  atten/softmax/cuInst/softmax/toFp_1/cvt/io_out[31]_INST_0_i_23/O
                         net (fo=3, unplaced)         0.161    28.008    atten/softmax/cuInst/softmax/toFp_1/cvt/io_out[31]_INST_0_i_23_n_0
                         LUT5 (Prop_LUT5_I0_O)        0.090    28.098 r  atten/softmax/cuInst/softmax/toFp_1/cvt/io_out[26]_INST_0_i_1/O
                         net (fo=20, unplaced)        0.246    28.344    atten/softmax/cuInst/softmax/toFp_1/cvt/intAsRawFloat_adjustedNormDist[3]
                         LUT6 (Prop_LUT6_I4_O)        0.038    28.382 f  atten/softmax/cuInst/softmax/toFp_1/cvt/io_out[31]_INST_0_i_4/O
                         net (fo=4, unplaced)         0.169    28.551    atten/softmax/cuInst/softmax/toFp_1/cvt/io_out[31]_INST_0_i_4_n_0
                         LUT6 (Prop_LUT6_I2_O)        0.100    28.651 r  atten/softmax/cuInst/softmax/toFp_1/cvt/roundAnyRawFNToRecFN_i_1/O
                         net (fo=15, unplaced)        0.240    28.891    atten/softmax/cuInst/softmax/toFp_1/cvt/roundAnyRawFNToRecFN/io_in_isZero
                         LUT2 (Prop_LUT2_I1_O)        0.070    28.961 f  atten/softmax/cuInst/softmax/toFp_1/cvt/roundAnyRawFNToRecFN/io_out[20]_INST_0/O
                         net (fo=4, unplaced)         0.210    29.171    atten/softmax/cuInst/softmax/toFp_1/_cvt_io_out[20]
                         LUT5 (Prop_LUT5_I4_O)        0.038    29.209 f  atten/softmax/cuInst/softmax/toFp_1/io_out[1]_INST_0_i_1/O
                         net (fo=2, unplaced)         0.197    29.406    atten/softmax/cuInst/softmax/toFp_1/io_out[1]_INST_0_i_1_n_0
                         LUT5 (Prop_LUT5_I3_O)        0.038    29.444 f  atten/softmax/cuInst/softmax/toFp_1/io_out[1]_INST_0/O
                         net (fo=13, unplaced)        0.236    29.680    atten/softmax/cuInst/softmax/mul_27/io_a[1]
                         LUT6 (Prop_LUT6_I4_O)        0.038    29.718 r  atten/softmax/cuInst/softmax/mul_27/mul_i_97/O
                         net (fo=1, unplaced)         0.197    29.915    atten/softmax/cuInst/softmax/mul_27/mul_i_97_n_0
                         LUT5 (Prop_LUT5_I0_O)        0.038    29.953 r  atten/softmax/cuInst/softmax/mul_27/mul_i_77/O
                         net (fo=1, unplaced)         0.197    30.150    atten/softmax/cuInst/softmax/mul_27/mul_i_77_n_0
                         LUT6 (Prop_LUT6_I0_O)        0.038    30.188 r  atten/softmax/cuInst/softmax/mul_27/mul_i_39/O
                         net (fo=27, unplaced)        0.253    30.441    atten/softmax/cuInst/softmax/mul_27/mul_i_39_n_0
                         LUT3 (Prop_LUT3_I0_O)        0.038    30.479 f  atten/softmax/cuInst/softmax/mul_27/mul_i_50/O
                         net (fo=2, unplaced)         0.197    30.676    atten/softmax/cuInst/softmax/mul_27/mul_i_50_n_0
                         LUT5 (Prop_LUT5_I2_O)        0.038    30.714 f  atten/softmax/cuInst/softmax/mul_27/mul_i_16/O
                         net (fo=1, unplaced)         0.214    30.928    atten/softmax/cuInst/softmax/mul_27/mul/mulRawFN/mulFullRaw/io_rawOut_sig__0/B[16]
                         DSP_A_B_DATA (Prop_DSP_A_B_DATA_B[16]_B2_DATA[16])
                                                      0.151    31.079 r  atten/softmax/cuInst/softmax/mul_27/mul/mulRawFN/mulFullRaw/io_rawOut_sig__0/DSP_A_B_DATA_INST/B2_DATA[16]
                         net (fo=1, unplaced)         0.000    31.079    atten/softmax/cuInst/softmax/mul_27/mul/mulRawFN/mulFullRaw/io_rawOut_sig__0/DSP_A_B_DATA.B2_DATA<16>
                         DSP_PREADD_DATA (Prop_DSP_PREADD_DATA_B2_DATA[16]_B2B1[16])
                                                      0.073    31.152 r  atten/softmax/cuInst/softmax/mul_27/mul/mulRawFN/mulFullRaw/io_rawOut_sig__0/DSP_PREADD_DATA_INST/B2B1[16]
                         net (fo=1, unplaced)         0.000    31.152    atten/softmax/cuInst/softmax/mul_27/mul/mulRawFN/mulFullRaw/io_rawOut_sig__0/DSP_PREADD_DATA.B2B1<16>
                         DSP_MULTIPLIER (Prop_DSP_MULTIPLIER_B2B1[16]_V[19])
                                                      0.609    31.761 f  atten/softmax/cuInst/softmax/mul_27/mul/mulRawFN/mulFullRaw/io_rawOut_sig__0/DSP_MULTIPLIER_INST/V[19]
                         net (fo=1, unplaced)         0.000    31.761    atten/softmax/cuInst/softmax/mul_27/mul/mulRawFN/mulFullRaw/io_rawOut_sig__0/DSP_MULTIPLIER.V<19>
                         DSP_M_DATA (Prop_DSP_M_DATA_V[19]_V_DATA[19])
                                                      0.046    31.807 r  atten/softmax/cuInst/softmax/mul_27/mul/mulRawFN/mulFullRaw/io_rawOut_sig__0/DSP_M_DATA_INST/V_DATA[19]
                         net (fo=1, unplaced)         0.000    31.807    atten/softmax/cuInst/softmax/mul_27/mul/mulRawFN/mulFullRaw/io_rawOut_sig__0/DSP_M_DATA.V_DATA<19>
                         DSP_ALU (Prop_DSP_ALU_V_DATA[19]_ALU_OUT[19])
                                                      0.571    32.378 f  atten/softmax/cuInst/softmax/mul_27/mul/mulRawFN/mulFullRaw/io_rawOut_sig__0/DSP_ALU_INST/ALU_OUT[19]
                         net (fo=1, unplaced)         0.000    32.378    atten/softmax/cuInst/softmax/mul_27/mul/mulRawFN/mulFullRaw/io_rawOut_sig__0/DSP_ALU.ALU_OUT<19>
                         DSP_OUTPUT (Prop_DSP_OUTPUT_ALU_OUT[19]_P[19])
                                                      0.109    32.487 r  atten/softmax/cuInst/softmax/mul_27/mul/mulRawFN/mulFullRaw/io_rawOut_sig__0/DSP_OUTPUT_INST/P[19]
                         net (fo=1, unplaced)         0.211    32.698    atten/softmax/cuInst/softmax/mul_27/mul/mulRawFN/mulFullRaw/io_rawOut_sig__1/C[2]
                         DSP_C_DATA (Prop_DSP_C_DATA_C[2]_C_DATA[2])
                                                      0.105    32.803 r  atten/softmax/cuInst/softmax/mul_27/mul/mulRawFN/mulFullRaw/io_rawOut_sig__1/DSP_C_DATA_INST/C_DATA[2]
                         net (fo=2, unplaced)         0.000    32.803    atten/softmax/cuInst/softmax/mul_27/mul/mulRawFN/mulFullRaw/io_rawOut_sig__1/DSP_C_DATA.C_DATA<2>
                         DSP_ALU (Prop_DSP_ALU_C_DATA[2]_ALU_OUT[3])
                                                      0.585    33.388 r  atten/softmax/cuInst/softmax/mul_27/mul/mulRawFN/mulFullRaw/io_rawOut_sig__1/DSP_ALU_INST/ALU_OUT[3]
                         net (fo=1, unplaced)         0.000    33.388    atten/softmax/cuInst/softmax/mul_27/mul/mulRawFN/mulFullRaw/io_rawOut_sig__1/DSP_ALU.ALU_OUT<3>
                         DSP_OUTPUT (Prop_DSP_OUTPUT_ALU_OUT[3]_P[3])
                                                      0.109    33.497 f  atten/softmax/cuInst/softmax/mul_27/mul/mulRawFN/mulFullRaw/io_rawOut_sig__1/DSP_OUTPUT_INST/P[3]
                         net (fo=1, unplaced)         0.218    33.715    atten/softmax/cuInst/softmax/mul_27/mul/mulRawFN/_mulFullRaw_io_rawOut_sig[20]
                         LUT6 (Prop_LUT6_I0_O)        0.150    33.865 f  atten/softmax/cuInst/softmax/mul_27/mul/mulRawFN/io_rawOut_sig[0]_INST_0_i_2/O
                         net (fo=1, unplaced)         0.155    34.020    atten/softmax/cuInst/softmax/mul_27/mul/mulRawFN/io_rawOut_sig[0]_INST_0_i_2_n_0
                         LUT4 (Prop_LUT4_I1_O)        0.090    34.110 f  atten/softmax/cuInst/softmax/mul_27/mul/mulRawFN/io_rawOut_sig[0]_INST_0/O
                         net (fo=2, unplaced)         0.156    34.266    atten/softmax/cuInst/softmax/mul_27/mul/roundRawFNToRecFN/roundAnyRawFNToRecFN/io_in_sig[0]
                         LUT6 (Prop_LUT6_I5_O)        0.100    34.366 f  atten/softmax/cuInst/softmax/mul_27/mul/roundRawFNToRecFN/roundAnyRawFNToRecFN/io_out[26]_INST_0_i_39/O
                         net (fo=1, unplaced)         0.197    34.563    atten/softmax/cuInst/softmax/mul_27/mul/roundRawFNToRecFN/roundAnyRawFNToRecFN/io_out[26]_INST_0_i_39_n_0
                         LUT5 (Prop_LUT5_I4_O)        0.038    34.601 f  atten/softmax/cuInst/softmax/mul_27/mul/roundRawFNToRecFN/roundAnyRawFNToRecFN/io_out[26]_INST_0_i_12/O
                         net (fo=1, unplaced)         0.152    34.753    atten/softmax/cuInst/softmax/mul_27/mul/roundRawFNToRecFN/roundAnyRawFNToRecFN/io_out[26]_INST_0_i_12_n_0
                         LUT6 (Prop_LUT6_I3_O)        0.053    34.806 f  atten/softmax/cuInst/softmax/mul_27/mul/roundRawFNToRecFN/roundAnyRawFNToRecFN/io_out[26]_INST_0_i_4/O
                         net (fo=27, unplaced)        0.211    35.017    atten/softmax/cuInst/softmax/mul_27/mul/roundRawFNToRecFN/roundAnyRawFNToRecFN/io_out[26]_INST_0_i_4_n_0
                         LUT4 (Prop_LUT4_I1_O)        0.112    35.129 f  atten/softmax/cuInst/softmax/mul_27/mul/roundRawFNToRecFN/roundAnyRawFNToRecFN/io_out[26]_INST_0_i_1/O
                         net (fo=8, unplaced)         0.225    35.354    atten/softmax/cuInst/softmax/mul_27/mul/roundRawFNToRecFN/roundAnyRawFNToRecFN/io_out[26]_INST_0_i_1_n_0
                         LUT6 (Prop_LUT6_I4_O)        0.038    35.392 r  atten/softmax/cuInst/softmax/mul_27/mul/roundRawFNToRecFN/roundAnyRawFNToRecFN/io_out[28]_INST_0_i_1/O
                         net (fo=6, unplaced)         0.219    35.611    atten/softmax/cuInst/softmax/mul_27/mul/roundRawFNToRecFN/roundAnyRawFNToRecFN/io_out[28]_INST_0_i_1_n_0
                         LUT3 (Prop_LUT3_I0_O)        0.068    35.679 r  atten/softmax/cuInst/softmax/mul_27/mul/roundRawFNToRecFN/roundAnyRawFNToRecFN/io_out[30]_INST_0_i_5/O
                         net (fo=1, unplaced)         0.242    35.921    atten/softmax/cuInst/softmax/mul_27/mul/roundRawFNToRecFN/roundAnyRawFNToRecFN/io_out[30]_INST_0_i_5_n_0
                         CARRY8 (Prop_CARRY8_DI[2]_CO[5])
                                                      0.148    36.069 r  atten/softmax/cuInst/softmax/mul_27/mul/roundRawFNToRecFN/roundAnyRawFNToRecFN/io_out[30]_INST_0_i_1/CO[5]
                         net (fo=5, unplaced)         0.141    36.210    atten/softmax/cuInst/softmax/mul_27/mul/roundRawFNToRecFN/roundAnyRawFNToRecFN/common_totalUnderflow
                         LUT2 (Prop_LUT2_I0_O)        0.038    36.248 r  atten/softmax/cuInst/softmax/mul_27/mul/roundRawFNToRecFN/roundAnyRawFNToRecFN/io_out[31]_INST_0_i_3/O
                         net (fo=1, unplaced)         0.197    36.445    atten/softmax/cuInst/softmax/mul_27/mul/roundRawFNToRecFN/roundAnyRawFNToRecFN/io_out[31]_INST_0_i_3_n_0
                         LUT6 (Prop_LUT6_I3_O)        0.038    36.483 f  atten/softmax/cuInst/softmax/mul_27/mul/roundRawFNToRecFN/roundAnyRawFNToRecFN/io_out[31]_INST_0/O
                         net (fo=12, unplaced)        0.235    36.718    atten/softmax/cuInst/softmax/mul_27/_mul_io_out[31]
                         LUT3 (Prop_LUT3_I0_O)        0.038    36.756 f  atten/softmax/cuInst/softmax/mul_27/io_out[21]_INST_0_i_3/O
                         net (fo=4, unplaced)         0.210    36.966    atten/softmax/cuInst/softmax/mul_27/io_out[21]_INST_0_i_3_n_0
                         LUT5 (Prop_LUT5_I2_O)        0.038    37.004 f  atten/softmax/cuInst/softmax/mul_27/io_out[0]_INST_0_i_2/O
                         net (fo=3, unplaced)         0.203    37.207    atten/softmax/cuInst/softmax/mul_27/io_out[0]_INST_0_i_2_n_0
                         LUT6 (Prop_LUT6_I5_O)        0.038    37.245 f  atten/softmax/cuInst/softmax/mul_27/io_out[6]_INST_0_i_2/O
                         net (fo=2, unplaced)         0.197    37.442    atten/softmax/cuInst/softmax/mul_27/io_out[6]_INST_0_i_2_n_0
                         LUT3 (Prop_LUT3_I2_O)        0.038    37.480 f  atten/softmax/cuInst/softmax/mul_27/io_out[6]_INST_0_i_1/O
                         net (fo=2, unplaced)         0.197    37.677    atten/softmax/cuInst/softmax/mul_27/io_out[6]_INST_0_i_1_n_0
                         LUT6 (Prop_LUT6_I2_O)        0.038    37.715 f  atten/softmax/cuInst/softmax/mul_27/io_out[5]_INST_0/O
                         net (fo=1, unplaced)         0.197    37.912    atten/softmax/cuInst/softmax/_mul_27_io_out[5]
                         LUT2 (Prop_LUT2_I1_O)        0.070    37.982 f  atten/softmax/cuInst/softmax/io_out_1[5]_INST_0/O
                         net (fo=10, unplaced)        0.189    38.171    atten/dm2/ctxQuant/mul_1/io_a[5]
                         LUT4 (Prop_LUT4_I0_O)        0.100    38.271 f  atten/dm2/ctxQuant/mul_1/mul_i_134/O
                         net (fo=2, unplaced)         0.197    38.468    atten/dm2/ctxQuant/mul_1/mul_i_134_n_0
                         LUT5 (Prop_LUT5_I2_O)        0.038    38.506 r  atten/dm2/ctxQuant/mul_1/mul_i_73/O
                         net (fo=29, unplaced)        0.255    38.761    atten/dm2/ctxQuant/mul_1/mul_i_73_n_0
                         LUT6 (Prop_LUT6_I2_O)        0.038    38.799 f  atten/dm2/ctxQuant/mul_1/mul_i_159/O
                         net (fo=2, unplaced)         0.197    38.996    atten/dm2/ctxQuant/mul_1/mul_i_159_n_0
                         LUT3 (Prop_LUT3_I2_O)        0.038    39.034 f  atten/dm2/ctxQuant/mul_1/mul_i_83/O
                         net (fo=2, unplaced)         0.197    39.231    atten/dm2/ctxQuant/mul_1/mul_i_83_n_0
                         LUT5 (Prop_LUT5_I2_O)        0.038    39.269 f  atten/dm2/ctxQuant/mul_1/mul_i_16/O
                         net (fo=1, unplaced)         0.214    39.483    atten/dm2/ctxQuant/mul_1/mul/mulRawFN/mulFullRaw/io_rawOut_sig__0/B[16]
                         DSP_A_B_DATA (Prop_DSP_A_B_DATA_B[16]_B2_DATA[16])
                                                      0.151    39.634 r  atten/dm2/ctxQuant/mul_1/mul/mulRawFN/mulFullRaw/io_rawOut_sig__0/DSP_A_B_DATA_INST/B2_DATA[16]
                         net (fo=1, unplaced)         0.000    39.634    atten/dm2/ctxQuant/mul_1/mul/mulRawFN/mulFullRaw/io_rawOut_sig__0/DSP_A_B_DATA.B2_DATA<16>
                         DSP_PREADD_DATA (Prop_DSP_PREADD_DATA_B2_DATA[16]_B2B1[16])
                                                      0.073    39.707 r  atten/dm2/ctxQuant/mul_1/mul/mulRawFN/mulFullRaw/io_rawOut_sig__0/DSP_PREADD_DATA_INST/B2B1[16]
                         net (fo=1, unplaced)         0.000    39.707    atten/dm2/ctxQuant/mul_1/mul/mulRawFN/mulFullRaw/io_rawOut_sig__0/DSP_PREADD_DATA.B2B1<16>
                         DSP_MULTIPLIER (Prop_DSP_MULTIPLIER_B2B1[16]_V[19])
                                                      0.609    40.316 f  atten/dm2/ctxQuant/mul_1/mul/mulRawFN/mulFullRaw/io_rawOut_sig__0/DSP_MULTIPLIER_INST/V[19]
                         net (fo=1, unplaced)         0.000    40.316    atten/dm2/ctxQuant/mul_1/mul/mulRawFN/mulFullRaw/io_rawOut_sig__0/DSP_MULTIPLIER.V<19>
                         DSP_M_DATA (Prop_DSP_M_DATA_V[19]_V_DATA[19])
                                                      0.046    40.362 r  atten/dm2/ctxQuant/mul_1/mul/mulRawFN/mulFullRaw/io_rawOut_sig__0/DSP_M_DATA_INST/V_DATA[19]
                         net (fo=1, unplaced)         0.000    40.362    atten/dm2/ctxQuant/mul_1/mul/mulRawFN/mulFullRaw/io_rawOut_sig__0/DSP_M_DATA.V_DATA<19>
                         DSP_ALU (Prop_DSP_ALU_V_DATA[19]_ALU_OUT[19])
                                                      0.571    40.933 f  atten/dm2/ctxQuant/mul_1/mul/mulRawFN/mulFullRaw/io_rawOut_sig__0/DSP_ALU_INST/ALU_OUT[19]
                         net (fo=1, unplaced)         0.000    40.933    atten/dm2/ctxQuant/mul_1/mul/mulRawFN/mulFullRaw/io_rawOut_sig__0/DSP_ALU.ALU_OUT<19>
                         DSP_OUTPUT (Prop_DSP_OUTPUT_ALU_OUT[19]_P[19])
                                                      0.109    41.042 r  atten/dm2/ctxQuant/mul_1/mul/mulRawFN/mulFullRaw/io_rawOut_sig__0/DSP_OUTPUT_INST/P[19]
                         net (fo=1, unplaced)         0.211    41.253    atten/dm2/ctxQuant/mul_1/mul/mulRawFN/mulFullRaw/io_rawOut_sig__1/C[2]
                         DSP_C_DATA (Prop_DSP_C_DATA_C[2]_C_DATA[2])
                                                      0.105    41.358 r  atten/dm2/ctxQuant/mul_1/mul/mulRawFN/mulFullRaw/io_rawOut_sig__1/DSP_C_DATA_INST/C_DATA[2]
                         net (fo=2, unplaced)         0.000    41.358    atten/dm2/ctxQuant/mul_1/mul/mulRawFN/mulFullRaw/io_rawOut_sig__1/DSP_C_DATA.C_DATA<2>
                         DSP_ALU (Prop_DSP_ALU_C_DATA[2]_ALU_OUT[3])
                                                      0.585    41.943 r  atten/dm2/ctxQuant/mul_1/mul/mulRawFN/mulFullRaw/io_rawOut_sig__1/DSP_ALU_INST/ALU_OUT[3]
                         net (fo=1, unplaced)         0.000    41.943    atten/dm2/ctxQuant/mul_1/mul/mulRawFN/mulFullRaw/io_rawOut_sig__1/DSP_ALU.ALU_OUT<3>
                         DSP_OUTPUT (Prop_DSP_OUTPUT_ALU_OUT[3]_P[3])
                                                      0.109    42.052 f  atten/dm2/ctxQuant/mul_1/mul/mulRawFN/mulFullRaw/io_rawOut_sig__1/DSP_OUTPUT_INST/P[3]
                         net (fo=1, unplaced)         0.218    42.270    atten/dm2/ctxQuant/mul_1/mul/mulRawFN/_mulFullRaw_io_rawOut_sig[20]
                         LUT6 (Prop_LUT6_I0_O)        0.150    42.420 f  atten/dm2/ctxQuant/mul_1/mul/mulRawFN/io_rawOut_sig[0]_INST_0_i_2/O
                         net (fo=1, unplaced)         0.155    42.575    atten/dm2/ctxQuant/mul_1/mul/mulRawFN/io_rawOut_sig[0]_INST_0_i_2_n_0
                         LUT4 (Prop_LUT4_I1_O)        0.090    42.665 f  atten/dm2/ctxQuant/mul_1/mul/mulRawFN/io_rawOut_sig[0]_INST_0/O
                         net (fo=2, unplaced)         0.156    42.821    atten/dm2/ctxQuant/mul_1/mul/roundRawFNToRecFN/roundAnyRawFNToRecFN/io_in_sig[0]
                         LUT6 (Prop_LUT6_I5_O)        0.100    42.921 f  atten/dm2/ctxQuant/mul_1/mul/roundRawFNToRecFN/roundAnyRawFNToRecFN/io_out[26]_INST_0_i_39/O
                         net (fo=1, unplaced)         0.197    43.118    atten/dm2/ctxQuant/mul_1/mul/roundRawFNToRecFN/roundAnyRawFNToRecFN/io_out[26]_INST_0_i_39_n_0
                         LUT5 (Prop_LUT5_I4_O)        0.038    43.156 f  atten/dm2/ctxQuant/mul_1/mul/roundRawFNToRecFN/roundAnyRawFNToRecFN/io_out[26]_INST_0_i_12/O
                         net (fo=1, unplaced)         0.152    43.308    atten/dm2/ctxQuant/mul_1/mul/roundRawFNToRecFN/roundAnyRawFNToRecFN/io_out[26]_INST_0_i_12_n_0
                         LUT6 (Prop_LUT6_I3_O)        0.053    43.361 f  atten/dm2/ctxQuant/mul_1/mul/roundRawFNToRecFN/roundAnyRawFNToRecFN/io_out[26]_INST_0_i_4/O
                         net (fo=27, unplaced)        0.211    43.572    atten/dm2/ctxQuant/mul_1/mul/roundRawFNToRecFN/roundAnyRawFNToRecFN/io_out[26]_INST_0_i_4_n_0
                         LUT4 (Prop_LUT4_I1_O)        0.112    43.684 f  atten/dm2/ctxQuant/mul_1/mul/roundRawFNToRecFN/roundAnyRawFNToRecFN/io_out[26]_INST_0_i_1/O
                         net (fo=8, unplaced)         0.225    43.909    atten/dm2/ctxQuant/mul_1/mul/roundRawFNToRecFN/roundAnyRawFNToRecFN/io_out[26]_INST_0_i_1_n_0
                         LUT6 (Prop_LUT6_I4_O)        0.038    43.947 r  atten/dm2/ctxQuant/mul_1/mul/roundRawFNToRecFN/roundAnyRawFNToRecFN/io_out[28]_INST_0_i_1/O
                         net (fo=6, unplaced)         0.219    44.166    atten/dm2/ctxQuant/mul_1/mul/roundRawFNToRecFN/roundAnyRawFNToRecFN/io_out[28]_INST_0_i_1_n_0
                         LUT3 (Prop_LUT3_I0_O)        0.068    44.234 f  atten/dm2/ctxQuant/mul_1/mul/roundRawFNToRecFN/roundAnyRawFNToRecFN/io_out[30]_INST_0_i_5/O
                         net (fo=1, unplaced)         0.242    44.476    atten/dm2/ctxQuant/mul_1/mul/roundRawFNToRecFN/roundAnyRawFNToRecFN/io_out[30]_INST_0_i_5_n_0
                         CARRY8 (Prop_CARRY8_DI[2]_CO[5])
                                                      0.148    44.624 f  atten/dm2/ctxQuant/mul_1/mul/roundRawFNToRecFN/roundAnyRawFNToRecFN/io_out[30]_INST_0_i_1/CO[5]
                         net (fo=5, unplaced)         0.141    44.765    atten/dm2/ctxQuant/mul_1/mul/roundRawFNToRecFN/roundAnyRawFNToRecFN/common_totalUnderflow
                         LUT2 (Prop_LUT2_I0_O)        0.038    44.803 f  atten/dm2/ctxQuant/mul_1/mul/roundRawFNToRecFN/roundAnyRawFNToRecFN/io_out[31]_INST_0_i_3/O
                         net (fo=1, unplaced)         0.197    45.000    atten/dm2/ctxQuant/mul_1/mul/roundRawFNToRecFN/roundAnyRawFNToRecFN/io_out[31]_INST_0_i_3_n_0
                         LUT6 (Prop_LUT6_I3_O)        0.038    45.038 r  atten/dm2/ctxQuant/mul_1/mul/roundRawFNToRecFN/roundAnyRawFNToRecFN/io_out[31]_INST_0/O
                         net (fo=12, unplaced)        0.235    45.273    atten/dm2/ctxQuant/mul_1/_mul_io_out[31]
                         LUT3 (Prop_LUT3_I0_O)        0.038    45.311 r  atten/dm2/ctxQuant/mul_1/io_out[21]_INST_0_i_3/O
                         net (fo=4, unplaced)         0.210    45.521    atten/dm2/ctxQuant/mul_1/io_out[21]_INST_0_i_3_n_0
                         LUT5 (Prop_LUT5_I2_O)        0.038    45.559 r  atten/dm2/ctxQuant/mul_1/io_out[0]_INST_0_i_2/O
                         net (fo=3, unplaced)         0.203    45.762    atten/dm2/ctxQuant/mul_1/io_out[0]_INST_0_i_2_n_0
                         LUT6 (Prop_LUT6_I5_O)        0.038    45.800 r  atten/dm2/ctxQuant/mul_1/io_out[6]_INST_0_i_2/O
                         net (fo=2, unplaced)         0.197    45.997    atten/dm2/ctxQuant/mul_1/io_out[6]_INST_0_i_2_n_0
                         LUT3 (Prop_LUT3_I0_O)        0.070    46.067 r  atten/dm2/ctxQuant/mul_1/io_out[4]_INST_0_i_1/O
                         net (fo=2, unplaced)         0.197    46.264    atten/dm2/ctxQuant/mul_1/io_out[4]_INST_0_i_1_n_0
                         LUT6 (Prop_LUT6_I2_O)        0.038    46.302 r  atten/dm2/ctxQuant/mul_1/io_out[3]_INST_0/O
                         net (fo=11, unplaced)        0.233    46.535    atten/dm2/ctxQuant/add_1/io_a[3]
                         LUT6 (Prop_LUT6_I5_O)        0.038    46.573 r  atten/dm2/ctxQuant/add_1/add_i_141/O
                         net (fo=1, unplaced)         0.197    46.770    atten/dm2/ctxQuant/add_1/add_i_141_n_0
                         LUT6 (Prop_LUT6_I0_O)        0.038    46.808 r  atten/dm2/ctxQuant/add_1/add_i_74/O
                         net (fo=26, unplaced)        0.252    47.060    atten/dm2/ctxQuant/add_1/add_i_74_n_0
                         LUT6 (Prop_LUT6_I4_O)        0.038    47.098 r  atten/dm2/ctxQuant/add_1/add_i_70/O
                         net (fo=3, unplaced)         0.203    47.301    atten/dm2/ctxQuant/add_1/add_i_70_n_0
                         LUT6 (Prop_LUT6_I2_O)        0.038    47.339 r  atten/dm2/ctxQuant/add_1/add_i_67/O
                         net (fo=2, unplaced)         0.197    47.536    atten/dm2/ctxQuant/add_1/add_i_67_n_0
                         LUT3 (Prop_LUT3_I0_O)        0.038    47.574 r  atten/dm2/ctxQuant/add_1/add_i_4/O
                         net (fo=5, unplaced)         0.215    47.789    atten/dm2/ctxQuant/add_1/add/addRawFN/io_a_sExp[5]
                         LUT2 (Prop_LUT2_I0_O)        0.037    47.826 r  atten/dm2/ctxQuant/add_1/add/addRawFN/io_rawOut_sExp[5]_INST_0_i_6/O
                         net (fo=1, unplaced)         0.029    47.855    atten/dm2/ctxQuant/add_1/add/addRawFN/io_rawOut_sExp[5]_INST_0_i_6_n_0
                         CARRY8 (Prop_CARRY8_S[5]_CO[7])
                                                      0.166    48.021 r  atten/dm2/ctxQuant/add_1/add/addRawFN/io_rawOut_sExp[5]_INST_0_i_2/CO[7]
                         net (fo=1, unplaced)         0.005    48.026    atten/dm2/ctxQuant/add_1/add/addRawFN/io_rawOut_sExp[5]_INST_0_i_2_n_0
                         CARRY8 (Prop_CARRY8_CI_CO[1])
                                                      0.042    48.068 r  atten/dm2/ctxQuant/add_1/add/addRawFN/io_rawOut_sExp[5]_INST_0_i_1/CO[1]
                         net (fo=154, unplaced)       0.249    48.317    atten/dm2/ctxQuant/add_1/add/addRawFN/io_rawOut_sExp[5]_INST_0_i_1_n_6
                         LUT5 (Prop_LUT5_I4_O)        0.038    48.355 r  atten/dm2/ctxQuant/add_1/add/addRawFN/io_rawOut_sig[6]_INST_0_i_33/O
                         net (fo=3, unplaced)         0.203    48.558    atten/dm2/ctxQuant/add_1/add/addRawFN/p_1_in[2]
                         LUT2 (Prop_LUT2_I0_O)        0.068    48.626 r  atten/dm2/ctxQuant/add_1/add/addRawFN/io_rawOut_sig[6]_INST_0_i_10/O
                         net (fo=1, unplaced)         0.242    48.868    atten/dm2/ctxQuant/add_1/add/addRawFN/io_rawOut_sig[6]_INST_0_i_10_n_0
                         CARRY8 (Prop_CARRY8_DI[2]_O[4])
                                                      0.150    49.018 f  atten/dm2/ctxQuant/add_1/add/addRawFN/io_rawOut_sig[6]_INST_0_i_3/O[4]
                         net (fo=3, unplaced)         0.210    49.228    atten/dm2/ctxQuant/add_1/add/addRawFN/_close_sSigSum_T_3[5]
                         LUT1 (Prop_LUT1_I0_O)        0.037    49.265 r  atten/dm2/ctxQuant/add_1/add/addRawFN/io_rawOut_sig[6]_INST_0_i_22/O
                         net (fo=1, unplaced)         0.029    49.294    atten/dm2/ctxQuant/add_1/add/addRawFN/io_rawOut_sig[6]_INST_0_i_22_n_0
                         CARRY8 (Prop_CARRY8_S[5]_CO[7])
                                                      0.166    49.460 r  atten/dm2/ctxQuant/add_1/add/addRawFN/io_rawOut_sig[6]_INST_0_i_4/CO[7]
                         net (fo=1, unplaced)         0.005    49.465    atten/dm2/ctxQuant/add_1/add/addRawFN/io_rawOut_sig[6]_INST_0_i_4_n_0
                         CARRY8 (Prop_CARRY8_CI_O[2])
                                                      0.067    49.532 f  atten/dm2/ctxQuant/add_1/add/addRawFN/io_rawOut_sExp[4]_INST_0_i_12/O[2]
                         net (fo=4, unplaced)         0.214    49.746    atten/dm2/ctxQuant/add_1/add/addRawFN/io_rawOut_sExp[4]_INST_0_i_12_n_13
                         LUT5 (Prop_LUT5_I1_O)        0.090    49.836 f  atten/dm2/ctxQuant/add_1/add/addRawFN/io_rawOut_sExp[4]_INST_0_i_7/O
                         net (fo=6, unplaced)         0.177    50.013    atten/dm2/ctxQuant/add_1/add/addRawFN/io_rawOut_sExp[4]_INST_0_i_7_n_0
                         LUT6 (Prop_LUT6_I5_O)        0.090    50.103 f  atten/dm2/ctxQuant/add_1/add/addRawFN/io_rawOut_sExp[2]_INST_0_i_3/O
                         net (fo=1, unplaced)         0.155    50.258    atten/dm2/ctxQuant/add_1/add/addRawFN/io_rawOut_sExp[2]_INST_0_i_3_n_0
                         LUT5 (Prop_LUT5_I1_O)        0.090    50.348 f  atten/dm2/ctxQuant/add_1/add/addRawFN/io_rawOut_sExp[2]_INST_0_i_1/O
                         net (fo=35, unplaced)        0.259    50.607    atten/dm2/ctxQuant/add_1/add/addRawFN/close_normDistReduced2[1]
                         LUT6 (Prop_LUT6_I4_O)        0.038    50.645 r  atten/dm2/ctxQuant/add_1/add/addRawFN/io_rawOut_sExp[9]_INST_0_i_6/O
                         net (fo=2, unplaced)         0.197    50.842    atten/dm2/ctxQuant/add_1/add/addRawFN/io_rawOut_sExp[9]_INST_0_i_6_n_0
                         LUT6 (Prop_LUT6_I0_O)        0.038    50.880 r  atten/dm2/ctxQuant/add_1/add/addRawFN/io_rawOut_sExp[9]_INST_0_i_3/O
                         net (fo=4, unplaced)         0.210    51.090    atten/dm2/ctxQuant/add_1/add/addRawFN/io_rawOut_sExp[9]_INST_0_i_3_n_0
                         LUT6 (Prop_LUT6_I2_O)        0.038    51.128 r  atten/dm2/ctxQuant/add_1/add/addRawFN/io_rawOut_sExp[6]_INST_0/O
                         net (fo=25, unplaced)        0.210    51.338    atten/dm2/ctxQuant/add_1/add/roundRawFNToRecFN/roundAnyRawFNToRecFN/io_in_sExp[6]
                         LUT5 (Prop_LUT5_I1_O)        0.100    51.438 r  atten/dm2/ctxQuant/add_1/add/roundRawFNToRecFN/roundAnyRawFNToRecFN/io_out[26]_INST_0_i_15/O
                         net (fo=27, unplaced)        0.211    51.649    atten/dm2/ctxQuant/add_1/add/roundRawFNToRecFN/roundAnyRawFNToRecFN/io_out[26]_INST_0_i_15_n_0
                         LUT6 (Prop_LUT6_I2_O)        0.090    51.739 r  atten/dm2/ctxQuant/add_1/add/roundRawFNToRecFN/roundAnyRawFNToRecFN/io_out[26]_INST_0_i_39/O
                         net (fo=1, unplaced)         0.156    51.895    atten/dm2/ctxQuant/add_1/add/roundRawFNToRecFN/roundAnyRawFNToRecFN/io_out[26]_INST_0_i_39_n_0
                         LUT6 (Prop_LUT6_I2_O)        0.100    51.995 r  atten/dm2/ctxQuant/add_1/add/roundRawFNToRecFN/roundAnyRawFNToRecFN/io_out[26]_INST_0_i_11/O
                         net (fo=1, unplaced)         0.155    52.150    atten/dm2/ctxQuant/add_1/add/roundRawFNToRecFN/roundAnyRawFNToRecFN/io_out[26]_INST_0_i_11_n_0
                         LUT6 (Prop_LUT6_I2_O)        0.090    52.240 r  atten/dm2/ctxQuant/add_1/add/roundRawFNToRecFN/roundAnyRawFNToRecFN/io_out[26]_INST_0_i_3/O
                         net (fo=28, unplaced)        0.212    52.452    atten/dm2/ctxQuant/add_1/add/roundRawFNToRecFN/roundAnyRawFNToRecFN/io_out[26]_INST_0_i_3_n_0
                         LUT4 (Prop_LUT4_I0_O)        0.090    52.542 f  atten/dm2/ctxQuant/add_1/add/roundRawFNToRecFN/roundAnyRawFNToRecFN/io_out[26]_INST_0_i_1/O
                         net (fo=8, unplaced)         0.225    52.767    atten/dm2/ctxQuant/add_1/add/roundRawFNToRecFN/roundAnyRawFNToRecFN/io_out[26]_INST_0_i_1_n_0
                         LUT6 (Prop_LUT6_I4_O)        0.038    52.805 r  atten/dm2/ctxQuant/add_1/add/roundRawFNToRecFN/roundAnyRawFNToRecFN/io_out[28]_INST_0_i_1/O
                         net (fo=6, unplaced)         0.219    53.024    atten/dm2/ctxQuant/add_1/add/roundRawFNToRecFN/roundAnyRawFNToRecFN/io_out[28]_INST_0_i_1_n_0
                         LUT3 (Prop_LUT3_I0_O)        0.068    53.092 f  atten/dm2/ctxQuant/add_1/add/roundRawFNToRecFN/roundAnyRawFNToRecFN/io_out[30]_INST_0_i_5/O
                         net (fo=1, unplaced)         0.242    53.334    atten/dm2/ctxQuant/add_1/add/roundRawFNToRecFN/roundAnyRawFNToRecFN/io_out[30]_INST_0_i_5_n_0
                         CARRY8 (Prop_CARRY8_DI[2]_CO[5])
                                                      0.148    53.482 f  atten/dm2/ctxQuant/add_1/add/roundRawFNToRecFN/roundAnyRawFNToRecFN/io_out[30]_INST_0_i_1/CO[5]
                         net (fo=5, unplaced)         0.141    53.623    atten/dm2/ctxQuant/add_1/add/roundRawFNToRecFN/roundAnyRawFNToRecFN/common_totalUnderflow
                         LUT2 (Prop_LUT2_I0_O)        0.038    53.661 f  atten/dm2/ctxQuant/add_1/add/roundRawFNToRecFN/roundAnyRawFNToRecFN/io_out[31]_INST_0_i_3/O
                         net (fo=1, unplaced)         0.197    53.858    atten/dm2/ctxQuant/add_1/add/roundRawFNToRecFN/roundAnyRawFNToRecFN/io_out[31]_INST_0_i_3_n_0
                         LUT6 (Prop_LUT6_I3_O)        0.038    53.896 r  atten/dm2/ctxQuant/add_1/add/roundRawFNToRecFN/roundAnyRawFNToRecFN/io_out[31]_INST_0/O
                         net (fo=12, unplaced)        0.235    54.131    atten/dm2/ctxQuant/add_1/_add_io_out[31]
                         LUT3 (Prop_LUT3_I1_O)        0.038    54.169 r  atten/dm2/ctxQuant/add_1/io_out[21]_INST_0_i_3/O
                         net (fo=4, unplaced)         0.210    54.379    atten/dm2/ctxQuant/add_1/io_out[21]_INST_0_i_3_n_0
                         LUT5 (Prop_LUT5_I2_O)        0.038    54.417 r  atten/dm2/ctxQuant/add_1/io_out[2]_INST_0_i_2/O
                         net (fo=3, unplaced)         0.203    54.620    atten/dm2/ctxQuant/add_1/io_out[2]_INST_0_i_2_n_0
                         LUT6 (Prop_LUT6_I5_O)        0.038    54.658 r  atten/dm2/ctxQuant/add_1/io_out[6]_INST_0_i_2/O
                         net (fo=2, unplaced)         0.197    54.855    atten/dm2/ctxQuant/add_1/io_out[6]_INST_0_i_2_n_0
                         LUT3 (Prop_LUT3_I2_O)        0.038    54.893 r  atten/dm2/ctxQuant/add_1/io_out[6]_INST_0_i_1/O
                         net (fo=2, unplaced)         0.197    55.090    atten/dm2/ctxQuant/add_1/io_out[6]_INST_0_i_1_n_0
                         LUT6 (Prop_LUT6_I2_O)        0.038    55.128 r  atten/dm2/ctxQuant/add_1/io_out[5]_INST_0/O
                         net (fo=10, unplaced)        0.189    55.317    atten/dm2/ctxQuant/toInt_1/io_in[5]
                         LUT6 (Prop_LUT6_I0_O)        0.100    55.417 f  atten/dm2/ctxQuant/toInt_1/cvt_i_76/O
                         net (fo=1, unplaced)         0.197    55.614    atten/dm2/ctxQuant/toInt_1/cvt_i_76_n_0
                         LUT6 (Prop_LUT6_I0_O)        0.038    55.652 f  atten/dm2/ctxQuant/toInt_1/cvt_i_42/O
                         net (fo=26, unplaced)        0.252    55.904    atten/dm2/ctxQuant/toInt_1/cvt_i_42_n_0
                         LUT6 (Prop_LUT6_I4_O)        0.038    55.942 f  atten/dm2/ctxQuant/toInt_1/cvt_i_38/O
                         net (fo=3, unplaced)         0.203    56.145    atten/dm2/ctxQuant/toInt_1/cvt_i_38_n_0
                         LUT6 (Prop_LUT6_I2_O)        0.038    56.183 r  atten/dm2/ctxQuant/toInt_1/cvt_i_33/O
                         net (fo=2, unplaced)         0.197    56.380    atten/dm2/ctxQuant/toInt_1/cvt_i_33_n_0
                         LUT3 (Prop_LUT3_I0_O)        0.038    56.418 r  atten/dm2/ctxQuant/toInt_1/cvt_i_1/O
                         net (fo=35, unplaced)        0.259    56.677    atten/dm2/ctxQuant/toInt_1/cvt/io_in[31]
                         LUT2 (Prop_LUT2_I0_O)        0.038    56.715 r  atten/dm2/ctxQuant/toInt_1/cvt/io_out[1]_INST_0_i_4/O
                         net (fo=6, unplaced)         0.219    56.934    atten/dm2/ctxQuant/toInt_1/cvt/io_out[1]_INST_0_i_4_n_0
                         LUT6 (Prop_LUT6_I4_O)        0.038    56.972 r  atten/dm2/ctxQuant/toInt_1/cvt/io_out[3]_INST_0_i_3/O
                         net (fo=2, unplaced)         0.197    57.169    atten/dm2/ctxQuant/toInt_1/cvt/io_out[3]_INST_0_i_3_n_0
                         LUT4 (Prop_LUT4_I0_O)        0.038    57.207 r  atten/dm2/ctxQuant/toInt_1/cvt/io_out[1]_INST_0_i_1/O
                         net (fo=5, unplaced)         0.215    57.422    atten/dm2/ctxQuant/toInt_1/cvt/io_out[1]_INST_0_i_1_n_0
                         LUT6 (Prop_LUT6_I5_O)        0.038    57.460 r  atten/dm2/ctxQuant/toInt_1/cvt/io_out[6]_INST_0_i_1/O
                         net (fo=8, unplaced)         0.225    57.685    atten/dm2/ctxQuant/toInt_1/cvt/io_out[6]_INST_0_i_1_n_0
                         LUT2 (Prop_LUT2_I1_O)        0.038    57.723 r  atten/dm2/ctxQuant/toInt_1/cvt/io_out[4]_INST_0_i_4/O
                         net (fo=2, unplaced)         0.197    57.920    atten/dm2/ctxQuant/toInt_1/cvt/io_out[4]_INST_0_i_4_n_0
                         LUT6 (Prop_LUT6_I5_O)        0.038    57.958 r  atten/dm2/ctxQuant/toInt_1/cvt/io_out[3]_INST_0/O
                         net (fo=1, unplaced)         0.158    58.116    atten/dm2/ctxmemInst/mem/mem_ext/W0_data[11]
                         RAMB36E2                                     r  atten/dm2/ctxmemInst/mem/mem_ext/Memory_reg_0/DINADIN[11]
  -------------------------------------------------------------------    -------------------

                         (clock clk rise edge)       10.000    10.000 r  
                                                      0.000    10.000 r  clock (IN)
                         net (fo=803906, unset)       0.000    10.000    atten/dm2/ctxmemInst/mem/mem_ext/R0_clk
                         RAMB36E2                                     r  atten/dm2/ctxmemInst/mem/mem_ext/Memory_reg_0/CLKBWRCLK
                         clock pessimism              0.000    10.000    
                         clock uncertainty           -0.035     9.965    
                         RAMB36E2 (Setup_RAMB36E2_CLKBWRCLK_DINADIN[11])
                                                     -0.262     9.703    atten/dm2/ctxmemInst/mem/mem_ext/Memory_reg_0
  -------------------------------------------------------------------
                         required time                          9.703    
                         arrival time                         -58.116    
  -------------------------------------------------------------------
                         slack                                -48.413    

Slack (VIOLATED) :        -48.406ns  (required time - arrival time)
  Source:                 atten/softmax/memInst/mem/mem_ext/Memory_reg_uram_6/CLK
                            (rising edge-triggered cell URAM288 clocked by clk  {rise@0.000ns fall@5.000ns period=10.000ns})
  Destination:            atten/dm2/ctxmemInst/mem/mem_ext/Memory_reg_0/DINADIN[15]
                            (rising edge-triggered cell RAMB36E2 clocked by clk  {rise@0.000ns fall@5.000ns period=10.000ns})
  Path Group:             clk
  Path Type:              Setup (Max at Slow Process Corner)
  Requirement:            10.000ns  (clk rise@10.000ns - clk rise@0.000ns)
  Data Path Delay:        58.101ns  (logic 22.602ns (38.901%)  route 35.499ns (61.099%))
  Logic Levels:           203  (CARRY8=23 DSP_A_B_DATA=4 DSP_ALU=7 DSP_C_DATA=3 DSP_M_DATA=4 DSP_MULTIPLIER=4 DSP_OUTPUT=7 DSP_PREADD_DATA=4 LUT1=1 LUT2=15 LUT3=25 LUT4=13 LUT5=26 LUT6=67)
  Clock Uncertainty:      0.035ns  ((TSJ^2 + TIJ^2)^1/2 + DJ) / 2 + PE
    Total System Jitter     (TSJ):    0.071ns
    Total Input Jitter      (TIJ):    0.000ns
    Discrete Jitter          (DJ):    0.000ns
    Phase Error              (PE):    0.000ns

    Location             Delay type                Incr(ns)  Path(ns)    Netlist Resource(s)
  -------------------------------------------------------------------    -------------------
                         (clock clk rise edge)        0.000     0.000 r  
                                                      0.000     0.000 r  clock (IN)
                         net (fo=803906, unset)       0.000     0.000    atten/softmax/memInst/mem/mem_ext/R0_clk
                         URAM288                                      r  atten/softmax/memInst/mem/mem_ext/Memory_reg_uram_6/CLK
  -------------------------------------------------------------------    -------------------
                         URAM288 (Prop_URAM288_CLK_DOUT_B[56])
                                                      1.991     1.991 r  atten/softmax/memInst/mem/mem_ext/Memory_reg_uram_6/DOUT_B[56]
                         net (fo=1, unplaced)         0.226     2.217    atten/softmax/cuInst/io_data_in[488]
                         LUT2 (Prop_LUT2_I1_O)        0.070     2.287 r  atten/softmax/cuInst/softmax_i_504/O
                         net (fo=7, unplaced)         0.180     2.467    atten/softmax/cuInst/softmax/mul_15/io_a[8]
                         LUT4 (Prop_LUT4_I1_O)        0.090     2.557 r  atten/softmax/cuInst/softmax/mul_15/mul_i_70/O
                         net (fo=3, unplaced)         0.162     2.719    atten/softmax/cuInst/softmax/mul_15/mul_i_70_n_0
                         LUT5 (Prop_LUT5_I1_O)        0.100     2.819 r  atten/softmax/cuInst/softmax/mul_15/mul_i_41/O
                         net (fo=29, unplaced)        0.255     3.074    atten/softmax/cuInst/softmax/mul_15/mul_i_41_n_0
                         LUT6 (Prop_LUT6_I5_O)        0.038     3.112 f  atten/softmax/cuInst/softmax/mul_15/mul_i_93/O
                         net (fo=2, unplaced)         0.197     3.309    atten/softmax/cuInst/softmax/mul_15/mul_i_93_n_0
                         LUT3 (Prop_LUT3_I2_O)        0.038     3.347 f  atten/softmax/cuInst/softmax/mul_15/mul_i_50/O
                         net (fo=2, unplaced)         0.155     3.502    atten/softmax/cuInst/softmax/mul_15/mul_i_50_n_0
                         LUT5 (Prop_LUT5_I0_O)        0.090     3.592 f  atten/softmax/cuInst/softmax/mul_15/mul_i_16/O
                         net (fo=1, unplaced)         0.214     3.806    atten/softmax/cuInst/softmax/mul_15/mul/mulRawFN/mulFullRaw/io_rawOut_sig__0/B[16]
                         DSP_A_B_DATA (Prop_DSP_A_B_DATA_B[16]_B2_DATA[16])
                                                      0.151     3.957 r  atten/softmax/cuInst/softmax/mul_15/mul/mulRawFN/mulFullRaw/io_rawOut_sig__0/DSP_A_B_DATA_INST/B2_DATA[16]
                         net (fo=1, unplaced)         0.000     3.957    atten/softmax/cuInst/softmax/mul_15/mul/mulRawFN/mulFullRaw/io_rawOut_sig__0/DSP_A_B_DATA.B2_DATA<16>
                         DSP_PREADD_DATA (Prop_DSP_PREADD_DATA_B2_DATA[16]_B2B1[16])
                                                      0.073     4.030 r  atten/softmax/cuInst/softmax/mul_15/mul/mulRawFN/mulFullRaw/io_rawOut_sig__0/DSP_PREADD_DATA_INST/B2B1[16]
                         net (fo=1, unplaced)         0.000     4.030    atten/softmax/cuInst/softmax/mul_15/mul/mulRawFN/mulFullRaw/io_rawOut_sig__0/DSP_PREADD_DATA.B2B1<16>
                         DSP_MULTIPLIER (Prop_DSP_MULTIPLIER_B2B1[16]_V[19])
                                                      0.609     4.639 f  atten/softmax/cuInst/softmax/mul_15/mul/mulRawFN/mulFullRaw/io_rawOut_sig__0/DSP_MULTIPLIER_INST/V[19]
                         net (fo=1, unplaced)         0.000     4.639    atten/softmax/cuInst/softmax/mul_15/mul/mulRawFN/mulFullRaw/io_rawOut_sig__0/DSP_MULTIPLIER.V<19>
                         DSP_M_DATA (Prop_DSP_M_DATA_V[19]_V_DATA[19])
                                                      0.046     4.685 r  atten/softmax/cuInst/softmax/mul_15/mul/mulRawFN/mulFullRaw/io_rawOut_sig__0/DSP_M_DATA_INST/V_DATA[19]
                         net (fo=1, unplaced)         0.000     4.685    atten/softmax/cuInst/softmax/mul_15/mul/mulRawFN/mulFullRaw/io_rawOut_sig__0/DSP_M_DATA.V_DATA<19>
                         DSP_ALU (Prop_DSP_ALU_V_DATA[19]_ALU_OUT[19])
                                                      0.571     5.256 f  atten/softmax/cuInst/softmax/mul_15/mul/mulRawFN/mulFullRaw/io_rawOut_sig__0/DSP_ALU_INST/ALU_OUT[19]
                         net (fo=1, unplaced)         0.000     5.256    atten/softmax/cuInst/softmax/mul_15/mul/mulRawFN/mulFullRaw/io_rawOut_sig__0/DSP_ALU.ALU_OUT<19>
                         DSP_OUTPUT (Prop_DSP_OUTPUT_ALU_OUT[19]_P[19])
                                                      0.109     5.365 r  atten/softmax/cuInst/softmax/mul_15/mul/mulRawFN/mulFullRaw/io_rawOut_sig__0/DSP_OUTPUT_INST/P[19]
                         net (fo=1, unplaced)         0.211     5.576    atten/softmax/cuInst/softmax/mul_15/mul/mulRawFN/mulFullRaw/io_rawOut_sig__1/C[2]
                         DSP_C_DATA (Prop_DSP_C_DATA_C[2]_C_DATA[2])
                                                      0.105     5.681 r  atten/softmax/cuInst/softmax/mul_15/mul/mulRawFN/mulFullRaw/io_rawOut_sig__1/DSP_C_DATA_INST/C_DATA[2]
                         net (fo=2, unplaced)         0.000     5.681    atten/softmax/cuInst/softmax/mul_15/mul/mulRawFN/mulFullRaw/io_rawOut_sig__1/DSP_C_DATA.C_DATA<2>
                         DSP_ALU (Prop_DSP_ALU_C_DATA[2]_ALU_OUT[3])
                                                      0.585     6.266 r  atten/softmax/cuInst/softmax/mul_15/mul/mulRawFN/mulFullRaw/io_rawOut_sig__1/DSP_ALU_INST/ALU_OUT[3]
                         net (fo=1, unplaced)         0.000     6.266    atten/softmax/cuInst/softmax/mul_15/mul/mulRawFN/mulFullRaw/io_rawOut_sig__1/DSP_ALU.ALU_OUT<3>
                         DSP_OUTPUT (Prop_DSP_OUTPUT_ALU_OUT[3]_P[3])
                                                      0.109     6.375 f  atten/softmax/cuInst/softmax/mul_15/mul/mulRawFN/mulFullRaw/io_rawOut_sig__1/DSP_OUTPUT_INST/P[3]
                         net (fo=1, unplaced)         0.218     6.593    atten/softmax/cuInst/softmax/mul_15/mul/mulRawFN/_mulFullRaw_io_rawOut_sig[20]
                         LUT6 (Prop_LUT6_I0_O)        0.150     6.743 f  atten/softmax/cuInst/softmax/mul_15/mul/mulRawFN/io_rawOut_sig[0]_INST_0_i_2/O
                         net (fo=1, unplaced)         0.155     6.898    atten/softmax/cuInst/softmax/mul_15/mul/mulRawFN/io_rawOut_sig[0]_INST_0_i_2_n_0
                         LUT4 (Prop_LUT4_I1_O)        0.090     6.988 f  atten/softmax/cuInst/softmax/mul_15/mul/mulRawFN/io_rawOut_sig[0]_INST_0/O
                         net (fo=2, unplaced)         0.156     7.144    atten/softmax/cuInst/softmax/mul_15/mul/roundRawFNToRecFN/roundAnyRawFNToRecFN/io_in_sig[0]
                         LUT6 (Prop_LUT6_I5_O)        0.100     7.244 f  atten/softmax/cuInst/softmax/mul_15/mul/roundRawFNToRecFN/roundAnyRawFNToRecFN/io_out[26]_INST_0_i_58/O
                         net (fo=1, unplaced)         0.197     7.441    atten/softmax/cuInst/softmax/mul_15/mul/roundRawFNToRecFN/roundAnyRawFNToRecFN/io_out[26]_INST_0_i_58_n_0
                         LUT5 (Prop_LUT5_I4_O)        0.038     7.479 f  atten/softmax/cuInst/softmax/mul_15/mul/roundRawFNToRecFN/roundAnyRawFNToRecFN/io_out[26]_INST_0_i_19/O
                         net (fo=1, unplaced)         0.152     7.631    atten/softmax/cuInst/softmax/mul_15/mul/roundRawFNToRecFN/roundAnyRawFNToRecFN/io_out[26]_INST_0_i_19_n_0
                         LUT6 (Prop_LUT6_I3_O)        0.053     7.684 f  atten/softmax/cuInst/softmax/mul_15/mul/roundRawFNToRecFN/roundAnyRawFNToRecFN/io_out[26]_INST_0_i_5/O
                         net (fo=27, unplaced)        0.208     7.892    atten/softmax/cuInst/softmax/mul_15/mul/roundRawFNToRecFN/roundAnyRawFNToRecFN/io_out[26]_INST_0_i_5_n_0
                         LUT4 (Prop_LUT4_I2_O)        0.053     7.945 f  atten/softmax/cuInst/softmax/mul_15/mul/roundRawFNToRecFN/roundAnyRawFNToRecFN/io_out[26]_INST_0_i_1/O
                         net (fo=8, unplaced)         0.225     8.170    atten/softmax/cuInst/softmax/mul_15/mul/roundRawFNToRecFN/roundAnyRawFNToRecFN/io_out[26]_INST_0_i_1_n_0
                         LUT6 (Prop_LUT6_I4_O)        0.038     8.208 r  atten/softmax/cuInst/softmax/mul_15/mul/roundRawFNToRecFN/roundAnyRawFNToRecFN/io_out[28]_INST_0_i_1/O
                         net (fo=6, unplaced)         0.219     8.427    atten/softmax/cuInst/softmax/mul_15/mul/roundRawFNToRecFN/roundAnyRawFNToRecFN/io_out[28]_INST_0_i_1_n_0
                         LUT3 (Prop_LUT3_I0_O)        0.068     8.495 f  atten/softmax/cuInst/softmax/mul_15/mul/roundRawFNToRecFN/roundAnyRawFNToRecFN/io_out[30]_INST_0_i_5/O
                         net (fo=1, unplaced)         0.242     8.737    atten/softmax/cuInst/softmax/mul_15/mul/roundRawFNToRecFN/roundAnyRawFNToRecFN/io_out[30]_INST_0_i_5_n_0
                         CARRY8 (Prop_CARRY8_DI[2]_CO[5])
                                                      0.148     8.885 f  atten/softmax/cuInst/softmax/mul_15/mul/roundRawFNToRecFN/roundAnyRawFNToRecFN/io_out[30]_INST_0_i_1/CO[5]
                         net (fo=5, unplaced)         0.141     9.026    atten/softmax/cuInst/softmax/mul_15/mul/roundRawFNToRecFN/roundAnyRawFNToRecFN/common_totalUnderflow
                         LUT2 (Prop_LUT2_I0_O)        0.038     9.064 f  atten/softmax/cuInst/softmax/mul_15/mul/roundRawFNToRecFN/roundAnyRawFNToRecFN/io_out[31]_INST_0_i_3/O
                         net (fo=1, unplaced)         0.197     9.261    atten/softmax/cuInst/softmax/mul_15/mul/roundRawFNToRecFN/roundAnyRawFNToRecFN/io_out[31]_INST_0_i_3_n_0
                         LUT6 (Prop_LUT6_I3_O)        0.038     9.299 r  atten/softmax/cuInst/softmax/mul_15/mul/roundRawFNToRecFN/roundAnyRawFNToRecFN/io_out[31]_INST_0/O
                         net (fo=12, unplaced)        0.235     9.534    atten/softmax/cuInst/softmax/mul_15/_mul_io_out[31]
                         LUT3 (Prop_LUT3_I1_O)        0.038     9.572 r  atten/softmax/cuInst/softmax/mul_15/io_out[21]_INST_0_i_3/O
                         net (fo=4, unplaced)         0.210     9.782    atten/softmax/cuInst/softmax/mul_15/io_out[21]_INST_0_i_3_n_0
                         LUT5 (Prop_LUT5_I2_O)        0.038     9.820 r  atten/softmax/cuInst/softmax/mul_15/io_out[2]_INST_0_i_2/O
                         net (fo=3, unplaced)         0.203    10.023    atten/softmax/cuInst/softmax/mul_15/io_out[2]_INST_0_i_2_n_0
                         LUT6 (Prop_LUT6_I5_O)        0.038    10.061 r  atten/softmax/cuInst/softmax/mul_15/io_out[6]_INST_0_i_2/O
                         net (fo=2, unplaced)         0.197    10.258    atten/softmax/cuInst/softmax/mul_15/io_out[6]_INST_0_i_2_n_0
                         LUT3 (Prop_LUT3_I2_O)        0.038    10.296 r  atten/softmax/cuInst/softmax/mul_15/io_out[6]_INST_0_i_1/O
                         net (fo=2, unplaced)         0.197    10.493    atten/softmax/cuInst/softmax/mul_15/io_out[6]_INST_0_i_1_n_0
                         LUT6 (Prop_LUT6_I2_O)        0.038    10.531 r  atten/softmax/cuInst/softmax/mul_15/io_out[5]_INST_0/O
                         net (fo=10, unplaced)        0.189    10.720    atten/softmax/cuInst/softmax/toInt_15/io_in[5]
                         LUT6 (Prop_LUT6_I0_O)        0.100    10.820 f  atten/softmax/cuInst/softmax/toInt_15/cvt_i_76/O
                         net (fo=1, unplaced)         0.197    11.017    atten/softmax/cuInst/softmax/toInt_15/cvt_i_76_n_0
                         LUT6 (Prop_LUT6_I0_O)        0.038    11.055 f  atten/softmax/cuInst/softmax/toInt_15/cvt_i_42/O
                         net (fo=26, unplaced)        0.252    11.307    atten/softmax/cuInst/softmax/toInt_15/cvt_i_42_n_0
                         LUT6 (Prop_LUT6_I4_O)        0.038    11.345 f  atten/softmax/cuInst/softmax/toInt_15/cvt_i_38/O
                         net (fo=3, unplaced)         0.203    11.548    atten/softmax/cuInst/softmax/toInt_15/cvt_i_38_n_0
                         LUT6 (Prop_LUT6_I2_O)        0.038    11.586 r  atten/softmax/cuInst/softmax/toInt_15/cvt_i_33/O
                         net (fo=2, unplaced)         0.197    11.783    atten/softmax/cuInst/softmax/toInt_15/cvt_i_33_n_0
                         LUT3 (Prop_LUT3_I0_O)        0.038    11.821 r  atten/softmax/cuInst/softmax/toInt_15/cvt_i_1/O
                         net (fo=48, unplaced)        0.266    12.087    atten/softmax/cuInst/softmax/toInt_15/cvt/io_in[31]
                         LUT2 (Prop_LUT2_I0_O)        0.038    12.125 r  atten/softmax/cuInst/softmax/toInt_15/cvt/io_out[13]_INST_0_i_5/O
                         net (fo=18, unplaced)        0.244    12.369    atten/softmax/cuInst/softmax/toInt_15/cvt/io_out[13]_INST_0_i_5_n_0
                         LUT6 (Prop_LUT6_I4_O)        0.038    12.407 f  atten/softmax/cuInst/softmax/toInt_15/cvt/io_out[0]_INST_0_i_2/O
                         net (fo=4, unplaced)         0.168    12.575    atten/softmax/cuInst/softmax/toInt_15/cvt/io_out[0]_INST_0_i_2_n_0
                         LUT6 (Prop_LUT6_I0_O)        0.090    12.665 f  atten/softmax/cuInst/softmax/toInt_15/cvt/io_out[0]_INST_0_i_1/O
                         net (fo=10, unplaced)        0.188    12.853    atten/softmax/cuInst/softmax/toInt_15/cvt/io_out[0]_INST_0_i_1_n_0
                         LUT4 (Prop_LUT4_I1_O)        0.090    12.943 r  atten/softmax/cuInst/softmax/toInt_15/cvt/io_out[15]_INST_0_i_20/O
                         net (fo=1, unplaced)         0.197    13.140    atten/softmax/cuInst/softmax/toInt_15/cvt/io_out[15]_INST_0_i_20_n_0
                         LUT5 (Prop_LUT5_I4_O)        0.038    13.178 f  atten/softmax/cuInst/softmax/toInt_15/cvt/io_out[15]_INST_0_i_8/O
                         net (fo=1, unplaced)         0.155    13.333    atten/softmax/cuInst/softmax/toInt_15/cvt/io_out[15]_INST_0_i_8_n_0
                         LUT6 (Prop_LUT6_I2_O)        0.090    13.423 r  atten/softmax/cuInst/softmax/toInt_15/cvt/io_out[15]_INST_0_i_2/O
                         net (fo=16, unplaced)        0.241    13.664    atten/softmax/cuInst/softmax/toInt_15/cvt/io_out[15]_INST_0_i_2_n_0
                         LUT6 (Prop_LUT6_I2_O)        0.038    13.702 f  atten/softmax/cuInst/softmax/toInt_15/cvt/io_out[0]_INST_0/O
                         net (fo=1, unplaced)         0.197    13.899    atten/softmax/cuInst/softmax/_toInt_15_io_out[0]
                         LUT2 (Prop_LUT2_I1_O)        0.070    13.969 f  atten/softmax/cuInst/softmax/maxPreProcess_i_256/O
                         net (fo=7, unplaced)         0.222    14.191    atten/softmax/cuInst/softmax/maxPreProcess/io_in_15[0]
                         LUT4 (Prop_LUT4_I3_O)        0.070    14.261 r  atten/softmax/cuInst/softmax/maxPreProcess/io_out_0[8]_INST_0_i_258/O
                         net (fo=1, unplaced)         0.260    14.521    atten/softmax/cuInst/softmax/maxPreProcess/io_out_0[8]_INST_0_i_258_n_0
                         CARRY8 (Prop_CARRY8_DI[0]_CO[7])
                                                      0.140    14.661 r  atten/softmax/cuInst/softmax/maxPreProcess/io_out_0[8]_INST_0_i_129/CO[7]
                         net (fo=48, unplaced)        0.313    14.974    atten/softmax/cuInst/softmax/maxPreProcess/io_out_0[8]_INST_0_i_129_n_0
                         LUT3 (Prop_LUT3_I1_O)        0.038    15.012 r  atten/softmax/cuInst/softmax/maxPreProcess/io_out_0[8]_INST_0_i_480/O
                         net (fo=1, unplaced)         0.155    15.167    atten/softmax/cuInst/softmax/maxPreProcess/io_out_0[8]_INST_0_i_480_n_0
                         LUT6 (Prop_LUT6_I0_O)        0.090    15.257 r  atten/softmax/cuInst/softmax/maxPreProcess/io_out_0[8]_INST_0_i_274/O
                         net (fo=1, unplaced)         0.244    15.501    atten/softmax/cuInst/softmax/maxPreProcess/io_out_0[8]_INST_0_i_274_n_0
                         CARRY8 (Prop_CARRY8_DI[0]_CO[7])
                                                      0.140    15.641 r  atten/softmax/cuInst/softmax/maxPreProcess/io_out_0[8]_INST_0_i_130/CO[7]
                         net (fo=16, unplaced)        0.289    15.930    atten/softmax/cuInst/softmax/maxPreProcess/io_out_0[8]_INST_0_i_130_n_0
                         LUT5 (Prop_LUT5_I3_O)        0.038    15.968 f  atten/softmax/cuInst/softmax/maxPreProcess/io_out_0[0]_INST_0_i_118/O
                         net (fo=3, unplaced)         0.203    16.171    atten/softmax/cuInst/softmax/maxPreProcess/io_out_0[0]_INST_0_i_118_n_0
                         LUT4 (Prop_LUT4_I3_O)        0.070    16.241 r  atten/softmax/cuInst/softmax/maxPreProcess/io_out_0[8]_INST_0_i_120/O
                         net (fo=1, unplaced)         0.260    16.501    atten/softmax/cuInst/softmax/maxPreProcess/io_out_0[8]_INST_0_i_120_n_0
                         CARRY8 (Prop_CARRY8_DI[0]_CO[7])
                                                      0.140    16.641 r  atten/softmax/cuInst/softmax/maxPreProcess/io_out_0[8]_INST_0_i_32/CO[7]
                         net (fo=16, unplaced)        0.289    16.930    atten/softmax/cuInst/softmax/maxPreProcess/io_out_0[8]_INST_0_i_32_n_0
                         LUT3 (Prop_LUT3_I1_O)        0.038    16.968 r  atten/softmax/cuInst/softmax/maxPreProcess/io_out_0[0]_INST_0_i_24/O
                         net (fo=30, unplaced)        0.213    17.181    atten/softmax/cuInst/softmax/maxPreProcess/io_out_0[0]_INST_0_i_24_n_0
                         LUT6 (Prop_LUT6_I3_O)        0.090    17.271 r  atten/softmax/cuInst/softmax/maxPreProcess/io_out_0[8]_INST_0_i_41/O
                         net (fo=1, unplaced)         0.244    17.515    atten/softmax/cuInst/softmax/maxPreProcess/io_out_0[8]_INST_0_i_41_n_0
                         CARRY8 (Prop_CARRY8_DI[0]_CO[7])
                                                      0.140    17.655 r  atten/softmax/cuInst/softmax/maxPreProcess/io_out_0[8]_INST_0_i_10/CO[7]
                         net (fo=232, unplaced)       0.349    18.004    atten/softmax/cuInst/softmax/maxPreProcess/io_out_0[8]_INST_0_i_10_n_0
                         LUT5 (Prop_LUT5_I4_O)        0.038    18.042 f  atten/softmax/cuInst/softmax/maxPreProcess/io_out_0[0]_INST_0_i_27/O
                         net (fo=28, unplaced)        0.212    18.254    atten/softmax/cuInst/softmax/maxPreProcess/io_out_0[0]_INST_0_i_27_n_0
                         LUT6 (Prop_LUT6_I5_O)        0.090    18.344 r  atten/softmax/cuInst/softmax/maxPreProcess/io_out_0[8]_INST_0_i_60/O
                         net (fo=1, unplaced)         0.244    18.588    atten/softmax/cuInst/softmax/maxPreProcess/io_out_0[8]_INST_0_i_60_n_0
                         CARRY8 (Prop_CARRY8_DI[0]_CO[7])
                                                      0.140    18.728 r  atten/softmax/cuInst/softmax/maxPreProcess/io_out_0[8]_INST_0_i_12/CO[7]
                         net (fo=416, unplaced)       0.362    19.090    atten/softmax/cuInst/softmax/maxPreProcess/io_out_0[8]_INST_0_i_12_n_0
                         LUT6 (Prop_LUT6_I4_O)        0.037    19.127 r  atten/softmax/cuInst/softmax/maxPreProcess/io_out_23[0]_INST_0_i_7/O
                         net (fo=1, unplaced)         0.023    19.150    atten/softmax/cuInst/softmax/maxPreProcess/io_out_23[0]_INST_0_i_7_n_0
                         CARRY8 (Prop_CARRY8_S[1]_CO[7])
                                                      0.197    19.347 r  atten/softmax/cuInst/softmax/maxPreProcess/io_out_23[0]_INST_0/CO[7]
                         net (fo=1, unplaced)         0.005    19.352    atten/softmax/cuInst/softmax/maxPreProcess/io_out_23[0]_INST_0_n_0
                         CARRY8 (Prop_CARRY8_CI_O[7])
                                                      0.116    19.468 f  atten/softmax/cuInst/softmax/maxPreProcess/io_out_23[8]_INST_0/O[7]
                         net (fo=9, unplaced)         0.239    19.707    atten/softmax/cuInst/softmax/full_23/A[15]
                         DSP_A_B_DATA (Prop_DSP_A_B_DATA_A[15]_A2_DATA[15])
                                                      0.192    19.899 r  atten/softmax/cuInst/softmax/full_23/DSP_A_B_DATA_INST/A2_DATA[15]
                         net (fo=1, unplaced)         0.000    19.899    atten/softmax/cuInst/softmax/full_23/DSP_A_B_DATA.A2_DATA<15>
                         DSP_PREADD_DATA (Prop_DSP_PREADD_DATA_A2_DATA[15]_A2A1[15])
                                                      0.076    19.975 r  atten/softmax/cuInst/softmax/full_23/DSP_PREADD_DATA_INST/A2A1[15]
                         net (fo=1, unplaced)         0.000    19.975    atten/softmax/cuInst/softmax/full_23/DSP_PREADD_DATA.A2A1<15>
                         DSP_MULTIPLIER (Prop_DSP_MULTIPLIER_A2A1[15]_U[16])
                                                      0.505    20.480 f  atten/softmax/cuInst/softmax/full_23/DSP_MULTIPLIER_INST/U[16]
                         net (fo=1, unplaced)         0.000    20.480    atten/softmax/cuInst/softmax/full_23/DSP_MULTIPLIER.U<16>
                         DSP_M_DATA (Prop_DSP_M_DATA_U[16]_U_DATA[16])
                                                      0.047    20.527 r  atten/softmax/cuInst/softmax/full_23/DSP_M_DATA_INST/U_DATA[16]
                         net (fo=1, unplaced)         0.000    20.527    atten/softmax/cuInst/softmax/full_23/DSP_M_DATA.U_DATA<16>
                         DSP_ALU (Prop_DSP_ALU_U_DATA[16]_ALU_OUT[16])
                                                      0.585    21.112 r  atten/softmax/cuInst/softmax/full_23/DSP_ALU_INST/ALU_OUT[16]
                         net (fo=1, unplaced)         0.000    21.112    atten/softmax/cuInst/softmax/full_23/DSP_ALU.ALU_OUT<16>
                         DSP_OUTPUT (Prop_DSP_OUTPUT_ALU_OUT[16]_P[16])
                                                      0.109    21.221 f  atten/softmax/cuInst/softmax/full_23/DSP_OUTPUT_INST/P[16]
                         net (fo=47, unplaced)        0.219    21.440    atten/softmax/cuInst/softmax/exp2Stage1/io_in_23[8]
                         LUT2 (Prop_LUT2_I0_O)        0.100    21.540 f  atten/softmax/cuInst/softmax/exp2Stage1/io_out_23[15]_INST_0_i_11/O
                         net (fo=1, unplaced)         0.260    21.800    atten/softmax/cuInst/softmax/exp2Stage1/io_out_23[15]_INST_0_i_11_n_0
                         CARRY8 (Prop_CARRY8_DI[0]_CO[3])
                                                      0.182    21.982 f  atten/softmax/cuInst/softmax/exp2Stage1/io_out_23[15]_INST_0_i_3/CO[3]
                         net (fo=16, unplaced)        0.198    22.180    atten/softmax/cuInst/softmax/exp2Stage1/io_out_23[15]_INST_0_i_3_n_4
                         LUT6 (Prop_LUT6_I0_O)        0.053    22.233 r  atten/softmax/cuInst/softmax/exp2Stage1/io_out_23[0]_INST_0/O
                         net (fo=3, unplaced)         0.161    22.394    atten/softmax/cuInst/softmax/sum/io_in_23[0]
                         LUT3 (Prop_LUT3_I0_O)        0.090    22.484 r  atten/softmax/cuInst/softmax/sum/io_out[8]_INST_0_i_246/O
                         net (fo=1, unplaced)         0.221    22.705    atten/softmax/cuInst/softmax/sum/io_out[8]_INST_0_i_246_n_0
                         CARRY8 (Prop_CARRY8_DI[1]_O[2])
                                                      0.099    22.804 r  atten/softmax/cuInst/softmax/sum/io_out[8]_INST_0_i_156/O[2]
                         net (fo=3, unplaced)         0.207    23.011    atten/softmax/cuInst/softmax/sum/io_out[8]_INST_0_i_156_n_13
                         LUT3 (Prop_LUT3_I0_O)        0.090    23.101 r  atten/softmax/cuInst/softmax/sum/io_out[8]_INST_0_i_125/O
                         net (fo=1, unplaced)         0.198    23.299    atten/softmax/cuInst/softmax/sum/io_out[8]_INST_0_i_125_n_0
                         CARRY8 (Prop_CARRY8_DI[3]_O[7])
                                                      0.184    23.483 r  atten/softmax/cuInst/softmax/sum/io_out[8]_INST_0_i_26/O[7]
                         net (fo=5, unplaced)         0.173    23.656    atten/softmax/cuInst/softmax/sum/io_out[8]_INST_0_i_26_n_8
                         LUT3 (Prop_LUT3_I2_O)        0.038    23.694 r  atten/softmax/cuInst/softmax/sum/io_out[8]_INST_0_i_29/O
                         net (fo=1, unplaced)         0.197    23.891    atten/softmax/cuInst/softmax/sum/io_out[8]_INST_0_i_29_n_0
                         LUT5 (Prop_LUT5_I3_O)        0.038    23.929 r  atten/softmax/cuInst/softmax/sum/io_out[8]_INST_0_i_7/O
                         net (fo=1, unplaced)         0.244    24.173    atten/softmax/cuInst/softmax/sum/io_out[8]_INST_0_i_7_n_0
                         CARRY8 (Prop_CARRY8_DI[0]_O[5])
                                                      0.208    24.381 f  atten/softmax/cuInst/softmax/sum/io_out[8]_INST_0/O[5]
                         net (fo=27, unplaced)        0.197    24.578    atten/softmax/cuInst/softmax/log2/io_in_0[13]
                         LUT4 (Prop_LUT4_I0_O)        0.100    24.678 f  atten/softmax/cuInst/softmax/log2/io_out_0[7]_INST_0_i_4/O
                         net (fo=15, unplaced)        0.195    24.873    atten/softmax/cuInst/softmax/log2/io_out_0[7]_INST_0_i_4_n_0
                         LUT6 (Prop_LUT6_I2_O)        0.053    24.926 r  atten/softmax/cuInst/softmax/log2/io_out_0[7]_INST_0_i_1/O
                         net (fo=2, unplaced)         0.197    25.123    atten/softmax/cuInst/softmax/log2/io_out_0[7]_INST_0_i_1_n_0
                         LUT3 (Prop_LUT3_I0_O)        0.038    25.161 r  atten/softmax/cuInst/softmax/log2/io_out_0[14]_INST_0_i_16/O
                         net (fo=1, unplaced)         0.020    25.181    atten/softmax/cuInst/softmax/log2/x[7]
                         CARRY8 (Prop_CARRY8_S[0]_O[4])
                                                      0.206    25.387 r  atten/softmax/cuInst/softmax/log2/io_out_0[14]_INST_0_i_1/O[4]
                         net (fo=1, unplaced)         0.155    25.542    atten/softmax/cuInst/softmax/log2/io_out_0[14]_INST_0_i_1_n_11
                         LUT3 (Prop_LUT3_I0_O)        0.053    25.595 r  atten/softmax/cuInst/softmax/log2/io_out_0[11]_INST_0/O
                         net (fo=26, unplaced)        0.252    25.847    atten/softmax/cuInst/softmax/_log2_io_out_0[11]
                         LUT2 (Prop_LUT2_I1_O)        0.037    25.884 r  atten/softmax/cuInst/softmax/exp2Stage2_i_73/O
                         net (fo=1, unplaced)         0.032    25.916    atten/softmax/cuInst/softmax/exp2Stage2_i_73_n_0
                         CARRY8 (Prop_CARRY8_S[3]_O[4])
                                                      0.149    26.065 r  atten/softmax/cuInst/softmax/exp2Stage2_i_3/O[4]
                         net (fo=28, unplaced)        0.212    26.277    atten/softmax/cuInst/softmax/exp2Stage2/io_in_1[12]
                         LUT2 (Prop_LUT2_I0_O)        0.099    26.376 r  atten/softmax/cuInst/softmax/exp2Stage2/io_out_1[15]_INST_0_i_9/O
                         net (fo=1, unplaced)         0.242    26.618    atten/softmax/cuInst/softmax/exp2Stage2/io_out_1[15]_INST_0_i_9_n_0
                         CARRY8 (Prop_CARRY8_DI[2]_CO[3])
                                                      0.134    26.752 r  atten/softmax/cuInst/softmax/exp2Stage2/io_out_1[15]_INST_0_i_3/CO[3]
                         net (fo=16, unplaced)        0.198    26.950    atten/softmax/cuInst/softmax/exp2Stage2/io_out_1[15]_INST_0_i_3_n_4
                         LUT6 (Prop_LUT6_I0_O)        0.053    27.003 f  atten/softmax/cuInst/softmax/exp2Stage2/io_out_1[0]_INST_0/O
                         net (fo=18, unplaced)        0.203    27.206    atten/softmax/cuInst/softmax/toFp_1/cvt/io_in[0]
                         LUT6 (Prop_LUT6_I2_O)        0.100    27.306 r  atten/softmax/cuInst/softmax/toFp_1/cvt/io_out[31]_INST_0_i_28/O
                         net (fo=10, unplaced)        0.230    27.536    atten/softmax/cuInst/softmax/toFp_1/cvt/io_out[31]_INST_0_i_28_n_0
                         LUT5 (Prop_LUT5_I2_O)        0.038    27.574 r  atten/softmax/cuInst/softmax/toFp_1/cvt/io_out[31]_INST_0_i_30/O
                         net (fo=3, unplaced)         0.203    27.777    atten/softmax/cuInst/softmax/toFp_1/cvt/io_out[31]_INST_0_i_30_n_0
                         LUT5 (Prop_LUT5_I1_O)        0.070    27.847 f  atten/softmax/cuInst/softmax/toFp_1/cvt/io_out[31]_INST_0_i_23/O
                         net (fo=3, unplaced)         0.161    28.008    atten/softmax/cuInst/softmax/toFp_1/cvt/io_out[31]_INST_0_i_23_n_0
                         LUT5 (Prop_LUT5_I0_O)        0.090    28.098 r  atten/softmax/cuInst/softmax/toFp_1/cvt/io_out[26]_INST_0_i_1/O
                         net (fo=20, unplaced)        0.246    28.344    atten/softmax/cuInst/softmax/toFp_1/cvt/intAsRawFloat_adjustedNormDist[3]
                         LUT6 (Prop_LUT6_I4_O)        0.038    28.382 f  atten/softmax/cuInst/softmax/toFp_1/cvt/io_out[31]_INST_0_i_4/O
                         net (fo=4, unplaced)         0.169    28.551    atten/softmax/cuInst/softmax/toFp_1/cvt/io_out[31]_INST_0_i_4_n_0
                         LUT6 (Prop_LUT6_I2_O)        0.100    28.651 r  atten/softmax/cuInst/softmax/toFp_1/cvt/roundAnyRawFNToRecFN_i_1/O
                         net (fo=15, unplaced)        0.240    28.891    atten/softmax/cuInst/softmax/toFp_1/cvt/roundAnyRawFNToRecFN/io_in_isZero
                         LUT2 (Prop_LUT2_I1_O)        0.070    28.961 f  atten/softmax/cuInst/softmax/toFp_1/cvt/roundAnyRawFNToRecFN/io_out[20]_INST_0/O
                         net (fo=4, unplaced)         0.210    29.171    atten/softmax/cuInst/softmax/toFp_1/_cvt_io_out[20]
                         LUT5 (Prop_LUT5_I4_O)        0.038    29.209 f  atten/softmax/cuInst/softmax/toFp_1/io_out[1]_INST_0_i_1/O
                         net (fo=2, unplaced)         0.197    29.406    atten/softmax/cuInst/softmax/toFp_1/io_out[1]_INST_0_i_1_n_0
                         LUT5 (Prop_LUT5_I3_O)        0.038    29.444 f  atten/softmax/cuInst/softmax/toFp_1/io_out[1]_INST_0/O
                         net (fo=13, unplaced)        0.236    29.680    atten/softmax/cuInst/softmax/mul_27/io_a[1]
                         LUT6 (Prop_LUT6_I4_O)        0.038    29.718 r  atten/softmax/cuInst/softmax/mul_27/mul_i_97/O
                         net (fo=1, unplaced)         0.197    29.915    atten/softmax/cuInst/softmax/mul_27/mul_i_97_n_0
                         LUT5 (Prop_LUT5_I0_O)        0.038    29.953 r  atten/softmax/cuInst/softmax/mul_27/mul_i_77/O
                         net (fo=1, unplaced)         0.197    30.150    atten/softmax/cuInst/softmax/mul_27/mul_i_77_n_0
                         LUT6 (Prop_LUT6_I0_O)        0.038    30.188 r  atten/softmax/cuInst/softmax/mul_27/mul_i_39/O
                         net (fo=27, unplaced)        0.253    30.441    atten/softmax/cuInst/softmax/mul_27/mul_i_39_n_0
                         LUT3 (Prop_LUT3_I0_O)        0.038    30.479 f  atten/softmax/cuInst/softmax/mul_27/mul_i_50/O
                         net (fo=2, unplaced)         0.197    30.676    atten/softmax/cuInst/softmax/mul_27/mul_i_50_n_0
                         LUT5 (Prop_LUT5_I2_O)        0.038    30.714 f  atten/softmax/cuInst/softmax/mul_27/mul_i_16/O
                         net (fo=1, unplaced)         0.214    30.928    atten/softmax/cuInst/softmax/mul_27/mul/mulRawFN/mulFullRaw/io_rawOut_sig__0/B[16]
                         DSP_A_B_DATA (Prop_DSP_A_B_DATA_B[16]_B2_DATA[16])
                                                      0.151    31.079 r  atten/softmax/cuInst/softmax/mul_27/mul/mulRawFN/mulFullRaw/io_rawOut_sig__0/DSP_A_B_DATA_INST/B2_DATA[16]
                         net (fo=1, unplaced)         0.000    31.079    atten/softmax/cuInst/softmax/mul_27/mul/mulRawFN/mulFullRaw/io_rawOut_sig__0/DSP_A_B_DATA.B2_DATA<16>
                         DSP_PREADD_DATA (Prop_DSP_PREADD_DATA_B2_DATA[16]_B2B1[16])
                                                      0.073    31.152 r  atten/softmax/cuInst/softmax/mul_27/mul/mulRawFN/mulFullRaw/io_rawOut_sig__0/DSP_PREADD_DATA_INST/B2B1[16]
                         net (fo=1, unplaced)         0.000    31.152    atten/softmax/cuInst/softmax/mul_27/mul/mulRawFN/mulFullRaw/io_rawOut_sig__0/DSP_PREADD_DATA.B2B1<16>
                         DSP_MULTIPLIER (Prop_DSP_MULTIPLIER_B2B1[16]_V[19])
                                                      0.609    31.761 f  atten/softmax/cuInst/softmax/mul_27/mul/mulRawFN/mulFullRaw/io_rawOut_sig__0/DSP_MULTIPLIER_INST/V[19]
                         net (fo=1, unplaced)         0.000    31.761    atten/softmax/cuInst/softmax/mul_27/mul/mulRawFN/mulFullRaw/io_rawOut_sig__0/DSP_MULTIPLIER.V<19>
                         DSP_M_DATA (Prop_DSP_M_DATA_V[19]_V_DATA[19])
                                                      0.046    31.807 r  atten/softmax/cuInst/softmax/mul_27/mul/mulRawFN/mulFullRaw/io_rawOut_sig__0/DSP_M_DATA_INST/V_DATA[19]
                         net (fo=1, unplaced)         0.000    31.807    atten/softmax/cuInst/softmax/mul_27/mul/mulRawFN/mulFullRaw/io_rawOut_sig__0/DSP_M_DATA.V_DATA<19>
                         DSP_ALU (Prop_DSP_ALU_V_DATA[19]_ALU_OUT[19])
                                                      0.571    32.378 f  atten/softmax/cuInst/softmax/mul_27/mul/mulRawFN/mulFullRaw/io_rawOut_sig__0/DSP_ALU_INST/ALU_OUT[19]
                         net (fo=1, unplaced)         0.000    32.378    atten/softmax/cuInst/softmax/mul_27/mul/mulRawFN/mulFullRaw/io_rawOut_sig__0/DSP_ALU.ALU_OUT<19>
                         DSP_OUTPUT (Prop_DSP_OUTPUT_ALU_OUT[19]_P[19])
                                                      0.109    32.487 r  atten/softmax/cuInst/softmax/mul_27/mul/mulRawFN/mulFullRaw/io_rawOut_sig__0/DSP_OUTPUT_INST/P[19]
                         net (fo=1, unplaced)         0.211    32.698    atten/softmax/cuInst/softmax/mul_27/mul/mulRawFN/mulFullRaw/io_rawOut_sig__1/C[2]
                         DSP_C_DATA (Prop_DSP_C_DATA_C[2]_C_DATA[2])
                                                      0.105    32.803 r  atten/softmax/cuInst/softmax/mul_27/mul/mulRawFN/mulFullRaw/io_rawOut_sig__1/DSP_C_DATA_INST/C_DATA[2]
                         net (fo=2, unplaced)         0.000    32.803    atten/softmax/cuInst/softmax/mul_27/mul/mulRawFN/mulFullRaw/io_rawOut_sig__1/DSP_C_DATA.C_DATA<2>
                         DSP_ALU (Prop_DSP_ALU_C_DATA[2]_ALU_OUT[3])
                                                      0.585    33.388 r  atten/softmax/cuInst/softmax/mul_27/mul/mulRawFN/mulFullRaw/io_rawOut_sig__1/DSP_ALU_INST/ALU_OUT[3]
                         net (fo=1, unplaced)         0.000    33.388    atten/softmax/cuInst/softmax/mul_27/mul/mulRawFN/mulFullRaw/io_rawOut_sig__1/DSP_ALU.ALU_OUT<3>
                         DSP_OUTPUT (Prop_DSP_OUTPUT_ALU_OUT[3]_P[3])
                                                      0.109    33.497 f  atten/softmax/cuInst/softmax/mul_27/mul/mulRawFN/mulFullRaw/io_rawOut_sig__1/DSP_OUTPUT_INST/P[3]
                         net (fo=1, unplaced)         0.218    33.715    atten/softmax/cuInst/softmax/mul_27/mul/mulRawFN/_mulFullRaw_io_rawOut_sig[20]
                         LUT6 (Prop_LUT6_I0_O)        0.150    33.865 f  atten/softmax/cuInst/softmax/mul_27/mul/mulRawFN/io_rawOut_sig[0]_INST_0_i_2/O
                         net (fo=1, unplaced)         0.155    34.020    atten/softmax/cuInst/softmax/mul_27/mul/mulRawFN/io_rawOut_sig[0]_INST_0_i_2_n_0
                         LUT4 (Prop_LUT4_I1_O)        0.090    34.110 f  atten/softmax/cuInst/softmax/mul_27/mul/mulRawFN/io_rawOut_sig[0]_INST_0/O
                         net (fo=2, unplaced)         0.156    34.266    atten/softmax/cuInst/softmax/mul_27/mul/roundRawFNToRecFN/roundAnyRawFNToRecFN/io_in_sig[0]
                         LUT6 (Prop_LUT6_I5_O)        0.100    34.366 f  atten/softmax/cuInst/softmax/mul_27/mul/roundRawFNToRecFN/roundAnyRawFNToRecFN/io_out[26]_INST_0_i_39/O
                         net (fo=1, unplaced)         0.197    34.563    atten/softmax/cuInst/softmax/mul_27/mul/roundRawFNToRecFN/roundAnyRawFNToRecFN/io_out[26]_INST_0_i_39_n_0
                         LUT5 (Prop_LUT5_I4_O)        0.038    34.601 f  atten/softmax/cuInst/softmax/mul_27/mul/roundRawFNToRecFN/roundAnyRawFNToRecFN/io_out[26]_INST_0_i_12/O
                         net (fo=1, unplaced)         0.152    34.753    atten/softmax/cuInst/softmax/mul_27/mul/roundRawFNToRecFN/roundAnyRawFNToRecFN/io_out[26]_INST_0_i_12_n_0
                         LUT6 (Prop_LUT6_I3_O)        0.053    34.806 f  atten/softmax/cuInst/softmax/mul_27/mul/roundRawFNToRecFN/roundAnyRawFNToRecFN/io_out[26]_INST_0_i_4/O
                         net (fo=27, unplaced)        0.211    35.017    atten/softmax/cuInst/softmax/mul_27/mul/roundRawFNToRecFN/roundAnyRawFNToRecFN/io_out[26]_INST_0_i_4_n_0
                         LUT4 (Prop_LUT4_I1_O)        0.112    35.129 f  atten/softmax/cuInst/softmax/mul_27/mul/roundRawFNToRecFN/roundAnyRawFNToRecFN/io_out[26]_INST_0_i_1/O
                         net (fo=8, unplaced)         0.225    35.354    atten/softmax/cuInst/softmax/mul_27/mul/roundRawFNToRecFN/roundAnyRawFNToRecFN/io_out[26]_INST_0_i_1_n_0
                         LUT6 (Prop_LUT6_I4_O)        0.038    35.392 r  atten/softmax/cuInst/softmax/mul_27/mul/roundRawFNToRecFN/roundAnyRawFNToRecFN/io_out[28]_INST_0_i_1/O
                         net (fo=6, unplaced)         0.219    35.611    atten/softmax/cuInst/softmax/mul_27/mul/roundRawFNToRecFN/roundAnyRawFNToRecFN/io_out[28]_INST_0_i_1_n_0
                         LUT3 (Prop_LUT3_I0_O)        0.068    35.679 r  atten/softmax/cuInst/softmax/mul_27/mul/roundRawFNToRecFN/roundAnyRawFNToRecFN/io_out[30]_INST_0_i_5/O
                         net (fo=1, unplaced)         0.242    35.921    atten/softmax/cuInst/softmax/mul_27/mul/roundRawFNToRecFN/roundAnyRawFNToRecFN/io_out[30]_INST_0_i_5_n_0
                         CARRY8 (Prop_CARRY8_DI[2]_CO[5])
                                                      0.148    36.069 r  atten/softmax/cuInst/softmax/mul_27/mul/roundRawFNToRecFN/roundAnyRawFNToRecFN/io_out[30]_INST_0_i_1/CO[5]
                         net (fo=5, unplaced)         0.141    36.210    atten/softmax/cuInst/softmax/mul_27/mul/roundRawFNToRecFN/roundAnyRawFNToRecFN/common_totalUnderflow
                         LUT2 (Prop_LUT2_I0_O)        0.038    36.248 r  atten/softmax/cuInst/softmax/mul_27/mul/roundRawFNToRecFN/roundAnyRawFNToRecFN/io_out[31]_INST_0_i_3/O
                         net (fo=1, unplaced)         0.197    36.445    atten/softmax/cuInst/softmax/mul_27/mul/roundRawFNToRecFN/roundAnyRawFNToRecFN/io_out[31]_INST_0_i_3_n_0
                         LUT6 (Prop_LUT6_I3_O)        0.038    36.483 f  atten/softmax/cuInst/softmax/mul_27/mul/roundRawFNToRecFN/roundAnyRawFNToRecFN/io_out[31]_INST_0/O
                         net (fo=12, unplaced)        0.235    36.718    atten/softmax/cuInst/softmax/mul_27/_mul_io_out[31]
                         LUT3 (Prop_LUT3_I0_O)        0.038    36.756 f  atten/softmax/cuInst/softmax/mul_27/io_out[21]_INST_0_i_3/O
                         net (fo=4, unplaced)         0.210    36.966    atten/softmax/cuInst/softmax/mul_27/io_out[21]_INST_0_i_3_n_0
                         LUT5 (Prop_LUT5_I2_O)        0.038    37.004 f  atten/softmax/cuInst/softmax/mul_27/io_out[0]_INST_0_i_2/O
                         net (fo=3, unplaced)         0.203    37.207    atten/softmax/cuInst/softmax/mul_27/io_out[0]_INST_0_i_2_n_0
                         LUT6 (Prop_LUT6_I5_O)        0.038    37.245 f  atten/softmax/cuInst/softmax/mul_27/io_out[6]_INST_0_i_2/O
                         net (fo=2, unplaced)         0.197    37.442    atten/softmax/cuInst/softmax/mul_27/io_out[6]_INST_0_i_2_n_0
                         LUT3 (Prop_LUT3_I2_O)        0.038    37.480 f  atten/softmax/cuInst/softmax/mul_27/io_out[6]_INST_0_i_1/O
                         net (fo=2, unplaced)         0.197    37.677    atten/softmax/cuInst/softmax/mul_27/io_out[6]_INST_0_i_1_n_0
                         LUT6 (Prop_LUT6_I2_O)        0.038    37.715 f  atten/softmax/cuInst/softmax/mul_27/io_out[5]_INST_0/O
                         net (fo=1, unplaced)         0.197    37.912    atten/softmax/cuInst/softmax/_mul_27_io_out[5]
                         LUT2 (Prop_LUT2_I1_O)        0.070    37.982 f  atten/softmax/cuInst/softmax/io_out_1[5]_INST_0/O
                         net (fo=10, unplaced)        0.189    38.171    atten/dm2/ctxQuant/mul_1/io_a[5]
                         LUT4 (Prop_LUT4_I0_O)        0.100    38.271 f  atten/dm2/ctxQuant/mul_1/mul_i_134/O
                         net (fo=2, unplaced)         0.197    38.468    atten/dm2/ctxQuant/mul_1/mul_i_134_n_0
                         LUT5 (Prop_LUT5_I2_O)        0.038    38.506 r  atten/dm2/ctxQuant/mul_1/mul_i_73/O
                         net (fo=29, unplaced)        0.255    38.761    atten/dm2/ctxQuant/mul_1/mul_i_73_n_0
                         LUT6 (Prop_LUT6_I2_O)        0.038    38.799 f  atten/dm2/ctxQuant/mul_1/mul_i_159/O
                         net (fo=2, unplaced)         0.197    38.996    atten/dm2/ctxQuant/mul_1/mul_i_159_n_0
                         LUT3 (Prop_LUT3_I2_O)        0.038    39.034 f  atten/dm2/ctxQuant/mul_1/mul_i_83/O
                         net (fo=2, unplaced)         0.197    39.231    atten/dm2/ctxQuant/mul_1/mul_i_83_n_0
                         LUT5 (Prop_LUT5_I2_O)        0.038    39.269 f  atten/dm2/ctxQuant/mul_1/mul_i_16/O
                         net (fo=1, unplaced)         0.214    39.483    atten/dm2/ctxQuant/mul_1/mul/mulRawFN/mulFullRaw/io_rawOut_sig__0/B[16]
                         DSP_A_B_DATA (Prop_DSP_A_B_DATA_B[16]_B2_DATA[16])
                                                      0.151    39.634 r  atten/dm2/ctxQuant/mul_1/mul/mulRawFN/mulFullRaw/io_rawOut_sig__0/DSP_A_B_DATA_INST/B2_DATA[16]
                         net (fo=1, unplaced)         0.000    39.634    atten/dm2/ctxQuant/mul_1/mul/mulRawFN/mulFullRaw/io_rawOut_sig__0/DSP_A_B_DATA.B2_DATA<16>
                         DSP_PREADD_DATA (Prop_DSP_PREADD_DATA_B2_DATA[16]_B2B1[16])
                                                      0.073    39.707 r  atten/dm2/ctxQuant/mul_1/mul/mulRawFN/mulFullRaw/io_rawOut_sig__0/DSP_PREADD_DATA_INST/B2B1[16]
                         net (fo=1, unplaced)         0.000    39.707    atten/dm2/ctxQuant/mul_1/mul/mulRawFN/mulFullRaw/io_rawOut_sig__0/DSP_PREADD_DATA.B2B1<16>
                         DSP_MULTIPLIER (Prop_DSP_MULTIPLIER_B2B1[16]_V[19])
                                                      0.609    40.316 f  atten/dm2/ctxQuant/mul_1/mul/mulRawFN/mulFullRaw/io_rawOut_sig__0/DSP_MULTIPLIER_INST/V[19]
                         net (fo=1, unplaced)         0.000    40.316    atten/dm2/ctxQuant/mul_1/mul/mulRawFN/mulFullRaw/io_rawOut_sig__0/DSP_MULTIPLIER.V<19>
                         DSP_M_DATA (Prop_DSP_M_DATA_V[19]_V_DATA[19])
                                                      0.046    40.362 r  atten/dm2/ctxQuant/mul_1/mul/mulRawFN/mulFullRaw/io_rawOut_sig__0/DSP_M_DATA_INST/V_DATA[19]
                         net (fo=1, unplaced)         0.000    40.362    atten/dm2/ctxQuant/mul_1/mul/mulRawFN/mulFullRaw/io_rawOut_sig__0/DSP_M_DATA.V_DATA<19>
                         DSP_ALU (Prop_DSP_ALU_V_DATA[19]_ALU_OUT[19])
                                                      0.571    40.933 f  atten/dm2/ctxQuant/mul_1/mul/mulRawFN/mulFullRaw/io_rawOut_sig__0/DSP_ALU_INST/ALU_OUT[19]
                         net (fo=1, unplaced)         0.000    40.933    atten/dm2/ctxQuant/mul_1/mul/mulRawFN/mulFullRaw/io_rawOut_sig__0/DSP_ALU.ALU_OUT<19>
                         DSP_OUTPUT (Prop_DSP_OUTPUT_ALU_OUT[19]_P[19])
                                                      0.109    41.042 r  atten/dm2/ctxQuant/mul_1/mul/mulRawFN/mulFullRaw/io_rawOut_sig__0/DSP_OUTPUT_INST/P[19]
                         net (fo=1, unplaced)         0.211    41.253    atten/dm2/ctxQuant/mul_1/mul/mulRawFN/mulFullRaw/io_rawOut_sig__1/C[2]
                         DSP_C_DATA (Prop_DSP_C_DATA_C[2]_C_DATA[2])
                                                      0.105    41.358 r  atten/dm2/ctxQuant/mul_1/mul/mulRawFN/mulFullRaw/io_rawOut_sig__1/DSP_C_DATA_INST/C_DATA[2]
                         net (fo=2, unplaced)         0.000    41.358    atten/dm2/ctxQuant/mul_1/mul/mulRawFN/mulFullRaw/io_rawOut_sig__1/DSP_C_DATA.C_DATA<2>
                         DSP_ALU (Prop_DSP_ALU_C_DATA[2]_ALU_OUT[3])
                                                      0.585    41.943 r  atten/dm2/ctxQuant/mul_1/mul/mulRawFN/mulFullRaw/io_rawOut_sig__1/DSP_ALU_INST/ALU_OUT[3]
                         net (fo=1, unplaced)         0.000    41.943    atten/dm2/ctxQuant/mul_1/mul/mulRawFN/mulFullRaw/io_rawOut_sig__1/DSP_ALU.ALU_OUT<3>
                         DSP_OUTPUT (Prop_DSP_OUTPUT_ALU_OUT[3]_P[3])
                                                      0.109    42.052 f  atten/dm2/ctxQuant/mul_1/mul/mulRawFN/mulFullRaw/io_rawOut_sig__1/DSP_OUTPUT_INST/P[3]
                         net (fo=1, unplaced)         0.218    42.270    atten/dm2/ctxQuant/mul_1/mul/mulRawFN/_mulFullRaw_io_rawOut_sig[20]
                         LUT6 (Prop_LUT6_I0_O)        0.150    42.420 f  atten/dm2/ctxQuant/mul_1/mul/mulRawFN/io_rawOut_sig[0]_INST_0_i_2/O
                         net (fo=1, unplaced)         0.155    42.575    atten/dm2/ctxQuant/mul_1/mul/mulRawFN/io_rawOut_sig[0]_INST_0_i_2_n_0
                         LUT4 (Prop_LUT4_I1_O)        0.090    42.665 f  atten/dm2/ctxQuant/mul_1/mul/mulRawFN/io_rawOut_sig[0]_INST_0/O
                         net (fo=2, unplaced)         0.156    42.821    atten/dm2/ctxQuant/mul_1/mul/roundRawFNToRecFN/roundAnyRawFNToRecFN/io_in_sig[0]
                         LUT6 (Prop_LUT6_I5_O)        0.100    42.921 f  atten/dm2/ctxQuant/mul_1/mul/roundRawFNToRecFN/roundAnyRawFNToRecFN/io_out[26]_INST_0_i_39/O
                         net (fo=1, unplaced)         0.197    43.118    atten/dm2/ctxQuant/mul_1/mul/roundRawFNToRecFN/roundAnyRawFNToRecFN/io_out[26]_INST_0_i_39_n_0
                         LUT5 (Prop_LUT5_I4_O)        0.038    43.156 f  atten/dm2/ctxQuant/mul_1/mul/roundRawFNToRecFN/roundAnyRawFNToRecFN/io_out[26]_INST_0_i_12/O
                         net (fo=1, unplaced)         0.152    43.308    atten/dm2/ctxQuant/mul_1/mul/roundRawFNToRecFN/roundAnyRawFNToRecFN/io_out[26]_INST_0_i_12_n_0
                         LUT6 (Prop_LUT6_I3_O)        0.053    43.361 f  atten/dm2/ctxQuant/mul_1/mul/roundRawFNToRecFN/roundAnyRawFNToRecFN/io_out[26]_INST_0_i_4/O
                         net (fo=27, unplaced)        0.211    43.572    atten/dm2/ctxQuant/mul_1/mul/roundRawFNToRecFN/roundAnyRawFNToRecFN/io_out[26]_INST_0_i_4_n_0
                         LUT4 (Prop_LUT4_I1_O)        0.112    43.684 f  atten/dm2/ctxQuant/mul_1/mul/roundRawFNToRecFN/roundAnyRawFNToRecFN/io_out[26]_INST_0_i_1/O
                         net (fo=8, unplaced)         0.225    43.909    atten/dm2/ctxQuant/mul_1/mul/roundRawFNToRecFN/roundAnyRawFNToRecFN/io_out[26]_INST_0_i_1_n_0
                         LUT6 (Prop_LUT6_I4_O)        0.038    43.947 r  atten/dm2/ctxQuant/mul_1/mul/roundRawFNToRecFN/roundAnyRawFNToRecFN/io_out[28]_INST_0_i_1/O
                         net (fo=6, unplaced)         0.219    44.166    atten/dm2/ctxQuant/mul_1/mul/roundRawFNToRecFN/roundAnyRawFNToRecFN/io_out[28]_INST_0_i_1_n_0
                         LUT3 (Prop_LUT3_I0_O)        0.068    44.234 f  atten/dm2/ctxQuant/mul_1/mul/roundRawFNToRecFN/roundAnyRawFNToRecFN/io_out[30]_INST_0_i_5/O
                         net (fo=1, unplaced)         0.242    44.476    atten/dm2/ctxQuant/mul_1/mul/roundRawFNToRecFN/roundAnyRawFNToRecFN/io_out[30]_INST_0_i_5_n_0
                         CARRY8 (Prop_CARRY8_DI[2]_CO[5])
                                                      0.148    44.624 f  atten/dm2/ctxQuant/mul_1/mul/roundRawFNToRecFN/roundAnyRawFNToRecFN/io_out[30]_INST_0_i_1/CO[5]
                         net (fo=5, unplaced)         0.141    44.765    atten/dm2/ctxQuant/mul_1/mul/roundRawFNToRecFN/roundAnyRawFNToRecFN/common_totalUnderflow
                         LUT2 (Prop_LUT2_I0_O)        0.038    44.803 f  atten/dm2/ctxQuant/mul_1/mul/roundRawFNToRecFN/roundAnyRawFNToRecFN/io_out[31]_INST_0_i_3/O
                         net (fo=1, unplaced)         0.197    45.000    atten/dm2/ctxQuant/mul_1/mul/roundRawFNToRecFN/roundAnyRawFNToRecFN/io_out[31]_INST_0_i_3_n_0
                         LUT6 (Prop_LUT6_I3_O)        0.038    45.038 r  atten/dm2/ctxQuant/mul_1/mul/roundRawFNToRecFN/roundAnyRawFNToRecFN/io_out[31]_INST_0/O
                         net (fo=12, unplaced)        0.235    45.273    atten/dm2/ctxQuant/mul_1/_mul_io_out[31]
                         LUT3 (Prop_LUT3_I0_O)        0.038    45.311 r  atten/dm2/ctxQuant/mul_1/io_out[21]_INST_0_i_3/O
                         net (fo=4, unplaced)         0.210    45.521    atten/dm2/ctxQuant/mul_1/io_out[21]_INST_0_i_3_n_0
                         LUT5 (Prop_LUT5_I2_O)        0.038    45.559 r  atten/dm2/ctxQuant/mul_1/io_out[0]_INST_0_i_2/O
                         net (fo=3, unplaced)         0.203    45.762    atten/dm2/ctxQuant/mul_1/io_out[0]_INST_0_i_2_n_0
                         LUT6 (Prop_LUT6_I5_O)        0.038    45.800 r  atten/dm2/ctxQuant/mul_1/io_out[6]_INST_0_i_2/O
                         net (fo=2, unplaced)         0.197    45.997    atten/dm2/ctxQuant/mul_1/io_out[6]_INST_0_i_2_n_0
                         LUT3 (Prop_LUT3_I0_O)        0.070    46.067 r  atten/dm2/ctxQuant/mul_1/io_out[4]_INST_0_i_1/O
                         net (fo=2, unplaced)         0.197    46.264    atten/dm2/ctxQuant/mul_1/io_out[4]_INST_0_i_1_n_0
                         LUT6 (Prop_LUT6_I2_O)        0.038    46.302 r  atten/dm2/ctxQuant/mul_1/io_out[3]_INST_0/O
                         net (fo=11, unplaced)        0.233    46.535    atten/dm2/ctxQuant/add_1/io_a[3]
                         LUT6 (Prop_LUT6_I5_O)        0.038    46.573 r  atten/dm2/ctxQuant/add_1/add_i_141/O
                         net (fo=1, unplaced)         0.197    46.770    atten/dm2/ctxQuant/add_1/add_i_141_n_0
                         LUT6 (Prop_LUT6_I0_O)        0.038    46.808 r  atten/dm2/ctxQuant/add_1/add_i_74/O
                         net (fo=26, unplaced)        0.252    47.060    atten/dm2/ctxQuant/add_1/add_i_74_n_0
                         LUT6 (Prop_LUT6_I4_O)        0.038    47.098 r  atten/dm2/ctxQuant/add_1/add_i_70/O
                         net (fo=3, unplaced)         0.203    47.301    atten/dm2/ctxQuant/add_1/add_i_70_n_0
                         LUT6 (Prop_LUT6_I2_O)        0.038    47.339 r  atten/dm2/ctxQuant/add_1/add_i_67/O
                         net (fo=2, unplaced)         0.197    47.536    atten/dm2/ctxQuant/add_1/add_i_67_n_0
                         LUT3 (Prop_LUT3_I0_O)        0.038    47.574 r  atten/dm2/ctxQuant/add_1/add_i_4/O
                         net (fo=5, unplaced)         0.215    47.789    atten/dm2/ctxQuant/add_1/add/addRawFN/io_a_sExp[5]
                         LUT2 (Prop_LUT2_I0_O)        0.037    47.826 r  atten/dm2/ctxQuant/add_1/add/addRawFN/io_rawOut_sExp[5]_INST_0_i_6/O
                         net (fo=1, unplaced)         0.029    47.855    atten/dm2/ctxQuant/add_1/add/addRawFN/io_rawOut_sExp[5]_INST_0_i_6_n_0
                         CARRY8 (Prop_CARRY8_S[5]_CO[7])
                                                      0.166    48.021 r  atten/dm2/ctxQuant/add_1/add/addRawFN/io_rawOut_sExp[5]_INST_0_i_2/CO[7]
                         net (fo=1, unplaced)         0.005    48.026    atten/dm2/ctxQuant/add_1/add/addRawFN/io_rawOut_sExp[5]_INST_0_i_2_n_0
                         CARRY8 (Prop_CARRY8_CI_CO[1])
                                                      0.042    48.068 r  atten/dm2/ctxQuant/add_1/add/addRawFN/io_rawOut_sExp[5]_INST_0_i_1/CO[1]
                         net (fo=154, unplaced)       0.249    48.317    atten/dm2/ctxQuant/add_1/add/addRawFN/io_rawOut_sExp[5]_INST_0_i_1_n_6
                         LUT5 (Prop_LUT5_I4_O)        0.038    48.355 r  atten/dm2/ctxQuant/add_1/add/addRawFN/io_rawOut_sig[6]_INST_0_i_33/O
                         net (fo=3, unplaced)         0.203    48.558    atten/dm2/ctxQuant/add_1/add/addRawFN/p_1_in[2]
                         LUT2 (Prop_LUT2_I0_O)        0.068    48.626 r  atten/dm2/ctxQuant/add_1/add/addRawFN/io_rawOut_sig[6]_INST_0_i_10/O
                         net (fo=1, unplaced)         0.242    48.868    atten/dm2/ctxQuant/add_1/add/addRawFN/io_rawOut_sig[6]_INST_0_i_10_n_0
                         CARRY8 (Prop_CARRY8_DI[2]_O[4])
                                                      0.150    49.018 f  atten/dm2/ctxQuant/add_1/add/addRawFN/io_rawOut_sig[6]_INST_0_i_3/O[4]
                         net (fo=3, unplaced)         0.210    49.228    atten/dm2/ctxQuant/add_1/add/addRawFN/_close_sSigSum_T_3[5]
                         LUT1 (Prop_LUT1_I0_O)        0.037    49.265 r  atten/dm2/ctxQuant/add_1/add/addRawFN/io_rawOut_sig[6]_INST_0_i_22/O
                         net (fo=1, unplaced)         0.029    49.294    atten/dm2/ctxQuant/add_1/add/addRawFN/io_rawOut_sig[6]_INST_0_i_22_n_0
                         CARRY8 (Prop_CARRY8_S[5]_CO[7])
                                                      0.166    49.460 r  atten/dm2/ctxQuant/add_1/add/addRawFN/io_rawOut_sig[6]_INST_0_i_4/CO[7]
                         net (fo=1, unplaced)         0.005    49.465    atten/dm2/ctxQuant/add_1/add/addRawFN/io_rawOut_sig[6]_INST_0_i_4_n_0
                         CARRY8 (Prop_CARRY8_CI_O[2])
                                                      0.067    49.532 f  atten/dm2/ctxQuant/add_1/add/addRawFN/io_rawOut_sExp[4]_INST_0_i_12/O[2]
                         net (fo=4, unplaced)         0.214    49.746    atten/dm2/ctxQuant/add_1/add/addRawFN/io_rawOut_sExp[4]_INST_0_i_12_n_13
                         LUT5 (Prop_LUT5_I1_O)        0.090    49.836 f  atten/dm2/ctxQuant/add_1/add/addRawFN/io_rawOut_sExp[4]_INST_0_i_7/O
                         net (fo=6, unplaced)         0.177    50.013    atten/dm2/ctxQuant/add_1/add/addRawFN/io_rawOut_sExp[4]_INST_0_i_7_n_0
                         LUT6 (Prop_LUT6_I5_O)        0.090    50.103 f  atten/dm2/ctxQuant/add_1/add/addRawFN/io_rawOut_sExp[2]_INST_0_i_3/O
                         net (fo=1, unplaced)         0.155    50.258    atten/dm2/ctxQuant/add_1/add/addRawFN/io_rawOut_sExp[2]_INST_0_i_3_n_0
                         LUT5 (Prop_LUT5_I1_O)        0.090    50.348 f  atten/dm2/ctxQuant/add_1/add/addRawFN/io_rawOut_sExp[2]_INST_0_i_1/O
                         net (fo=35, unplaced)        0.259    50.607    atten/dm2/ctxQuant/add_1/add/addRawFN/close_normDistReduced2[1]
                         LUT6 (Prop_LUT6_I4_O)        0.038    50.645 r  atten/dm2/ctxQuant/add_1/add/addRawFN/io_rawOut_sExp[9]_INST_0_i_6/O
                         net (fo=2, unplaced)         0.197    50.842    atten/dm2/ctxQuant/add_1/add/addRawFN/io_rawOut_sExp[9]_INST_0_i_6_n_0
                         LUT6 (Prop_LUT6_I0_O)        0.038    50.880 r  atten/dm2/ctxQuant/add_1/add/addRawFN/io_rawOut_sExp[9]_INST_0_i_3/O
                         net (fo=4, unplaced)         0.210    51.090    atten/dm2/ctxQuant/add_1/add/addRawFN/io_rawOut_sExp[9]_INST_0_i_3_n_0
                         LUT6 (Prop_LUT6_I2_O)        0.038    51.128 r  atten/dm2/ctxQuant/add_1/add/addRawFN/io_rawOut_sExp[6]_INST_0/O
                         net (fo=25, unplaced)        0.210    51.338    atten/dm2/ctxQuant/add_1/add/roundRawFNToRecFN/roundAnyRawFNToRecFN/io_in_sExp[6]
                         LUT5 (Prop_LUT5_I1_O)        0.100    51.438 r  atten/dm2/ctxQuant/add_1/add/roundRawFNToRecFN/roundAnyRawFNToRecFN/io_out[26]_INST_0_i_15/O
                         net (fo=27, unplaced)        0.211    51.649    atten/dm2/ctxQuant/add_1/add/roundRawFNToRecFN/roundAnyRawFNToRecFN/io_out[26]_INST_0_i_15_n_0
                         LUT6 (Prop_LUT6_I2_O)        0.090    51.739 r  atten/dm2/ctxQuant/add_1/add/roundRawFNToRecFN/roundAnyRawFNToRecFN/io_out[26]_INST_0_i_39/O
                         net (fo=1, unplaced)         0.156    51.895    atten/dm2/ctxQuant/add_1/add/roundRawFNToRecFN/roundAnyRawFNToRecFN/io_out[26]_INST_0_i_39_n_0
                         LUT6 (Prop_LUT6_I2_O)        0.100    51.995 r  atten/dm2/ctxQuant/add_1/add/roundRawFNToRecFN/roundAnyRawFNToRecFN/io_out[26]_INST_0_i_11/O
                         net (fo=1, unplaced)         0.155    52.150    atten/dm2/ctxQuant/add_1/add/roundRawFNToRecFN/roundAnyRawFNToRecFN/io_out[26]_INST_0_i_11_n_0
                         LUT6 (Prop_LUT6_I2_O)        0.090    52.240 r  atten/dm2/ctxQuant/add_1/add/roundRawFNToRecFN/roundAnyRawFNToRecFN/io_out[26]_INST_0_i_3/O
                         net (fo=28, unplaced)        0.212    52.452    atten/dm2/ctxQuant/add_1/add/roundRawFNToRecFN/roundAnyRawFNToRecFN/io_out[26]_INST_0_i_3_n_0
                         LUT4 (Prop_LUT4_I0_O)        0.090    52.542 f  atten/dm2/ctxQuant/add_1/add/roundRawFNToRecFN/roundAnyRawFNToRecFN/io_out[26]_INST_0_i_1/O
                         net (fo=8, unplaced)         0.225    52.767    atten/dm2/ctxQuant/add_1/add/roundRawFNToRecFN/roundAnyRawFNToRecFN/io_out[26]_INST_0_i_1_n_0
                         LUT6 (Prop_LUT6_I4_O)        0.038    52.805 r  atten/dm2/ctxQuant/add_1/add/roundRawFNToRecFN/roundAnyRawFNToRecFN/io_out[28]_INST_0_i_1/O
                         net (fo=6, unplaced)         0.219    53.024    atten/dm2/ctxQuant/add_1/add/roundRawFNToRecFN/roundAnyRawFNToRecFN/io_out[28]_INST_0_i_1_n_0
                         LUT3 (Prop_LUT3_I0_O)        0.068    53.092 f  atten/dm2/ctxQuant/add_1/add/roundRawFNToRecFN/roundAnyRawFNToRecFN/io_out[30]_INST_0_i_5/O
                         net (fo=1, unplaced)         0.242    53.334    atten/dm2/ctxQuant/add_1/add/roundRawFNToRecFN/roundAnyRawFNToRecFN/io_out[30]_INST_0_i_5_n_0
                         CARRY8 (Prop_CARRY8_DI[2]_CO[5])
                                                      0.148    53.482 f  atten/dm2/ctxQuant/add_1/add/roundRawFNToRecFN/roundAnyRawFNToRecFN/io_out[30]_INST_0_i_1/CO[5]
                         net (fo=5, unplaced)         0.141    53.623    atten/dm2/ctxQuant/add_1/add/roundRawFNToRecFN/roundAnyRawFNToRecFN/common_totalUnderflow
                         LUT2 (Prop_LUT2_I0_O)        0.038    53.661 f  atten/dm2/ctxQuant/add_1/add/roundRawFNToRecFN/roundAnyRawFNToRecFN/io_out[31]_INST_0_i_3/O
                         net (fo=1, unplaced)         0.197    53.858    atten/dm2/ctxQuant/add_1/add/roundRawFNToRecFN/roundAnyRawFNToRecFN/io_out[31]_INST_0_i_3_n_0
                         LUT6 (Prop_LUT6_I3_O)        0.038    53.896 r  atten/dm2/ctxQuant/add_1/add/roundRawFNToRecFN/roundAnyRawFNToRecFN/io_out[31]_INST_0/O
                         net (fo=12, unplaced)        0.235    54.131    atten/dm2/ctxQuant/add_1/_add_io_out[31]
                         LUT3 (Prop_LUT3_I1_O)        0.038    54.169 r  atten/dm2/ctxQuant/add_1/io_out[21]_INST_0_i_3/O
                         net (fo=4, unplaced)         0.210    54.379    atten/dm2/ctxQuant/add_1/io_out[21]_INST_0_i_3_n_0
                         LUT5 (Prop_LUT5_I2_O)        0.038    54.417 r  atten/dm2/ctxQuant/add_1/io_out[2]_INST_0_i_2/O
                         net (fo=3, unplaced)         0.203    54.620    atten/dm2/ctxQuant/add_1/io_out[2]_INST_0_i_2_n_0
                         LUT6 (Prop_LUT6_I5_O)        0.038    54.658 r  atten/dm2/ctxQuant/add_1/io_out[6]_INST_0_i_2/O
                         net (fo=2, unplaced)         0.197    54.855    atten/dm2/ctxQuant/add_1/io_out[6]_INST_0_i_2_n_0
                         LUT3 (Prop_LUT3_I2_O)        0.038    54.893 r  atten/dm2/ctxQuant/add_1/io_out[6]_INST_0_i_1/O
                         net (fo=2, unplaced)         0.197    55.090    atten/dm2/ctxQuant/add_1/io_out[6]_INST_0_i_1_n_0
                         LUT6 (Prop_LUT6_I2_O)        0.038    55.128 r  atten/dm2/ctxQuant/add_1/io_out[5]_INST_0/O
                         net (fo=10, unplaced)        0.189    55.317    atten/dm2/ctxQuant/toInt_1/io_in[5]
                         LUT6 (Prop_LUT6_I0_O)        0.100    55.417 f  atten/dm2/ctxQuant/toInt_1/cvt_i_76/O
                         net (fo=1, unplaced)         0.197    55.614    atten/dm2/ctxQuant/toInt_1/cvt_i_76_n_0
                         LUT6 (Prop_LUT6_I0_O)        0.038    55.652 f  atten/dm2/ctxQuant/toInt_1/cvt_i_42/O
                         net (fo=26, unplaced)        0.252    55.904    atten/dm2/ctxQuant/toInt_1/cvt_i_42_n_0
                         LUT6 (Prop_LUT6_I4_O)        0.038    55.942 f  atten/dm2/ctxQuant/toInt_1/cvt_i_38/O
                         net (fo=3, unplaced)         0.203    56.145    atten/dm2/ctxQuant/toInt_1/cvt_i_38_n_0
                         LUT6 (Prop_LUT6_I2_O)        0.038    56.183 r  atten/dm2/ctxQuant/toInt_1/cvt_i_33/O
                         net (fo=2, unplaced)         0.197    56.380    atten/dm2/ctxQuant/toInt_1/cvt_i_33_n_0
                         LUT3 (Prop_LUT3_I0_O)        0.038    56.418 r  atten/dm2/ctxQuant/toInt_1/cvt_i_1/O
                         net (fo=35, unplaced)        0.259    56.677    atten/dm2/ctxQuant/toInt_1/cvt/io_in[31]
                         LUT2 (Prop_LUT2_I0_O)        0.038    56.715 r  atten/dm2/ctxQuant/toInt_1/cvt/io_out[1]_INST_0_i_4/O
                         net (fo=6, unplaced)         0.219    56.934    atten/dm2/ctxQuant/toInt_1/cvt/io_out[1]_INST_0_i_4_n_0
                         LUT6 (Prop_LUT6_I4_O)        0.038    56.972 f  atten/dm2/ctxQuant/toInt_1/cvt/io_out[1]_INST_0_i_3/O
                         net (fo=1, unplaced)         0.197    57.169    atten/dm2/ctxQuant/toInt_1/cvt/io_out[1]_INST_0_i_3_n_0
                         LUT6 (Prop_LUT6_I0_O)        0.038    57.207 f  atten/dm2/ctxQuant/toInt_1/cvt/io_out[1]_INST_0_i_2/O
                         net (fo=4, unplaced)         0.169    57.376    atten/dm2/ctxQuant/toInt_1/cvt/io_out[1]_INST_0_i_2_n_0
                         LUT6 (Prop_LUT6_I0_O)        0.100    57.476 r  atten/dm2/ctxQuant/toInt_1/cvt/io_out[7]_INST_0_i_7/O
                         net (fo=1, unplaced)         0.155    57.631    atten/dm2/ctxQuant/toInt_1/cvt/io_out[7]_INST_0_i_7_n_0
                         LUT6 (Prop_LUT6_I0_O)        0.090    57.721 r  atten/dm2/ctxQuant/toInt_1/cvt/io_out[7]_INST_0_i_2/O
                         net (fo=8, unplaced)         0.183    57.904    atten/dm2/ctxQuant/toInt_1/cvt/io_out[7]_INST_0_i_2_n_0
                         LUT6 (Prop_LUT6_I1_O)        0.090    57.994 r  atten/dm2/ctxQuant/toInt_1/cvt/io_out[7]_INST_0/O
                         net (fo=1, unplaced)         0.107    58.101    atten/dm2/ctxmemInst/mem/mem_ext/W0_data[15]
                         RAMB36E2                                     r  atten/dm2/ctxmemInst/mem/mem_ext/Memory_reg_0/DINADIN[15]
  -------------------------------------------------------------------    -------------------

                         (clock clk rise edge)       10.000    10.000 r  
                                                      0.000    10.000 r  clock (IN)
                         net (fo=803906, unset)       0.000    10.000    atten/dm2/ctxmemInst/mem/mem_ext/R0_clk
                         RAMB36E2                                     r  atten/dm2/ctxmemInst/mem/mem_ext/Memory_reg_0/CLKBWRCLK
                         clock pessimism              0.000    10.000    
                         clock uncertainty           -0.035     9.965    
                         RAMB36E2 (Setup_RAMB36E2_CLKBWRCLK_DINADIN[15])
                                                     -0.270     9.695    atten/dm2/ctxmemInst/mem/mem_ext/Memory_reg_0
  -------------------------------------------------------------------
                         required time                          9.695    
                         arrival time                         -58.101    
  -------------------------------------------------------------------
                         slack                                -48.406    





Min Delay Paths
--------------------------------------------------------------------------------------
Slack (MET) :             0.069ns  (arrival time - required time)
  Source:                 atten/dm1/cu_inst/qVec_0_reg[4]/C
                            (rising edge-triggered cell FDRE clocked by clk  {rise@0.000ns fall@5.000ns period=10.000ns})
  Destination:            atten/dm1/cu_inst/qCache/mem_ext/Memory_reg_0_7_0_13/RAMC/I
                            (rising edge-triggered cell RAMD32 clocked by clk  {rise@0.000ns fall@5.000ns period=10.000ns})
  Path Group:             clk
  Path Type:              Hold (Min at Fast Process Corner)
  Requirement:            0.000ns  (clk rise@0.000ns - clk rise@0.000ns)
  Data Path Delay:        0.124ns  (logic 0.038ns (30.645%)  route 0.086ns (69.355%))
  Logic Levels:           0  

    Location             Delay type                Incr(ns)  Path(ns)    Netlist Resource(s)
  -------------------------------------------------------------------    -------------------
                         (clock clk rise edge)        0.000     0.000 r  
                                                      0.000     0.000 r  clock (IN)
                         net (fo=803906, unset)       0.000     0.000    atten/dm1/cu_inst/clock
                         FDRE                                         r  atten/dm1/cu_inst/qVec_0_reg[4]/C
  -------------------------------------------------------------------    -------------------
                         FDRE (Prop_FDRE_C_Q)         0.038     0.038 r  atten/dm1/cu_inst/qVec_0_reg[4]/Q
                         net (fo=1, unplaced)         0.086     0.124    atten/dm1/cu_inst/qCache/mem_ext/Memory_reg_0_7_0_13/DIC0
                         RAMD32                                       r  atten/dm1/cu_inst/qCache/mem_ext/Memory_reg_0_7_0_13/RAMC/I
  -------------------------------------------------------------------    -------------------

                         (clock clk rise edge)        0.000     0.000 r  
                                                      0.000     0.000 r  clock (IN)
                         net (fo=803906, unset)       0.000     0.000    atten/dm1/cu_inst/qCache/mem_ext/Memory_reg_0_7_0_13/WCLK
                         RAMD32                                       r  atten/dm1/cu_inst/qCache/mem_ext/Memory_reg_0_7_0_13/RAMC/CLK
                         clock pessimism              0.000     0.000    
                         RAMD32 (Hold_RAMD32_CLK_I)
                                                      0.055     0.055    atten/dm1/cu_inst/qCache/mem_ext/Memory_reg_0_7_0_13/RAMC
  -------------------------------------------------------------------
                         required time                         -0.055    
                         arrival time                           0.124    
  -------------------------------------------------------------------
                         slack                                  0.069    

Slack (MET) :             0.069ns  (arrival time - required time)
  Source:                 atten/dm1/cu_inst/qVec_0_reg[10]/C
                            (rising edge-triggered cell FDRE clocked by clk  {rise@0.000ns fall@5.000ns period=10.000ns})
  Destination:            atten/dm1/cu_inst/qCache/mem_ext/Memory_reg_0_7_0_13/RAMF/I
                            (rising edge-triggered cell RAMD32 clocked by clk  {rise@0.000ns fall@5.000ns period=10.000ns})
  Path Group:             clk
  Path Type:              Hold (Min at Fast Process Corner)
  Requirement:            0.000ns  (clk rise@0.000ns - clk rise@0.000ns)
  Data Path Delay:        0.124ns  (logic 0.038ns (30.645%)  route 0.086ns (69.355%))
  Logic Levels:           0  

    Location             Delay type                Incr(ns)  Path(ns)    Netlist Resource(s)
  -------------------------------------------------------------------    -------------------
                         (clock clk rise edge)        0.000     0.000 r  
                                                      0.000     0.000 r  clock (IN)
                         net (fo=803906, unset)       0.000     0.000    atten/dm1/cu_inst/clock
                         FDRE                                         r  atten/dm1/cu_inst/qVec_0_reg[10]/C
  -------------------------------------------------------------------    -------------------
                         FDRE (Prop_FDRE_C_Q)         0.038     0.038 r  atten/dm1/cu_inst/qVec_0_reg[10]/Q
                         net (fo=1, unplaced)         0.086     0.124    atten/dm1/cu_inst/qCache/mem_ext/Memory_reg_0_7_0_13/DIF0
                         RAMD32                                       r  atten/dm1/cu_inst/qCache/mem_ext/Memory_reg_0_7_0_13/RAMF/I
  -------------------------------------------------------------------    -------------------

                         (clock clk rise edge)        0.000     0.000 r  
                                                      0.000     0.000 r  clock (IN)
                         net (fo=803906, unset)       0.000     0.000    atten/dm1/cu_inst/qCache/mem_ext/Memory_reg_0_7_0_13/WCLK
                         RAMD32                                       r  atten/dm1/cu_inst/qCache/mem_ext/Memory_reg_0_7_0_13/RAMF/CLK
                         clock pessimism              0.000     0.000    
                         RAMD32 (Hold_RAMD32_CLK_I)
                                                      0.055     0.055    atten/dm1/cu_inst/qCache/mem_ext/Memory_reg_0_7_0_13/RAMF
  -------------------------------------------------------------------
                         required time                         -0.055    
                         arrival time                           0.124    
  -------------------------------------------------------------------
                         slack                                  0.069    

Slack (MET) :             0.069ns  (arrival time - required time)
  Source:                 atten/dm1/cu_inst/qVec_0_reg[12]/C
                            (rising edge-triggered cell FDRE clocked by clk  {rise@0.000ns fall@5.000ns period=10.000ns})
  Destination:            atten/dm1/cu_inst/qCache/mem_ext/Memory_reg_0_7_0_13/RAMG/I
                            (rising edge-triggered cell RAMD32 clocked by clk  {rise@0.000ns fall@5.000ns period=10.000ns})
  Path Group:             clk
  Path Type:              Hold (Min at Fast Process Corner)
  Requirement:            0.000ns  (clk rise@0.000ns - clk rise@0.000ns)
  Data Path Delay:        0.124ns  (logic 0.038ns (30.645%)  route 0.086ns (69.355%))
  Logic Levels:           0  

    Location             Delay type                Incr(ns)  Path(ns)    Netlist Resource(s)
  -------------------------------------------------------------------    -------------------
                         (clock clk rise edge)        0.000     0.000 r  
                                                      0.000     0.000 r  clock (IN)
                         net (fo=803906, unset)       0.000     0.000    atten/dm1/cu_inst/clock
                         FDRE                                         r  atten/dm1/cu_inst/qVec_0_reg[12]/C
  -------------------------------------------------------------------    -------------------
                         FDRE (Prop_FDRE_C_Q)         0.038     0.038 r  atten/dm1/cu_inst/qVec_0_reg[12]/Q
                         net (fo=1, unplaced)         0.086     0.124    atten/dm1/cu_inst/qCache/mem_ext/Memory_reg_0_7_0_13/DIG0
                         RAMD32                                       r  atten/dm1/cu_inst/qCache/mem_ext/Memory_reg_0_7_0_13/RAMG/I
  -------------------------------------------------------------------    -------------------

                         (clock clk rise edge)        0.000     0.000 r  
                                                      0.000     0.000 r  clock (IN)
                         net (fo=803906, unset)       0.000     0.000    atten/dm1/cu_inst/qCache/mem_ext/Memory_reg_0_7_0_13/WCLK
                         RAMD32                                       r  atten/dm1/cu_inst/qCache/mem_ext/Memory_reg_0_7_0_13/RAMG/CLK
                         clock pessimism              0.000     0.000    
                         RAMD32 (Hold_RAMD32_CLK_I)
                                                      0.055     0.055    atten/dm1/cu_inst/qCache/mem_ext/Memory_reg_0_7_0_13/RAMG
  -------------------------------------------------------------------
                         required time                         -0.055    
                         arrival time                           0.124    
  -------------------------------------------------------------------
                         slack                                  0.069    

Slack (MET) :             0.069ns  (arrival time - required time)
  Source:                 atten/dm1/cu_inst/qVec_7_reg[4]/C
                            (rising edge-triggered cell FDRE clocked by clk  {rise@0.000ns fall@5.000ns period=10.000ns})
  Destination:            atten/dm1/cu_inst/qCache/mem_ext/Memory_reg_0_7_112_125/RAMC/I
                            (rising edge-triggered cell RAMD32 clocked by clk  {rise@0.000ns fall@5.000ns period=10.000ns})
  Path Group:             clk
  Path Type:              Hold (Min at Fast Process Corner)
  Requirement:            0.000ns  (clk rise@0.000ns - clk rise@0.000ns)
  Data Path Delay:        0.124ns  (logic 0.038ns (30.645%)  route 0.086ns (69.355%))
  Logic Levels:           0  

    Location             Delay type                Incr(ns)  Path(ns)    Netlist Resource(s)
  -------------------------------------------------------------------    -------------------
                         (clock clk rise edge)        0.000     0.000 r  
                                                      0.000     0.000 r  clock (IN)
                         net (fo=803906, unset)       0.000     0.000    atten/dm1/cu_inst/clock
                         FDRE                                         r  atten/dm1/cu_inst/qVec_7_reg[4]/C
  -------------------------------------------------------------------    -------------------
                         FDRE (Prop_FDRE_C_Q)         0.038     0.038 r  atten/dm1/cu_inst/qVec_7_reg[4]/Q
                         net (fo=1, unplaced)         0.086     0.124    atten/dm1/cu_inst/qCache/mem_ext/Memory_reg_0_7_112_125/DIC0
                         RAMD32                                       r  atten/dm1/cu_inst/qCache/mem_ext/Memory_reg_0_7_112_125/RAMC/I
  -------------------------------------------------------------------    -------------------

                         (clock clk rise edge)        0.000     0.000 r  
                                                      0.000     0.000 r  clock (IN)
                         net (fo=803906, unset)       0.000     0.000    atten/dm1/cu_inst/qCache/mem_ext/Memory_reg_0_7_112_125/WCLK
                         RAMD32                                       r  atten/dm1/cu_inst/qCache/mem_ext/Memory_reg_0_7_112_125/RAMC/CLK
                         clock pessimism              0.000     0.000    
                         RAMD32 (Hold_RAMD32_CLK_I)
                                                      0.055     0.055    atten/dm1/cu_inst/qCache/mem_ext/Memory_reg_0_7_112_125/RAMC
  -------------------------------------------------------------------
                         required time                         -0.055    
                         arrival time                           0.124    
  -------------------------------------------------------------------
                         slack                                  0.069    

Slack (MET) :             0.069ns  (arrival time - required time)
  Source:                 atten/dm1/cu_inst/qVec_7_reg[10]/C
                            (rising edge-triggered cell FDRE clocked by clk  {rise@0.000ns fall@5.000ns period=10.000ns})
  Destination:            atten/dm1/cu_inst/qCache/mem_ext/Memory_reg_0_7_112_125/RAMF/I
                            (rising edge-triggered cell RAMD32 clocked by clk  {rise@0.000ns fall@5.000ns period=10.000ns})
  Path Group:             clk
  Path Type:              Hold (Min at Fast Process Corner)
  Requirement:            0.000ns  (clk rise@0.000ns - clk rise@0.000ns)
  Data Path Delay:        0.124ns  (logic 0.038ns (30.645%)  route 0.086ns (69.355%))
  Logic Levels:           0  

    Location             Delay type                Incr(ns)  Path(ns)    Netlist Resource(s)
  -------------------------------------------------------------------    -------------------
                         (clock clk rise edge)        0.000     0.000 r  
                                                      0.000     0.000 r  clock (IN)
                         net (fo=803906, unset)       0.000     0.000    atten/dm1/cu_inst/clock
                         FDRE                                         r  atten/dm1/cu_inst/qVec_7_reg[10]/C
  -------------------------------------------------------------------    -------------------
                         FDRE (Prop_FDRE_C_Q)         0.038     0.038 r  atten/dm1/cu_inst/qVec_7_reg[10]/Q
                         net (fo=1, unplaced)         0.086     0.124    atten/dm1/cu_inst/qCache/mem_ext/Memory_reg_0_7_112_125/DIF0
                         RAMD32                                       r  atten/dm1/cu_inst/qCache/mem_ext/Memory_reg_0_7_112_125/RAMF/I
  -------------------------------------------------------------------    -------------------

                         (clock clk rise edge)        0.000     0.000 r  
                                                      0.000     0.000 r  clock (IN)
                         net (fo=803906, unset)       0.000     0.000    atten/dm1/cu_inst/qCache/mem_ext/Memory_reg_0_7_112_125/WCLK
                         RAMD32                                       r  atten/dm1/cu_inst/qCache/mem_ext/Memory_reg_0_7_112_125/RAMF/CLK
                         clock pessimism              0.000     0.000    
                         RAMD32 (Hold_RAMD32_CLK_I)
                                                      0.055     0.055    atten/dm1/cu_inst/qCache/mem_ext/Memory_reg_0_7_112_125/RAMF
  -------------------------------------------------------------------
                         required time                         -0.055    
                         arrival time                           0.124    
  -------------------------------------------------------------------
                         slack                                  0.069    

Slack (MET) :             0.069ns  (arrival time - required time)
  Source:                 atten/dm1/cu_inst/qVec_7_reg[12]/C
                            (rising edge-triggered cell FDRE clocked by clk  {rise@0.000ns fall@5.000ns period=10.000ns})
  Destination:            atten/dm1/cu_inst/qCache/mem_ext/Memory_reg_0_7_112_125/RAMG/I
                            (rising edge-triggered cell RAMD32 clocked by clk  {rise@0.000ns fall@5.000ns period=10.000ns})
  Path Group:             clk
  Path Type:              Hold (Min at Fast Process Corner)
  Requirement:            0.000ns  (clk rise@0.000ns - clk rise@0.000ns)
  Data Path Delay:        0.124ns  (logic 0.038ns (30.645%)  route 0.086ns (69.355%))
  Logic Levels:           0  

    Location             Delay type                Incr(ns)  Path(ns)    Netlist Resource(s)
  -------------------------------------------------------------------    -------------------
                         (clock clk rise edge)        0.000     0.000 r  
                                                      0.000     0.000 r  clock (IN)
                         net (fo=803906, unset)       0.000     0.000    atten/dm1/cu_inst/clock
                         FDRE                                         r  atten/dm1/cu_inst/qVec_7_reg[12]/C
  -------------------------------------------------------------------    -------------------
                         FDRE (Prop_FDRE_C_Q)         0.038     0.038 r  atten/dm1/cu_inst/qVec_7_reg[12]/Q
                         net (fo=1, unplaced)         0.086     0.124    atten/dm1/cu_inst/qCache/mem_ext/Memory_reg_0_7_112_125/DIG0
                         RAMD32                                       r  atten/dm1/cu_inst/qCache/mem_ext/Memory_reg_0_7_112_125/RAMG/I
  -------------------------------------------------------------------    -------------------

                         (clock clk rise edge)        0.000     0.000 r  
                                                      0.000     0.000 r  clock (IN)
                         net (fo=803906, unset)       0.000     0.000    atten/dm1/cu_inst/qCache/mem_ext/Memory_reg_0_7_112_125/WCLK
                         RAMD32                                       r  atten/dm1/cu_inst/qCache/mem_ext/Memory_reg_0_7_112_125/RAMG/CLK
                         clock pessimism              0.000     0.000    
                         RAMD32 (Hold_RAMD32_CLK_I)
                                                      0.055     0.055    atten/dm1/cu_inst/qCache/mem_ext/Memory_reg_0_7_112_125/RAMG
  -------------------------------------------------------------------
                         required time                         -0.055    
                         arrival time                           0.124    
  -------------------------------------------------------------------
                         slack                                  0.069    

Slack (MET) :             0.069ns  (arrival time - required time)
  Source:                 atten/dm1/cu_inst/qVec_8_reg[2]/C
                            (rising edge-triggered cell FDRE clocked by clk  {rise@0.000ns fall@5.000ns period=10.000ns})
  Destination:            atten/dm1/cu_inst/qCache/mem_ext/Memory_reg_0_7_126_139/RAMC/I
                            (rising edge-triggered cell RAMD32 clocked by clk  {rise@0.000ns fall@5.000ns period=10.000ns})
  Path Group:             clk
  Path Type:              Hold (Min at Fast Process Corner)
  Requirement:            0.000ns  (clk rise@0.000ns - clk rise@0.000ns)
  Data Path Delay:        0.124ns  (logic 0.038ns (30.645%)  route 0.086ns (69.355%))
  Logic Levels:           0  

    Location             Delay type                Incr(ns)  Path(ns)    Netlist Resource(s)
  -------------------------------------------------------------------    -------------------
                         (clock clk rise edge)        0.000     0.000 r  
                                                      0.000     0.000 r  clock (IN)
                         net (fo=803906, unset)       0.000     0.000    atten/dm1/cu_inst/clock
                         FDRE                                         r  atten/dm1/cu_inst/qVec_8_reg[2]/C
  -------------------------------------------------------------------    -------------------
                         FDRE (Prop_FDRE_C_Q)         0.038     0.038 r  atten/dm1/cu_inst/qVec_8_reg[2]/Q
                         net (fo=1, unplaced)         0.086     0.124    atten/dm1/cu_inst/qCache/mem_ext/Memory_reg_0_7_126_139/DIC0
                         RAMD32                                       r  atten/dm1/cu_inst/qCache/mem_ext/Memory_reg_0_7_126_139/RAMC/I
  -------------------------------------------------------------------    -------------------

                         (clock clk rise edge)        0.000     0.000 r  
                                                      0.000     0.000 r  clock (IN)
                         net (fo=803906, unset)       0.000     0.000    atten/dm1/cu_inst/qCache/mem_ext/Memory_reg_0_7_126_139/WCLK
                         RAMD32                                       r  atten/dm1/cu_inst/qCache/mem_ext/Memory_reg_0_7_126_139/RAMC/CLK
                         clock pessimism              0.000     0.000    
                         RAMD32 (Hold_RAMD32_CLK_I)
                                                      0.055     0.055    atten/dm1/cu_inst/qCache/mem_ext/Memory_reg_0_7_126_139/RAMC
  -------------------------------------------------------------------
                         required time                         -0.055    
                         arrival time                           0.124    
  -------------------------------------------------------------------
                         slack                                  0.069    

Slack (MET) :             0.069ns  (arrival time - required time)
  Source:                 atten/dm1/cu_inst/qVec_8_reg[8]/C
                            (rising edge-triggered cell FDRE clocked by clk  {rise@0.000ns fall@5.000ns period=10.000ns})
  Destination:            atten/dm1/cu_inst/qCache/mem_ext/Memory_reg_0_7_126_139/RAMF/I
                            (rising edge-triggered cell RAMD32 clocked by clk  {rise@0.000ns fall@5.000ns period=10.000ns})
  Path Group:             clk
  Path Type:              Hold (Min at Fast Process Corner)
  Requirement:            0.000ns  (clk rise@0.000ns - clk rise@0.000ns)
  Data Path Delay:        0.124ns  (logic 0.038ns (30.645%)  route 0.086ns (69.355%))
  Logic Levels:           0  

    Location             Delay type                Incr(ns)  Path(ns)    Netlist Resource(s)
  -------------------------------------------------------------------    -------------------
                         (clock clk rise edge)        0.000     0.000 r  
                                                      0.000     0.000 r  clock (IN)
                         net (fo=803906, unset)       0.000     0.000    atten/dm1/cu_inst/clock
                         FDRE                                         r  atten/dm1/cu_inst/qVec_8_reg[8]/C
  -------------------------------------------------------------------    -------------------
                         FDRE (Prop_FDRE_C_Q)         0.038     0.038 r  atten/dm1/cu_inst/qVec_8_reg[8]/Q
                         net (fo=1, unplaced)         0.086     0.124    atten/dm1/cu_inst/qCache/mem_ext/Memory_reg_0_7_126_139/DIF0
                         RAMD32                                       r  atten/dm1/cu_inst/qCache/mem_ext/Memory_reg_0_7_126_139/RAMF/I
  -------------------------------------------------------------------    -------------------

                         (clock clk rise edge)        0.000     0.000 r  
                                                      0.000     0.000 r  clock (IN)
                         net (fo=803906, unset)       0.000     0.000    atten/dm1/cu_inst/qCache/mem_ext/Memory_reg_0_7_126_139/WCLK
                         RAMD32                                       r  atten/dm1/cu_inst/qCache/mem_ext/Memory_reg_0_7_126_139/RAMF/CLK
                         clock pessimism              0.000     0.000    
                         RAMD32 (Hold_RAMD32_CLK_I)
                                                      0.055     0.055    atten/dm1/cu_inst/qCache/mem_ext/Memory_reg_0_7_126_139/RAMF
  -------------------------------------------------------------------
                         required time                         -0.055    
                         arrival time                           0.124    
  -------------------------------------------------------------------
                         slack                                  0.069    

Slack (MET) :             0.069ns  (arrival time - required time)
  Source:                 atten/dm1/cu_inst/qVec_8_reg[10]/C
                            (rising edge-triggered cell FDRE clocked by clk  {rise@0.000ns fall@5.000ns period=10.000ns})
  Destination:            atten/dm1/cu_inst/qCache/mem_ext/Memory_reg_0_7_126_139/RAMG/I
                            (rising edge-triggered cell RAMD32 clocked by clk  {rise@0.000ns fall@5.000ns period=10.000ns})
  Path Group:             clk
  Path Type:              Hold (Min at Fast Process Corner)
  Requirement:            0.000ns  (clk rise@0.000ns - clk rise@0.000ns)
  Data Path Delay:        0.124ns  (logic 0.038ns (30.645%)  route 0.086ns (69.355%))
  Logic Levels:           0  

    Location             Delay type                Incr(ns)  Path(ns)    Netlist Resource(s)
  -------------------------------------------------------------------    -------------------
                         (clock clk rise edge)        0.000     0.000 r  
                                                      0.000     0.000 r  clock (IN)
                         net (fo=803906, unset)       0.000     0.000    atten/dm1/cu_inst/clock
                         FDRE                                         r  atten/dm1/cu_inst/qVec_8_reg[10]/C
  -------------------------------------------------------------------    -------------------
                         FDRE (Prop_FDRE_C_Q)         0.038     0.038 r  atten/dm1/cu_inst/qVec_8_reg[10]/Q
                         net (fo=1, unplaced)         0.086     0.124    atten/dm1/cu_inst/qCache/mem_ext/Memory_reg_0_7_126_139/DIG0
                         RAMD32                                       r  atten/dm1/cu_inst/qCache/mem_ext/Memory_reg_0_7_126_139/RAMG/I
  -------------------------------------------------------------------    -------------------

                         (clock clk rise edge)        0.000     0.000 r  
                                                      0.000     0.000 r  clock (IN)
                         net (fo=803906, unset)       0.000     0.000    atten/dm1/cu_inst/qCache/mem_ext/Memory_reg_0_7_126_139/WCLK
                         RAMD32                                       r  atten/dm1/cu_inst/qCache/mem_ext/Memory_reg_0_7_126_139/RAMG/CLK
                         clock pessimism              0.000     0.000    
                         RAMD32 (Hold_RAMD32_CLK_I)
                                                      0.055     0.055    atten/dm1/cu_inst/qCache/mem_ext/Memory_reg_0_7_126_139/RAMG
  -------------------------------------------------------------------
                         required time                         -0.055    
                         arrival time                           0.124    
  -------------------------------------------------------------------
                         slack                                  0.069    

Slack (MET) :             0.069ns  (arrival time - required time)
  Source:                 atten/dm1/cu_inst/qVec_9_reg[0]/C
                            (rising edge-triggered cell FDRE clocked by clk  {rise@0.000ns fall@5.000ns period=10.000ns})
  Destination:            atten/dm1/cu_inst/qCache/mem_ext/Memory_reg_0_7_140_153/RAMC/I
                            (rising edge-triggered cell RAMD32 clocked by clk  {rise@0.000ns fall@5.000ns period=10.000ns})
  Path Group:             clk
  Path Type:              Hold (Min at Fast Process Corner)
  Requirement:            0.000ns  (clk rise@0.000ns - clk rise@0.000ns)
  Data Path Delay:        0.124ns  (logic 0.038ns (30.645%)  route 0.086ns (69.355%))
  Logic Levels:           0  

    Location             Delay type                Incr(ns)  Path(ns)    Netlist Resource(s)
  -------------------------------------------------------------------    -------------------
                         (clock clk rise edge)        0.000     0.000 r  
                                                      0.000     0.000 r  clock (IN)
                         net (fo=803906, unset)       0.000     0.000    atten/dm1/cu_inst/clock
                         FDRE                                         r  atten/dm1/cu_inst/qVec_9_reg[0]/C
  -------------------------------------------------------------------    -------------------
                         FDRE (Prop_FDRE_C_Q)         0.038     0.038 r  atten/dm1/cu_inst/qVec_9_reg[0]/Q
                         net (fo=1, unplaced)         0.086     0.124    atten/dm1/cu_inst/qCache/mem_ext/Memory_reg_0_7_140_153/DIC0
                         RAMD32                                       r  atten/dm1/cu_inst/qCache/mem_ext/Memory_reg_0_7_140_153/RAMC/I
  -------------------------------------------------------------------    -------------------

                         (clock clk rise edge)        0.000     0.000 r  
                                                      0.000     0.000 r  clock (IN)
                         net (fo=803906, unset)       0.000     0.000    atten/dm1/cu_inst/qCache/mem_ext/Memory_reg_0_7_140_153/WCLK
                         RAMD32                                       r  atten/dm1/cu_inst/qCache/mem_ext/Memory_reg_0_7_140_153/RAMC/CLK
                         clock pessimism              0.000     0.000    
                         RAMD32 (Hold_RAMD32_CLK_I)
                                                      0.055     0.055    atten/dm1/cu_inst/qCache/mem_ext/Memory_reg_0_7_140_153/RAMC
  -------------------------------------------------------------------
                         required time                         -0.055    
                         arrival time                           0.124    
  -------------------------------------------------------------------
                         slack                                  0.069    





Pulse Width Checks
--------------------------------------------------------------------------------------
Clock Name:         clk
Waveform(ns):       { 0.000 5.000 }
Period(ns):         10.000
Sources:            { clock }

Check Type        Corner  Lib Pin      Reference Pin  Required(ns)  Actual(ns)  Slack(ns)  Location  Pin
Min Period        n/a     URAM288/CLK  n/a            2.000         10.000      8.000                atten/dm2/dmInst/vCache/mem_ext/Memory_reg_uram_0/CLK
Min Period        n/a     URAM288/CLK  n/a            2.000         10.000      8.000                atten/dm2/dmInst/vCache/mem_ext/Memory_reg_uram_1/CLK
Min Period        n/a     URAM288/CLK  n/a            2.000         10.000      8.000                atten/dm2/dmInst/vCache/mem_ext/Memory_reg_uram_2/CLK
Min Period        n/a     URAM288/CLK  n/a            2.000         10.000      8.000                atten/dm2/dmInst/vCache/mem_ext/Memory_reg_uram_3/CLK
Min Period        n/a     URAM288/CLK  n/a            2.000         10.000      8.000                atten/dm2/dmInst/vCache/mem_ext/Memory_reg_uram_4/CLK
Min Period        n/a     URAM288/CLK  n/a            2.000         10.000      8.000                atten/dm2/dmInst/vCache/mem_ext/Memory_reg_uram_5/CLK
Min Period        n/a     URAM288/CLK  n/a            2.000         10.000      8.000                atten/dm2/dmInst/vCache/mem_ext/Memory_reg_uram_6/CLK
Min Period        n/a     URAM288/CLK  n/a            2.000         10.000      8.000                atten/dm2/dmInst/vCache/mem_ext/Memory_reg_uram_7/CLK
Min Period        n/a     URAM288/CLK  n/a            2.000         10.000      8.000                atten/softmax/memInst/mem/mem_ext/Memory_reg_uram_0/CLK
Min Period        n/a     URAM288/CLK  n/a            2.000         10.000      8.000                atten/softmax/memInst/mem/mem_ext/Memory_reg_uram_1/CLK
Low Pulse Width   Slow    URAM288/CLK  n/a            0.700         5.000       4.300                atten/dm2/dmInst/vCache/mem_ext/Memory_reg_uram_0/CLK
Low Pulse Width   Fast    URAM288/CLK  n/a            0.700         5.000       4.300                atten/dm2/dmInst/vCache/mem_ext/Memory_reg_uram_0/CLK
Low Pulse Width   Slow    URAM288/CLK  n/a            0.700         5.000       4.300                atten/dm2/dmInst/vCache/mem_ext/Memory_reg_uram_1/CLK
Low Pulse Width   Fast    URAM288/CLK  n/a            0.700         5.000       4.300                atten/dm2/dmInst/vCache/mem_ext/Memory_reg_uram_1/CLK
Low Pulse Width   Slow    URAM288/CLK  n/a            0.700         5.000       4.300                atten/dm2/dmInst/vCache/mem_ext/Memory_reg_uram_2/CLK
Low Pulse Width   Fast    URAM288/CLK  n/a            0.700         5.000       4.300                atten/dm2/dmInst/vCache/mem_ext/Memory_reg_uram_2/CLK
Low Pulse Width   Slow    URAM288/CLK  n/a            0.700         5.000       4.300                atten/dm2/dmInst/vCache/mem_ext/Memory_reg_uram_3/CLK
Low Pulse Width   Fast    URAM288/CLK  n/a            0.700         5.000       4.300                atten/dm2/dmInst/vCache/mem_ext/Memory_reg_uram_3/CLK
Low Pulse Width   Slow    URAM288/CLK  n/a            0.700         5.000       4.300                atten/dm2/dmInst/vCache/mem_ext/Memory_reg_uram_4/CLK
Low Pulse Width   Fast    URAM288/CLK  n/a            0.700         5.000       4.300                atten/dm2/dmInst/vCache/mem_ext/Memory_reg_uram_4/CLK
High Pulse Width  Slow    URAM288/CLK  n/a            0.700         5.000       4.300                atten/dm2/dmInst/vCache/mem_ext/Memory_reg_uram_0/CLK
High Pulse Width  Fast    URAM288/CLK  n/a            0.700         5.000       4.300                atten/dm2/dmInst/vCache/mem_ext/Memory_reg_uram_0/CLK
High Pulse Width  Slow    URAM288/CLK  n/a            0.700         5.000       4.300                atten/dm2/dmInst/vCache/mem_ext/Memory_reg_uram_1/CLK
High Pulse Width  Fast    URAM288/CLK  n/a            0.700         5.000       4.300                atten/dm2/dmInst/vCache/mem_ext/Memory_reg_uram_1/CLK
High Pulse Width  Slow    URAM288/CLK  n/a            0.700         5.000       4.300                atten/dm2/dmInst/vCache/mem_ext/Memory_reg_uram_2/CLK
High Pulse Width  Fast    URAM288/CLK  n/a            0.700         5.000       4.300                atten/dm2/dmInst/vCache/mem_ext/Memory_reg_uram_2/CLK
High Pulse Width  Slow    URAM288/CLK  n/a            0.700         5.000       4.300                atten/dm2/dmInst/vCache/mem_ext/Memory_reg_uram_3/CLK
High Pulse Width  Fast    URAM288/CLK  n/a            0.700         5.000       4.300                atten/dm2/dmInst/vCache/mem_ext/Memory_reg_uram_3/CLK
High Pulse Width  Slow    URAM288/CLK  n/a            0.700         5.000       4.300                atten/dm2/dmInst/vCache/mem_ext/Memory_reg_uram_4/CLK
High Pulse Width  Fast    URAM288/CLK  n/a            0.700         5.000       4.300                atten/dm2/dmInst/vCache/mem_ext/Memory_reg_uram_4/CLK



