Copyright 1986-2021 Xilinx, Inc. All Rights Reserved.
----------------------------------------------------------------------------------------------------
| Tool Version : Vivado v.2021.1 (lin64) Build 3247384 Thu Jun 10 19:36:07 MDT 2021
| Date         : Tue Mar 24 09:03:15 2026
| Host         : dsic-h3c-server03 running 64-bit CentOS Linux release 7.9.2009 (Core)
| Command      : report_utilization -file utilization_fixed.rpt -hierarchical -hierarchical_depth 5
| Design       : Top
| Device       : xcvu9pflga2104-2
| Design State : Synthesized
----------------------------------------------------------------------------------------------------

Utilization Design Information

Table of Contents
-----------------
1. Utilization by Hierarchy

1. Utilization by Hierarchy
---------------------------

+--------------------------------+---------------------------------------------+------------+------------+---------+------+--------+--------+--------+------+------------+
|            Instance            |                    Module                   | Total LUTs | Logic LUTs | LUTRAMs | SRLs |   FFs  | RAMB36 | RAMB18 | URAM | DSP Blocks |
+--------------------------------+---------------------------------------------+------------+------------+---------+------+--------+--------+--------+------+------------+
| Top                            |                                       (top) |     908899 |     908568 |     296 |   35 | 791966 |    148 |     15 |  254 |       2325 |
|   (Top)                        |                                       (top) |          1 |          1 |       0 |    0 |     11 |      0 |      0 |    0 |          0 |
|   atten                        |                                       Atten |     107996 |     107685 |     296 |   15 |  17905 |     26 |      5 |   20 |        294 |
|     (atten)                    |                                       Atten |          1 |          1 |       0 |    0 |      0 |      0 |      0 |    0 |          0 |
|     dm1                        |                                     DM1FP32 |      23388 |      23084 |     296 |    8 |   2535 |     16 |      1 |    0 |         84 |
|       (dm1)                    |                                     DM1FP32 |          0 |          0 |       0 |    0 |      0 |      0 |      0 |    0 |          0 |
|       cu_inst                  |                                DMCUPlusFP32 |      23353 |      23049 |     296 |    8 |   2501 |     14 |      1 |    0 |         84 |
|         (cu_inst)              |                                DMCUPlusFP32 |       1129 |       1129 |       0 |    0 |   1937 |      0 |      0 |    0 |          0 |
|         acc_first_pipreg       |                                 PipReg_7__1 |          1 |          0 |       0 |    1 |      1 |      0 |      0 |    0 |          0 |
|         acc_update_pipreg      |                                    PipReg_7 |          1 |          0 |       0 |    1 |      1 |      0 |      0 |    0 |          0 |
|         acc_valid_pipreg       |                                    PipReg_9 |          1 |          0 |       0 |    1 |      1 |      0 |      0 |    0 |          0 |
|         addtree                |                          SignedAddTree32_36 |        522 |        522 |       0 |    0 |    553 |      0 |      0 |    0 |          0 |
|         kCache                 |                                   R1W1Mem_1 |          0 |          0 |       0 |    0 |      0 |     14 |      1 |    0 |          0 |
|           (kCache)             |                                   R1W1Mem_1 |          0 |          0 |       0 |    0 |      0 |      0 |      0 |    0 |          0 |
|           mem_ext              |                                 mem_832x512 |          0 |          0 |       0 |    0 |      0 |     14 |      1 |    0 |          0 |
|         mullist_0              |         SignedMultiplierInt8_432__xdcDup__1 |          0 |          0 |       0 |    0 |      0 |      0 |      0 |    0 |          1 |
|         mullist_1              |         SignedMultiplierInt8_432__xdcDup__2 |          0 |          0 |       0 |    0 |      0 |      0 |      0 |    0 |          1 |
|         mullist_10             |         SignedMultiplierInt8_432__xdcDup__3 |          0 |          0 |       0 |    0 |      0 |      0 |      0 |    0 |          1 |
|         mullist_11             |         SignedMultiplierInt8_432__xdcDup__4 |          0 |          0 |       0 |    0 |      0 |      0 |      0 |    0 |          1 |
|         mullist_12             |         SignedMultiplierInt8_432__xdcDup__5 |          0 |          0 |       0 |    0 |      0 |      0 |      0 |    0 |          1 |
|         mullist_13             |         SignedMultiplierInt8_432__xdcDup__6 |          0 |          0 |       0 |    0 |      0 |      0 |      0 |    0 |          1 |
|         mullist_14             |         SignedMultiplierInt8_432__xdcDup__7 |          0 |          0 |       0 |    0 |      0 |      0 |      0 |    0 |          1 |
|         mullist_15             |         SignedMultiplierInt8_432__xdcDup__8 |          0 |          0 |       0 |    0 |      0 |      0 |      0 |    0 |          1 |
|         mullist_16             |         SignedMultiplierInt8_432__xdcDup__9 |          0 |          0 |       0 |    0 |      0 |      0 |      0 |    0 |          1 |
|         mullist_17             |        SignedMultiplierInt8_432__xdcDup__10 |          0 |          0 |       0 |    0 |      0 |      0 |      0 |    0 |          1 |
|         mullist_18             |        SignedMultiplierInt8_432__xdcDup__11 |          0 |          0 |       0 |    0 |      0 |      0 |      0 |    0 |          1 |
|         mullist_19             |        SignedMultiplierInt8_432__xdcDup__12 |          0 |          0 |       0 |    0 |      0 |      0 |      0 |    0 |          1 |
|         mullist_2              |        SignedMultiplierInt8_432__xdcDup__13 |          0 |          0 |       0 |    0 |      0 |      0 |      0 |    0 |          1 |
|         mullist_20             |        SignedMultiplierInt8_432__xdcDup__14 |          0 |          0 |       0 |    0 |      0 |      0 |      0 |    0 |          1 |
|         mullist_21             |        SignedMultiplierInt8_432__xdcDup__15 |          0 |          0 |       0 |    0 |      0 |      0 |      0 |    0 |          1 |
|         mullist_22             |        SignedMultiplierInt8_432__xdcDup__16 |          0 |          0 |       0 |    0 |      0 |      0 |      0 |    0 |          1 |
|         mullist_23             |        SignedMultiplierInt8_432__xdcDup__17 |          0 |          0 |       0 |    0 |      0 |      0 |      0 |    0 |          1 |
|         mullist_24             |        SignedMultiplierInt8_432__xdcDup__18 |          0 |          0 |       0 |    0 |      0 |      0 |      0 |    0 |          1 |
|         mullist_25             |        SignedMultiplierInt8_432__xdcDup__19 |          0 |          0 |       0 |    0 |      0 |      0 |      0 |    0 |          1 |
|         mullist_26             |        SignedMultiplierInt8_432__xdcDup__20 |          0 |          0 |       0 |    0 |      0 |      0 |      0 |    0 |          1 |
|         mullist_27             |        SignedMultiplierInt8_432__xdcDup__21 |          0 |          0 |       0 |    0 |      0 |      0 |      0 |    0 |          1 |
|         mullist_28             |        SignedMultiplierInt8_432__xdcDup__22 |          0 |          0 |       0 |    0 |      0 |      0 |      0 |    0 |          1 |
|         mullist_29             |        SignedMultiplierInt8_432__xdcDup__23 |          0 |          0 |       0 |    0 |      0 |      0 |      0 |    0 |          1 |
|         mullist_3              |        SignedMultiplierInt8_432__xdcDup__24 |          0 |          0 |       0 |    0 |      0 |      0 |      0 |    0 |          1 |
|         mullist_30             |        SignedMultiplierInt8_432__xdcDup__25 |          0 |          0 |       0 |    0 |      0 |      0 |      0 |    0 |          1 |
|         mullist_31             |        SignedMultiplierInt8_432__xdcDup__26 |          0 |          0 |       0 |    0 |      0 |      0 |      0 |    0 |          1 |
|         mullist_4              |        SignedMultiplierInt8_432__xdcDup__27 |          0 |          0 |       0 |    0 |      0 |      0 |      0 |    0 |          1 |
|         mullist_5              |        SignedMultiplierInt8_432__xdcDup__28 |          0 |          0 |       0 |    0 |      0 |      0 |      0 |    0 |          1 |
|         mullist_6              |        SignedMultiplierInt8_432__xdcDup__29 |          0 |          0 |       0 |    0 |      0 |      0 |      0 |    0 |          1 |
|         mullist_7              |        SignedMultiplierInt8_432__xdcDup__30 |          0 |          0 |       0 |    0 |      0 |      0 |      0 |    0 |          1 |
|         mullist_8              |        SignedMultiplierInt8_432__xdcDup__31 |          0 |          0 |       0 |    0 |      0 |      0 |      0 |    0 |          1 |
|         mullist_9              |                    SignedMultiplierInt8_432 |          0 |          0 |       0 |    0 |      0 |      0 |      0 |    0 |          1 |
|         qCache                 |                                     R1W1Mem |        296 |          0 |     296 |    0 |      3 |      0 |      0 |    0 |          0 |
|           (qCache)             |                                     R1W1Mem |          0 |          0 |       0 |    0 |      0 |      0 |      0 |    0 |          0 |
|           mem_ext              |                                   mem_8x512 |        296 |          0 |     296 |    0 |      3 |      0 |      0 |    0 |          0 |
|         res_ksel_pipreg        |                                   PipReg_10 |          5 |          0 |       0 |    5 |      5 |      0 |      0 |    0 |          0 |
|         toFp                   |                              Int32VecToFp32 |      21398 |      21398 |       0 |    0 |      0 |      0 |      0 |    0 |         52 |
|           mul                  |                                 Fp32Mul__89 |        502 |        502 |       0 |    0 |      0 |      0 |      0 |    0 |          2 |
|           mul_1                |                                 Fp32Mul__88 |        502 |        502 |       0 |    0 |      0 |      0 |      0 |    0 |          2 |
|           mul_10               |                                 Fp32Mul__75 |        502 |        502 |       0 |    0 |      0 |      0 |      0 |    0 |          2 |
|           mul_11               |                                 Fp32Mul__74 |        502 |        502 |       0 |    0 |      0 |      0 |      0 |    0 |          2 |
|           mul_12               |                                 Fp32Mul__73 |        502 |        502 |       0 |    0 |      0 |      0 |      0 |    0 |          2 |
|           mul_13               |                                 Fp32Mul__78 |        502 |        502 |       0 |    0 |      0 |      0 |      0 |    0 |          2 |
|           mul_14               |                                 Fp32Mul__79 |        502 |        502 |       0 |    0 |      0 |      0 |      0 |    0 |          2 |
|           mul_15               |                                 Fp32Mul__72 |        502 |        502 |       0 |    0 |      0 |      0 |      0 |    0 |          2 |
|           mul_16               |                                 Fp32Mul__71 |        502 |        502 |       0 |    0 |      0 |      0 |      0 |    0 |          2 |
|           mul_17               |                                 Fp32Mul__70 |        502 |        502 |       0 |    0 |      0 |      0 |      0 |    0 |          2 |
|           mul_18               |                                 Fp32Mul__83 |        502 |        502 |       0 |    0 |      0 |      0 |      0 |    0 |          2 |
|           mul_19               |                                 Fp32Mul__84 |        502 |        502 |       0 |    0 |      0 |      0 |      0 |    0 |          2 |
|           mul_2                |                                 Fp32Mul__87 |        502 |        502 |       0 |    0 |      0 |      0 |      0 |    0 |          2 |
|           mul_20               |                                 Fp32Mul__69 |        502 |        502 |       0 |    0 |      0 |      0 |      0 |    0 |          2 |
|           mul_21               |                                 Fp32Mul__68 |        502 |        502 |       0 |    0 |      0 |      0 |      0 |    0 |          2 |
|           mul_22               |                                 Fp32Mul__67 |        502 |        502 |       0 |    0 |      0 |      0 |      0 |    0 |          2 |
|           mul_23               |                                 Fp32Mul__66 |        502 |        502 |       0 |    0 |      0 |      0 |      0 |    0 |          2 |
|           mul_24               |                                 Fp32Mul__65 |        502 |        502 |       0 |    0 |      0 |      0 |      0 |    0 |          2 |
|           mul_25               |                                 Fp32Mul__90 |        502 |        502 |       0 |    0 |      0 |      0 |      0 |    0 |          2 |
|           mul_3                |                                 Fp32Mul__86 |        502 |        502 |       0 |    0 |      0 |      0 |      0 |    0 |          2 |
|           mul_4                |                                 Fp32Mul__85 |        502 |        502 |       0 |    0 |      0 |      0 |      0 |    0 |          2 |
|           mul_5                |                                 Fp32Mul__82 |        502 |        502 |       0 |    0 |      0 |      0 |      0 |    0 |          2 |
|           mul_6                |                                 Fp32Mul__81 |        502 |        502 |       0 |    0 |      0 |      0 |      0 |    0 |          2 |
|           mul_7                |                                 Fp32Mul__80 |        502 |        502 |       0 |    0 |      0 |      0 |      0 |    0 |          2 |
|           mul_8                |                                 Fp32Mul__77 |        502 |        502 |       0 |    0 |      0 |      0 |      0 |    0 |          2 |
|           mul_9                |                                 Fp32Mul__76 |        502 |        502 |       0 |    0 |      0 |      0 |      0 |    0 |          2 |
|           toFp                 |                             Int32ToFp32__38 |        321 |        321 |       0 |    0 |      0 |      0 |      0 |    0 |          0 |
|           toFp_1               |                             Int32ToFp32__37 |        321 |        321 |       0 |    0 |      0 |      0 |      0 |    0 |          0 |
|           toFp_10              |                             Int32ToFp32__24 |        321 |        321 |       0 |    0 |      0 |      0 |      0 |    0 |          0 |
|           toFp_11              |                             Int32ToFp32__23 |        321 |        321 |       0 |    0 |      0 |      0 |      0 |    0 |          0 |
|           toFp_12              |                             Int32ToFp32__22 |        321 |        321 |       0 |    0 |      0 |      0 |      0 |    0 |          0 |
|           toFp_13              |                             Int32ToFp32__27 |        321 |        321 |       0 |    0 |      0 |      0 |      0 |    0 |          0 |
|           toFp_14              |                             Int32ToFp32__28 |        321 |        321 |       0 |    0 |      0 |      0 |      0 |    0 |          0 |
|           toFp_15              |                             Int32ToFp32__21 |        321 |        321 |       0 |    0 |      0 |      0 |      0 |    0 |          0 |
|           toFp_16              |                             Int32ToFp32__20 |        321 |        321 |       0 |    0 |      0 |      0 |      0 |    0 |          0 |
|           toFp_17              |                             Int32ToFp32__19 |        321 |        321 |       0 |    0 |      0 |      0 |      0 |    0 |          0 |
|           toFp_18              |                             Int32ToFp32__32 |        321 |        321 |       0 |    0 |      0 |      0 |      0 |    0 |          0 |
|           toFp_19              |                             Int32ToFp32__33 |        321 |        321 |       0 |    0 |      0 |      0 |      0 |    0 |          0 |
|           toFp_2               |                             Int32ToFp32__36 |        321 |        321 |       0 |    0 |      0 |      0 |      0 |    0 |          0 |
|           toFp_20              |                             Int32ToFp32__18 |        321 |        321 |       0 |    0 |      0 |      0 |      0 |    0 |          0 |
|           toFp_21              |                             Int32ToFp32__17 |        321 |        321 |       0 |    0 |      0 |      0 |      0 |    0 |          0 |
|           toFp_22              |                             Int32ToFp32__16 |        321 |        321 |       0 |    0 |      0 |      0 |      0 |    0 |          0 |
|           toFp_23              |                             Int32ToFp32__15 |        321 |        321 |       0 |    0 |      0 |      0 |      0 |    0 |          0 |
|           toFp_24              |                             Int32ToFp32__14 |        321 |        321 |       0 |    0 |      0 |      0 |      0 |    0 |          0 |
|           toFp_25              |                             Int32ToFp32__39 |        321 |        321 |       0 |    0 |      0 |      0 |      0 |    0 |          0 |
|           toFp_3               |                             Int32ToFp32__35 |        321 |        321 |       0 |    0 |      0 |      0 |      0 |    0 |          0 |
|           toFp_4               |                             Int32ToFp32__34 |        321 |        321 |       0 |    0 |      0 |      0 |      0 |    0 |          0 |
|           toFp_5               |                             Int32ToFp32__31 |        321 |        321 |       0 |    0 |      0 |      0 |      0 |    0 |          0 |
|           toFp_6               |                             Int32ToFp32__30 |        321 |        321 |       0 |    0 |      0 |      0 |      0 |    0 |          0 |
|           toFp_7               |                             Int32ToFp32__29 |        321 |        321 |       0 |    0 |      0 |      0 |      0 |    0 |          0 |
|           toFp_8               |                             Int32ToFp32__26 |        321 |        321 |       0 |    0 |      0 |      0 |      0 |    0 |          0 |
|           toFp_9               |                             Int32ToFp32__25 |        321 |        321 |       0 |    0 |      0 |      0 |      0 |    0 |          0 |
|       lu_inst                  |                                  LoadUnit_1 |         20 |         20 |       0 |    0 |     17 |      0 |      0 |    0 |          0 |
|       mem_inst                 |                                   DataMem_1 |          9 |          9 |       0 |    0 |      8 |      2 |      0 |    0 |          0 |
|         (mem_inst)             |                                   DataMem_1 |          9 |          9 |       0 |    0 |      8 |      0 |      0 |    0 |          0 |
|         mem                    |                                   R1W1Mem_2 |          0 |          0 |       0 |    0 |      0 |      2 |      0 |    0 |          0 |
|           (mem)                |                                   R1W1Mem_2 |          0 |          0 |       0 |    0 |      0 |      0 |      0 |    0 |          0 |
|           mem_ext              |                                 mem_2048x32 |          0 |          0 |       0 |    0 |      0 |      2 |      0 |    0 |          0 |
|       su_inst                  |                               StoreUnitFP32 |          6 |          6 |       0 |    0 |      9 |      0 |      0 |    0 |          0 |
|     dm2                        |                                    DM2Quant |      47879 |      47872 |       0 |    7 |  14732 |     10 |      1 |    8 |         80 |
|       (dm2)                    |                                    DM2Quant |          0 |          0 |       0 |    0 |      0 |      0 |      0 |    0 |          0 |
|       ctxQuant                 |                      Fp32QuantizeToUInt8Vec |      42168 |      42168 |       0 |    0 |      0 |      0 |      0 |    0 |         52 |
|         (ctxQuant)             |                      Fp32QuantizeToUInt8Vec |          0 |          0 |       0 |    0 |      0 |      0 |      0 |    0 |          0 |
|         add                    |                                 Fp32Add__51 |        961 |        961 |       0 |    0 |      0 |      0 |      0 |    0 |          0 |
|           (add)                |                                 Fp32Add__51 |        284 |        284 |       0 |    0 |      0 |      0 |      0 |    0 |          0 |
|           add                  |                                AddRecFN__65 |        677 |        677 |       0 |    0 |      0 |      0 |      0 |    0 |          0 |
|         add_1                  |                                 Fp32Add__52 |        961 |        961 |       0 |    0 |      0 |      0 |      0 |    0 |          0 |
|           (add_1)              |                                 Fp32Add__52 |        284 |        284 |       0 |    0 |      0 |      0 |      0 |    0 |          0 |
|           add                  |                                AddRecFN__66 |        677 |        677 |       0 |    0 |      0 |      0 |      0 |    0 |          0 |
|         add_10                 |                                 Fp32Add__61 |        961 |        961 |       0 |    0 |      0 |      0 |      0 |    0 |          0 |
|           (add_10)             |                                 Fp32Add__61 |        284 |        284 |       0 |    0 |      0 |      0 |      0 |    0 |          0 |
|           add                  |                                AddRecFN__75 |        677 |        677 |       0 |    0 |      0 |      0 |      0 |    0 |          0 |
|         add_11                 |                                 Fp32Add__62 |        961 |        961 |       0 |    0 |      0 |      0 |      0 |    0 |          0 |
|           (add_11)             |                                 Fp32Add__62 |        284 |        284 |       0 |    0 |      0 |      0 |      0 |    0 |          0 |
|           add                  |                                AddRecFN__76 |        677 |        677 |       0 |    0 |      0 |      0 |      0 |    0 |          0 |
|         add_12                 |                                 Fp32Add__63 |        961 |        961 |       0 |    0 |      0 |      0 |      0 |    0 |          0 |
|           (add_12)             |                                 Fp32Add__63 |        284 |        284 |       0 |    0 |      0 |      0 |      0 |    0 |          0 |
|           add                  |                                AddRecFN__77 |        677 |        677 |       0 |    0 |      0 |      0 |      0 |    0 |          0 |
|         add_13                 |                                 Fp32Add__64 |        961 |        961 |       0 |    0 |      0 |      0 |      0 |    0 |          0 |
|           (add_13)             |                                 Fp32Add__64 |        284 |        284 |       0 |    0 |      0 |      0 |      0 |    0 |          0 |
|           add                  |                                AddRecFN__78 |        677 |        677 |       0 |    0 |      0 |      0 |      0 |    0 |          0 |
|         add_14                 |                                 Fp32Add__65 |        961 |        961 |       0 |    0 |      0 |      0 |      0 |    0 |          0 |
|           (add_14)             |                                 Fp32Add__65 |        284 |        284 |       0 |    0 |      0 |      0 |      0 |    0 |          0 |
|           add                  |                                AddRecFN__79 |        677 |        677 |       0 |    0 |      0 |      0 |      0 |    0 |          0 |
|         add_15                 |                                 Fp32Add__66 |        961 |        961 |       0 |    0 |      0 |      0 |      0 |    0 |          0 |
|           (add_15)             |                                 Fp32Add__66 |        284 |        284 |       0 |    0 |      0 |      0 |      0 |    0 |          0 |
|           add                  |                                AddRecFN__80 |        677 |        677 |       0 |    0 |      0 |      0 |      0 |    0 |          0 |
|         add_16                 |                                 Fp32Add__67 |        961 |        961 |       0 |    0 |      0 |      0 |      0 |    0 |          0 |
|           (add_16)             |                                 Fp32Add__67 |        284 |        284 |       0 |    0 |      0 |      0 |      0 |    0 |          0 |
|           add                  |                                AddRecFN__81 |        677 |        677 |       0 |    0 |      0 |      0 |      0 |    0 |          0 |
|         add_17                 |                                 Fp32Add__68 |        961 |        961 |       0 |    0 |      0 |      0 |      0 |    0 |          0 |
|           (add_17)             |                                 Fp32Add__68 |        284 |        284 |       0 |    0 |      0 |      0 |      0 |    0 |          0 |
|           add                  |                                AddRecFN__82 |        677 |        677 |       0 |    0 |      0 |      0 |      0 |    0 |          0 |
|         add_18                 |                                 Fp32Add__69 |        961 |        961 |       0 |    0 |      0 |      0 |      0 |    0 |          0 |
|           (add_18)             |                                 Fp32Add__69 |        284 |        284 |       0 |    0 |      0 |      0 |      0 |    0 |          0 |
|           add                  |                                AddRecFN__83 |        677 |        677 |       0 |    0 |      0 |      0 |      0 |    0 |          0 |
|         add_19                 |                                 Fp32Add__70 |        961 |        961 |       0 |    0 |      0 |      0 |      0 |    0 |          0 |
|           (add_19)             |                                 Fp32Add__70 |        284 |        284 |       0 |    0 |      0 |      0 |      0 |    0 |          0 |
|           add                  |                                AddRecFN__84 |        677 |        677 |       0 |    0 |      0 |      0 |      0 |    0 |          0 |
|         add_2                  |                                 Fp32Add__53 |        961 |        961 |       0 |    0 |      0 |      0 |      0 |    0 |          0 |
|           (add_2)              |                                 Fp32Add__53 |        284 |        284 |       0 |    0 |      0 |      0 |      0 |    0 |          0 |
|           add                  |                                AddRecFN__67 |        677 |        677 |       0 |    0 |      0 |      0 |      0 |    0 |          0 |
|         add_20                 |                                 Fp32Add__71 |        961 |        961 |       0 |    0 |      0 |      0 |      0 |    0 |          0 |
|           (add_20)             |                                 Fp32Add__71 |        284 |        284 |       0 |    0 |      0 |      0 |      0 |    0 |          0 |
|           add                  |                                AddRecFN__85 |        677 |        677 |       0 |    0 |      0 |      0 |      0 |    0 |          0 |
|         add_21                 |                                 Fp32Add__72 |        961 |        961 |       0 |    0 |      0 |      0 |      0 |    0 |          0 |
|           (add_21)             |                                 Fp32Add__72 |        284 |        284 |       0 |    0 |      0 |      0 |      0 |    0 |          0 |
|           add                  |                                AddRecFN__86 |        677 |        677 |       0 |    0 |      0 |      0 |      0 |    0 |          0 |
|         add_22                 |                                 Fp32Add__73 |        961 |        961 |       0 |    0 |      0 |      0 |      0 |    0 |          0 |
|           (add_22)             |                                 Fp32Add__73 |        284 |        284 |       0 |    0 |      0 |      0 |      0 |    0 |          0 |
|           add                  |                                AddRecFN__87 |        677 |        677 |       0 |    0 |      0 |      0 |      0 |    0 |          0 |
|         add_23                 |                                 Fp32Add__74 |        961 |        961 |       0 |    0 |      0 |      0 |      0 |    0 |          0 |
|           (add_23)             |                                 Fp32Add__74 |        284 |        284 |       0 |    0 |      0 |      0 |      0 |    0 |          0 |
|           add                  |                                AddRecFN__88 |        677 |        677 |       0 |    0 |      0 |      0 |      0 |    0 |          0 |
|         add_24                 |                                 Fp32Add__75 |        961 |        961 |       0 |    0 |      0 |      0 |      0 |    0 |          0 |
|           (add_24)             |                                 Fp32Add__75 |        284 |        284 |       0 |    0 |      0 |      0 |      0 |    0 |          0 |
|           add                  |                                AddRecFN__89 |        677 |        677 |       0 |    0 |      0 |      0 |      0 |    0 |          0 |
|         add_25                 |                                 Fp32Add__76 |        961 |        961 |       0 |    0 |      0 |      0 |      0 |    0 |          0 |
|           (add_25)             |                                 Fp32Add__76 |        284 |        284 |       0 |    0 |      0 |      0 |      0 |    0 |          0 |
|           add                  |                                AddRecFN__90 |        677 |        677 |       0 |    0 |      0 |      0 |      0 |    0 |          0 |
|         add_3                  |                                 Fp32Add__54 |        961 |        961 |       0 |    0 |      0 |      0 |      0 |    0 |          0 |
|           (add_3)              |                                 Fp32Add__54 |        284 |        284 |       0 |    0 |      0 |      0 |      0 |    0 |          0 |
|           add                  |                                AddRecFN__68 |        677 |        677 |       0 |    0 |      0 |      0 |      0 |    0 |          0 |
|         add_4                  |                                 Fp32Add__55 |        961 |        961 |       0 |    0 |      0 |      0 |      0 |    0 |          0 |
|           (add_4)              |                                 Fp32Add__55 |        284 |        284 |       0 |    0 |      0 |      0 |      0 |    0 |          0 |
|           add                  |                                AddRecFN__69 |        677 |        677 |       0 |    0 |      0 |      0 |      0 |    0 |          0 |
|         add_5                  |                                 Fp32Add__56 |        961 |        961 |       0 |    0 |      0 |      0 |      0 |    0 |          0 |
|           (add_5)              |                                 Fp32Add__56 |        284 |        284 |       0 |    0 |      0 |      0 |      0 |    0 |          0 |
|           add                  |                                AddRecFN__70 |        677 |        677 |       0 |    0 |      0 |      0 |      0 |    0 |          0 |
|         add_6                  |                                 Fp32Add__57 |        961 |        961 |       0 |    0 |      0 |      0 |      0 |    0 |          0 |
|           (add_6)              |                                 Fp32Add__57 |        284 |        284 |       0 |    0 |      0 |      0 |      0 |    0 |          0 |
|           add                  |                                AddRecFN__71 |        677 |        677 |       0 |    0 |      0 |      0 |      0 |    0 |          0 |
|         add_7                  |                                 Fp32Add__58 |        961 |        961 |       0 |    0 |      0 |      0 |      0 |    0 |          0 |
|           (add_7)              |                                 Fp32Add__58 |        284 |        284 |       0 |    0 |      0 |      0 |      0 |    0 |          0 |
|           add                  |                                AddRecFN__72 |        677 |        677 |       0 |    0 |      0 |      0 |      0 |    0 |          0 |
|         add_8                  |                                 Fp32Add__59 |        961 |        961 |       0 |    0 |      0 |      0 |      0 |    0 |          0 |
|           (add_8)              |                                 Fp32Add__59 |        284 |        284 |       0 |    0 |      0 |      0 |      0 |    0 |          0 |
|           add                  |                                AddRecFN__73 |        677 |        677 |       0 |    0 |      0 |      0 |      0 |    0 |          0 |
|         add_9                  |                                 Fp32Add__60 |        961 |        961 |       0 |    0 |      0 |      0 |      0 |    0 |          0 |
|           (add_9)              |                                 Fp32Add__60 |        284 |        284 |       0 |    0 |      0 |      0 |      0 |    0 |          0 |
|           add                  |                                AddRecFN__74 |        677 |        677 |       0 |    0 |      0 |      0 |      0 |    0 |          0 |
|         mul                    |                                Fp32Mul__166 |        466 |        466 |       0 |    0 |      0 |      0 |      0 |    0 |          2 |
|           (mul)                |                                Fp32Mul__166 |        264 |        264 |       0 |    0 |      0 |      0 |      0 |    0 |          0 |
|           mul                  |                               MulRecFN__166 |        202 |        202 |       0 |    0 |      0 |      0 |      0 |    0 |          2 |
|         mul_1                  |                                Fp32Mul__165 |        466 |        466 |       0 |    0 |      0 |      0 |      0 |    0 |          2 |
|           (mul_1)              |                                Fp32Mul__165 |        264 |        264 |       0 |    0 |      0 |      0 |      0 |    0 |          0 |
|           mul                  |                               MulRecFN__165 |        202 |        202 |       0 |    0 |      0 |      0 |      0 |    0 |          2 |
|         mul_10                 |                                Fp32Mul__149 |        502 |        502 |       0 |    0 |      0 |      0 |      0 |    0 |          2 |
|           (mul_10)             |                                Fp32Mul__149 |        284 |        284 |       0 |    0 |      0 |      0 |      0 |    0 |          0 |
|           mul                  |                               MulRecFN__149 |        218 |        218 |       0 |    0 |      0 |      0 |      0 |    0 |          2 |
|         mul_11                 |                                Fp32Mul__145 |        502 |        502 |       0 |    0 |      0 |      0 |      0 |    0 |          2 |
|           (mul_11)             |                                Fp32Mul__145 |        284 |        284 |       0 |    0 |      0 |      0 |      0 |    0 |          0 |
|           mul                  |                               MulRecFN__145 |        218 |        218 |       0 |    0 |      0 |      0 |      0 |    0 |          2 |
|         mul_12                 |                                Fp32Mul__167 |        466 |        466 |       0 |    0 |      0 |      0 |      0 |    0 |          2 |
|           (mul_12)             |                                Fp32Mul__167 |        264 |        264 |       0 |    0 |      0 |      0 |      0 |    0 |          0 |
|           mul                  |                               MulRecFN__167 |        202 |        202 |       0 |    0 |      0 |      0 |      0 |    0 |          2 |
|         mul_13                 |                                Fp32Mul__143 |        502 |        502 |       0 |    0 |      0 |      0 |      0 |    0 |          2 |
|           (mul_13)             |                                Fp32Mul__143 |        284 |        284 |       0 |    0 |      0 |      0 |      0 |    0 |          0 |
|           mul                  |                               MulRecFN__143 |        218 |        218 |       0 |    0 |      0 |      0 |      0 |    0 |          2 |
|         mul_14                 |                                Fp32Mul__147 |        502 |        502 |       0 |    0 |      0 |      0 |      0 |    0 |          2 |
|           (mul_14)             |                                Fp32Mul__147 |        284 |        284 |       0 |    0 |      0 |      0 |      0 |    0 |          0 |
|           mul                  |                               MulRecFN__147 |        218 |        218 |       0 |    0 |      0 |      0 |      0 |    0 |          2 |
|         mul_15                 |                                Fp32Mul__162 |        466 |        466 |       0 |    0 |      0 |      0 |      0 |    0 |          2 |
|           (mul_15)             |                                Fp32Mul__162 |        264 |        264 |       0 |    0 |      0 |      0 |      0 |    0 |          0 |
|           mul                  |                               MulRecFN__162 |        202 |        202 |       0 |    0 |      0 |      0 |      0 |    0 |          2 |
|         mul_16                 |                                Fp32Mul__153 |        502 |        502 |       0 |    0 |      0 |      0 |      0 |    0 |          2 |
|           (mul_16)             |                                Fp32Mul__153 |        284 |        284 |       0 |    0 |      0 |      0 |      0 |    0 |          0 |
|           mul                  |                               MulRecFN__153 |        218 |        218 |       0 |    0 |      0 |      0 |      0 |    0 |          2 |
|         mul_17                 |                                Fp32Mul__158 |        502 |        502 |       0 |    0 |      0 |      0 |      0 |    0 |          2 |
|           (mul_17)             |                                Fp32Mul__158 |        284 |        284 |       0 |    0 |      0 |      0 |      0 |    0 |          0 |
|           mul                  |                               MulRecFN__158 |        218 |        218 |       0 |    0 |      0 |      0 |      0 |    0 |          2 |
|         mul_18                 |                                Fp32Mul__156 |        502 |        502 |       0 |    0 |      0 |      0 |      0 |    0 |          2 |
|           (mul_18)             |                                Fp32Mul__156 |        284 |        284 |       0 |    0 |      0 |      0 |      0 |    0 |          0 |
|           mul                  |                               MulRecFN__156 |        218 |        218 |       0 |    0 |      0 |      0 |      0 |    0 |          2 |
|         mul_19                 |                                Fp32Mul__154 |        502 |        502 |       0 |    0 |      0 |      0 |      0 |    0 |          2 |
|           (mul_19)             |                                Fp32Mul__154 |        284 |        284 |       0 |    0 |      0 |      0 |      0 |    0 |          0 |
|           mul                  |                               MulRecFN__154 |        218 |        218 |       0 |    0 |      0 |      0 |      0 |    0 |          2 |
|         mul_2                  |                                Fp32Mul__164 |        466 |        466 |       0 |    0 |      0 |      0 |      0 |    0 |          2 |
|           (mul_2)              |                                Fp32Mul__164 |        264 |        264 |       0 |    0 |      0 |      0 |      0 |    0 |          0 |
|           mul                  |                               MulRecFN__164 |        202 |        202 |       0 |    0 |      0 |      0 |      0 |    0 |          2 |
|         mul_20                 |                                Fp32Mul__152 |        502 |        502 |       0 |    0 |      0 |      0 |      0 |    0 |          2 |
|           (mul_20)             |                                Fp32Mul__152 |        284 |        284 |       0 |    0 |      0 |      0 |      0 |    0 |          0 |
|           mul                  |                               MulRecFN__152 |        218 |        218 |       0 |    0 |      0 |      0 |      0 |    0 |          2 |
|         mul_21                 |                                Fp32Mul__150 |        502 |        502 |       0 |    0 |      0 |      0 |      0 |    0 |          2 |
|           (mul_21)             |                                Fp32Mul__150 |        284 |        284 |       0 |    0 |      0 |      0 |      0 |    0 |          0 |
|           mul                  |                               MulRecFN__150 |        218 |        218 |       0 |    0 |      0 |      0 |      0 |    0 |          2 |
|         mul_22                 |                                Fp32Mul__148 |        502 |        502 |       0 |    0 |      0 |      0 |      0 |    0 |          2 |
|           (mul_22)             |                                Fp32Mul__148 |        284 |        284 |       0 |    0 |      0 |      0 |      0 |    0 |          0 |
|           mul                  |                               MulRecFN__148 |        218 |        218 |       0 |    0 |      0 |      0 |      0 |    0 |          2 |
|         mul_23                 |                                Fp32Mul__146 |        502 |        502 |       0 |    0 |      0 |      0 |      0 |    0 |          2 |
|           (mul_23)             |                                Fp32Mul__146 |        284 |        284 |       0 |    0 |      0 |      0 |      0 |    0 |          0 |
|           mul                  |                               MulRecFN__146 |        218 |        218 |       0 |    0 |      0 |      0 |      0 |    0 |          2 |
|         mul_24                 |                                Fp32Mul__144 |        502 |        502 |       0 |    0 |      0 |      0 |      0 |    0 |          2 |
|           (mul_24)             |                                Fp32Mul__144 |        284 |        284 |       0 |    0 |      0 |      0 |      0 |    0 |          0 |
|           mul                  |                               MulRecFN__144 |        218 |        218 |       0 |    0 |      0 |      0 |      0 |    0 |          2 |
|         mul_25                 |                                Fp32Mul__168 |        502 |        502 |       0 |    0 |      0 |      0 |      0 |    0 |          2 |
|           (mul_25)             |                                Fp32Mul__168 |        284 |        284 |       0 |    0 |      0 |      0 |      0 |    0 |          0 |
|           mul                  |                               MulRecFN__168 |        218 |        218 |       0 |    0 |      0 |      0 |      0 |    0 |          2 |
|         mul_3                  |                                Fp32Mul__163 |        466 |        466 |       0 |    0 |      0 |      0 |      0 |    0 |          2 |
|           (mul_3)              |                                Fp32Mul__163 |        264 |        264 |       0 |    0 |      0 |      0 |      0 |    0 |          0 |
|           mul                  |                               MulRecFN__163 |        202 |        202 |       0 |    0 |      0 |      0 |      0 |    0 |          2 |
|         mul_4                  |                                Fp32Mul__161 |        466 |        466 |       0 |    0 |      0 |      0 |      0 |    0 |          2 |
|           (mul_4)              |                                Fp32Mul__161 |        264 |        264 |       0 |    0 |      0 |      0 |      0 |    0 |          0 |
|           mul                  |                               MulRecFN__161 |        202 |        202 |       0 |    0 |      0 |      0 |      0 |    0 |          2 |
|         mul_5                  |                                Fp32Mul__160 |        466 |        466 |       0 |    0 |      0 |      0 |      0 |    0 |          2 |
|           (mul_5)              |                                Fp32Mul__160 |        264 |        264 |       0 |    0 |      0 |      0 |      0 |    0 |          0 |
|           mul                  |                               MulRecFN__160 |        202 |        202 |       0 |    0 |      0 |      0 |      0 |    0 |          2 |
|         mul_6                  |                                Fp32Mul__159 |        466 |        466 |       0 |    0 |      0 |      0 |      0 |    0 |          2 |
|           (mul_6)              |                                Fp32Mul__159 |        264 |        264 |       0 |    0 |      0 |      0 |      0 |    0 |          0 |
|           mul                  |                               MulRecFN__159 |        202 |        202 |       0 |    0 |      0 |      0 |      0 |    0 |          2 |
|         mul_7                  |                                Fp32Mul__157 |        502 |        502 |       0 |    0 |      0 |      0 |      0 |    0 |          2 |
|           (mul_7)              |                                Fp32Mul__157 |        284 |        284 |       0 |    0 |      0 |      0 |      0 |    0 |          0 |
|           mul                  |                               MulRecFN__157 |        218 |        218 |       0 |    0 |      0 |      0 |      0 |    0 |          2 |
|         mul_8                  |                                Fp32Mul__155 |        502 |        502 |       0 |    0 |      0 |      0 |      0 |    0 |          2 |
|           (mul_8)              |                                Fp32Mul__155 |        284 |        284 |       0 |    0 |      0 |      0 |      0 |    0 |          0 |
|           mul                  |                               MulRecFN__155 |        218 |        218 |       0 |    0 |      0 |      0 |      0 |    0 |          2 |
|         mul_9                  |                                Fp32Mul__151 |        502 |        502 |       0 |    0 |      0 |      0 |      0 |    0 |          2 |
|           (mul_9)              |                                Fp32Mul__151 |        284 |        284 |       0 |    0 |      0 |      0 |      0 |    0 |          0 |
|           mul                  |                               MulRecFN__151 |        218 |        218 |       0 |    0 |      0 |      0 |      0 |    0 |          2 |
|         toInt                  |                             Fp32ToUInt8__25 |        170 |        170 |       0 |    0 |      0 |      0 |      0 |    0 |          0 |
|           (toInt)              |                             Fp32ToUInt8__25 |        105 |        105 |       0 |    0 |      0 |      0 |      0 |    0 |          0 |
|           cvt                  |                     RecFNToIN_e8_s24_i8__50 |         65 |         65 |       0 |    0 |      0 |      0 |      0 |    0 |          0 |
|         toInt_1                |                             Fp32ToUInt8__23 |        170 |        170 |       0 |    0 |      0 |      0 |      0 |    0 |          0 |
|           (toInt_1)            |                             Fp32ToUInt8__23 |        105 |        105 |       0 |    0 |      0 |      0 |      0 |    0 |          0 |
|           cvt                  |                     RecFNToIN_e8_s24_i8__48 |         65 |         65 |       0 |    0 |      0 |      0 |      0 |    0 |          0 |
|         toInt_10               |                              Fp32ToUInt8__5 |        170 |        170 |       0 |    0 |      0 |      0 |      0 |    0 |          0 |
|           (toInt_10)           |                              Fp32ToUInt8__5 |        105 |        105 |       0 |    0 |      0 |      0 |      0 |    0 |          0 |
|           cvt                  |                     RecFNToIN_e8_s24_i8__30 |         65 |         65 |       0 |    0 |      0 |      0 |      0 |    0 |          0 |
|         toInt_11               |                              Fp32ToUInt8__3 |        170 |        170 |       0 |    0 |      0 |      0 |      0 |    0 |          0 |
|           (toInt_11)           |                              Fp32ToUInt8__3 |        105 |        105 |       0 |    0 |      0 |      0 |      0 |    0 |          0 |
|           cvt                  |                     RecFNToIN_e8_s24_i8__28 |         65 |         65 |       0 |    0 |      0 |      0 |      0 |    0 |          0 |
|         toInt_12               |                              Fp32ToUInt8__2 |        172 |        172 |       0 |    0 |      0 |      0 |      0 |    0 |          0 |
|           (toInt_12)           |                              Fp32ToUInt8__2 |        106 |        106 |       0 |    0 |      0 |      0 |      0 |    0 |          0 |
|           cvt                  |                     RecFNToIN_e8_s24_i8__27 |         66 |         66 |       0 |    0 |      0 |      0 |      0 |    0 |          0 |
|         toInt_13               |                              Fp32ToUInt8__4 |        170 |        170 |       0 |    0 |      0 |      0 |      0 |    0 |          0 |
|           (toInt_13)           |                              Fp32ToUInt8__4 |        105 |        105 |       0 |    0 |      0 |      0 |      0 |    0 |          0 |
|           cvt                  |                     RecFNToIN_e8_s24_i8__29 |         65 |         65 |       0 |    0 |      0 |      0 |      0 |    0 |          0 |
|         toInt_14               |                              Fp32ToUInt8__6 |        170 |        170 |       0 |    0 |      0 |      0 |      0 |    0 |          0 |
|           (toInt_14)           |                              Fp32ToUInt8__6 |        105 |        105 |       0 |    0 |      0 |      0 |      0 |    0 |          0 |
|           cvt                  |                     RecFNToIN_e8_s24_i8__31 |         65 |         65 |       0 |    0 |      0 |      0 |      0 |    0 |          0 |
|         toInt_15               |                              Fp32ToUInt8__8 |        170 |        170 |       0 |    0 |      0 |      0 |      0 |    0 |          0 |
|           (toInt_15)           |                              Fp32ToUInt8__8 |        105 |        105 |       0 |    0 |      0 |      0 |      0 |    0 |          0 |
|           cvt                  |                     RecFNToIN_e8_s24_i8__33 |         65 |         65 |       0 |    0 |      0 |      0 |      0 |    0 |          0 |
|         toInt_16               |                             Fp32ToUInt8__10 |        170 |        170 |       0 |    0 |      0 |      0 |      0 |    0 |          0 |
|           (toInt_16)           |                             Fp32ToUInt8__10 |        105 |        105 |       0 |    0 |      0 |      0 |      0 |    0 |          0 |
|           cvt                  |                     RecFNToIN_e8_s24_i8__35 |         65 |         65 |       0 |    0 |      0 |      0 |      0 |    0 |          0 |
|         toInt_17               |                             Fp32ToUInt8__12 |        170 |        170 |       0 |    0 |      0 |      0 |      0 |    0 |          0 |
|           (toInt_17)           |                             Fp32ToUInt8__12 |        105 |        105 |       0 |    0 |      0 |      0 |      0 |    0 |          0 |
|           cvt                  |                     RecFNToIN_e8_s24_i8__37 |         65 |         65 |       0 |    0 |      0 |      0 |      0 |    0 |          0 |
|         toInt_18               |                             Fp32ToUInt8__14 |        170 |        170 |       0 |    0 |      0 |      0 |      0 |    0 |          0 |
|           (toInt_18)           |                             Fp32ToUInt8__14 |        105 |        105 |       0 |    0 |      0 |      0 |      0 |    0 |          0 |
|           cvt                  |                     RecFNToIN_e8_s24_i8__39 |         65 |         65 |       0 |    0 |      0 |      0 |      0 |    0 |          0 |
|         toInt_19               |                             Fp32ToUInt8__16 |        170 |        170 |       0 |    0 |      0 |      0 |      0 |    0 |          0 |
|           (toInt_19)           |                             Fp32ToUInt8__16 |        105 |        105 |       0 |    0 |      0 |      0 |      0 |    0 |          0 |
|           cvt                  |                     RecFNToIN_e8_s24_i8__41 |         65 |         65 |       0 |    0 |      0 |      0 |      0 |    0 |          0 |
|         toInt_2                |                             Fp32ToUInt8__21 |        170 |        170 |       0 |    0 |      0 |      0 |      0 |    0 |          0 |
|           (toInt_2)            |                             Fp32ToUInt8__21 |        105 |        105 |       0 |    0 |      0 |      0 |      0 |    0 |          0 |
|           cvt                  |                     RecFNToIN_e8_s24_i8__46 |         65 |         65 |       0 |    0 |      0 |      0 |      0 |    0 |          0 |
|         toInt_20               |                             Fp32ToUInt8__18 |        170 |        170 |       0 |    0 |      0 |      0 |      0 |    0 |          0 |
|           (toInt_20)           |                             Fp32ToUInt8__18 |        105 |        105 |       0 |    0 |      0 |      0 |      0 |    0 |          0 |
|           cvt                  |                     RecFNToIN_e8_s24_i8__43 |         65 |         65 |       0 |    0 |      0 |      0 |      0 |    0 |          0 |
|         toInt_21               |                             Fp32ToUInt8__20 |        170 |        170 |       0 |    0 |      0 |      0 |      0 |    0 |          0 |
|           (toInt_21)           |                             Fp32ToUInt8__20 |        105 |        105 |       0 |    0 |      0 |      0 |      0 |    0 |          0 |
|           cvt                  |                     RecFNToIN_e8_s24_i8__45 |         65 |         65 |       0 |    0 |      0 |      0 |      0 |    0 |          0 |
|         toInt_22               |                             Fp32ToUInt8__22 |        170 |        170 |       0 |    0 |      0 |      0 |      0 |    0 |          0 |
|           (toInt_22)           |                             Fp32ToUInt8__22 |        105 |        105 |       0 |    0 |      0 |      0 |      0 |    0 |          0 |
|           cvt                  |                     RecFNToIN_e8_s24_i8__47 |         65 |         65 |       0 |    0 |      0 |      0 |      0 |    0 |          0 |
|         toInt_23               |                             Fp32ToUInt8__24 |        170 |        170 |       0 |    0 |      0 |      0 |      0 |    0 |          0 |
|           (toInt_23)           |                             Fp32ToUInt8__24 |        105 |        105 |       0 |    0 |      0 |      0 |      0 |    0 |          0 |
|           cvt                  |                     RecFNToIN_e8_s24_i8__49 |         65 |         65 |       0 |    0 |      0 |      0 |      0 |    0 |          0 |
|         toInt_24               |                                 Fp32ToUInt8 |        170 |        170 |       0 |    0 |      0 |      0 |      0 |    0 |          0 |
|           (toInt_24)           |                                 Fp32ToUInt8 |        105 |        105 |       0 |    0 |      0 |      0 |      0 |    0 |          0 |
|           cvt                  |                     RecFNToIN_e8_s24_i8__51 |         65 |         65 |       0 |    0 |      0 |      0 |      0 |    0 |          0 |
|         toInt_25               |                              Fp32ToUInt8__1 |        170 |        170 |       0 |    0 |      0 |      0 |      0 |    0 |          0 |
|           (toInt_25)           |                              Fp32ToUInt8__1 |        105 |        105 |       0 |    0 |      0 |      0 |      0 |    0 |          0 |
|           cvt                  |                     RecFNToIN_e8_s24_i8__26 |         65 |         65 |       0 |    0 |      0 |      0 |      0 |    0 |          0 |
|         toInt_3                |                             Fp32ToUInt8__19 |        170 |        170 |       0 |    0 |      0 |      0 |      0 |    0 |          0 |
|           (toInt_3)            |                             Fp32ToUInt8__19 |        105 |        105 |       0 |    0 |      0 |      0 |      0 |    0 |          0 |
|           cvt                  |                     RecFNToIN_e8_s24_i8__44 |         65 |         65 |       0 |    0 |      0 |      0 |      0 |    0 |          0 |
|         toInt_4                |                             Fp32ToUInt8__17 |        170 |        170 |       0 |    0 |      0 |      0 |      0 |    0 |          0 |
|           (toInt_4)            |                             Fp32ToUInt8__17 |        105 |        105 |       0 |    0 |      0 |      0 |      0 |    0 |          0 |
|           cvt                  |                     RecFNToIN_e8_s24_i8__42 |         65 |         65 |       0 |    0 |      0 |      0 |      0 |    0 |          0 |
|         toInt_5                |                             Fp32ToUInt8__15 |        170 |        170 |       0 |    0 |      0 |      0 |      0 |    0 |          0 |
|           (toInt_5)            |                             Fp32ToUInt8__15 |        105 |        105 |       0 |    0 |      0 |      0 |      0 |    0 |          0 |
|           cvt                  |                     RecFNToIN_e8_s24_i8__40 |         65 |         65 |       0 |    0 |      0 |      0 |      0 |    0 |          0 |
|         toInt_6                |                             Fp32ToUInt8__13 |        170 |        170 |       0 |    0 |      0 |      0 |      0 |    0 |          0 |
|           (toInt_6)            |                             Fp32ToUInt8__13 |        105 |        105 |       0 |    0 |      0 |      0 |      0 |    0 |          0 |
|           cvt                  |                     RecFNToIN_e8_s24_i8__38 |         65 |         65 |       0 |    0 |      0 |      0 |      0 |    0 |          0 |
|         toInt_7                |                             Fp32ToUInt8__11 |        170 |        170 |       0 |    0 |      0 |      0 |      0 |    0 |          0 |
|           (toInt_7)            |                             Fp32ToUInt8__11 |        105 |        105 |       0 |    0 |      0 |      0 |      0 |    0 |          0 |
|           cvt                  |                     RecFNToIN_e8_s24_i8__36 |         65 |         65 |       0 |    0 |      0 |      0 |      0 |    0 |          0 |
|         toInt_8                |                              Fp32ToUInt8__9 |        170 |        170 |       0 |    0 |      0 |      0 |      0 |    0 |          0 |
|           (toInt_8)            |                              Fp32ToUInt8__9 |        105 |        105 |       0 |    0 |      0 |      0 |      0 |    0 |          0 |
|           cvt                  |                     RecFNToIN_e8_s24_i8__34 |         65 |         65 |       0 |    0 |      0 |      0 |      0 |    0 |          0 |
|         toInt_9                |                              Fp32ToUInt8__7 |        170 |        170 |       0 |    0 |      0 |      0 |      0 |    0 |          0 |
|           (toInt_9)            |                              Fp32ToUInt8__7 |        105 |        105 |       0 |    0 |      0 |      0 |      0 |    0 |          0 |
|           cvt                  |                     RecFNToIN_e8_s24_i8__32 |         65 |         65 |       0 |    0 |      0 |      0 |      0 |    0 |          0 |
|         zpFp                   |                                 UInt8ToFp32 |         32 |         32 |       0 |    0 |      0 |      0 |      0 |    0 |          0 |
|           (zpFp)               |                                 UInt8ToFp32 |         12 |         12 |       0 |    0 |      0 |      0 |      0 |    0 |          0 |
|           cvt                  |                         INToRecFN_i8_e8_s24 |         20 |         20 |       0 |    0 |      0 |      0 |      0 |    0 |          0 |
|       ctxmemInst               |                                   DataMem_5 |          9 |          9 |       0 |    0 |      8 |      3 |      0 |    0 |          0 |
|         (ctxmemInst)           |                                   DataMem_5 |          9 |          9 |       0 |    0 |      8 |      0 |      0 |    0 |          0 |
|         mem                    |                                   R1W1Mem_9 |          0 |          0 |       0 |    0 |      0 |      3 |      0 |    0 |          0 |
|           (mem)                |                                   R1W1Mem_9 |          0 |          0 |       0 |    0 |      0 |      0 |      0 |    0 |          0 |
|           mem_ext              |                                  mem_64x208 |          0 |          0 |       0 |    0 |      0 |      3 |      0 |    0 |          0 |
|       dmInst                   |                                  DM2CUQuant |       5640 |       5633 |       0 |    7 |  14671 |      0 |      0 |    8 |         28 |
|         (dmInst)               |                                  DM2CUQuant |       4220 |       4220 |       0 |    0 |  14183 |      0 |      0 |    0 |          0 |
|         addTree                |                          SignedAddTreeInt32 |        422 |        422 |       0 |    0 |    481 |      0 |      0 |    0 |          0 |
|         addresCntPipe          |                                   PipReg_12 |          6 |          0 |       0 |    6 |      6 |      0 |      0 |    0 |          0 |
|         addresValidPipe        |                                   PipReg_11 |          1 |          0 |       0 |    1 |      1 |      0 |      0 |    0 |          0 |
|         mulList_0              |                UnsignedSignedMultiplierInt8 |          0 |          0 |       0 |    0 |      0 |      0 |      0 |    0 |          1 |
|         mulList_1              |            UnsignedSignedMultiplierInt8__25 |          0 |          0 |       0 |    0 |      0 |      0 |      0 |    0 |          1 |
|         mulList_10             |            UnsignedSignedMultiplierInt8__16 |          0 |          0 |       0 |    0 |      0 |      0 |      0 |    0 |          1 |
|         mulList_11             |            UnsignedSignedMultiplierInt8__15 |          0 |          0 |       0 |    0 |      0 |      0 |      0 |    0 |          1 |
|         mulList_12             |            UnsignedSignedMultiplierInt8__14 |          0 |          0 |       0 |    0 |      0 |      0 |      0 |    0 |          1 |
|         mulList_13             |            UnsignedSignedMultiplierInt8__13 |          0 |          0 |       0 |    0 |      0 |      0 |      0 |    0 |          1 |
|         mulList_14             |            UnsignedSignedMultiplierInt8__12 |          0 |          0 |       0 |    0 |      0 |      0 |      0 |    0 |          1 |
|         mulList_15             |            UnsignedSignedMultiplierInt8__11 |          0 |          0 |       0 |    0 |      0 |      0 |      0 |    0 |          1 |
|         mulList_16             |            UnsignedSignedMultiplierInt8__10 |          0 |          0 |       0 |    0 |      0 |      0 |      0 |    0 |          1 |
|         mulList_17             |             UnsignedSignedMultiplierInt8__9 |          0 |          0 |       0 |    0 |      0 |      0 |      0 |    0 |          1 |
|         mulList_18             |             UnsignedSignedMultiplierInt8__8 |          0 |          0 |       0 |    0 |      0 |      0 |      0 |    0 |          1 |
|         mulList_19             |             UnsignedSignedMultiplierInt8__7 |          0 |          0 |       0 |    0 |      0 |      0 |      0 |    0 |          1 |
|         mulList_2              |            UnsignedSignedMultiplierInt8__24 |          0 |          0 |       0 |    0 |      0 |      0 |      0 |    0 |          1 |
|         mulList_20             |             UnsignedSignedMultiplierInt8__6 |          0 |          0 |       0 |    0 |      0 |      0 |      0 |    0 |          1 |
|         mulList_21             |             UnsignedSignedMultiplierInt8__5 |          0 |          0 |       0 |    0 |      0 |      0 |      0 |    0 |          1 |
|         mulList_22             |             UnsignedSignedMultiplierInt8__4 |          0 |          0 |       0 |    0 |      0 |      0 |      0 |    0 |          1 |
|         mulList_23             |             UnsignedSignedMultiplierInt8__3 |          0 |          0 |       0 |    0 |      0 |      0 |      0 |    0 |          1 |
|         mulList_24             |             UnsignedSignedMultiplierInt8__2 |          0 |          0 |       0 |    0 |      0 |      0 |      0 |    0 |          1 |
|         mulList_25             |             UnsignedSignedMultiplierInt8__1 |          0 |          0 |       0 |    0 |      0 |      0 |      0 |    0 |          1 |
|         mulList_3              |            UnsignedSignedMultiplierInt8__23 |          0 |          0 |       0 |    0 |      0 |      0 |      0 |    0 |          1 |
|         mulList_4              |            UnsignedSignedMultiplierInt8__22 |          0 |          0 |       0 |    0 |      0 |      0 |      0 |    0 |          1 |
|         mulList_5              |            UnsignedSignedMultiplierInt8__21 |          0 |          0 |       0 |    0 |      0 |      0 |      0 |    0 |          1 |
|         mulList_6              |            UnsignedSignedMultiplierInt8__20 |          0 |          0 |       0 |    0 |      0 |      0 |      0 |    0 |          1 |
|         mulList_7              |            UnsignedSignedMultiplierInt8__19 |          0 |          0 |       0 |    0 |      0 |      0 |      0 |    0 |          1 |
|         mulList_8              |            UnsignedSignedMultiplierInt8__18 |          0 |          0 |       0 |    0 |      0 |      0 |      0 |    0 |          1 |
|         mulList_9              |            UnsignedSignedMultiplierInt8__17 |          0 |          0 |       0 |    0 |      0 |      0 |      0 |    0 |          1 |
|         mulScale               |                                Fp32Mul__169 |        504 |        504 |       0 |    0 |      0 |      0 |      0 |    0 |          2 |
|           (mulScale)           |                                Fp32Mul__169 |        286 |        286 |       0 |    0 |      0 |      0 |      0 |    0 |          0 |
|           mul                  |                               MulRecFN__169 |        218 |        218 |       0 |    0 |      0 |      0 |      0 |    0 |          2 |
|         toFp                   |                             Int32ToFp32__40 |        321 |        321 |       0 |    0 |      0 |      0 |      0 |    0 |          0 |
|           (toFp)               |                             Int32ToFp32__40 |         86 |         86 |       0 |    0 |      0 |      0 |      0 |    0 |          0 |
|           cvt                  |                    INToRecFN_i32_e8_s24__40 |        235 |        235 |       0 |    0 |      0 |      0 |      0 |    0 |          0 |
|         toInt8                 |                                  Fp32ToInt8 |        166 |        166 |       0 |    0 |      0 |      0 |      0 |    0 |          0 |
|           (toInt8)             |                                  Fp32ToInt8 |        105 |        105 |       0 |    0 |      0 |      0 |      0 |    0 |          0 |
|           cvt                  |                         RecFNToIN_e8_s24_i8 |         61 |         61 |       0 |    0 |      0 |      0 |      0 |    0 |          0 |
|         vCache                 |                                   R1W1Mem_7 |          0 |          0 |       0 |    0 |      0 |      0 |      0 |    8 |          0 |
|           (vCache)             |                                   R1W1Mem_7 |          0 |          0 |       0 |    0 |      0 |      0 |      0 |    0 |          0 |
|           mem_ext              |                                mem_3328x512 |          0 |          0 |       0 |    0 |      0 |      0 |      0 |    8 |          0 |
|       loaduInst                |                                  LoadUnit_2 |         40 |         40 |       0 |    0 |     33 |      0 |      0 |    0 |          0 |
|       suInst                   |                                 StoreUnit_1 |         13 |         13 |       0 |    0 |     12 |      0 |      0 |    0 |          0 |
|       vmemInst                 |                                   DataMem_4 |          9 |          9 |       0 |    0 |      8 |      7 |      1 |    0 |          0 |
|         (vmemInst)             |                                   DataMem_4 |          9 |          9 |       0 |    0 |      8 |      0 |      0 |    0 |          0 |
|         mem                    |                                   R1W1Mem_8 |          0 |          0 |       0 |    0 |      0 |      7 |      1 |    0 |          0 |
|           (mem)                |                                   R1W1Mem_8 |          0 |          0 |       0 |    0 |      0 |      0 |      0 |    0 |          0 |
|           mem_ext              |                                  mem_64x512 |          0 |          0 |       0 |    0 |      0 |      7 |      1 |    0 |          0 |
|     softmax                    |                              SoftmaxPipFP32 |      36649 |      36649 |       0 |    0 |     50 |      0 |      0 |   12 |        130 |
|       (softmax)                |                              SoftmaxPipFP32 |          0 |          0 |       0 |    0 |      0 |      0 |      0 |    0 |          0 |
|       cuInst                   |                                      CUFP32 |      36590 |      36590 |       0 |    0 |      0 |      0 |      0 |    0 |        130 |
|         (cuInst)               |                                      CUFP32 |        429 |        429 |       0 |    0 |      0 |      0 |      0 |    0 |          0 |
|         softmax                |                                 SoftmaxFP32 |      36161 |      36161 |       0 |    0 |      0 |      0 |      0 |    0 |        130 |
|           (softmax)            |                                 SoftmaxFP32 |       1357 |       1357 |       0 |    0 |      0 |      0 |      0 |    0 |         26 |
|           exp2Stage1           |                                        Exp2 |       1867 |       1867 |       0 |    0 |      0 |      0 |      0 |    0 |          0 |
|           exp2Stage2           |                                     Exp2__1 |       1850 |       1850 |       0 |    0 |      0 |      0 |      0 |    0 |          0 |
|           log2                 |                                        Log2 |        133 |        133 |       0 |    0 |      0 |      0 |      0 |    0 |          0 |
|           maxPreProcess        |                               MaxPreProcess |       1047 |       1047 |       0 |    0 |      0 |      0 |      0 |    0 |          0 |
|           mul                  |                                Fp32Mul__142 |        397 |        397 |       0 |    0 |      0 |      0 |      0 |    0 |          2 |
|           mul_1                |                                Fp32Mul__141 |        397 |        397 |       0 |    0 |      0 |      0 |      0 |    0 |          2 |
|           mul_10               |                                Fp32Mul__119 |        397 |        397 |       0 |    0 |      0 |      0 |      0 |    0 |          2 |
|           mul_11               |                                Fp32Mul__140 |        397 |        397 |       0 |    0 |      0 |      0 |      0 |    0 |          2 |
|           mul_12               |                                Fp32Mul__139 |        397 |        397 |       0 |    0 |      0 |      0 |      0 |    0 |          2 |
|           mul_13               |                                Fp32Mul__138 |        397 |        397 |       0 |    0 |      0 |      0 |      0 |    0 |          2 |
|           mul_14               |                                Fp32Mul__137 |        397 |        397 |       0 |    0 |      0 |      0 |      0 |    0 |          2 |
|           mul_15               |                                Fp32Mul__136 |        397 |        397 |       0 |    0 |      0 |      0 |      0 |    0 |          2 |
|           mul_16               |                                Fp32Mul__135 |        397 |        397 |       0 |    0 |      0 |      0 |      0 |    0 |          2 |
|           mul_17               |                                Fp32Mul__134 |        397 |        397 |       0 |    0 |      0 |      0 |      0 |    0 |          2 |
|           mul_18               |                                Fp32Mul__133 |        397 |        397 |       0 |    0 |      0 |      0 |      0 |    0 |          2 |
|           mul_19               |                                Fp32Mul__132 |        397 |        397 |       0 |    0 |      0 |      0 |      0 |    0 |          2 |
|           mul_2                |                                Fp32Mul__129 |        397 |        397 |       0 |    0 |      0 |      0 |      0 |    0 |          2 |
|           mul_20               |                                Fp32Mul__131 |        397 |        397 |       0 |    0 |      0 |      0 |      0 |    0 |          2 |
|           mul_21               |                                Fp32Mul__130 |        397 |        397 |       0 |    0 |      0 |      0 |      0 |    0 |          2 |
|           mul_22               |                                Fp32Mul__118 |        397 |        397 |       0 |    0 |      0 |      0 |      0 |    0 |          2 |
|           mul_23               |                                Fp32Mul__121 |        397 |        397 |       0 |    0 |      0 |      0 |      0 |    0 |          2 |
|           mul_24               |                                Fp32Mul__120 |        397 |        397 |       0 |    0 |      0 |      0 |      0 |    0 |          2 |
|           mul_25               |                                Fp32Mul__117 |        397 |        397 |       0 |    0 |      0 |      0 |      0 |    0 |          2 |
|           mul_26               |                                 Fp32Mul__91 |        399 |        399 |       0 |    0 |      0 |      0 |      0 |    0 |          2 |
|           mul_27               |                                Fp32Mul__106 |        361 |        361 |       0 |    0 |      0 |      0 |      0 |    0 |          2 |
|           mul_28               |                                Fp32Mul__105 |        361 |        361 |       0 |    0 |      0 |      0 |      0 |    0 |          2 |
|           mul_29               |                                Fp32Mul__116 |        399 |        399 |       0 |    0 |      0 |      0 |      0 |    0 |          2 |
|           mul_3                |                                Fp32Mul__128 |        397 |        397 |       0 |    0 |      0 |      0 |      0 |    0 |          2 |
|           mul_30               |                                Fp32Mul__115 |        399 |        399 |       0 |    0 |      0 |      0 |      0 |    0 |          2 |
|           mul_31               |                                Fp32Mul__114 |        399 |        399 |       0 |    0 |      0 |      0 |      0 |    0 |          2 |
|           mul_32               |                                Fp32Mul__113 |        399 |        399 |       0 |    0 |      0 |      0 |      0 |    0 |          2 |
|           mul_33               |                                Fp32Mul__112 |        399 |        399 |       0 |    0 |      0 |      0 |      0 |    0 |          2 |
|           mul_34               |                                Fp32Mul__111 |        399 |        399 |       0 |    0 |      0 |      0 |      0 |    0 |          2 |
|           mul_35               |                                Fp32Mul__110 |        399 |        399 |       0 |    0 |      0 |      0 |      0 |    0 |          2 |
|           mul_36               |                                Fp32Mul__109 |        399 |        399 |       0 |    0 |      0 |      0 |      0 |    0 |          2 |
|           mul_37               |                                Fp32Mul__108 |        399 |        399 |       0 |    0 |      0 |      0 |      0 |    0 |          2 |
|           mul_38               |                                Fp32Mul__103 |        361 |        361 |       0 |    0 |      0 |      0 |      0 |    0 |          2 |
|           mul_39               |                                 Fp32Mul__97 |        399 |        399 |       0 |    0 |      0 |      0 |      0 |    0 |          2 |
|           mul_4                |                                Fp32Mul__127 |        397 |        397 |       0 |    0 |      0 |      0 |      0 |    0 |          2 |
|           mul_40               |                                Fp32Mul__107 |        399 |        399 |       0 |    0 |      0 |      0 |      0 |    0 |          2 |
|           mul_41               |                                 Fp32Mul__98 |        399 |        399 |       0 |    0 |      0 |      0 |      0 |    0 |          2 |
|           mul_42               |                                 Fp32Mul__99 |        399 |        399 |       0 |    0 |      0 |      0 |      0 |    0 |          2 |
|           mul_43               |                                Fp32Mul__102 |        399 |        399 |       0 |    0 |      0 |      0 |      0 |    0 |          2 |
|           mul_44               |                                Fp32Mul__101 |        399 |        399 |       0 |    0 |      0 |      0 |      0 |    0 |          2 |
|           mul_45               |                                Fp32Mul__100 |        399 |        399 |       0 |    0 |      0 |      0 |      0 |    0 |          2 |
|           mul_46               |                                 Fp32Mul__96 |        399 |        399 |       0 |    0 |      0 |      0 |      0 |    0 |          2 |
|           mul_47               |                                 Fp32Mul__95 |        399 |        399 |       0 |    0 |      0 |      0 |      0 |    0 |          2 |
|           mul_48               |                                 Fp32Mul__94 |        399 |        399 |       0 |    0 |      0 |      0 |      0 |    0 |          2 |
|           mul_49               |                                 Fp32Mul__93 |        399 |        399 |       0 |    0 |      0 |      0 |      0 |    0 |          2 |
|           mul_5                |                                Fp32Mul__126 |        397 |        397 |       0 |    0 |      0 |      0 |      0 |    0 |          2 |
|           mul_50               |                                 Fp32Mul__92 |        399 |        399 |       0 |    0 |      0 |      0 |      0 |    0 |          2 |
|           mul_51               |                                Fp32Mul__104 |        361 |        361 |       0 |    0 |      0 |      0 |      0 |    0 |          2 |
|           mul_6                |                                Fp32Mul__125 |        397 |        397 |       0 |    0 |      0 |      0 |      0 |    0 |          2 |
|           mul_7                |                                Fp32Mul__124 |        397 |        397 |       0 |    0 |      0 |      0 |      0 |    0 |          2 |
|           mul_8                |                                Fp32Mul__123 |        397 |        397 |       0 |    0 |      0 |      0 |      0 |    0 |          2 |
|           mul_9                |                                Fp32Mul__122 |        397 |        397 |       0 |    0 |      0 |      0 |      0 |    0 |          2 |
|           sum                  |                                         Sum |        364 |        364 |       0 |    0 |      0 |      0 |      0 |    0 |          0 |
|           toFp                 |                             SIntToFp32_1__1 |        117 |        117 |       0 |    0 |      0 |      0 |      0 |    0 |          0 |
|           toFp_1               |                            SIntToFp32_1__16 |         91 |         91 |       0 |    0 |      0 |      0 |      0 |    0 |          0 |
|           toFp_10              |                            SIntToFp32_1__19 |        117 |        117 |       0 |    0 |      0 |      0 |      0 |    0 |          0 |
|           toFp_11              |                            SIntToFp32_1__18 |        117 |        117 |       0 |    0 |      0 |      0 |      0 |    0 |          0 |
|           toFp_12              |                            SIntToFp32_1__14 |         91 |         91 |       0 |    0 |      0 |      0 |      0 |    0 |          0 |
|           toFp_13              |                             SIntToFp32_1__2 |        117 |        117 |       0 |    0 |      0 |      0 |      0 |    0 |          0 |
|           toFp_14              |                            SIntToFp32_1__17 |        117 |        117 |       0 |    0 |      0 |      0 |      0 |    0 |          0 |
|           toFp_15              |                             SIntToFp32_1__8 |        117 |        117 |       0 |    0 |      0 |      0 |      0 |    0 |          0 |
|           toFp_16              |                             SIntToFp32_1__9 |        117 |        117 |       0 |    0 |      0 |      0 |      0 |    0 |          0 |
|           toFp_17              |                            SIntToFp32_1__10 |        117 |        117 |       0 |    0 |      0 |      0 |      0 |    0 |          0 |
|           toFp_18              |                            SIntToFp32_1__12 |        117 |        117 |       0 |    0 |      0 |      0 |      0 |    0 |          0 |
|           toFp_19              |                            SIntToFp32_1__11 |        117 |        117 |       0 |    0 |      0 |      0 |      0 |    0 |          0 |
|           toFp_2               |                            SIntToFp32_1__15 |         91 |         91 |       0 |    0 |      0 |      0 |      0 |    0 |          0 |
|           toFp_20              |                             SIntToFp32_1__7 |        117 |        117 |       0 |    0 |      0 |      0 |      0 |    0 |          0 |
|           toFp_21              |                             SIntToFp32_1__6 |        117 |        117 |       0 |    0 |      0 |      0 |      0 |    0 |          0 |
|           toFp_22              |                             SIntToFp32_1__5 |        117 |        117 |       0 |    0 |      0 |      0 |      0 |    0 |          0 |
|           toFp_23              |                             SIntToFp32_1__4 |        117 |        117 |       0 |    0 |      0 |      0 |      0 |    0 |          0 |
|           toFp_24              |                             SIntToFp32_1__3 |        117 |        117 |       0 |    0 |      0 |      0 |      0 |    0 |          0 |
|           toFp_25              |                            SIntToFp32_1__13 |         91 |         91 |       0 |    0 |      0 |      0 |      0 |    0 |          0 |
|           toFp_3               |                                SIntToFp32_1 |        117 |        117 |       0 |    0 |      0 |      0 |      0 |    0 |          0 |
|           toFp_4               |                            SIntToFp32_1__25 |        117 |        117 |       0 |    0 |      0 |      0 |      0 |    0 |          0 |
|           toFp_5               |                            SIntToFp32_1__24 |        117 |        117 |       0 |    0 |      0 |      0 |      0 |    0 |          0 |
|           toFp_6               |                            SIntToFp32_1__23 |        117 |        117 |       0 |    0 |      0 |      0 |      0 |    0 |          0 |
|           toFp_7               |                            SIntToFp32_1__22 |        117 |        117 |       0 |    0 |      0 |      0 |      0 |    0 |          0 |
|           toFp_8               |                            SIntToFp32_1__21 |        117 |        117 |       0 |    0 |      0 |      0 |      0 |    0 |          0 |
|           toFp_9               |                            SIntToFp32_1__20 |        117 |        117 |       0 |    0 |      0 |      0 |      0 |    0 |          0 |
|           toInt                |                                  Fp32ToSInt |        233 |        233 |       0 |    0 |      0 |      0 |      0 |    0 |          0 |
|           toInt_1              |                              Fp32ToSInt__25 |        233 |        233 |       0 |    0 |      0 |      0 |      0 |    0 |          0 |
|           toInt_10             |                               Fp32ToSInt__3 |        234 |        234 |       0 |    0 |      0 |      0 |      0 |    0 |          0 |
|           toInt_11             |                              Fp32ToSInt__24 |        233 |        233 |       0 |    0 |      0 |      0 |      0 |    0 |          0 |
|           toInt_12             |                              Fp32ToSInt__23 |        233 |        233 |       0 |    0 |      0 |      0 |      0 |    0 |          0 |
|           toInt_13             |                              Fp32ToSInt__22 |        233 |        233 |       0 |    0 |      0 |      0 |      0 |    0 |          0 |
|           toInt_14             |                              Fp32ToSInt__21 |        233 |        233 |       0 |    0 |      0 |      0 |      0 |    0 |          0 |
|           toInt_15             |                              Fp32ToSInt__20 |        233 |        233 |       0 |    0 |      0 |      0 |      0 |    0 |          0 |
|           toInt_16             |                              Fp32ToSInt__19 |        233 |        233 |       0 |    0 |      0 |      0 |      0 |    0 |          0 |
|           toInt_17             |                              Fp32ToSInt__18 |        233 |        233 |       0 |    0 |      0 |      0 |      0 |    0 |          0 |
|           toInt_18             |                              Fp32ToSInt__17 |        233 |        233 |       0 |    0 |      0 |      0 |      0 |    0 |          0 |
|           toInt_19             |                              Fp32ToSInt__16 |        233 |        233 |       0 |    0 |      0 |      0 |      0 |    0 |          0 |
|           toInt_2              |                              Fp32ToSInt__13 |        233 |        233 |       0 |    0 |      0 |      0 |      0 |    0 |          0 |
|           toInt_20             |                              Fp32ToSInt__15 |        233 |        233 |       0 |    0 |      0 |      0 |      0 |    0 |          0 |
|           toInt_21             |                              Fp32ToSInt__14 |        233 |        233 |       0 |    0 |      0 |      0 |      0 |    0 |          0 |
|           toInt_22             |                               Fp32ToSInt__2 |        234 |        234 |       0 |    0 |      0 |      0 |      0 |    0 |          0 |
|           toInt_23             |                               Fp32ToSInt__5 |        233 |        233 |       0 |    0 |      0 |      0 |      0 |    0 |          0 |
|           toInt_24             |                               Fp32ToSInt__4 |        233 |        233 |       0 |    0 |      0 |      0 |      0 |    0 |          0 |
|           toInt_25             |                               Fp32ToSInt__1 |        234 |        234 |       0 |    0 |      0 |      0 |      0 |    0 |          0 |
|           toInt_3              |                              Fp32ToSInt__12 |        233 |        233 |       0 |    0 |      0 |      0 |      0 |    0 |          0 |
|           toInt_4              |                              Fp32ToSInt__11 |        233 |        233 |       0 |    0 |      0 |      0 |      0 |    0 |          0 |
|           toInt_5              |                              Fp32ToSInt__10 |        233 |        233 |       0 |    0 |      0 |      0 |      0 |    0 |          0 |
|           toInt_6              |                               Fp32ToSInt__9 |        233 |        233 |       0 |    0 |      0 |      0 |      0 |    0 |          0 |
|           toInt_7              |                               Fp32ToSInt__8 |        233 |        233 |       0 |    0 |      0 |      0 |      0 |    0 |          0 |
|           toInt_8              |                               Fp32ToSInt__7 |        233 |        233 |       0 |    0 |      0 |      0 |      0 |    0 |          0 |
|           toInt_9              |                               Fp32ToSInt__6 |        233 |        233 |       0 |    0 |      0 |      0 |      0 |    0 |          0 |
|       luInst                   |                                LoadUnitFP32 |         17 |         17 |       0 |    0 |     13 |      0 |      0 |    0 |          0 |
|       lwInst                   |                                LoadWeight_1 |         15 |         15 |       0 |    0 |     13 |      0 |      0 |    0 |          0 |
|       memInst                  |                                   DataMem_2 |          9 |          9 |       0 |    0 |      8 |      0 |      0 |   12 |          0 |
|         (memInst)              |                                   DataMem_2 |          9 |          9 |       0 |    0 |      8 |      0 |      0 |    0 |          0 |
|         mem                    |                                   R1W1Mem_3 |          0 |          0 |       0 |    0 |      0 |      0 |      0 |   12 |          0 |
|           (mem)                |                                   R1W1Mem_3 |          0 |          0 |       0 |    0 |      0 |      0 |      0 |    0 |          0 |
|           mem_ext              |                                mem_4096x832 |          0 |          0 |       0 |    0 |      0 |      0 |      0 |   12 |          0 |
|       suInst                   |                             StoreUnitFP32_1 |         18 |         18 |       0 |    0 |     16 |      0 |      0 |    0 |          0 |
|     vcache                     |                                      VCache |         79 |         79 |       0 |    0 |    588 |      0 |      3 |    0 |          0 |
|       lsu_inst                 |                                         LSU |         51 |         51 |       0 |    0 |    578 |      0 |      0 |    0 |          0 |
|       mem_inst                 |                                   DataMem_3 |         28 |         28 |       0 |    0 |     10 |      0 |      3 |    0 |          0 |
|         (mem_inst)             |                                   DataMem_3 |         28 |         28 |       0 |    0 |     10 |      0 |      0 |    0 |          0 |
|         mem_list_0             |                        R1W1Mem_4__xdcDup__1 |          0 |          0 |       0 |    0 |      0 |      0 |      1 |    0 |          0 |
|           (mem_list_0)         |                        R1W1Mem_4__xdcDup__1 |          0 |          0 |       0 |    0 |      0 |      0 |      0 |    0 |          0 |
|           mem_ext              |                      mem_1024x16__xdcDup__1 |          0 |          0 |       0 |    0 |      0 |      0 |      1 |    0 |          0 |
|         mem_list_1             |                        R1W1Mem_4__xdcDup__2 |          0 |          0 |       0 |    0 |      0 |      0 |      1 |    0 |          0 |
|           (mem_list_1)         |                        R1W1Mem_4__xdcDup__2 |          0 |          0 |       0 |    0 |      0 |      0 |      0 |    0 |          0 |
|           mem_ext              |                      mem_1024x16__xdcDup__2 |          0 |          0 |       0 |    0 |      0 |      0 |      1 |    0 |          0 |
|         mem_list_2             |                                   R1W1Mem_4 |          0 |          0 |       0 |    0 |      0 |      0 |      1 |    0 |          0 |
|           (mem_list_2)         |                                   R1W1Mem_4 |          0 |          0 |       0 |    0 |      0 |      0 |      0 |    0 |          0 |
|           mem_ext              |                                 mem_1024x16 |          0 |          0 |       0 |    0 |      0 |      0 |      1 |    0 |          0 |
|   ffndown                      |                                 FFNDownFP32 |     133286 |     133281 |       0 |    5 | 115991 |     10 |      2 |   68 |        457 |
|     (ffndown)                  |                                 FFNDownFP32 |       6570 |       6570 |       0 |    0 |  24582 |      0 |      0 |    0 |          0 |
|     bias_add                   |                               Fp32VecAdd__3 |      11532 |      11532 |       0 |    0 |      0 |      0 |      0 |    0 |          0 |
|       add                      |                                Fp32Add__149 |        961 |        961 |       0 |    0 |      0 |      0 |      0 |    0 |          0 |
|         (add)                  |                                Fp32Add__149 |        284 |        284 |       0 |    0 |      0 |      0 |      0 |    0 |          0 |
|         add                    |                               AddRecFN__163 |        677 |        677 |       0 |    0 |      0 |      0 |      0 |    0 |          0 |
|           (add)                |                               AddRecFN__163 |          5 |          5 |       0 |    0 |      0 |      0 |      0 |    0 |          0 |
|           addRawFN             |                               AddRawFN__163 |        471 |        471 |       0 |    0 |      0 |      0 |      0 |    0 |          0 |
|           roundRawFNToRecFN    |               RoundRawFNToRecFN_e8_s24__358 |        201 |        201 |       0 |    0 |      0 |      0 |      0 |    0 |          0 |
|       add_1                    |                                Fp32Add__150 |        961 |        961 |       0 |    0 |      0 |      0 |      0 |    0 |          0 |
|         (add_1)                |                                Fp32Add__150 |        284 |        284 |       0 |    0 |      0 |      0 |      0 |    0 |          0 |
|         add                    |                               AddRecFN__164 |        677 |        677 |       0 |    0 |      0 |      0 |      0 |    0 |          0 |
|           (add)                |                               AddRecFN__164 |          5 |          5 |       0 |    0 |      0 |      0 |      0 |    0 |          0 |
|           addRawFN             |                               AddRawFN__164 |        471 |        471 |       0 |    0 |      0 |      0 |      0 |    0 |          0 |
|           roundRawFNToRecFN    |               RoundRawFNToRecFN_e8_s24__359 |        201 |        201 |       0 |    0 |      0 |      0 |      0 |    0 |          0 |
|       add_10                   |                                Fp32Add__159 |        961 |        961 |       0 |    0 |      0 |      0 |      0 |    0 |          0 |
|         (add_10)               |                                Fp32Add__159 |        284 |        284 |       0 |    0 |      0 |      0 |      0 |    0 |          0 |
|         add                    |                               AddRecFN__173 |        677 |        677 |       0 |    0 |      0 |      0 |      0 |    0 |          0 |
|           (add)                |                               AddRecFN__173 |          5 |          5 |       0 |    0 |      0 |      0 |      0 |    0 |          0 |
|           addRawFN             |                               AddRawFN__173 |        471 |        471 |       0 |    0 |      0 |      0 |      0 |    0 |          0 |
|           roundRawFNToRecFN    |               RoundRawFNToRecFN_e8_s24__368 |        201 |        201 |       0 |    0 |      0 |      0 |      0 |    0 |          0 |
|       add_11                   |                                Fp32Add__160 |        961 |        961 |       0 |    0 |      0 |      0 |      0 |    0 |          0 |
|         (add_11)               |                                Fp32Add__160 |        284 |        284 |       0 |    0 |      0 |      0 |      0 |    0 |          0 |
|         add                    |                               AddRecFN__174 |        677 |        677 |       0 |    0 |      0 |      0 |      0 |    0 |          0 |
|           (add)                |                               AddRecFN__174 |          5 |          5 |       0 |    0 |      0 |      0 |      0 |    0 |          0 |
|           addRawFN             |                               AddRawFN__174 |        471 |        471 |       0 |    0 |      0 |      0 |      0 |    0 |          0 |
|           roundRawFNToRecFN    |               RoundRawFNToRecFN_e8_s24__369 |        201 |        201 |       0 |    0 |      0 |      0 |      0 |    0 |          0 |
|       add_2                    |                                Fp32Add__151 |        961 |        961 |       0 |    0 |      0 |      0 |      0 |    0 |          0 |
|         (add_2)                |                                Fp32Add__151 |        284 |        284 |       0 |    0 |      0 |      0 |      0 |    0 |          0 |
|         add                    |                               AddRecFN__165 |        677 |        677 |       0 |    0 |      0 |      0 |      0 |    0 |          0 |
|           (add)                |                               AddRecFN__165 |          5 |          5 |       0 |    0 |      0 |      0 |      0 |    0 |          0 |
|           addRawFN             |                               AddRawFN__165 |        471 |        471 |       0 |    0 |      0 |      0 |      0 |    0 |          0 |
|           roundRawFNToRecFN    |               RoundRawFNToRecFN_e8_s24__360 |        201 |        201 |       0 |    0 |      0 |      0 |      0 |    0 |          0 |
|       add_3                    |                                Fp32Add__152 |        961 |        961 |       0 |    0 |      0 |      0 |      0 |    0 |          0 |
|         (add_3)                |                                Fp32Add__152 |        284 |        284 |       0 |    0 |      0 |      0 |      0 |    0 |          0 |
|         add                    |                               AddRecFN__166 |        677 |        677 |       0 |    0 |      0 |      0 |      0 |    0 |          0 |
|           (add)                |                               AddRecFN__166 |          5 |          5 |       0 |    0 |      0 |      0 |      0 |    0 |          0 |
|           addRawFN             |                               AddRawFN__166 |        471 |        471 |       0 |    0 |      0 |      0 |      0 |    0 |          0 |
|           roundRawFNToRecFN    |               RoundRawFNToRecFN_e8_s24__361 |        201 |        201 |       0 |    0 |      0 |      0 |      0 |    0 |          0 |
|       add_4                    |                                Fp32Add__153 |        961 |        961 |       0 |    0 |      0 |      0 |      0 |    0 |          0 |
|         (add_4)                |                                Fp32Add__153 |        284 |        284 |       0 |    0 |      0 |      0 |      0 |    0 |          0 |
|         add                    |                               AddRecFN__167 |        677 |        677 |       0 |    0 |      0 |      0 |      0 |    0 |          0 |
|           (add)                |                               AddRecFN__167 |          5 |          5 |       0 |    0 |      0 |      0 |      0 |    0 |          0 |
|           addRawFN             |                               AddRawFN__167 |        471 |        471 |       0 |    0 |      0 |      0 |      0 |    0 |          0 |
|           roundRawFNToRecFN    |               RoundRawFNToRecFN_e8_s24__362 |        201 |        201 |       0 |    0 |      0 |      0 |      0 |    0 |          0 |
|       add_5                    |                                Fp32Add__154 |        961 |        961 |       0 |    0 |      0 |      0 |      0 |    0 |          0 |
|         (add_5)                |                                Fp32Add__154 |        284 |        284 |       0 |    0 |      0 |      0 |      0 |    0 |          0 |
|         add                    |                               AddRecFN__168 |        677 |        677 |       0 |    0 |      0 |      0 |      0 |    0 |          0 |
|           (add)                |                               AddRecFN__168 |          5 |          5 |       0 |    0 |      0 |      0 |      0 |    0 |          0 |
|           addRawFN             |                               AddRawFN__168 |        471 |        471 |       0 |    0 |      0 |      0 |      0 |    0 |          0 |
|           roundRawFNToRecFN    |               RoundRawFNToRecFN_e8_s24__363 |        201 |        201 |       0 |    0 |      0 |      0 |      0 |    0 |          0 |
|       add_6                    |                                Fp32Add__155 |        961 |        961 |       0 |    0 |      0 |      0 |      0 |    0 |          0 |
|         (add_6)                |                                Fp32Add__155 |        284 |        284 |       0 |    0 |      0 |      0 |      0 |    0 |          0 |
|         add                    |                               AddRecFN__169 |        677 |        677 |       0 |    0 |      0 |      0 |      0 |    0 |          0 |
|           (add)                |                               AddRecFN__169 |          5 |          5 |       0 |    0 |      0 |      0 |      0 |    0 |          0 |
|           addRawFN             |                               AddRawFN__169 |        471 |        471 |       0 |    0 |      0 |      0 |      0 |    0 |          0 |
|           roundRawFNToRecFN    |               RoundRawFNToRecFN_e8_s24__364 |        201 |        201 |       0 |    0 |      0 |      0 |      0 |    0 |          0 |
|       add_7                    |                                Fp32Add__156 |        961 |        961 |       0 |    0 |      0 |      0 |      0 |    0 |          0 |
|         (add_7)                |                                Fp32Add__156 |        284 |        284 |       0 |    0 |      0 |      0 |      0 |    0 |          0 |
|         add                    |                               AddRecFN__170 |        677 |        677 |       0 |    0 |      0 |      0 |      0 |    0 |          0 |
|           (add)                |                               AddRecFN__170 |          5 |          5 |       0 |    0 |      0 |      0 |      0 |    0 |          0 |
|           addRawFN             |                               AddRawFN__170 |        471 |        471 |       0 |    0 |      0 |      0 |      0 |    0 |          0 |
|           roundRawFNToRecFN    |               RoundRawFNToRecFN_e8_s24__365 |        201 |        201 |       0 |    0 |      0 |      0 |      0 |    0 |          0 |
|       add_8                    |                                Fp32Add__157 |        961 |        961 |       0 |    0 |      0 |      0 |      0 |    0 |          0 |
|         (add_8)                |                                Fp32Add__157 |        284 |        284 |       0 |    0 |      0 |      0 |      0 |    0 |          0 |
|         add                    |                               AddRecFN__171 |        677 |        677 |       0 |    0 |      0 |      0 |      0 |    0 |          0 |
|           (add)                |                               AddRecFN__171 |          5 |          5 |       0 |    0 |      0 |      0 |      0 |    0 |          0 |
|           addRawFN             |                               AddRawFN__171 |        471 |        471 |       0 |    0 |      0 |      0 |      0 |    0 |          0 |
|           roundRawFNToRecFN    |               RoundRawFNToRecFN_e8_s24__366 |        201 |        201 |       0 |    0 |      0 |      0 |      0 |    0 |          0 |
|       add_9                    |                                Fp32Add__158 |        961 |        961 |       0 |    0 |      0 |      0 |      0 |    0 |          0 |
|         (add_9)                |                                Fp32Add__158 |        284 |        284 |       0 |    0 |      0 |      0 |      0 |    0 |          0 |
|         add                    |                               AddRecFN__172 |        677 |        677 |       0 |    0 |      0 |      0 |      0 |    0 |          0 |
|           (add)                |                               AddRecFN__172 |          5 |          5 |       0 |    0 |      0 |      0 |      0 |    0 |          0 |
|           addRawFN             |                               AddRawFN__172 |        471 |        471 |       0 |    0 |      0 |      0 |      0 |    0 |          0 |
|           roundRawFNToRecFN    |               RoundRawFNToRecFN_e8_s24__367 |        201 |        201 |       0 |    0 |      0 |      0 |      0 |    0 |          0 |
|     cu_inst                    |                                    CUFP32_2 |     113512 |     113507 |       0 |    5 |  90930 |      0 |      0 |    0 |        456 |
|       (cu_inst)                |                                    CUFP32_2 |      97313 |      97313 |       0 |    0 |  83030 |      0 |      0 |    0 |          0 |
|       addTreeList_0            |                        SignedAddTree32__123 |        184 |        184 |       0 |    0 |    213 |      0 |      0 |    0 |          0 |
|       addTreeList_1            |                        SignedAddTree32__129 |        184 |        184 |       0 |    0 |    213 |      0 |      0 |    0 |          0 |
|       addTreeList_10           |                        SignedAddTree32__136 |        184 |        184 |       0 |    0 |    213 |      0 |      0 |    0 |          0 |
|       addTreeList_11           |                        SignedAddTree32__131 |        184 |        184 |       0 |    0 |    213 |      0 |      0 |    0 |          0 |
|       addTreeList_12           |                        SignedAddTree32__118 |        184 |        184 |       0 |    0 |    213 |      0 |      0 |    0 |          0 |
|       addTreeList_13           |                        SignedAddTree32__126 |        184 |        184 |       0 |    0 |    213 |      0 |      0 |    0 |          0 |
|       addTreeList_14           |                        SignedAddTree32__127 |        184 |        184 |       0 |    0 |    213 |      0 |      0 |    0 |          0 |
|       addTreeList_15           |                        SignedAddTree32__137 |        184 |        184 |       0 |    0 |    213 |      0 |      0 |    0 |          0 |
|       addTreeList_16           |                        SignedAddTree32__117 |        184 |        184 |       0 |    0 |    213 |      0 |      0 |    0 |          0 |
|       addTreeList_17           |                        SignedAddTree32__116 |        184 |        184 |       0 |    0 |    213 |      0 |      0 |    0 |          0 |
|       addTreeList_18           |                        SignedAddTree32__128 |        184 |        184 |       0 |    0 |    213 |      0 |      0 |    0 |          0 |
|       addTreeList_19           |                        SignedAddTree32__115 |        184 |        184 |       0 |    0 |    213 |      0 |      0 |    0 |          0 |
|       addTreeList_2            |                        SignedAddTree32__124 |        184 |        184 |       0 |    0 |    213 |      0 |      0 |    0 |          0 |
|       addTreeList_20           |                        SignedAddTree32__132 |        184 |        184 |       0 |    0 |    213 |      0 |      0 |    0 |          0 |
|       addTreeList_21           |                        SignedAddTree32__138 |        184 |        184 |       0 |    0 |    213 |      0 |      0 |    0 |          0 |
|       addTreeList_22           |                        SignedAddTree32__144 |        184 |        184 |       0 |    0 |    213 |      0 |      0 |    0 |          0 |
|       addTreeList_23           |                        SignedAddTree32__139 |        184 |        184 |       0 |    0 |    213 |      0 |      0 |    0 |          0 |
|       addTreeList_24           |                        SignedAddTree32__133 |        184 |        184 |       0 |    0 |    213 |      0 |      0 |    0 |          0 |
|       addTreeList_25           |                        SignedAddTree32__140 |        184 |        184 |       0 |    0 |    213 |      0 |      0 |    0 |          0 |
|       addTreeList_26           |                        SignedAddTree32__114 |        184 |        184 |       0 |    0 |    213 |      0 |      0 |    0 |          0 |
|       addTreeList_27           |                        SignedAddTree32__113 |        184 |        184 |       0 |    0 |    213 |      0 |      0 |    0 |          0 |
|       addTreeList_28           |                        SignedAddTree32__112 |        184 |        184 |       0 |    0 |    213 |      0 |      0 |    0 |          0 |
|       addTreeList_29           |                        SignedAddTree32__111 |        184 |        184 |       0 |    0 |    213 |      0 |      0 |    0 |          0 |
|       addTreeList_3            |                        SignedAddTree32__122 |        184 |        184 |       0 |    0 |    213 |      0 |      0 |    0 |          0 |
|       addTreeList_30           |                        SignedAddTree32__141 |        184 |        184 |       0 |    0 |    213 |      0 |      0 |    0 |          0 |
|       addTreeList_31           |                        SignedAddTree32__134 |        184 |        184 |       0 |    0 |    213 |      0 |      0 |    0 |          0 |
|       addTreeList_32           |                        SignedAddTree32__135 |        184 |        184 |       0 |    0 |    213 |      0 |      0 |    0 |          0 |
|       addTreeList_33           |                        SignedAddTree32__142 |        184 |        184 |       0 |    0 |    213 |      0 |      0 |    0 |          0 |
|       addTreeList_34           |                             SignedAddTree32 |        184 |        184 |       0 |    0 |    213 |      0 |      0 |    0 |          0 |
|       addTreeList_35           |                        SignedAddTree32__110 |        184 |        184 |       0 |    0 |    213 |      0 |      0 |    0 |          0 |
|       addTreeList_4            |                        SignedAddTree32__143 |        184 |        184 |       0 |    0 |    213 |      0 |      0 |    0 |          0 |
|       addTreeList_5            |                        SignedAddTree32__130 |        184 |        184 |       0 |    0 |    213 |      0 |      0 |    0 |          0 |
|       addTreeList_6            |                        SignedAddTree32__121 |        184 |        184 |       0 |    0 |    213 |      0 |      0 |    0 |          0 |
|       addTreeList_7            |                        SignedAddTree32__125 |        184 |        184 |       0 |    0 |    213 |      0 |      0 |    0 |          0 |
|       addTreeList_8            |                        SignedAddTree32__120 |        184 |        184 |       0 |    0 |    213 |      0 |      0 |    0 |          0 |
|       addTreeList_9            |                        SignedAddTree32__119 |        184 |        184 |       0 |    0 |    213 |      0 |      0 |    0 |          0 |
|       batchsizelast_pipreg     |                                    PipReg_1 |          0 |          0 |       0 |    0 |      2 |      0 |      0 |    0 |          0 |
|       block_first_pipreg       |                                    PipReg_2 |          0 |          0 |       0 |    0 |      7 |      0 |      0 |    0 |          0 |
|       cnt_batchsize_pipreg     |                                    PipReg_3 |         10 |          5 |       0 |    5 |     16 |      0 |      0 |    0 |          0 |
|       indata_pipreg            |                                      PipReg |          0 |          0 |       0 |    0 |    192 |      0 |      0 |    0 |          0 |
|       mul_list_0_0             |             SignedMultiplierInt8__xdcDup__1 |          0 |          0 |       0 |    0 |      0 |      0 |      0 |    0 |          1 |
|       mul_list_0_1             |             SignedMultiplierInt8__xdcDup__2 |          0 |          0 |       0 |    0 |      0 |      0 |      0 |    0 |          1 |
|       mul_list_0_10            |             SignedMultiplierInt8__xdcDup__3 |          0 |          0 |       0 |    0 |      0 |      0 |      0 |    0 |          1 |
|       mul_list_0_11            |             SignedMultiplierInt8__xdcDup__4 |          0 |          0 |       0 |    0 |      0 |      0 |      0 |    0 |          1 |
|       mul_list_0_12            |             SignedMultiplierInt8__xdcDup__5 |          0 |          0 |       0 |    0 |      0 |      0 |      0 |    0 |          1 |
|       mul_list_0_13            |             SignedMultiplierInt8__xdcDup__6 |          0 |          0 |       0 |    0 |      0 |      0 |      0 |    0 |          1 |
|       mul_list_0_14            |             SignedMultiplierInt8__xdcDup__7 |          0 |          0 |       0 |    0 |      0 |      0 |      0 |    0 |          1 |
|       mul_list_0_15            |             SignedMultiplierInt8__xdcDup__8 |          0 |          0 |       0 |    0 |      0 |      0 |      0 |    0 |          1 |
|       mul_list_0_16            |             SignedMultiplierInt8__xdcDup__9 |          0 |          0 |       0 |    0 |      0 |      0 |      0 |    0 |          1 |
|       mul_list_0_17            |            SignedMultiplierInt8__xdcDup__10 |          0 |          0 |       0 |    0 |      0 |      0 |      0 |    0 |          1 |
|       mul_list_0_18            |            SignedMultiplierInt8__xdcDup__11 |          0 |          0 |       0 |    0 |      0 |      0 |      0 |    0 |          1 |
|       mul_list_0_19            |            SignedMultiplierInt8__xdcDup__12 |          0 |          0 |       0 |    0 |      0 |      0 |      0 |    0 |          1 |
|       mul_list_0_2             |            SignedMultiplierInt8__xdcDup__13 |          0 |          0 |       0 |    0 |      0 |      0 |      0 |    0 |          1 |
|       mul_list_0_20            |            SignedMultiplierInt8__xdcDup__14 |          0 |          0 |       0 |    0 |      0 |      0 |      0 |    0 |          1 |
|       mul_list_0_21            |            SignedMultiplierInt8__xdcDup__15 |          0 |          0 |       0 |    0 |      0 |      0 |      0 |    0 |          1 |
|       mul_list_0_22            |            SignedMultiplierInt8__xdcDup__16 |          0 |          0 |       0 |    0 |      0 |      0 |      0 |    0 |          1 |
|       mul_list_0_23            |            SignedMultiplierInt8__xdcDup__17 |          0 |          0 |       0 |    0 |      0 |      0 |      0 |    0 |          1 |
|       mul_list_0_24            |            SignedMultiplierInt8__xdcDup__18 |          0 |          0 |       0 |    0 |      0 |      0 |      0 |    0 |          1 |
|       mul_list_0_25            |            SignedMultiplierInt8__xdcDup__19 |          0 |          0 |       0 |    0 |      0 |      0 |      0 |    0 |          1 |
|       mul_list_0_26            |            SignedMultiplierInt8__xdcDup__20 |          0 |          0 |       0 |    0 |      0 |      0 |      0 |    0 |          1 |
|       mul_list_0_27            |            SignedMultiplierInt8__xdcDup__21 |          0 |          0 |       0 |    0 |      0 |      0 |      0 |    0 |          1 |
|       mul_list_0_28            |            SignedMultiplierInt8__xdcDup__22 |          0 |          0 |       0 |    0 |      0 |      0 |      0 |    0 |          1 |
|       mul_list_0_29            |            SignedMultiplierInt8__xdcDup__23 |          0 |          0 |       0 |    0 |      0 |      0 |      0 |    0 |          1 |
|       mul_list_0_3             |            SignedMultiplierInt8__xdcDup__24 |          0 |          0 |       0 |    0 |      0 |      0 |      0 |    0 |          1 |
|       mul_list_0_30            |            SignedMultiplierInt8__xdcDup__25 |          0 |          0 |       0 |    0 |      0 |      0 |      0 |    0 |          1 |
|       mul_list_0_31            |            SignedMultiplierInt8__xdcDup__26 |          0 |          0 |       0 |    0 |      0 |      0 |      0 |    0 |          1 |
|       mul_list_0_32            |            SignedMultiplierInt8__xdcDup__27 |          0 |          0 |       0 |    0 |      0 |      0 |      0 |    0 |          1 |
|       mul_list_0_33            |            SignedMultiplierInt8__xdcDup__28 |          0 |          0 |       0 |    0 |      0 |      0 |      0 |    0 |          1 |
|       mul_list_0_34            |            SignedMultiplierInt8__xdcDup__29 |          0 |          0 |       0 |    0 |      0 |      0 |      0 |    0 |          1 |
|       mul_list_0_35            |            SignedMultiplierInt8__xdcDup__30 |          0 |          0 |       0 |    0 |      0 |      0 |      0 |    0 |          1 |
|       mul_list_0_4             |            SignedMultiplierInt8__xdcDup__31 |          0 |          0 |       0 |    0 |      0 |      0 |      0 |    0 |          1 |
|       mul_list_0_5             |            SignedMultiplierInt8__xdcDup__32 |          0 |          0 |       0 |    0 |      0 |      0 |      0 |    0 |          1 |
|       mul_list_0_6             |            SignedMultiplierInt8__xdcDup__33 |          0 |          0 |       0 |    0 |      0 |      0 |      0 |    0 |          1 |
|       mul_list_0_7             |            SignedMultiplierInt8__xdcDup__34 |          0 |          0 |       0 |    0 |      0 |      0 |      0 |    0 |          1 |
|       mul_list_0_8             |            SignedMultiplierInt8__xdcDup__35 |          0 |          0 |       0 |    0 |      0 |      0 |      0 |    0 |          1 |
|       mul_list_0_9             |            SignedMultiplierInt8__xdcDup__36 |          0 |          0 |       0 |    0 |      0 |      0 |      0 |    0 |          1 |
|       mul_list_10_0            |            SignedMultiplierInt8__xdcDup__37 |          0 |          0 |       0 |    0 |      0 |      0 |      0 |    0 |          1 |
|       mul_list_10_1            |            SignedMultiplierInt8__xdcDup__38 |          0 |          0 |       0 |    0 |      0 |      0 |      0 |    0 |          1 |
|       mul_list_10_10           |            SignedMultiplierInt8__xdcDup__39 |          0 |          0 |       0 |    0 |      0 |      0 |      0 |    0 |          1 |
|       mul_list_10_11           |            SignedMultiplierInt8__xdcDup__40 |          0 |          0 |       0 |    0 |      0 |      0 |      0 |    0 |          1 |
|       mul_list_10_12           |            SignedMultiplierInt8__xdcDup__41 |          0 |          0 |       0 |    0 |      0 |      0 |      0 |    0 |          1 |
|       mul_list_10_13           |            SignedMultiplierInt8__xdcDup__42 |          0 |          0 |       0 |    0 |      0 |      0 |      0 |    0 |          1 |
|       mul_list_10_14           |            SignedMultiplierInt8__xdcDup__43 |          0 |          0 |       0 |    0 |      0 |      0 |      0 |    0 |          1 |
|       mul_list_10_15           |            SignedMultiplierInt8__xdcDup__44 |          0 |          0 |       0 |    0 |      0 |      0 |      0 |    0 |          1 |
|       mul_list_10_16           |            SignedMultiplierInt8__xdcDup__45 |          0 |          0 |       0 |    0 |      0 |      0 |      0 |    0 |          1 |
|       mul_list_10_17           |            SignedMultiplierInt8__xdcDup__46 |          0 |          0 |       0 |    0 |      0 |      0 |      0 |    0 |          1 |
|       mul_list_10_18           |            SignedMultiplierInt8__xdcDup__47 |          0 |          0 |       0 |    0 |      0 |      0 |      0 |    0 |          1 |
|       mul_list_10_19           |            SignedMultiplierInt8__xdcDup__48 |          0 |          0 |       0 |    0 |      0 |      0 |      0 |    0 |          1 |
|       mul_list_10_2            |            SignedMultiplierInt8__xdcDup__49 |          0 |          0 |       0 |    0 |      0 |      0 |      0 |    0 |          1 |
|       mul_list_10_20           |            SignedMultiplierInt8__xdcDup__50 |          0 |          0 |       0 |    0 |      0 |      0 |      0 |    0 |          1 |
|       mul_list_10_21           |            SignedMultiplierInt8__xdcDup__51 |          0 |          0 |       0 |    0 |      0 |      0 |      0 |    0 |          1 |
|       mul_list_10_22           |            SignedMultiplierInt8__xdcDup__52 |          0 |          0 |       0 |    0 |      0 |      0 |      0 |    0 |          1 |
|       mul_list_10_23           |            SignedMultiplierInt8__xdcDup__53 |          0 |          0 |       0 |    0 |      0 |      0 |      0 |    0 |          1 |
|       mul_list_10_24           |            SignedMultiplierInt8__xdcDup__54 |          0 |          0 |       0 |    0 |      0 |      0 |      0 |    0 |          1 |
|       mul_list_10_25           |            SignedMultiplierInt8__xdcDup__55 |          0 |          0 |       0 |    0 |      0 |      0 |      0 |    0 |          1 |
|       mul_list_10_26           |            SignedMultiplierInt8__xdcDup__56 |          0 |          0 |       0 |    0 |      0 |      0 |      0 |    0 |          1 |
|       mul_list_10_27           |            SignedMultiplierInt8__xdcDup__57 |          0 |          0 |       0 |    0 |      0 |      0 |      0 |    0 |          1 |
|       mul_list_10_28           |            SignedMultiplierInt8__xdcDup__58 |          0 |          0 |       0 |    0 |      0 |      0 |      0 |    0 |          1 |
|       mul_list_10_29           |            SignedMultiplierInt8__xdcDup__59 |          0 |          0 |       0 |    0 |      0 |      0 |      0 |    0 |          1 |
|       mul_list_10_3            |            SignedMultiplierInt8__xdcDup__60 |          0 |          0 |       0 |    0 |      0 |      0 |      0 |    0 |          1 |
|       mul_list_10_30           |            SignedMultiplierInt8__xdcDup__61 |          0 |          0 |       0 |    0 |      0 |      0 |      0 |    0 |          1 |
|       mul_list_10_31           |            SignedMultiplierInt8__xdcDup__62 |          0 |          0 |       0 |    0 |      0 |      0 |      0 |    0 |          1 |
|       mul_list_10_32           |            SignedMultiplierInt8__xdcDup__63 |          0 |          0 |       0 |    0 |      0 |      0 |      0 |    0 |          1 |
|       mul_list_10_33           |            SignedMultiplierInt8__xdcDup__64 |          0 |          0 |       0 |    0 |      0 |      0 |      0 |    0 |          1 |
|       mul_list_10_34           |            SignedMultiplierInt8__xdcDup__65 |          0 |          0 |       0 |    0 |      0 |      0 |      0 |    0 |          1 |
|       mul_list_10_35           |            SignedMultiplierInt8__xdcDup__66 |          0 |          0 |       0 |    0 |      0 |      0 |      0 |    0 |          1 |
|       mul_list_10_4            |            SignedMultiplierInt8__xdcDup__67 |          0 |          0 |       0 |    0 |      0 |      0 |      0 |    0 |          1 |
|       mul_list_10_5            |            SignedMultiplierInt8__xdcDup__68 |          0 |          0 |       0 |    0 |      0 |      0 |      0 |    0 |          1 |
|       mul_list_10_6            |            SignedMultiplierInt8__xdcDup__69 |          0 |          0 |       0 |    0 |      0 |      0 |      0 |    0 |          1 |
|       mul_list_10_7            |            SignedMultiplierInt8__xdcDup__70 |          0 |          0 |       0 |    0 |      0 |      0 |      0 |    0 |          1 |
|       mul_list_10_8            |            SignedMultiplierInt8__xdcDup__71 |          0 |          0 |       0 |    0 |      0 |      0 |      0 |    0 |          1 |
|       mul_list_10_9            |            SignedMultiplierInt8__xdcDup__72 |          0 |          0 |       0 |    0 |      0 |      0 |      0 |    0 |          1 |
|       mul_list_11_0            |            SignedMultiplierInt8__xdcDup__73 |          0 |          0 |       0 |    0 |      0 |      0 |      0 |    0 |          1 |
|       mul_list_11_1            |            SignedMultiplierInt8__xdcDup__74 |          0 |          0 |       0 |    0 |      0 |      0 |      0 |    0 |          1 |
|       mul_list_11_10           |            SignedMultiplierInt8__xdcDup__75 |          0 |          0 |       0 |    0 |      0 |      0 |      0 |    0 |          1 |
|       mul_list_11_11           |            SignedMultiplierInt8__xdcDup__76 |          0 |          0 |       0 |    0 |      0 |      0 |      0 |    0 |          1 |
|       mul_list_11_12           |            SignedMultiplierInt8__xdcDup__77 |          0 |          0 |       0 |    0 |      0 |      0 |      0 |    0 |          1 |
|       mul_list_11_13           |            SignedMultiplierInt8__xdcDup__78 |          0 |          0 |       0 |    0 |      0 |      0 |      0 |    0 |          1 |
|       mul_list_11_14           |            SignedMultiplierInt8__xdcDup__79 |          0 |          0 |       0 |    0 |      0 |      0 |      0 |    0 |          1 |
|       mul_list_11_15           |            SignedMultiplierInt8__xdcDup__80 |          0 |          0 |       0 |    0 |      0 |      0 |      0 |    0 |          1 |
|       mul_list_11_16           |            SignedMultiplierInt8__xdcDup__81 |          0 |          0 |       0 |    0 |      0 |      0 |      0 |    0 |          1 |
|       mul_list_11_17           |            SignedMultiplierInt8__xdcDup__82 |          0 |          0 |       0 |    0 |      0 |      0 |      0 |    0 |          1 |
|       mul_list_11_18           |            SignedMultiplierInt8__xdcDup__83 |          0 |          0 |       0 |    0 |      0 |      0 |      0 |    0 |          1 |
|       mul_list_11_19           |            SignedMultiplierInt8__xdcDup__84 |          0 |          0 |       0 |    0 |      0 |      0 |      0 |    0 |          1 |
|       mul_list_11_2            |            SignedMultiplierInt8__xdcDup__85 |          0 |          0 |       0 |    0 |      0 |      0 |      0 |    0 |          1 |
|       mul_list_11_20           |            SignedMultiplierInt8__xdcDup__86 |          0 |          0 |       0 |    0 |      0 |      0 |      0 |    0 |          1 |
|       mul_list_11_21           |            SignedMultiplierInt8__xdcDup__87 |          0 |          0 |       0 |    0 |      0 |      0 |      0 |    0 |          1 |
|       mul_list_11_22           |            SignedMultiplierInt8__xdcDup__88 |          0 |          0 |       0 |    0 |      0 |      0 |      0 |    0 |          1 |
|       mul_list_11_23           |            SignedMultiplierInt8__xdcDup__89 |          0 |          0 |       0 |    0 |      0 |      0 |      0 |    0 |          1 |
|       mul_list_11_24           |            SignedMultiplierInt8__xdcDup__90 |          0 |          0 |       0 |    0 |      0 |      0 |      0 |    0 |          1 |
|       mul_list_11_25           |            SignedMultiplierInt8__xdcDup__91 |          0 |          0 |       0 |    0 |      0 |      0 |      0 |    0 |          1 |
|       mul_list_11_26           |            SignedMultiplierInt8__xdcDup__92 |          0 |          0 |       0 |    0 |      0 |      0 |      0 |    0 |          1 |
|       mul_list_11_27           |            SignedMultiplierInt8__xdcDup__93 |          0 |          0 |       0 |    0 |      0 |      0 |      0 |    0 |          1 |
|       mul_list_11_28           |            SignedMultiplierInt8__xdcDup__94 |          0 |          0 |       0 |    0 |      0 |      0 |      0 |    0 |          1 |
|       mul_list_11_29           |            SignedMultiplierInt8__xdcDup__95 |          0 |          0 |       0 |    0 |      0 |      0 |      0 |    0 |          1 |
|       mul_list_11_3            |            SignedMultiplierInt8__xdcDup__96 |          0 |          0 |       0 |    0 |      0 |      0 |      0 |    0 |          1 |
|       mul_list_11_30           |            SignedMultiplierInt8__xdcDup__97 |          0 |          0 |       0 |    0 |      0 |      0 |      0 |    0 |          1 |
|       mul_list_11_31           |            SignedMultiplierInt8__xdcDup__98 |          0 |          0 |       0 |    0 |      0 |      0 |      0 |    0 |          1 |
|       mul_list_11_32           |            SignedMultiplierInt8__xdcDup__99 |          0 |          0 |       0 |    0 |      0 |      0 |      0 |    0 |          1 |
|       mul_list_11_33           |           SignedMultiplierInt8__xdcDup__100 |          0 |          0 |       0 |    0 |      0 |      0 |      0 |    0 |          1 |
|       mul_list_11_34           |           SignedMultiplierInt8__xdcDup__101 |          0 |          0 |       0 |    0 |      0 |      0 |      0 |    0 |          1 |
|       mul_list_11_35           |           SignedMultiplierInt8__xdcDup__102 |          0 |          0 |       0 |    0 |      0 |      0 |      0 |    0 |          1 |
|       mul_list_11_4            |           SignedMultiplierInt8__xdcDup__103 |          0 |          0 |       0 |    0 |      0 |      0 |      0 |    0 |          1 |
|       mul_list_11_5            |           SignedMultiplierInt8__xdcDup__104 |          0 |          0 |       0 |    0 |      0 |      0 |      0 |    0 |          1 |
|       mul_list_11_6            |           SignedMultiplierInt8__xdcDup__105 |          0 |          0 |       0 |    0 |      0 |      0 |      0 |    0 |          1 |
|       mul_list_11_7            |           SignedMultiplierInt8__xdcDup__106 |          0 |          0 |       0 |    0 |      0 |      0 |      0 |    0 |          1 |
|       mul_list_11_8            |           SignedMultiplierInt8__xdcDup__107 |          0 |          0 |       0 |    0 |      0 |      0 |      0 |    0 |          1 |
|       mul_list_11_9            |           SignedMultiplierInt8__xdcDup__108 |          0 |          0 |       0 |    0 |      0 |      0 |      0 |    0 |          1 |
|       mul_list_1_0             |           SignedMultiplierInt8__xdcDup__109 |          0 |          0 |       0 |    0 |      0 |      0 |      0 |    0 |          1 |
|       mul_list_1_1             |           SignedMultiplierInt8__xdcDup__110 |          0 |          0 |       0 |    0 |      0 |      0 |      0 |    0 |          1 |
|       mul_list_1_10            |           SignedMultiplierInt8__xdcDup__111 |          0 |          0 |       0 |    0 |      0 |      0 |      0 |    0 |          1 |
|       mul_list_1_11            |           SignedMultiplierInt8__xdcDup__112 |          0 |          0 |       0 |    0 |      0 |      0 |      0 |    0 |          1 |
|       mul_list_1_12            |           SignedMultiplierInt8__xdcDup__113 |          0 |          0 |       0 |    0 |      0 |      0 |      0 |    0 |          1 |
|       mul_list_1_13            |           SignedMultiplierInt8__xdcDup__114 |          0 |          0 |       0 |    0 |      0 |      0 |      0 |    0 |          1 |
|       mul_list_1_14            |           SignedMultiplierInt8__xdcDup__115 |          0 |          0 |       0 |    0 |      0 |      0 |      0 |    0 |          1 |
|       mul_list_1_15            |           SignedMultiplierInt8__xdcDup__116 |          0 |          0 |       0 |    0 |      0 |      0 |      0 |    0 |          1 |
|       mul_list_1_16            |           SignedMultiplierInt8__xdcDup__117 |          0 |          0 |       0 |    0 |      0 |      0 |      0 |    0 |          1 |
|       mul_list_1_17            |           SignedMultiplierInt8__xdcDup__118 |          0 |          0 |       0 |    0 |      0 |      0 |      0 |    0 |          1 |
|       mul_list_1_18            |           SignedMultiplierInt8__xdcDup__119 |          0 |          0 |       0 |    0 |      0 |      0 |      0 |    0 |          1 |
|       mul_list_1_19            |           SignedMultiplierInt8__xdcDup__120 |          0 |          0 |       0 |    0 |      0 |      0 |      0 |    0 |          1 |
|       mul_list_1_2             |           SignedMultiplierInt8__xdcDup__121 |          0 |          0 |       0 |    0 |      0 |      0 |      0 |    0 |          1 |
|       mul_list_1_20            |           SignedMultiplierInt8__xdcDup__122 |          0 |          0 |       0 |    0 |      0 |      0 |      0 |    0 |          1 |
|       mul_list_1_21            |           SignedMultiplierInt8__xdcDup__123 |          0 |          0 |       0 |    0 |      0 |      0 |      0 |    0 |          1 |
|       mul_list_1_22            |           SignedMultiplierInt8__xdcDup__124 |          0 |          0 |       0 |    0 |      0 |      0 |      0 |    0 |          1 |
|       mul_list_1_23            |           SignedMultiplierInt8__xdcDup__125 |          0 |          0 |       0 |    0 |      0 |      0 |      0 |    0 |          1 |
|       mul_list_1_24            |           SignedMultiplierInt8__xdcDup__126 |          0 |          0 |       0 |    0 |      0 |      0 |      0 |    0 |          1 |
|       mul_list_1_25            |           SignedMultiplierInt8__xdcDup__127 |          0 |          0 |       0 |    0 |      0 |      0 |      0 |    0 |          1 |
|       mul_list_1_26            |           SignedMultiplierInt8__xdcDup__128 |          0 |          0 |       0 |    0 |      0 |      0 |      0 |    0 |          1 |
|       mul_list_1_27            |           SignedMultiplierInt8__xdcDup__129 |          0 |          0 |       0 |    0 |      0 |      0 |      0 |    0 |          1 |
|       mul_list_1_28            |           SignedMultiplierInt8__xdcDup__130 |          0 |          0 |       0 |    0 |      0 |      0 |      0 |    0 |          1 |
|       mul_list_1_29            |           SignedMultiplierInt8__xdcDup__131 |          0 |          0 |       0 |    0 |      0 |      0 |      0 |    0 |          1 |
|       mul_list_1_3             |           SignedMultiplierInt8__xdcDup__132 |          0 |          0 |       0 |    0 |      0 |      0 |      0 |    0 |          1 |
|       mul_list_1_30            |           SignedMultiplierInt8__xdcDup__133 |          0 |          0 |       0 |    0 |      0 |      0 |      0 |    0 |          1 |
|       mul_list_1_31            |           SignedMultiplierInt8__xdcDup__134 |          0 |          0 |       0 |    0 |      0 |      0 |      0 |    0 |          1 |
|       mul_list_1_32            |           SignedMultiplierInt8__xdcDup__135 |          0 |          0 |       0 |    0 |      0 |      0 |      0 |    0 |          1 |
|       mul_list_1_33            |           SignedMultiplierInt8__xdcDup__136 |          0 |          0 |       0 |    0 |      0 |      0 |      0 |    0 |          1 |
|       mul_list_1_34            |           SignedMultiplierInt8__xdcDup__137 |          0 |          0 |       0 |    0 |      0 |      0 |      0 |    0 |          1 |
|       mul_list_1_35            |           SignedMultiplierInt8__xdcDup__138 |          0 |          0 |       0 |    0 |      0 |      0 |      0 |    0 |          1 |
|       mul_list_1_4             |           SignedMultiplierInt8__xdcDup__139 |          0 |          0 |       0 |    0 |      0 |      0 |      0 |    0 |          1 |
|       mul_list_1_5             |           SignedMultiplierInt8__xdcDup__140 |          0 |          0 |       0 |    0 |      0 |      0 |      0 |    0 |          1 |
|       mul_list_1_6             |           SignedMultiplierInt8__xdcDup__141 |          0 |          0 |       0 |    0 |      0 |      0 |      0 |    0 |          1 |
|       mul_list_1_7             |           SignedMultiplierInt8__xdcDup__142 |          0 |          0 |       0 |    0 |      0 |      0 |      0 |    0 |          1 |
|       mul_list_1_8             |           SignedMultiplierInt8__xdcDup__143 |          0 |          0 |       0 |    0 |      0 |      0 |      0 |    0 |          1 |
|       mul_list_1_9             |           SignedMultiplierInt8__xdcDup__144 |          0 |          0 |       0 |    0 |      0 |      0 |      0 |    0 |          1 |
|       mul_list_2_0             |           SignedMultiplierInt8__xdcDup__145 |          0 |          0 |       0 |    0 |      0 |      0 |      0 |    0 |          1 |
|       mul_list_2_1             |           SignedMultiplierInt8__xdcDup__146 |          0 |          0 |       0 |    0 |      0 |      0 |      0 |    0 |          1 |
|       mul_list_2_10            |           SignedMultiplierInt8__xdcDup__147 |          0 |          0 |       0 |    0 |      0 |      0 |      0 |    0 |          1 |
|       mul_list_2_11            |           SignedMultiplierInt8__xdcDup__148 |          0 |          0 |       0 |    0 |      0 |      0 |      0 |    0 |          1 |
|       mul_list_2_12            |           SignedMultiplierInt8__xdcDup__149 |          0 |          0 |       0 |    0 |      0 |      0 |      0 |    0 |          1 |
|       mul_list_2_13            |           SignedMultiplierInt8__xdcDup__150 |          0 |          0 |       0 |    0 |      0 |      0 |      0 |    0 |          1 |
|       mul_list_2_14            |           SignedMultiplierInt8__xdcDup__151 |          0 |          0 |       0 |    0 |      0 |      0 |      0 |    0 |          1 |
|       mul_list_2_15            |           SignedMultiplierInt8__xdcDup__152 |          0 |          0 |       0 |    0 |      0 |      0 |      0 |    0 |          1 |
|       mul_list_2_16            |           SignedMultiplierInt8__xdcDup__153 |          0 |          0 |       0 |    0 |      0 |      0 |      0 |    0 |          1 |
|       mul_list_2_17            |           SignedMultiplierInt8__xdcDup__154 |          0 |          0 |       0 |    0 |      0 |      0 |      0 |    0 |          1 |
|       mul_list_2_18            |           SignedMultiplierInt8__xdcDup__155 |          0 |          0 |       0 |    0 |      0 |      0 |      0 |    0 |          1 |
|       mul_list_2_19            |           SignedMultiplierInt8__xdcDup__156 |          0 |          0 |       0 |    0 |      0 |      0 |      0 |    0 |          1 |
|       mul_list_2_2             |           SignedMultiplierInt8__xdcDup__157 |          0 |          0 |       0 |    0 |      0 |      0 |      0 |    0 |          1 |
|       mul_list_2_20            |           SignedMultiplierInt8__xdcDup__158 |          0 |          0 |       0 |    0 |      0 |      0 |      0 |    0 |          1 |
|       mul_list_2_21            |           SignedMultiplierInt8__xdcDup__159 |          0 |          0 |       0 |    0 |      0 |      0 |      0 |    0 |          1 |
|       mul_list_2_22            |           SignedMultiplierInt8__xdcDup__160 |          0 |          0 |       0 |    0 |      0 |      0 |      0 |    0 |          1 |
|       mul_list_2_23            |           SignedMultiplierInt8__xdcDup__161 |          0 |          0 |       0 |    0 |      0 |      0 |      0 |    0 |          1 |
|       mul_list_2_24            |           SignedMultiplierInt8__xdcDup__162 |          0 |          0 |       0 |    0 |      0 |      0 |      0 |    0 |          1 |
|       mul_list_2_25            |           SignedMultiplierInt8__xdcDup__163 |          0 |          0 |       0 |    0 |      0 |      0 |      0 |    0 |          1 |
|       mul_list_2_26            |           SignedMultiplierInt8__xdcDup__164 |          0 |          0 |       0 |    0 |      0 |      0 |      0 |    0 |          1 |
|       mul_list_2_27            |           SignedMultiplierInt8__xdcDup__165 |          0 |          0 |       0 |    0 |      0 |      0 |      0 |    0 |          1 |
|       mul_list_2_28            |           SignedMultiplierInt8__xdcDup__166 |          0 |          0 |       0 |    0 |      0 |      0 |      0 |    0 |          1 |
|       mul_list_2_29            |           SignedMultiplierInt8__xdcDup__167 |          0 |          0 |       0 |    0 |      0 |      0 |      0 |    0 |          1 |
|       mul_list_2_3             |           SignedMultiplierInt8__xdcDup__168 |          0 |          0 |       0 |    0 |      0 |      0 |      0 |    0 |          1 |
|       mul_list_2_30            |           SignedMultiplierInt8__xdcDup__169 |          0 |          0 |       0 |    0 |      0 |      0 |      0 |    0 |          1 |
|       mul_list_2_31            |           SignedMultiplierInt8__xdcDup__170 |          0 |          0 |       0 |    0 |      0 |      0 |      0 |    0 |          1 |
|       mul_list_2_32            |           SignedMultiplierInt8__xdcDup__171 |          0 |          0 |       0 |    0 |      0 |      0 |      0 |    0 |          1 |
|       mul_list_2_33            |           SignedMultiplierInt8__xdcDup__172 |          0 |          0 |       0 |    0 |      0 |      0 |      0 |    0 |          1 |
|       mul_list_2_34            |           SignedMultiplierInt8__xdcDup__173 |          0 |          0 |       0 |    0 |      0 |      0 |      0 |    0 |          1 |
|       mul_list_2_35            |           SignedMultiplierInt8__xdcDup__174 |          0 |          0 |       0 |    0 |      0 |      0 |      0 |    0 |          1 |
|       mul_list_2_4             |           SignedMultiplierInt8__xdcDup__175 |          0 |          0 |       0 |    0 |      0 |      0 |      0 |    0 |          1 |
|       mul_list_2_5             |           SignedMultiplierInt8__xdcDup__176 |          0 |          0 |       0 |    0 |      0 |      0 |      0 |    0 |          1 |
|       mul_list_2_6             |           SignedMultiplierInt8__xdcDup__177 |          0 |          0 |       0 |    0 |      0 |      0 |      0 |    0 |          1 |
|       mul_list_2_7             |           SignedMultiplierInt8__xdcDup__178 |          0 |          0 |       0 |    0 |      0 |      0 |      0 |    0 |          1 |
|       mul_list_2_8             |           SignedMultiplierInt8__xdcDup__179 |          0 |          0 |       0 |    0 |      0 |      0 |      0 |    0 |          1 |
|       mul_list_2_9             |           SignedMultiplierInt8__xdcDup__180 |          0 |          0 |       0 |    0 |      0 |      0 |      0 |    0 |          1 |
|       mul_list_3_0             |           SignedMultiplierInt8__xdcDup__181 |          0 |          0 |       0 |    0 |      0 |      0 |      0 |    0 |          1 |
|       mul_list_3_1             |           SignedMultiplierInt8__xdcDup__182 |          0 |          0 |       0 |    0 |      0 |      0 |      0 |    0 |          1 |
|       mul_list_3_10            |           SignedMultiplierInt8__xdcDup__183 |          0 |          0 |       0 |    0 |      0 |      0 |      0 |    0 |          1 |
|       mul_list_3_11            |           SignedMultiplierInt8__xdcDup__184 |          0 |          0 |       0 |    0 |      0 |      0 |      0 |    0 |          1 |
|       mul_list_3_12            |           SignedMultiplierInt8__xdcDup__185 |          0 |          0 |       0 |    0 |      0 |      0 |      0 |    0 |          1 |
|       mul_list_3_13            |           SignedMultiplierInt8__xdcDup__186 |          0 |          0 |       0 |    0 |      0 |      0 |      0 |    0 |          1 |
|       mul_list_3_14            |           SignedMultiplierInt8__xdcDup__187 |          0 |          0 |       0 |    0 |      0 |      0 |      0 |    0 |          1 |
|       mul_list_3_15            |           SignedMultiplierInt8__xdcDup__188 |          0 |          0 |       0 |    0 |      0 |      0 |      0 |    0 |          1 |
|       mul_list_3_16            |           SignedMultiplierInt8__xdcDup__189 |          0 |          0 |       0 |    0 |      0 |      0 |      0 |    0 |          1 |
|       mul_list_3_17            |           SignedMultiplierInt8__xdcDup__190 |          0 |          0 |       0 |    0 |      0 |      0 |      0 |    0 |          1 |
|       mul_list_3_18            |           SignedMultiplierInt8__xdcDup__191 |          0 |          0 |       0 |    0 |      0 |      0 |      0 |    0 |          1 |
|       mul_list_3_19            |           SignedMultiplierInt8__xdcDup__192 |          0 |          0 |       0 |    0 |      0 |      0 |      0 |    0 |          1 |
|       mul_list_3_2             |           SignedMultiplierInt8__xdcDup__193 |          0 |          0 |       0 |    0 |      0 |      0 |      0 |    0 |          1 |
|       mul_list_3_20            |           SignedMultiplierInt8__xdcDup__194 |          0 |          0 |       0 |    0 |      0 |      0 |      0 |    0 |          1 |
|       mul_list_3_21            |           SignedMultiplierInt8__xdcDup__195 |          0 |          0 |       0 |    0 |      0 |      0 |      0 |    0 |          1 |
|       mul_list_3_22            |           SignedMultiplierInt8__xdcDup__196 |          0 |          0 |       0 |    0 |      0 |      0 |      0 |    0 |          1 |
|       mul_list_3_23            |           SignedMultiplierInt8__xdcDup__197 |          0 |          0 |       0 |    0 |      0 |      0 |      0 |    0 |          1 |
|       mul_list_3_24            |           SignedMultiplierInt8__xdcDup__198 |          0 |          0 |       0 |    0 |      0 |      0 |      0 |    0 |          1 |
|       mul_list_3_25            |           SignedMultiplierInt8__xdcDup__199 |          0 |          0 |       0 |    0 |      0 |      0 |      0 |    0 |          1 |
|       mul_list_3_26            |           SignedMultiplierInt8__xdcDup__200 |          0 |          0 |       0 |    0 |      0 |      0 |      0 |    0 |          1 |
|       mul_list_3_27            |           SignedMultiplierInt8__xdcDup__201 |          0 |          0 |       0 |    0 |      0 |      0 |      0 |    0 |          1 |
|       mul_list_3_28            |           SignedMultiplierInt8__xdcDup__202 |          0 |          0 |       0 |    0 |      0 |      0 |      0 |    0 |          1 |
|       mul_list_3_29            |           SignedMultiplierInt8__xdcDup__203 |          0 |          0 |       0 |    0 |      0 |      0 |      0 |    0 |          1 |
|       mul_list_3_3             |           SignedMultiplierInt8__xdcDup__204 |          0 |          0 |       0 |    0 |      0 |      0 |      0 |    0 |          1 |
|       mul_list_3_30            |           SignedMultiplierInt8__xdcDup__205 |          0 |          0 |       0 |    0 |      0 |      0 |      0 |    0 |          1 |
|       mul_list_3_31            |           SignedMultiplierInt8__xdcDup__206 |          0 |          0 |       0 |    0 |      0 |      0 |      0 |    0 |          1 |
|       mul_list_3_32            |           SignedMultiplierInt8__xdcDup__207 |          0 |          0 |       0 |    0 |      0 |      0 |      0 |    0 |          1 |
|       mul_list_3_33            |           SignedMultiplierInt8__xdcDup__208 |          0 |          0 |       0 |    0 |      0 |      0 |      0 |    0 |          1 |
|       mul_list_3_34            |           SignedMultiplierInt8__xdcDup__209 |          0 |          0 |       0 |    0 |      0 |      0 |      0 |    0 |          1 |
|       mul_list_3_35            |           SignedMultiplierInt8__xdcDup__210 |          0 |          0 |       0 |    0 |      0 |      0 |      0 |    0 |          1 |
|       mul_list_3_4             |           SignedMultiplierInt8__xdcDup__211 |          0 |          0 |       0 |    0 |      0 |      0 |      0 |    0 |          1 |
|       mul_list_3_5             |           SignedMultiplierInt8__xdcDup__212 |          0 |          0 |       0 |    0 |      0 |      0 |      0 |    0 |          1 |
|       mul_list_3_6             |           SignedMultiplierInt8__xdcDup__213 |          0 |          0 |       0 |    0 |      0 |      0 |      0 |    0 |          1 |
|       mul_list_3_7             |           SignedMultiplierInt8__xdcDup__214 |          0 |          0 |       0 |    0 |      0 |      0 |      0 |    0 |          1 |
|       mul_list_3_8             |           SignedMultiplierInt8__xdcDup__215 |          0 |          0 |       0 |    0 |      0 |      0 |      0 |    0 |          1 |
|       mul_list_3_9             |           SignedMultiplierInt8__xdcDup__216 |          0 |          0 |       0 |    0 |      0 |      0 |      0 |    0 |          1 |
|       mul_list_4_0             |           SignedMultiplierInt8__xdcDup__217 |          0 |          0 |       0 |    0 |      0 |      0 |      0 |    0 |          1 |
|       mul_list_4_1             |           SignedMultiplierInt8__xdcDup__218 |          0 |          0 |       0 |    0 |      0 |      0 |      0 |    0 |          1 |
|       mul_list_4_10            |           SignedMultiplierInt8__xdcDup__219 |          0 |          0 |       0 |    0 |      0 |      0 |      0 |    0 |          1 |
|       mul_list_4_11            |           SignedMultiplierInt8__xdcDup__220 |          0 |          0 |       0 |    0 |      0 |      0 |      0 |    0 |          1 |
|       mul_list_4_12            |           SignedMultiplierInt8__xdcDup__221 |          0 |          0 |       0 |    0 |      0 |      0 |      0 |    0 |          1 |
|       mul_list_4_13            |           SignedMultiplierInt8__xdcDup__222 |          0 |          0 |       0 |    0 |      0 |      0 |      0 |    0 |          1 |
|       mul_list_4_14            |           SignedMultiplierInt8__xdcDup__223 |          0 |          0 |       0 |    0 |      0 |      0 |      0 |    0 |          1 |
|       mul_list_4_15            |           SignedMultiplierInt8__xdcDup__224 |          0 |          0 |       0 |    0 |      0 |      0 |      0 |    0 |          1 |
|       mul_list_4_16            |           SignedMultiplierInt8__xdcDup__225 |          0 |          0 |       0 |    0 |      0 |      0 |      0 |    0 |          1 |
|       mul_list_4_17            |           SignedMultiplierInt8__xdcDup__226 |          0 |          0 |       0 |    0 |      0 |      0 |      0 |    0 |          1 |
|       mul_list_4_18            |           SignedMultiplierInt8__xdcDup__227 |          0 |          0 |       0 |    0 |      0 |      0 |      0 |    0 |          1 |
|       mul_list_4_19            |           SignedMultiplierInt8__xdcDup__228 |          0 |          0 |       0 |    0 |      0 |      0 |      0 |    0 |          1 |
|       mul_list_4_2             |           SignedMultiplierInt8__xdcDup__229 |          0 |          0 |       0 |    0 |      0 |      0 |      0 |    0 |          1 |
|       mul_list_4_20            |           SignedMultiplierInt8__xdcDup__230 |          0 |          0 |       0 |    0 |      0 |      0 |      0 |    0 |          1 |
|       mul_list_4_21            |           SignedMultiplierInt8__xdcDup__231 |          0 |          0 |       0 |    0 |      0 |      0 |      0 |    0 |          1 |
|       mul_list_4_22            |           SignedMultiplierInt8__xdcDup__232 |          0 |          0 |       0 |    0 |      0 |      0 |      0 |    0 |          1 |
|       mul_list_4_23            |           SignedMultiplierInt8__xdcDup__233 |          0 |          0 |       0 |    0 |      0 |      0 |      0 |    0 |          1 |
|       mul_list_4_24            |           SignedMultiplierInt8__xdcDup__234 |          0 |          0 |       0 |    0 |      0 |      0 |      0 |    0 |          1 |
|       mul_list_4_25            |           SignedMultiplierInt8__xdcDup__235 |          0 |          0 |       0 |    0 |      0 |      0 |      0 |    0 |          1 |
|       mul_list_4_26            |           SignedMultiplierInt8__xdcDup__236 |          0 |          0 |       0 |    0 |      0 |      0 |      0 |    0 |          1 |
|       mul_list_4_27            |           SignedMultiplierInt8__xdcDup__237 |          0 |          0 |       0 |    0 |      0 |      0 |      0 |    0 |          1 |
|       mul_list_4_28            |           SignedMultiplierInt8__xdcDup__238 |          0 |          0 |       0 |    0 |      0 |      0 |      0 |    0 |          1 |
|       mul_list_4_29            |           SignedMultiplierInt8__xdcDup__239 |          0 |          0 |       0 |    0 |      0 |      0 |      0 |    0 |          1 |
|       mul_list_4_3             |           SignedMultiplierInt8__xdcDup__240 |          0 |          0 |       0 |    0 |      0 |      0 |      0 |    0 |          1 |
|       mul_list_4_30            |           SignedMultiplierInt8__xdcDup__241 |          0 |          0 |       0 |    0 |      0 |      0 |      0 |    0 |          1 |
|       mul_list_4_31            |           SignedMultiplierInt8__xdcDup__242 |          0 |          0 |       0 |    0 |      0 |      0 |      0 |    0 |          1 |
|       mul_list_4_32            |           SignedMultiplierInt8__xdcDup__243 |          0 |          0 |       0 |    0 |      0 |      0 |      0 |    0 |          1 |
|       mul_list_4_33            |           SignedMultiplierInt8__xdcDup__244 |          0 |          0 |       0 |    0 |      0 |      0 |      0 |    0 |          1 |
|       mul_list_4_34            |           SignedMultiplierInt8__xdcDup__245 |          0 |          0 |       0 |    0 |      0 |      0 |      0 |    0 |          1 |
|       mul_list_4_35            |           SignedMultiplierInt8__xdcDup__246 |          0 |          0 |       0 |    0 |      0 |      0 |      0 |    0 |          1 |
|       mul_list_4_4             |           SignedMultiplierInt8__xdcDup__247 |          0 |          0 |       0 |    0 |      0 |      0 |      0 |    0 |          1 |
|       mul_list_4_5             |           SignedMultiplierInt8__xdcDup__248 |          0 |          0 |       0 |    0 |      0 |      0 |      0 |    0 |          1 |
|       mul_list_4_6             |           SignedMultiplierInt8__xdcDup__249 |          0 |          0 |       0 |    0 |      0 |      0 |      0 |    0 |          1 |
|       mul_list_4_7             |           SignedMultiplierInt8__xdcDup__250 |          0 |          0 |       0 |    0 |      0 |      0 |      0 |    0 |          1 |
|       mul_list_4_8             |           SignedMultiplierInt8__xdcDup__251 |          0 |          0 |       0 |    0 |      0 |      0 |      0 |    0 |          1 |
|       mul_list_4_9             |           SignedMultiplierInt8__xdcDup__252 |          0 |          0 |       0 |    0 |      0 |      0 |      0 |    0 |          1 |
|       mul_list_5_0             |           SignedMultiplierInt8__xdcDup__253 |          0 |          0 |       0 |    0 |      0 |      0 |      0 |    0 |          1 |
|       mul_list_5_1             |           SignedMultiplierInt8__xdcDup__254 |          0 |          0 |       0 |    0 |      0 |      0 |      0 |    0 |          1 |
|       mul_list_5_10            |           SignedMultiplierInt8__xdcDup__255 |          0 |          0 |       0 |    0 |      0 |      0 |      0 |    0 |          1 |
|       mul_list_5_11            |           SignedMultiplierInt8__xdcDup__256 |          0 |          0 |       0 |    0 |      0 |      0 |      0 |    0 |          1 |
|       mul_list_5_12            |           SignedMultiplierInt8__xdcDup__257 |          0 |          0 |       0 |    0 |      0 |      0 |      0 |    0 |          1 |
|       mul_list_5_13            |           SignedMultiplierInt8__xdcDup__258 |          0 |          0 |       0 |    0 |      0 |      0 |      0 |    0 |          1 |
|       mul_list_5_14            |           SignedMultiplierInt8__xdcDup__259 |          0 |          0 |       0 |    0 |      0 |      0 |      0 |    0 |          1 |
|       mul_list_5_15            |           SignedMultiplierInt8__xdcDup__260 |          0 |          0 |       0 |    0 |      0 |      0 |      0 |    0 |          1 |
|       mul_list_5_16            |           SignedMultiplierInt8__xdcDup__261 |          0 |          0 |       0 |    0 |      0 |      0 |      0 |    0 |          1 |
|       mul_list_5_17            |           SignedMultiplierInt8__xdcDup__262 |          0 |          0 |       0 |    0 |      0 |      0 |      0 |    0 |          1 |
|       mul_list_5_18            |           SignedMultiplierInt8__xdcDup__263 |          0 |          0 |       0 |    0 |      0 |      0 |      0 |    0 |          1 |
|       mul_list_5_19            |           SignedMultiplierInt8__xdcDup__264 |          0 |          0 |       0 |    0 |      0 |      0 |      0 |    0 |          1 |
|       mul_list_5_2             |           SignedMultiplierInt8__xdcDup__265 |          0 |          0 |       0 |    0 |      0 |      0 |      0 |    0 |          1 |
|       mul_list_5_20            |           SignedMultiplierInt8__xdcDup__266 |          0 |          0 |       0 |    0 |      0 |      0 |      0 |    0 |          1 |
|       mul_list_5_21            |           SignedMultiplierInt8__xdcDup__267 |          0 |          0 |       0 |    0 |      0 |      0 |      0 |    0 |          1 |
|       mul_list_5_22            |           SignedMultiplierInt8__xdcDup__268 |          0 |          0 |       0 |    0 |      0 |      0 |      0 |    0 |          1 |
|       mul_list_5_23            |           SignedMultiplierInt8__xdcDup__269 |          0 |          0 |       0 |    0 |      0 |      0 |      0 |    0 |          1 |
|       mul_list_5_24            |           SignedMultiplierInt8__xdcDup__270 |          0 |          0 |       0 |    0 |      0 |      0 |      0 |    0 |          1 |
|       mul_list_5_25            |           SignedMultiplierInt8__xdcDup__271 |          0 |          0 |       0 |    0 |      0 |      0 |      0 |    0 |          1 |
|       mul_list_5_26            |           SignedMultiplierInt8__xdcDup__272 |          0 |          0 |       0 |    0 |      0 |      0 |      0 |    0 |          1 |
|       mul_list_5_27            |           SignedMultiplierInt8__xdcDup__273 |          0 |          0 |       0 |    0 |      0 |      0 |      0 |    0 |          1 |
|       mul_list_5_28            |           SignedMultiplierInt8__xdcDup__274 |          0 |          0 |       0 |    0 |      0 |      0 |      0 |    0 |          1 |
|       mul_list_5_29            |           SignedMultiplierInt8__xdcDup__275 |          0 |          0 |       0 |    0 |      0 |      0 |      0 |    0 |          1 |
|       mul_list_5_3             |           SignedMultiplierInt8__xdcDup__276 |          0 |          0 |       0 |    0 |      0 |      0 |      0 |    0 |          1 |
|       mul_list_5_30            |           SignedMultiplierInt8__xdcDup__277 |          0 |          0 |       0 |    0 |      0 |      0 |      0 |    0 |          1 |
|       mul_list_5_31            |           SignedMultiplierInt8__xdcDup__278 |          0 |          0 |       0 |    0 |      0 |      0 |      0 |    0 |          1 |
|       mul_list_5_32            |           SignedMultiplierInt8__xdcDup__279 |          0 |          0 |       0 |    0 |      0 |      0 |      0 |    0 |          1 |
|       mul_list_5_33            |           SignedMultiplierInt8__xdcDup__280 |          0 |          0 |       0 |    0 |      0 |      0 |      0 |    0 |          1 |
|       mul_list_5_34            |           SignedMultiplierInt8__xdcDup__281 |          0 |          0 |       0 |    0 |      0 |      0 |      0 |    0 |          1 |
|       mul_list_5_35            |           SignedMultiplierInt8__xdcDup__282 |          0 |          0 |       0 |    0 |      0 |      0 |      0 |    0 |          1 |
|       mul_list_5_4             |           SignedMultiplierInt8__xdcDup__283 |          0 |          0 |       0 |    0 |      0 |      0 |      0 |    0 |          1 |
|       mul_list_5_5             |           SignedMultiplierInt8__xdcDup__284 |          0 |          0 |       0 |    0 |      0 |      0 |      0 |    0 |          1 |
|       mul_list_5_6             |           SignedMultiplierInt8__xdcDup__285 |          0 |          0 |       0 |    0 |      0 |      0 |      0 |    0 |          1 |
|       mul_list_5_7             |           SignedMultiplierInt8__xdcDup__286 |          0 |          0 |       0 |    0 |      0 |      0 |      0 |    0 |          1 |
|       mul_list_5_8             |           SignedMultiplierInt8__xdcDup__287 |          0 |          0 |       0 |    0 |      0 |      0 |      0 |    0 |          1 |
|       mul_list_5_9             |           SignedMultiplierInt8__xdcDup__288 |          0 |          0 |       0 |    0 |      0 |      0 |      0 |    0 |          1 |
|       mul_list_6_0             |           SignedMultiplierInt8__xdcDup__289 |          0 |          0 |       0 |    0 |      0 |      0 |      0 |    0 |          1 |
|       mul_list_6_1             |           SignedMultiplierInt8__xdcDup__290 |          0 |          0 |       0 |    0 |      0 |      0 |      0 |    0 |          1 |
|       mul_list_6_10            |           SignedMultiplierInt8__xdcDup__291 |          0 |          0 |       0 |    0 |      0 |      0 |      0 |    0 |          1 |
|       mul_list_6_11            |           SignedMultiplierInt8__xdcDup__292 |          0 |          0 |       0 |    0 |      0 |      0 |      0 |    0 |          1 |
|       mul_list_6_12            |           SignedMultiplierInt8__xdcDup__293 |          0 |          0 |       0 |    0 |      0 |      0 |      0 |    0 |          1 |
|       mul_list_6_13            |           SignedMultiplierInt8__xdcDup__294 |          0 |          0 |       0 |    0 |      0 |      0 |      0 |    0 |          1 |
|       mul_list_6_14            |           SignedMultiplierInt8__xdcDup__295 |          0 |          0 |       0 |    0 |      0 |      0 |      0 |    0 |          1 |
|       mul_list_6_15            |           SignedMultiplierInt8__xdcDup__296 |          0 |          0 |       0 |    0 |      0 |      0 |      0 |    0 |          1 |
|       mul_list_6_16            |           SignedMultiplierInt8__xdcDup__297 |          0 |          0 |       0 |    0 |      0 |      0 |      0 |    0 |          1 |
|       mul_list_6_17            |           SignedMultiplierInt8__xdcDup__298 |          0 |          0 |       0 |    0 |      0 |      0 |      0 |    0 |          1 |
|       mul_list_6_18            |           SignedMultiplierInt8__xdcDup__299 |          0 |          0 |       0 |    0 |      0 |      0 |      0 |    0 |          1 |
|       mul_list_6_19            |           SignedMultiplierInt8__xdcDup__300 |          0 |          0 |       0 |    0 |      0 |      0 |      0 |    0 |          1 |
|       mul_list_6_2             |           SignedMultiplierInt8__xdcDup__301 |          0 |          0 |       0 |    0 |      0 |      0 |      0 |    0 |          1 |
|       mul_list_6_20            |           SignedMultiplierInt8__xdcDup__302 |          0 |          0 |       0 |    0 |      0 |      0 |      0 |    0 |          1 |
|       mul_list_6_21            |           SignedMultiplierInt8__xdcDup__303 |          0 |          0 |       0 |    0 |      0 |      0 |      0 |    0 |          1 |
|       mul_list_6_22            |           SignedMultiplierInt8__xdcDup__304 |          0 |          0 |       0 |    0 |      0 |      0 |      0 |    0 |          1 |
|       mul_list_6_23            |           SignedMultiplierInt8__xdcDup__305 |          0 |          0 |       0 |    0 |      0 |      0 |      0 |    0 |          1 |
|       mul_list_6_24            |           SignedMultiplierInt8__xdcDup__306 |          0 |          0 |       0 |    0 |      0 |      0 |      0 |    0 |          1 |
|       mul_list_6_25            |           SignedMultiplierInt8__xdcDup__307 |          0 |          0 |       0 |    0 |      0 |      0 |      0 |    0 |          1 |
|       mul_list_6_26            |           SignedMultiplierInt8__xdcDup__308 |          0 |          0 |       0 |    0 |      0 |      0 |      0 |    0 |          1 |
|       mul_list_6_27            |           SignedMultiplierInt8__xdcDup__309 |          0 |          0 |       0 |    0 |      0 |      0 |      0 |    0 |          1 |
|       mul_list_6_28            |           SignedMultiplierInt8__xdcDup__310 |          0 |          0 |       0 |    0 |      0 |      0 |      0 |    0 |          1 |
|       mul_list_6_29            |           SignedMultiplierInt8__xdcDup__311 |          0 |          0 |       0 |    0 |      0 |      0 |      0 |    0 |          1 |
|       mul_list_6_3             |           SignedMultiplierInt8__xdcDup__312 |          0 |          0 |       0 |    0 |      0 |      0 |      0 |    0 |          1 |
|       mul_list_6_30            |           SignedMultiplierInt8__xdcDup__313 |          0 |          0 |       0 |    0 |      0 |      0 |      0 |    0 |          1 |
|       mul_list_6_31            |           SignedMultiplierInt8__xdcDup__314 |          0 |          0 |       0 |    0 |      0 |      0 |      0 |    0 |          1 |
|       mul_list_6_32            |           SignedMultiplierInt8__xdcDup__315 |          0 |          0 |       0 |    0 |      0 |      0 |      0 |    0 |          1 |
|       mul_list_6_33            |           SignedMultiplierInt8__xdcDup__316 |          0 |          0 |       0 |    0 |      0 |      0 |      0 |    0 |          1 |
|       mul_list_6_34            |           SignedMultiplierInt8__xdcDup__317 |          0 |          0 |       0 |    0 |      0 |      0 |      0 |    0 |          1 |
|       mul_list_6_35            |           SignedMultiplierInt8__xdcDup__318 |          0 |          0 |       0 |    0 |      0 |      0 |      0 |    0 |          1 |
|       mul_list_6_4             |           SignedMultiplierInt8__xdcDup__319 |          0 |          0 |       0 |    0 |      0 |      0 |      0 |    0 |          1 |
|       mul_list_6_5             |           SignedMultiplierInt8__xdcDup__320 |          0 |          0 |       0 |    0 |      0 |      0 |      0 |    0 |          1 |
|       mul_list_6_6             |           SignedMultiplierInt8__xdcDup__321 |          0 |          0 |       0 |    0 |      0 |      0 |      0 |    0 |          1 |
|       mul_list_6_7             |           SignedMultiplierInt8__xdcDup__322 |          0 |          0 |       0 |    0 |      0 |      0 |      0 |    0 |          1 |
|       mul_list_6_8             |           SignedMultiplierInt8__xdcDup__323 |          0 |          0 |       0 |    0 |      0 |      0 |      0 |    0 |          1 |
|       mul_list_6_9             |           SignedMultiplierInt8__xdcDup__324 |          0 |          0 |       0 |    0 |      0 |      0 |      0 |    0 |          1 |
|       mul_list_7_0             |           SignedMultiplierInt8__xdcDup__325 |          0 |          0 |       0 |    0 |      0 |      0 |      0 |    0 |          1 |
|       mul_list_7_1             |           SignedMultiplierInt8__xdcDup__326 |          0 |          0 |       0 |    0 |      0 |      0 |      0 |    0 |          1 |
|       mul_list_7_10            |           SignedMultiplierInt8__xdcDup__327 |          0 |          0 |       0 |    0 |      0 |      0 |      0 |    0 |          1 |
|       mul_list_7_11            |           SignedMultiplierInt8__xdcDup__328 |          0 |          0 |       0 |    0 |      0 |      0 |      0 |    0 |          1 |
|       mul_list_7_12            |           SignedMultiplierInt8__xdcDup__329 |          0 |          0 |       0 |    0 |      0 |      0 |      0 |    0 |          1 |
|       mul_list_7_13            |           SignedMultiplierInt8__xdcDup__330 |          0 |          0 |       0 |    0 |      0 |      0 |      0 |    0 |          1 |
|       mul_list_7_14            |           SignedMultiplierInt8__xdcDup__331 |          0 |          0 |       0 |    0 |      0 |      0 |      0 |    0 |          1 |
|       mul_list_7_15            |           SignedMultiplierInt8__xdcDup__332 |          0 |          0 |       0 |    0 |      0 |      0 |      0 |    0 |          1 |
|       mul_list_7_16            |           SignedMultiplierInt8__xdcDup__333 |          0 |          0 |       0 |    0 |      0 |      0 |      0 |    0 |          1 |
|       mul_list_7_17            |           SignedMultiplierInt8__xdcDup__334 |          0 |          0 |       0 |    0 |      0 |      0 |      0 |    0 |          1 |
|       mul_list_7_18            |           SignedMultiplierInt8__xdcDup__335 |          0 |          0 |       0 |    0 |      0 |      0 |      0 |    0 |          1 |
|       mul_list_7_19            |           SignedMultiplierInt8__xdcDup__336 |          0 |          0 |       0 |    0 |      0 |      0 |      0 |    0 |          1 |
|       mul_list_7_2             |           SignedMultiplierInt8__xdcDup__337 |          0 |          0 |       0 |    0 |      0 |      0 |      0 |    0 |          1 |
|       mul_list_7_20            |           SignedMultiplierInt8__xdcDup__338 |          0 |          0 |       0 |    0 |      0 |      0 |      0 |    0 |          1 |
|       mul_list_7_21            |           SignedMultiplierInt8__xdcDup__339 |          0 |          0 |       0 |    0 |      0 |      0 |      0 |    0 |          1 |
|       mul_list_7_22            |           SignedMultiplierInt8__xdcDup__340 |          0 |          0 |       0 |    0 |      0 |      0 |      0 |    0 |          1 |
|       mul_list_7_23            |           SignedMultiplierInt8__xdcDup__341 |          0 |          0 |       0 |    0 |      0 |      0 |      0 |    0 |          1 |
|       mul_list_7_24            |           SignedMultiplierInt8__xdcDup__342 |          0 |          0 |       0 |    0 |      0 |      0 |      0 |    0 |          1 |
|       mul_list_7_25            |           SignedMultiplierInt8__xdcDup__343 |          0 |          0 |       0 |    0 |      0 |      0 |      0 |    0 |          1 |
|       mul_list_7_26            |           SignedMultiplierInt8__xdcDup__344 |          0 |          0 |       0 |    0 |      0 |      0 |      0 |    0 |          1 |
|       mul_list_7_27            |           SignedMultiplierInt8__xdcDup__345 |          0 |          0 |       0 |    0 |      0 |      0 |      0 |    0 |          1 |
|       mul_list_7_28            |           SignedMultiplierInt8__xdcDup__346 |          0 |          0 |       0 |    0 |      0 |      0 |      0 |    0 |          1 |
|       mul_list_7_29            |           SignedMultiplierInt8__xdcDup__347 |          0 |          0 |       0 |    0 |      0 |      0 |      0 |    0 |          1 |
|       mul_list_7_3             |           SignedMultiplierInt8__xdcDup__348 |          0 |          0 |       0 |    0 |      0 |      0 |      0 |    0 |          1 |
|       mul_list_7_30            |           SignedMultiplierInt8__xdcDup__349 |          0 |          0 |       0 |    0 |      0 |      0 |      0 |    0 |          1 |
|       mul_list_7_31            |           SignedMultiplierInt8__xdcDup__350 |          0 |          0 |       0 |    0 |      0 |      0 |      0 |    0 |          1 |
|       mul_list_7_32            |           SignedMultiplierInt8__xdcDup__351 |          0 |          0 |       0 |    0 |      0 |      0 |      0 |    0 |          1 |
|       mul_list_7_33            |           SignedMultiplierInt8__xdcDup__352 |          0 |          0 |       0 |    0 |      0 |      0 |      0 |    0 |          1 |
|       mul_list_7_34            |           SignedMultiplierInt8__xdcDup__353 |          0 |          0 |       0 |    0 |      0 |      0 |      0 |    0 |          1 |
|       mul_list_7_35            |           SignedMultiplierInt8__xdcDup__354 |          0 |          0 |       0 |    0 |      0 |      0 |      0 |    0 |          1 |
|       mul_list_7_4             |           SignedMultiplierInt8__xdcDup__355 |          0 |          0 |       0 |    0 |      0 |      0 |      0 |    0 |          1 |
|       mul_list_7_5             |           SignedMultiplierInt8__xdcDup__356 |          0 |          0 |       0 |    0 |      0 |      0 |      0 |    0 |          1 |
|       mul_list_7_6             |           SignedMultiplierInt8__xdcDup__357 |          0 |          0 |       0 |    0 |      0 |      0 |      0 |    0 |          1 |
|       mul_list_7_7             |           SignedMultiplierInt8__xdcDup__358 |          0 |          0 |       0 |    0 |      0 |      0 |      0 |    0 |          1 |
|       mul_list_7_8             |           SignedMultiplierInt8__xdcDup__359 |          0 |          0 |       0 |    0 |      0 |      0 |      0 |    0 |          1 |
|       mul_list_7_9             |           SignedMultiplierInt8__xdcDup__360 |          0 |          0 |       0 |    0 |      0 |      0 |      0 |    0 |          1 |
|       mul_list_8_0             |           SignedMultiplierInt8__xdcDup__361 |          0 |          0 |       0 |    0 |      0 |      0 |      0 |    0 |          1 |
|       mul_list_8_1             |           SignedMultiplierInt8__xdcDup__362 |          0 |          0 |       0 |    0 |      0 |      0 |      0 |    0 |          1 |
|       mul_list_8_10            |           SignedMultiplierInt8__xdcDup__363 |          0 |          0 |       0 |    0 |      0 |      0 |      0 |    0 |          1 |
|       mul_list_8_11            |           SignedMultiplierInt8__xdcDup__364 |          0 |          0 |       0 |    0 |      0 |      0 |      0 |    0 |          1 |
|       mul_list_8_12            |           SignedMultiplierInt8__xdcDup__365 |          0 |          0 |       0 |    0 |      0 |      0 |      0 |    0 |          1 |
|       mul_list_8_13            |           SignedMultiplierInt8__xdcDup__366 |          0 |          0 |       0 |    0 |      0 |      0 |      0 |    0 |          1 |
|       mul_list_8_14            |           SignedMultiplierInt8__xdcDup__367 |          0 |          0 |       0 |    0 |      0 |      0 |      0 |    0 |          1 |
|       mul_list_8_15            |           SignedMultiplierInt8__xdcDup__368 |          0 |          0 |       0 |    0 |      0 |      0 |      0 |    0 |          1 |
|       mul_list_8_16            |           SignedMultiplierInt8__xdcDup__369 |          0 |          0 |       0 |    0 |      0 |      0 |      0 |    0 |          1 |
|       mul_list_8_17            |           SignedMultiplierInt8__xdcDup__370 |          0 |          0 |       0 |    0 |      0 |      0 |      0 |    0 |          1 |
|       mul_list_8_18            |           SignedMultiplierInt8__xdcDup__371 |          0 |          0 |       0 |    0 |      0 |      0 |      0 |    0 |          1 |
|       mul_list_8_19            |           SignedMultiplierInt8__xdcDup__372 |          0 |          0 |       0 |    0 |      0 |      0 |      0 |    0 |          1 |
|       mul_list_8_2             |           SignedMultiplierInt8__xdcDup__373 |          0 |          0 |       0 |    0 |      0 |      0 |      0 |    0 |          1 |
|       mul_list_8_20            |           SignedMultiplierInt8__xdcDup__374 |          0 |          0 |       0 |    0 |      0 |      0 |      0 |    0 |          1 |
|       mul_list_8_21            |           SignedMultiplierInt8__xdcDup__375 |          0 |          0 |       0 |    0 |      0 |      0 |      0 |    0 |          1 |
|       mul_list_8_22            |           SignedMultiplierInt8__xdcDup__376 |          0 |          0 |       0 |    0 |      0 |      0 |      0 |    0 |          1 |
|       mul_list_8_23            |           SignedMultiplierInt8__xdcDup__377 |          0 |          0 |       0 |    0 |      0 |      0 |      0 |    0 |          1 |
|       mul_list_8_24            |           SignedMultiplierInt8__xdcDup__378 |          0 |          0 |       0 |    0 |      0 |      0 |      0 |    0 |          1 |
|       mul_list_8_25            |           SignedMultiplierInt8__xdcDup__379 |          0 |          0 |       0 |    0 |      0 |      0 |      0 |    0 |          1 |
|       mul_list_8_26            |           SignedMultiplierInt8__xdcDup__380 |          0 |          0 |       0 |    0 |      0 |      0 |      0 |    0 |          1 |
|       mul_list_8_27            |           SignedMultiplierInt8__xdcDup__381 |          0 |          0 |       0 |    0 |      0 |      0 |      0 |    0 |          1 |
|       mul_list_8_28            |           SignedMultiplierInt8__xdcDup__382 |          0 |          0 |       0 |    0 |      0 |      0 |      0 |    0 |          1 |
|       mul_list_8_29            |           SignedMultiplierInt8__xdcDup__383 |          0 |          0 |       0 |    0 |      0 |      0 |      0 |    0 |          1 |
|       mul_list_8_3             |           SignedMultiplierInt8__xdcDup__384 |          0 |          0 |       0 |    0 |      0 |      0 |      0 |    0 |          1 |
|       mul_list_8_30            |           SignedMultiplierInt8__xdcDup__385 |          0 |          0 |       0 |    0 |      0 |      0 |      0 |    0 |          1 |
|       mul_list_8_31            |           SignedMultiplierInt8__xdcDup__386 |          0 |          0 |       0 |    0 |      0 |      0 |      0 |    0 |          1 |
|       mul_list_8_32            |           SignedMultiplierInt8__xdcDup__387 |          0 |          0 |       0 |    0 |      0 |      0 |      0 |    0 |          1 |
|       mul_list_8_33            |           SignedMultiplierInt8__xdcDup__388 |          0 |          0 |       0 |    0 |      0 |      0 |      0 |    0 |          1 |
|       mul_list_8_34            |           SignedMultiplierInt8__xdcDup__389 |          0 |          0 |       0 |    0 |      0 |      0 |      0 |    0 |          1 |
|       mul_list_8_35            |           SignedMultiplierInt8__xdcDup__390 |          0 |          0 |       0 |    0 |      0 |      0 |      0 |    0 |          1 |
|       mul_list_8_4             |           SignedMultiplierInt8__xdcDup__391 |          0 |          0 |       0 |    0 |      0 |      0 |      0 |    0 |          1 |
|       mul_list_8_5             |           SignedMultiplierInt8__xdcDup__392 |          0 |          0 |       0 |    0 |      0 |      0 |      0 |    0 |          1 |
|       mul_list_8_6             |           SignedMultiplierInt8__xdcDup__393 |          0 |          0 |       0 |    0 |      0 |      0 |      0 |    0 |          1 |
|       mul_list_8_7             |           SignedMultiplierInt8__xdcDup__394 |          0 |          0 |       0 |    0 |      0 |      0 |      0 |    0 |          1 |
|       mul_list_8_8             |           SignedMultiplierInt8__xdcDup__395 |          0 |          0 |       0 |    0 |      0 |      0 |      0 |    0 |          1 |
|       mul_list_8_9             |           SignedMultiplierInt8__xdcDup__396 |          0 |          0 |       0 |    0 |      0 |      0 |      0 |    0 |          1 |
|       mul_list_9_0             |           SignedMultiplierInt8__xdcDup__397 |          0 |          0 |       0 |    0 |      0 |      0 |      0 |    0 |          1 |
|       mul_list_9_1             |           SignedMultiplierInt8__xdcDup__398 |          0 |          0 |       0 |    0 |      0 |      0 |      0 |    0 |          1 |
|       mul_list_9_10            |           SignedMultiplierInt8__xdcDup__399 |          0 |          0 |       0 |    0 |      0 |      0 |      0 |    0 |          1 |
|       mul_list_9_11            |           SignedMultiplierInt8__xdcDup__400 |          0 |          0 |       0 |    0 |      0 |      0 |      0 |    0 |          1 |
|       mul_list_9_12            |           SignedMultiplierInt8__xdcDup__401 |          0 |          0 |       0 |    0 |      0 |      0 |      0 |    0 |          1 |
|       mul_list_9_13            |           SignedMultiplierInt8__xdcDup__402 |          0 |          0 |       0 |    0 |      0 |      0 |      0 |    0 |          1 |
|       mul_list_9_14            |           SignedMultiplierInt8__xdcDup__403 |          0 |          0 |       0 |    0 |      0 |      0 |      0 |    0 |          1 |
|       mul_list_9_15            |           SignedMultiplierInt8__xdcDup__404 |          0 |          0 |       0 |    0 |      0 |      0 |      0 |    0 |          1 |
|       mul_list_9_16            |           SignedMultiplierInt8__xdcDup__405 |          0 |          0 |       0 |    0 |      0 |      0 |      0 |    0 |          1 |
|       mul_list_9_17            |           SignedMultiplierInt8__xdcDup__406 |          0 |          0 |       0 |    0 |      0 |      0 |      0 |    0 |          1 |
|       mul_list_9_18            |           SignedMultiplierInt8__xdcDup__407 |          0 |          0 |       0 |    0 |      0 |      0 |      0 |    0 |          1 |
|       mul_list_9_19            |           SignedMultiplierInt8__xdcDup__408 |          0 |          0 |       0 |    0 |      0 |      0 |      0 |    0 |          1 |
|       mul_list_9_2             |           SignedMultiplierInt8__xdcDup__409 |          0 |          0 |       0 |    0 |      0 |      0 |      0 |    0 |          1 |
|       mul_list_9_20            |           SignedMultiplierInt8__xdcDup__410 |          0 |          0 |       0 |    0 |      0 |      0 |      0 |    0 |          1 |
|       mul_list_9_21            |           SignedMultiplierInt8__xdcDup__411 |          0 |          0 |       0 |    0 |      0 |      0 |      0 |    0 |          1 |
|       mul_list_9_22            |           SignedMultiplierInt8__xdcDup__412 |          0 |          0 |       0 |    0 |      0 |      0 |      0 |    0 |          1 |
|       mul_list_9_23            |           SignedMultiplierInt8__xdcDup__413 |          0 |          0 |       0 |    0 |      0 |      0 |      0 |    0 |          1 |
|       mul_list_9_24            |           SignedMultiplierInt8__xdcDup__414 |          0 |          0 |       0 |    0 |      0 |      0 |      0 |    0 |          1 |
|       mul_list_9_25            |           SignedMultiplierInt8__xdcDup__415 |          0 |          0 |       0 |    0 |      0 |      0 |      0 |    0 |          1 |
|       mul_list_9_26            |           SignedMultiplierInt8__xdcDup__416 |          0 |          0 |       0 |    0 |      0 |      0 |      0 |    0 |          1 |
|       mul_list_9_27            |           SignedMultiplierInt8__xdcDup__417 |          0 |          0 |       0 |    0 |      0 |      0 |      0 |    0 |          1 |
|       mul_list_9_28            |           SignedMultiplierInt8__xdcDup__418 |          0 |          0 |       0 |    0 |      0 |      0 |      0 |    0 |          1 |
|       mul_list_9_29            |           SignedMultiplierInt8__xdcDup__419 |          0 |          0 |       0 |    0 |      0 |      0 |      0 |    0 |          1 |
|       mul_list_9_3             |           SignedMultiplierInt8__xdcDup__420 |          0 |          0 |       0 |    0 |      0 |      0 |      0 |    0 |          1 |
|       mul_list_9_30            |           SignedMultiplierInt8__xdcDup__421 |          0 |          0 |       0 |    0 |      0 |      0 |      0 |    0 |          1 |
|       mul_list_9_31            |           SignedMultiplierInt8__xdcDup__422 |          0 |          0 |       0 |    0 |      0 |      0 |      0 |    0 |          1 |
|       mul_list_9_32            |           SignedMultiplierInt8__xdcDup__423 |          0 |          0 |       0 |    0 |      0 |      0 |      0 |    0 |          1 |
|       mul_list_9_33            |           SignedMultiplierInt8__xdcDup__424 |          0 |          0 |       0 |    0 |      0 |      0 |      0 |    0 |          1 |
|       mul_list_9_34            |           SignedMultiplierInt8__xdcDup__425 |          0 |          0 |       0 |    0 |      0 |      0 |      0 |    0 |          1 |
|       mul_list_9_35            |           SignedMultiplierInt8__xdcDup__426 |          0 |          0 |       0 |    0 |      0 |      0 |      0 |    0 |          1 |
|       mul_list_9_4             |           SignedMultiplierInt8__xdcDup__427 |          0 |          0 |       0 |    0 |      0 |      0 |      0 |    0 |          1 |
|       mul_list_9_5             |           SignedMultiplierInt8__xdcDup__428 |          0 |          0 |       0 |    0 |      0 |      0 |      0 |    0 |          1 |
|       mul_list_9_6             |           SignedMultiplierInt8__xdcDup__429 |          0 |          0 |       0 |    0 |      0 |      0 |      0 |    0 |          1 |
|       mul_list_9_7             |           SignedMultiplierInt8__xdcDup__430 |          0 |          0 |       0 |    0 |      0 |      0 |      0 |    0 |          1 |
|       mul_list_9_8             |           SignedMultiplierInt8__xdcDup__431 |          0 |          0 |       0 |    0 |      0 |      0 |      0 |    0 |          1 |
|       mul_list_9_9             |           SignedMultiplierInt8__xdcDup__432 |          0 |          0 |       0 |    0 |      0 |      0 |      0 |    0 |          1 |
|       psum_last_pipreg         |                                PipReg_2__11 |          0 |          0 |       0 |    0 |      7 |      0 |      0 |    0 |          0 |
|       psum_valid_pipreg        |                                PipReg_2__12 |          0 |          0 |       0 |    0 |      7 |      0 |      0 |    0 |          0 |
|       res_valid_pipreg         |                                    PipReg_6 |          1 |          1 |       0 |    0 |      1 |      0 |      0 |    0 |          0 |
|       toFp                     |                            Int32VecToFp32_1 |       9564 |       9564 |       0 |    0 |      0 |      0 |      0 |    0 |         24 |
|         mul                    |                                Fp32Mul__179 |        466 |        466 |       0 |    0 |      0 |      0 |      0 |    0 |          2 |
|           (mul)                |                                Fp32Mul__179 |        264 |        264 |       0 |    0 |      0 |      0 |      0 |    0 |          0 |
|           mul                  |                               MulRecFN__179 |        202 |        202 |       0 |    0 |      0 |      0 |      0 |    0 |          2 |
|         mul_1                  |                                Fp32Mul__178 |        466 |        466 |       0 |    0 |      0 |      0 |      0 |    0 |          2 |
|           (mul_1)              |                                Fp32Mul__178 |        264 |        264 |       0 |    0 |      0 |      0 |      0 |    0 |          0 |
|           mul                  |                               MulRecFN__178 |        202 |        202 |       0 |    0 |      0 |      0 |      0 |    0 |          2 |
|         mul_10                 |                                Fp32Mul__180 |        466 |        466 |       0 |    0 |      0 |      0 |      0 |    0 |          2 |
|           (mul_10)             |                                Fp32Mul__180 |        264 |        264 |       0 |    0 |      0 |      0 |      0 |    0 |          0 |
|           mul                  |                               MulRecFN__180 |        202 |        202 |       0 |    0 |      0 |      0 |      0 |    0 |          2 |
|         mul_11                 |                                     Fp32Mul |        466 |        466 |       0 |    0 |      0 |      0 |      0 |    0 |          2 |
|           (mul_11)             |                                     Fp32Mul |        264 |        264 |       0 |    0 |      0 |      0 |      0 |    0 |          0 |
|           mul                  |                                    MulRecFN |        202 |        202 |       0 |    0 |      0 |      0 |      0 |    0 |          2 |
|         mul_2                  |                                Fp32Mul__172 |        502 |        502 |       0 |    0 |      0 |      0 |      0 |    0 |          2 |
|           (mul_2)              |                                Fp32Mul__172 |        284 |        284 |       0 |    0 |      0 |      0 |      0 |    0 |          0 |
|           mul                  |                               MulRecFN__172 |        218 |        218 |       0 |    0 |      0 |      0 |      0 |    0 |          2 |
|         mul_3                  |                                Fp32Mul__173 |        502 |        502 |       0 |    0 |      0 |      0 |      0 |    0 |          2 |
|           (mul_3)              |                                Fp32Mul__173 |        284 |        284 |       0 |    0 |      0 |      0 |      0 |    0 |          0 |
|           mul                  |                               MulRecFN__173 |        218 |        218 |       0 |    0 |      0 |      0 |      0 |    0 |          2 |
|         mul_4                  |                                Fp32Mul__174 |        502 |        502 |       0 |    0 |      0 |      0 |      0 |    0 |          2 |
|           (mul_4)              |                                Fp32Mul__174 |        284 |        284 |       0 |    0 |      0 |      0 |      0 |    0 |          0 |
|           mul                  |                               MulRecFN__174 |        218 |        218 |       0 |    0 |      0 |      0 |      0 |    0 |          2 |
|         mul_5                  |                                Fp32Mul__175 |        502 |        502 |       0 |    0 |      0 |      0 |      0 |    0 |          2 |
|           (mul_5)              |                                Fp32Mul__175 |        284 |        284 |       0 |    0 |      0 |      0 |      0 |    0 |          0 |
|           mul                  |                               MulRecFN__175 |        218 |        218 |       0 |    0 |      0 |      0 |      0 |    0 |          2 |
|         mul_6                  |                                Fp32Mul__176 |        502 |        502 |       0 |    0 |      0 |      0 |      0 |    0 |          2 |
|           (mul_6)              |                                Fp32Mul__176 |        284 |        284 |       0 |    0 |      0 |      0 |      0 |    0 |          0 |
|           mul                  |                               MulRecFN__176 |        218 |        218 |       0 |    0 |      0 |      0 |      0 |    0 |          2 |
|         mul_7                  |                                Fp32Mul__177 |        502 |        502 |       0 |    0 |      0 |      0 |      0 |    0 |          2 |
|           (mul_7)              |                                Fp32Mul__177 |        284 |        284 |       0 |    0 |      0 |      0 |      0 |    0 |          0 |
|           mul                  |                               MulRecFN__177 |        218 |        218 |       0 |    0 |      0 |      0 |      0 |    0 |          2 |
|         mul_8                  |                                Fp32Mul__171 |        502 |        502 |       0 |    0 |      0 |      0 |      0 |    0 |          2 |
|           (mul_8)              |                                Fp32Mul__171 |        284 |        284 |       0 |    0 |      0 |      0 |      0 |    0 |          0 |
|           mul                  |                               MulRecFN__171 |        218 |        218 |       0 |    0 |      0 |      0 |      0 |    0 |          2 |
|         mul_9                  |                                Fp32Mul__170 |        502 |        502 |       0 |    0 |      0 |      0 |      0 |    0 |          2 |
|           (mul_9)              |                                Fp32Mul__170 |        284 |        284 |       0 |    0 |      0 |      0 |      0 |    0 |          0 |
|           mul                  |                               MulRecFN__170 |        218 |        218 |       0 |    0 |      0 |      0 |      0 |    0 |          2 |
|         toFp                   |                             Int32ToFp32__50 |        279 |        279 |       0 |    0 |      0 |      0 |      0 |    0 |          0 |
|           (toFp)               |                             Int32ToFp32__50 |         72 |         72 |       0 |    0 |      0 |      0 |      0 |    0 |          0 |
|           cvt                  |                    INToRecFN_i32_e8_s24__50 |        207 |        207 |       0 |    0 |      0 |      0 |      0 |    0 |          0 |
|         toFp_1                 |                             Int32ToFp32__49 |        279 |        279 |       0 |    0 |      0 |      0 |      0 |    0 |          0 |
|           (toFp_1)             |                             Int32ToFp32__49 |         72 |         72 |       0 |    0 |      0 |      0 |      0 |    0 |          0 |
|           cvt                  |                    INToRecFN_i32_e8_s24__49 |        207 |        207 |       0 |    0 |      0 |      0 |      0 |    0 |          0 |
|         toFp_10                |                             Int32ToFp32__51 |        279 |        279 |       0 |    0 |      0 |      0 |      0 |    0 |          0 |
|           (toFp_10)            |                             Int32ToFp32__51 |         72 |         72 |       0 |    0 |      0 |      0 |      0 |    0 |          0 |
|           cvt                  |                    INToRecFN_i32_e8_s24__51 |        207 |        207 |       0 |    0 |      0 |      0 |      0 |    0 |          0 |
|         toFp_11                |                                 Int32ToFp32 |        279 |        279 |       0 |    0 |      0 |      0 |      0 |    0 |          0 |
|           (toFp_11)            |                                 Int32ToFp32 |         72 |         72 |       0 |    0 |      0 |      0 |      0 |    0 |          0 |
|           cvt                  |                        INToRecFN_i32_e8_s24 |        207 |        207 |       0 |    0 |      0 |      0 |      0 |    0 |          0 |
|         toFp_2                 |                             Int32ToFp32__43 |        321 |        321 |       0 |    0 |      0 |      0 |      0 |    0 |          0 |
|           (toFp_2)             |                             Int32ToFp32__43 |         86 |         86 |       0 |    0 |      0 |      0 |      0 |    0 |          0 |
|           cvt                  |                    INToRecFN_i32_e8_s24__43 |        235 |        235 |       0 |    0 |      0 |      0 |      0 |    0 |          0 |
|         toFp_3                 |                             Int32ToFp32__44 |        321 |        321 |       0 |    0 |      0 |      0 |      0 |    0 |          0 |
|           (toFp_3)             |                             Int32ToFp32__44 |         86 |         86 |       0 |    0 |      0 |      0 |      0 |    0 |          0 |
|           cvt                  |                    INToRecFN_i32_e8_s24__44 |        235 |        235 |       0 |    0 |      0 |      0 |      0 |    0 |          0 |
|         toFp_4                 |                             Int32ToFp32__45 |        321 |        321 |       0 |    0 |      0 |      0 |      0 |    0 |          0 |
|           (toFp_4)             |                             Int32ToFp32__45 |         86 |         86 |       0 |    0 |      0 |      0 |      0 |    0 |          0 |
|           cvt                  |                    INToRecFN_i32_e8_s24__45 |        235 |        235 |       0 |    0 |      0 |      0 |      0 |    0 |          0 |
|         toFp_5                 |                             Int32ToFp32__46 |        321 |        321 |       0 |    0 |      0 |      0 |      0 |    0 |          0 |
|           (toFp_5)             |                             Int32ToFp32__46 |         86 |         86 |       0 |    0 |      0 |      0 |      0 |    0 |          0 |
|           cvt                  |                    INToRecFN_i32_e8_s24__46 |        235 |        235 |       0 |    0 |      0 |      0 |      0 |    0 |          0 |
|         toFp_6                 |                             Int32ToFp32__47 |        321 |        321 |       0 |    0 |      0 |      0 |      0 |    0 |          0 |
|           (toFp_6)             |                             Int32ToFp32__47 |         86 |         86 |       0 |    0 |      0 |      0 |      0 |    0 |          0 |
|           cvt                  |                    INToRecFN_i32_e8_s24__47 |        235 |        235 |       0 |    0 |      0 |      0 |      0 |    0 |          0 |
|         toFp_7                 |                             Int32ToFp32__48 |        321 |        321 |       0 |    0 |      0 |      0 |      0 |    0 |          0 |
|           (toFp_7)             |                             Int32ToFp32__48 |         86 |         86 |       0 |    0 |      0 |      0 |      0 |    0 |          0 |
|           cvt                  |                    INToRecFN_i32_e8_s24__48 |        235 |        235 |       0 |    0 |      0 |      0 |      0 |    0 |          0 |
|         toFp_8                 |                             Int32ToFp32__42 |        321 |        321 |       0 |    0 |      0 |      0 |      0 |    0 |          0 |
|           (toFp_8)             |                             Int32ToFp32__42 |         86 |         86 |       0 |    0 |      0 |      0 |      0 |    0 |          0 |
|           cvt                  |                    INToRecFN_i32_e8_s24__42 |        235 |        235 |       0 |    0 |      0 |      0 |      0 |    0 |          0 |
|         toFp_9                 |                             Int32ToFp32__41 |        321 |        321 |       0 |    0 |      0 |      0 |      0 |    0 |          0 |
|           (toFp_9)             |                             Int32ToFp32__41 |         86 |         86 |       0 |    0 |      0 |      0 |      0 |    0 |          0 |
|           cvt                  |                    INToRecFN_i32_e8_s24__41 |        235 |        235 |       0 |    0 |      0 |      0 |      0 |    0 |          0 |
|     lu_inst                    |                                  LoadUnit_5 |         24 |         24 |       0 |    0 |     27 |      0 |      0 |    0 |          0 |
|     lw_inst                    |                                LoadWeight_4 |       1563 |       1563 |       0 |    0 |     28 |      0 |      0 |   68 |          1 |
|       (lw_inst)                |                                LoadWeight_4 |         31 |         31 |       0 |    0 |     21 |      0 |      0 |    0 |          1 |
|       weight_mem               |                      WeightMem_2__xdcDup__1 |       1532 |       1532 |       0 |    0 |      7 |      0 |      0 |   68 |          0 |
|         (weight_mem)           |                      WeightMem_2__xdcDup__1 |       1464 |       1464 |       0 |    0 |      7 |      0 |      0 |    0 |          0 |
|         weight_banks_0_0_ext   |             weight_banks_4096x72__xdcDup__1 |          1 |          1 |       0 |    0 |      0 |      0 |      0 |    1 |          0 |
|         weight_banks_0_1_ext   |             weight_banks_4096x72__xdcDup__2 |          1 |          1 |       0 |    0 |      0 |      0 |      0 |    1 |          0 |
|         weight_banks_0_2_ext   |             weight_banks_4096x72__xdcDup__3 |          1 |          1 |       0 |    0 |      0 |      0 |      0 |    1 |          0 |
|         weight_banks_0_3_ext   |             weight_banks_4096x72__xdcDup__4 |          1 |          1 |       0 |    0 |      0 |      0 |      0 |    1 |          0 |
|         weight_banks_10_0_ext  |             weight_banks_4096x72__xdcDup__5 |          1 |          1 |       0 |    0 |      0 |      0 |      0 |    1 |          0 |
|         weight_banks_10_1_ext  |             weight_banks_4096x72__xdcDup__6 |          1 |          1 |       0 |    0 |      0 |      0 |      0 |    1 |          0 |
|         weight_banks_10_2_ext  |             weight_banks_4096x72__xdcDup__7 |          1 |          1 |       0 |    0 |      0 |      0 |      0 |    1 |          0 |
|         weight_banks_10_3_ext  |             weight_banks_4096x72__xdcDup__8 |          1 |          1 |       0 |    0 |      0 |      0 |      0 |    1 |          0 |
|         weight_banks_11_0_ext  |             weight_banks_4096x72__xdcDup__9 |          1 |          1 |       0 |    0 |      0 |      0 |      0 |    1 |          0 |
|         weight_banks_11_1_ext  |            weight_banks_4096x72__xdcDup__10 |          1 |          1 |       0 |    0 |      0 |      0 |      0 |    1 |          0 |
|         weight_banks_11_2_ext  |            weight_banks_4096x72__xdcDup__11 |          1 |          1 |       0 |    0 |      0 |      0 |      0 |    1 |          0 |
|         weight_banks_11_3_ext  |            weight_banks_4096x72__xdcDup__12 |          1 |          1 |       0 |    0 |      0 |      0 |      0 |    1 |          0 |
|         weight_banks_12_0_ext  |            weight_banks_4096x72__xdcDup__13 |          1 |          1 |       0 |    0 |      0 |      0 |      0 |    1 |          0 |
|         weight_banks_12_1_ext  |            weight_banks_4096x72__xdcDup__14 |          1 |          1 |       0 |    0 |      0 |      0 |      0 |    1 |          0 |
|         weight_banks_12_2_ext  |            weight_banks_4096x72__xdcDup__15 |          1 |          1 |       0 |    0 |      0 |      0 |      0 |    1 |          0 |
|         weight_banks_12_3_ext  |            weight_banks_4096x72__xdcDup__16 |          1 |          1 |       0 |    0 |      0 |      0 |      0 |    1 |          0 |
|         weight_banks_13_0_ext  |            weight_banks_4096x72__xdcDup__17 |          1 |          1 |       0 |    0 |      0 |      0 |      0 |    1 |          0 |
|         weight_banks_13_1_ext  |            weight_banks_4096x72__xdcDup__18 |          1 |          1 |       0 |    0 |      0 |      0 |      0 |    1 |          0 |
|         weight_banks_13_2_ext  |            weight_banks_4096x72__xdcDup__19 |          1 |          1 |       0 |    0 |      0 |      0 |      0 |    1 |          0 |
|         weight_banks_13_3_ext  |            weight_banks_4096x72__xdcDup__20 |          1 |          1 |       0 |    0 |      0 |      0 |      0 |    1 |          0 |
|         weight_banks_14_0_ext  |            weight_banks_4096x72__xdcDup__21 |          1 |          1 |       0 |    0 |      0 |      0 |      0 |    1 |          0 |
|         weight_banks_14_1_ext  |            weight_banks_4096x72__xdcDup__22 |          1 |          1 |       0 |    0 |      0 |      0 |      0 |    1 |          0 |
|         weight_banks_14_2_ext  |            weight_banks_4096x72__xdcDup__23 |          1 |          1 |       0 |    0 |      0 |      0 |      0 |    1 |          0 |
|         weight_banks_14_3_ext  |            weight_banks_4096x72__xdcDup__24 |          1 |          1 |       0 |    0 |      0 |      0 |      0 |    1 |          0 |
|         weight_banks_15_0_ext  |            weight_banks_4096x72__xdcDup__25 |          1 |          1 |       0 |    0 |      0 |      0 |      0 |    1 |          0 |
|         weight_banks_15_1_ext  |            weight_banks_4096x72__xdcDup__26 |          1 |          1 |       0 |    0 |      0 |      0 |      0 |    1 |          0 |
|         weight_banks_15_2_ext  |            weight_banks_4096x72__xdcDup__27 |          1 |          1 |       0 |    0 |      0 |      0 |      0 |    1 |          0 |
|         weight_banks_15_3_ext  |            weight_banks_4096x72__xdcDup__28 |          1 |          1 |       0 |    0 |      0 |      0 |      0 |    1 |          0 |
|         weight_banks_16_0_ext  |            weight_banks_4096x72__xdcDup__29 |          1 |          1 |       0 |    0 |      0 |      0 |      0 |    1 |          0 |
|         weight_banks_16_1_ext  |            weight_banks_4096x72__xdcDup__30 |          1 |          1 |       0 |    0 |      0 |      0 |      0 |    1 |          0 |
|         weight_banks_16_2_ext  |            weight_banks_4096x72__xdcDup__31 |          1 |          1 |       0 |    0 |      0 |      0 |      0 |    1 |          0 |
|         weight_banks_16_3_ext  |            weight_banks_4096x72__xdcDup__32 |          1 |          1 |       0 |    0 |      0 |      0 |      0 |    1 |          0 |
|         weight_banks_1_0_ext   |            weight_banks_4096x72__xdcDup__33 |          1 |          1 |       0 |    0 |      0 |      0 |      0 |    1 |          0 |
|         weight_banks_1_1_ext   |            weight_banks_4096x72__xdcDup__34 |          1 |          1 |       0 |    0 |      0 |      0 |      0 |    1 |          0 |
|         weight_banks_1_2_ext   |            weight_banks_4096x72__xdcDup__35 |          1 |          1 |       0 |    0 |      0 |      0 |      0 |    1 |          0 |
|         weight_banks_1_3_ext   |            weight_banks_4096x72__xdcDup__36 |          1 |          1 |       0 |    0 |      0 |      0 |      0 |    1 |          0 |
|         weight_banks_2_0_ext   |            weight_banks_4096x72__xdcDup__37 |          1 |          1 |       0 |    0 |      0 |      0 |      0 |    1 |          0 |
|         weight_banks_2_1_ext   |            weight_banks_4096x72__xdcDup__38 |          1 |          1 |       0 |    0 |      0 |      0 |      0 |    1 |          0 |
|         weight_banks_2_2_ext   |            weight_banks_4096x72__xdcDup__39 |          1 |          1 |       0 |    0 |      0 |      0 |      0 |    1 |          0 |
|         weight_banks_2_3_ext   |            weight_banks_4096x72__xdcDup__40 |          1 |          1 |       0 |    0 |      0 |      0 |      0 |    1 |          0 |
|         weight_banks_3_0_ext   |            weight_banks_4096x72__xdcDup__41 |          1 |          1 |       0 |    0 |      0 |      0 |      0 |    1 |          0 |
|         weight_banks_3_1_ext   |            weight_banks_4096x72__xdcDup__42 |          1 |          1 |       0 |    0 |      0 |      0 |      0 |    1 |          0 |
|         weight_banks_3_2_ext   |            weight_banks_4096x72__xdcDup__43 |          1 |          1 |       0 |    0 |      0 |      0 |      0 |    1 |          0 |
|         weight_banks_3_3_ext   |            weight_banks_4096x72__xdcDup__44 |          1 |          1 |       0 |    0 |      0 |      0 |      0 |    1 |          0 |
|         weight_banks_4_0_ext   |            weight_banks_4096x72__xdcDup__45 |          1 |          1 |       0 |    0 |      0 |      0 |      0 |    1 |          0 |
|         weight_banks_4_1_ext   |            weight_banks_4096x72__xdcDup__46 |          1 |          1 |       0 |    0 |      0 |      0 |      0 |    1 |          0 |
|         weight_banks_4_2_ext   |            weight_banks_4096x72__xdcDup__47 |          1 |          1 |       0 |    0 |      0 |      0 |      0 |    1 |          0 |
|         weight_banks_4_3_ext   |            weight_banks_4096x72__xdcDup__48 |          1 |          1 |       0 |    0 |      0 |      0 |      0 |    1 |          0 |
|         weight_banks_5_0_ext   |            weight_banks_4096x72__xdcDup__49 |          1 |          1 |       0 |    0 |      0 |      0 |      0 |    1 |          0 |
|         weight_banks_5_1_ext   |            weight_banks_4096x72__xdcDup__50 |          1 |          1 |       0 |    0 |      0 |      0 |      0 |    1 |          0 |
|         weight_banks_5_2_ext   |            weight_banks_4096x72__xdcDup__51 |          1 |          1 |       0 |    0 |      0 |      0 |      0 |    1 |          0 |
|         weight_banks_5_3_ext   |            weight_banks_4096x72__xdcDup__52 |          1 |          1 |       0 |    0 |      0 |      0 |      0 |    1 |          0 |
|         weight_banks_6_0_ext   |            weight_banks_4096x72__xdcDup__53 |          1 |          1 |       0 |    0 |      0 |      0 |      0 |    1 |          0 |
|         weight_banks_6_1_ext   |            weight_banks_4096x72__xdcDup__54 |          1 |          1 |       0 |    0 |      0 |      0 |      0 |    1 |          0 |
|         weight_banks_6_2_ext   |            weight_banks_4096x72__xdcDup__55 |          1 |          1 |       0 |    0 |      0 |      0 |      0 |    1 |          0 |
|         weight_banks_6_3_ext   |            weight_banks_4096x72__xdcDup__56 |          1 |          1 |       0 |    0 |      0 |      0 |      0 |    1 |          0 |
|         weight_banks_7_0_ext   |            weight_banks_4096x72__xdcDup__57 |          1 |          1 |       0 |    0 |      0 |      0 |      0 |    1 |          0 |
|         weight_banks_7_1_ext   |            weight_banks_4096x72__xdcDup__58 |          1 |          1 |       0 |    0 |      0 |      0 |      0 |    1 |          0 |
|         weight_banks_7_2_ext   |            weight_banks_4096x72__xdcDup__59 |          1 |          1 |       0 |    0 |      0 |      0 |      0 |    1 |          0 |
|         weight_banks_7_3_ext   |            weight_banks_4096x72__xdcDup__60 |          1 |          1 |       0 |    0 |      0 |      0 |      0 |    1 |          0 |
|         weight_banks_8_0_ext   |            weight_banks_4096x72__xdcDup__61 |          1 |          1 |       0 |    0 |      0 |      0 |      0 |    1 |          0 |
|         weight_banks_8_1_ext   |            weight_banks_4096x72__xdcDup__62 |          1 |          1 |       0 |    0 |      0 |      0 |      0 |    1 |          0 |
|         weight_banks_8_2_ext   |            weight_banks_4096x72__xdcDup__63 |          1 |          1 |       0 |    0 |      0 |      0 |      0 |    1 |          0 |
|         weight_banks_8_3_ext   |            weight_banks_4096x72__xdcDup__64 |          1 |          1 |       0 |    0 |      0 |      0 |      0 |    1 |          0 |
|         weight_banks_9_0_ext   |            weight_banks_4096x72__xdcDup__65 |          1 |          1 |       0 |    0 |      0 |      0 |      0 |    1 |          0 |
|         weight_banks_9_1_ext   |            weight_banks_4096x72__xdcDup__66 |          1 |          1 |       0 |    0 |      0 |      0 |      0 |    1 |          0 |
|         weight_banks_9_2_ext   |            weight_banks_4096x72__xdcDup__67 |          1 |          1 |       0 |    0 |      0 |      0 |      0 |    1 |          0 |
|         weight_banks_9_3_ext   |            weight_banks_4096x72__xdcDup__68 |          1 |          1 |       0 |    0 |      0 |      0 |      0 |    1 |          0 |
|     mem_inst                   |                          DataMem__xdcDup__1 |         64 |         64 |       0 |    0 |      8 |     10 |      2 |    0 |          0 |
|       (mem_inst)               |                          DataMem__xdcDup__1 |         58 |         58 |       0 |    0 |      8 |      0 |      0 |    0 |          0 |
|       mem0_ext                 |                      mem_2048x96__xdcDup__1 |          3 |          3 |       0 |    0 |      0 |      5 |      1 |    0 |          0 |
|       mem1_ext                 |                      mem_2048x96__xdcDup__2 |          3 |          3 |       0 |    0 |      0 |      5 |      1 |    0 |          0 |
|     su_inst                    |                             StoreUnitFP32_2 |         21 |         21 |       0 |    0 |    416 |      0 |      0 |    0 |          0 |
|   ffnup                        |                                       FFNUp |     124772 |     124767 |       0 |    5 | 115705 |     10 |      2 |   68 |        457 |
|     (ffnup)                    |                                       FFNUp |       7105 |       7105 |       0 |    0 |  24588 |      0 |      0 |    0 |          0 |
|     cu_inst                    |                          CUQuant__xdcDup__1 |     115997 |     115992 |       0 |    5 |  90927 |      0 |      0 |    0 |        456 |
|       (cu_inst)                |                          CUQuant__xdcDup__1 |      97470 |      97470 |       0 |    0 |  83027 |      0 |      0 |    0 |          0 |
|       addTreeList_0            |                         SignedAddTree32__89 |        184 |        184 |       0 |    0 |    213 |      0 |      0 |    0 |          0 |
|       addTreeList_1            |                         SignedAddTree32__97 |        184 |        184 |       0 |    0 |    213 |      0 |      0 |    0 |          0 |
|       addTreeList_10           |                        SignedAddTree32__101 |        184 |        184 |       0 |    0 |    213 |      0 |      0 |    0 |          0 |
|       addTreeList_11           |                         SignedAddTree32__83 |        184 |        184 |       0 |    0 |    213 |      0 |      0 |    0 |          0 |
|       addTreeList_12           |                        SignedAddTree32__104 |        184 |        184 |       0 |    0 |    213 |      0 |      0 |    0 |          0 |
|       addTreeList_13           |                        SignedAddTree32__102 |        184 |        184 |       0 |    0 |    213 |      0 |      0 |    0 |          0 |
|       addTreeList_14           |                         SignedAddTree32__96 |        184 |        184 |       0 |    0 |    213 |      0 |      0 |    0 |          0 |
|       addTreeList_15           |                         SignedAddTree32__98 |        184 |        184 |       0 |    0 |    213 |      0 |      0 |    0 |          0 |
|       addTreeList_16           |                        SignedAddTree32__105 |        184 |        184 |       0 |    0 |    213 |      0 |      0 |    0 |          0 |
|       addTreeList_17           |                         SignedAddTree32__82 |        184 |        184 |       0 |    0 |    213 |      0 |      0 |    0 |          0 |
|       addTreeList_18           |                        SignedAddTree32__106 |        184 |        184 |       0 |    0 |    213 |      0 |      0 |    0 |          0 |
|       addTreeList_19           |                         SignedAddTree32__93 |        184 |        184 |       0 |    0 |    213 |      0 |      0 |    0 |          0 |
|       addTreeList_2            |                         SignedAddTree32__88 |        184 |        184 |       0 |    0 |    213 |      0 |      0 |    0 |          0 |
|       addTreeList_20           |                         SignedAddTree32__81 |        184 |        184 |       0 |    0 |    213 |      0 |      0 |    0 |          0 |
|       addTreeList_21           |                         SignedAddTree32__80 |        184 |        184 |       0 |    0 |    213 |      0 |      0 |    0 |          0 |
|       addTreeList_22           |                         SignedAddTree32__94 |        184 |        184 |       0 |    0 |    213 |      0 |      0 |    0 |          0 |
|       addTreeList_23           |                        SignedAddTree32__107 |        184 |        184 |       0 |    0 |    213 |      0 |      0 |    0 |          0 |
|       addTreeList_24           |                         SignedAddTree32__99 |        184 |        184 |       0 |    0 |    213 |      0 |      0 |    0 |          0 |
|       addTreeList_25           |                         SignedAddTree32__79 |        184 |        184 |       0 |    0 |    213 |      0 |      0 |    0 |          0 |
|       addTreeList_26           |                         SignedAddTree32__95 |        184 |        184 |       0 |    0 |    213 |      0 |      0 |    0 |          0 |
|       addTreeList_27           |                        SignedAddTree32__103 |        184 |        184 |       0 |    0 |    213 |      0 |      0 |    0 |          0 |
|       addTreeList_28           |                         SignedAddTree32__78 |        184 |        184 |       0 |    0 |    213 |      0 |      0 |    0 |          0 |
|       addTreeList_29           |                         SignedAddTree32__77 |        184 |        184 |       0 |    0 |    213 |      0 |      0 |    0 |          0 |
|       addTreeList_3            |                         SignedAddTree32__87 |        184 |        184 |       0 |    0 |    213 |      0 |      0 |    0 |          0 |
|       addTreeList_30           |                         SignedAddTree32__76 |        184 |        184 |       0 |    0 |    213 |      0 |      0 |    0 |          0 |
|       addTreeList_31           |                        SignedAddTree32__108 |        184 |        184 |       0 |    0 |    213 |      0 |      0 |    0 |          0 |
|       addTreeList_32           |                         SignedAddTree32__75 |        184 |        184 |       0 |    0 |    213 |      0 |      0 |    0 |          0 |
|       addTreeList_33           |                        SignedAddTree32__100 |        184 |        184 |       0 |    0 |    213 |      0 |      0 |    0 |          0 |
|       addTreeList_34           |                         SignedAddTree32__74 |        184 |        184 |       0 |    0 |    213 |      0 |      0 |    0 |          0 |
|       addTreeList_35           |                        SignedAddTree32__109 |        184 |        184 |       0 |    0 |    213 |      0 |      0 |    0 |          0 |
|       addTreeList_4            |                         SignedAddTree32__86 |        184 |        184 |       0 |    0 |    213 |      0 |      0 |    0 |          0 |
|       addTreeList_5            |                         SignedAddTree32__85 |        184 |        184 |       0 |    0 |    213 |      0 |      0 |    0 |          0 |
|       addTreeList_6            |                         SignedAddTree32__90 |        184 |        184 |       0 |    0 |    213 |      0 |      0 |    0 |          0 |
|       addTreeList_7            |                         SignedAddTree32__91 |        184 |        184 |       0 |    0 |    213 |      0 |      0 |    0 |          0 |
|       addTreeList_8            |                         SignedAddTree32__84 |        184 |        184 |       0 |    0 |    213 |      0 |      0 |    0 |          0 |
|       addTreeList_9            |                         SignedAddTree32__92 |        184 |        184 |       0 |    0 |    213 |      0 |      0 |    0 |          0 |
|       batchsizelast_pipreg     |                                 PipReg_1__4 |          0 |          0 |       0 |    0 |      2 |      0 |      0 |    0 |          0 |
|       block_first_pipreg       |                                 PipReg_2__9 |          0 |          0 |       0 |    0 |      7 |      0 |      0 |    0 |          0 |
|       cnt_batchsize_pipreg     |                                 PipReg_3__4 |         10 |          5 |       0 |    5 |     16 |      0 |      0 |    0 |          0 |
|       indata_pipreg            |                                   PipReg__4 |          0 |          0 |       0 |    0 |    192 |      0 |      0 |    0 |          0 |
|       mul_list_0_0             |           SignedMultiplierInt8__xdcDup__433 |          0 |          0 |       0 |    0 |      0 |      0 |      0 |    0 |          1 |
|       mul_list_0_1             |           SignedMultiplierInt8__xdcDup__434 |          0 |          0 |       0 |    0 |      0 |      0 |      0 |    0 |          1 |
|       mul_list_0_10            |           SignedMultiplierInt8__xdcDup__435 |          0 |          0 |       0 |    0 |      0 |      0 |      0 |    0 |          1 |
|       mul_list_0_11            |           SignedMultiplierInt8__xdcDup__436 |          0 |          0 |       0 |    0 |      0 |      0 |      0 |    0 |          1 |
|       mul_list_0_12            |           SignedMultiplierInt8__xdcDup__437 |          0 |          0 |       0 |    0 |      0 |      0 |      0 |    0 |          1 |
|       mul_list_0_13            |           SignedMultiplierInt8__xdcDup__438 |          0 |          0 |       0 |    0 |      0 |      0 |      0 |    0 |          1 |
|       mul_list_0_14            |           SignedMultiplierInt8__xdcDup__439 |          0 |          0 |       0 |    0 |      0 |      0 |      0 |    0 |          1 |
|       mul_list_0_15            |           SignedMultiplierInt8__xdcDup__440 |          0 |          0 |       0 |    0 |      0 |      0 |      0 |    0 |          1 |
|       mul_list_0_16            |           SignedMultiplierInt8__xdcDup__441 |          0 |          0 |       0 |    0 |      0 |      0 |      0 |    0 |          1 |
|       mul_list_0_17            |           SignedMultiplierInt8__xdcDup__442 |          0 |          0 |       0 |    0 |      0 |      0 |      0 |    0 |          1 |
|       mul_list_0_18            |           SignedMultiplierInt8__xdcDup__443 |          0 |          0 |       0 |    0 |      0 |      0 |      0 |    0 |          1 |
|       mul_list_0_19            |           SignedMultiplierInt8__xdcDup__444 |          0 |          0 |       0 |    0 |      0 |      0 |      0 |    0 |          1 |
|       mul_list_0_2             |           SignedMultiplierInt8__xdcDup__445 |          0 |          0 |       0 |    0 |      0 |      0 |      0 |    0 |          1 |
|       mul_list_0_20            |           SignedMultiplierInt8__xdcDup__446 |          0 |          0 |       0 |    0 |      0 |      0 |      0 |    0 |          1 |
|       mul_list_0_21            |           SignedMultiplierInt8__xdcDup__447 |          0 |          0 |       0 |    0 |      0 |      0 |      0 |    0 |          1 |
|       mul_list_0_22            |           SignedMultiplierInt8__xdcDup__448 |          0 |          0 |       0 |    0 |      0 |      0 |      0 |    0 |          1 |
|       mul_list_0_23            |           SignedMultiplierInt8__xdcDup__449 |          0 |          0 |       0 |    0 |      0 |      0 |      0 |    0 |          1 |
|       mul_list_0_24            |           SignedMultiplierInt8__xdcDup__450 |          0 |          0 |       0 |    0 |      0 |      0 |      0 |    0 |          1 |
|       mul_list_0_25            |           SignedMultiplierInt8__xdcDup__451 |          0 |          0 |       0 |    0 |      0 |      0 |      0 |    0 |          1 |
|       mul_list_0_26            |           SignedMultiplierInt8__xdcDup__452 |          0 |          0 |       0 |    0 |      0 |      0 |      0 |    0 |          1 |
|       mul_list_0_27            |           SignedMultiplierInt8__xdcDup__453 |          0 |          0 |       0 |    0 |      0 |      0 |      0 |    0 |          1 |
|       mul_list_0_28            |           SignedMultiplierInt8__xdcDup__454 |          0 |          0 |       0 |    0 |      0 |      0 |      0 |    0 |          1 |
|       mul_list_0_29            |           SignedMultiplierInt8__xdcDup__455 |          0 |          0 |       0 |    0 |      0 |      0 |      0 |    0 |          1 |
|       mul_list_0_3             |           SignedMultiplierInt8__xdcDup__456 |          0 |          0 |       0 |    0 |      0 |      0 |      0 |    0 |          1 |
|       mul_list_0_30            |           SignedMultiplierInt8__xdcDup__457 |          0 |          0 |       0 |    0 |      0 |      0 |      0 |    0 |          1 |
|       mul_list_0_31            |           SignedMultiplierInt8__xdcDup__458 |          0 |          0 |       0 |    0 |      0 |      0 |      0 |    0 |          1 |
|       mul_list_0_32            |           SignedMultiplierInt8__xdcDup__459 |          0 |          0 |       0 |    0 |      0 |      0 |      0 |    0 |          1 |
|       mul_list_0_33            |           SignedMultiplierInt8__xdcDup__460 |          0 |          0 |       0 |    0 |      0 |      0 |      0 |    0 |          1 |
|       mul_list_0_34            |           SignedMultiplierInt8__xdcDup__461 |          0 |          0 |       0 |    0 |      0 |      0 |      0 |    0 |          1 |
|       mul_list_0_35            |           SignedMultiplierInt8__xdcDup__462 |          0 |          0 |       0 |    0 |      0 |      0 |      0 |    0 |          1 |
|       mul_list_0_4             |           SignedMultiplierInt8__xdcDup__463 |          0 |          0 |       0 |    0 |      0 |      0 |      0 |    0 |          1 |
|       mul_list_0_5             |           SignedMultiplierInt8__xdcDup__464 |          0 |          0 |       0 |    0 |      0 |      0 |      0 |    0 |          1 |
|       mul_list_0_6             |           SignedMultiplierInt8__xdcDup__465 |          0 |          0 |       0 |    0 |      0 |      0 |      0 |    0 |          1 |
|       mul_list_0_7             |           SignedMultiplierInt8__xdcDup__466 |          0 |          0 |       0 |    0 |      0 |      0 |      0 |    0 |          1 |
|       mul_list_0_8             |           SignedMultiplierInt8__xdcDup__467 |          0 |          0 |       0 |    0 |      0 |      0 |      0 |    0 |          1 |
|       mul_list_0_9             |           SignedMultiplierInt8__xdcDup__468 |          0 |          0 |       0 |    0 |      0 |      0 |      0 |    0 |          1 |
|       mul_list_10_0            |           SignedMultiplierInt8__xdcDup__469 |          0 |          0 |       0 |    0 |      0 |      0 |      0 |    0 |          1 |
|       mul_list_10_1            |           SignedMultiplierInt8__xdcDup__470 |          0 |          0 |       0 |    0 |      0 |      0 |      0 |    0 |          1 |
|       mul_list_10_10           |           SignedMultiplierInt8__xdcDup__471 |          0 |          0 |       0 |    0 |      0 |      0 |      0 |    0 |          1 |
|       mul_list_10_11           |           SignedMultiplierInt8__xdcDup__472 |          0 |          0 |       0 |    0 |      0 |      0 |      0 |    0 |          1 |
|       mul_list_10_12           |           SignedMultiplierInt8__xdcDup__473 |          0 |          0 |       0 |    0 |      0 |      0 |      0 |    0 |          1 |
|       mul_list_10_13           |           SignedMultiplierInt8__xdcDup__474 |          0 |          0 |       0 |    0 |      0 |      0 |      0 |    0 |          1 |
|       mul_list_10_14           |           SignedMultiplierInt8__xdcDup__475 |          0 |          0 |       0 |    0 |      0 |      0 |      0 |    0 |          1 |
|       mul_list_10_15           |           SignedMultiplierInt8__xdcDup__476 |          0 |          0 |       0 |    0 |      0 |      0 |      0 |    0 |          1 |
|       mul_list_10_16           |           SignedMultiplierInt8__xdcDup__477 |          0 |          0 |       0 |    0 |      0 |      0 |      0 |    0 |          1 |
|       mul_list_10_17           |           SignedMultiplierInt8__xdcDup__478 |          0 |          0 |       0 |    0 |      0 |      0 |      0 |    0 |          1 |
|       mul_list_10_18           |           SignedMultiplierInt8__xdcDup__479 |          0 |          0 |       0 |    0 |      0 |      0 |      0 |    0 |          1 |
|       mul_list_10_19           |           SignedMultiplierInt8__xdcDup__480 |          0 |          0 |       0 |    0 |      0 |      0 |      0 |    0 |          1 |
|       mul_list_10_2            |           SignedMultiplierInt8__xdcDup__481 |          0 |          0 |       0 |    0 |      0 |      0 |      0 |    0 |          1 |
|       mul_list_10_20           |           SignedMultiplierInt8__xdcDup__482 |          0 |          0 |       0 |    0 |      0 |      0 |      0 |    0 |          1 |
|       mul_list_10_21           |           SignedMultiplierInt8__xdcDup__483 |          0 |          0 |       0 |    0 |      0 |      0 |      0 |    0 |          1 |
|       mul_list_10_22           |           SignedMultiplierInt8__xdcDup__484 |          0 |          0 |       0 |    0 |      0 |      0 |      0 |    0 |          1 |
|       mul_list_10_23           |           SignedMultiplierInt8__xdcDup__485 |          0 |          0 |       0 |    0 |      0 |      0 |      0 |    0 |          1 |
|       mul_list_10_24           |           SignedMultiplierInt8__xdcDup__486 |          0 |          0 |       0 |    0 |      0 |      0 |      0 |    0 |          1 |
|       mul_list_10_25           |           SignedMultiplierInt8__xdcDup__487 |          0 |          0 |       0 |    0 |      0 |      0 |      0 |    0 |          1 |
|       mul_list_10_26           |           SignedMultiplierInt8__xdcDup__488 |          0 |          0 |       0 |    0 |      0 |      0 |      0 |    0 |          1 |
|       mul_list_10_27           |           SignedMultiplierInt8__xdcDup__489 |          0 |          0 |       0 |    0 |      0 |      0 |      0 |    0 |          1 |
|       mul_list_10_28           |           SignedMultiplierInt8__xdcDup__490 |          0 |          0 |       0 |    0 |      0 |      0 |      0 |    0 |          1 |
|       mul_list_10_29           |           SignedMultiplierInt8__xdcDup__491 |          0 |          0 |       0 |    0 |      0 |      0 |      0 |    0 |          1 |
|       mul_list_10_3            |           SignedMultiplierInt8__xdcDup__492 |          0 |          0 |       0 |    0 |      0 |      0 |      0 |    0 |          1 |
|       mul_list_10_30           |           SignedMultiplierInt8__xdcDup__493 |          0 |          0 |       0 |    0 |      0 |      0 |      0 |    0 |          1 |
|       mul_list_10_31           |           SignedMultiplierInt8__xdcDup__494 |          0 |          0 |       0 |    0 |      0 |      0 |      0 |    0 |          1 |
|       mul_list_10_32           |           SignedMultiplierInt8__xdcDup__495 |          0 |          0 |       0 |    0 |      0 |      0 |      0 |    0 |          1 |
|       mul_list_10_33           |           SignedMultiplierInt8__xdcDup__496 |          0 |          0 |       0 |    0 |      0 |      0 |      0 |    0 |          1 |
|       mul_list_10_34           |           SignedMultiplierInt8__xdcDup__497 |          0 |          0 |       0 |    0 |      0 |      0 |      0 |    0 |          1 |
|       mul_list_10_35           |           SignedMultiplierInt8__xdcDup__498 |          0 |          0 |       0 |    0 |      0 |      0 |      0 |    0 |          1 |
|       mul_list_10_4            |           SignedMultiplierInt8__xdcDup__499 |          0 |          0 |       0 |    0 |      0 |      0 |      0 |    0 |          1 |
|       mul_list_10_5            |           SignedMultiplierInt8__xdcDup__500 |          0 |          0 |       0 |    0 |      0 |      0 |      0 |    0 |          1 |
|       mul_list_10_6            |           SignedMultiplierInt8__xdcDup__501 |          0 |          0 |       0 |    0 |      0 |      0 |      0 |    0 |          1 |
|       mul_list_10_7            |           SignedMultiplierInt8__xdcDup__502 |          0 |          0 |       0 |    0 |      0 |      0 |      0 |    0 |          1 |
|       mul_list_10_8            |           SignedMultiplierInt8__xdcDup__503 |          0 |          0 |       0 |    0 |      0 |      0 |      0 |    0 |          1 |
|       mul_list_10_9            |           SignedMultiplierInt8__xdcDup__504 |          0 |          0 |       0 |    0 |      0 |      0 |      0 |    0 |          1 |
|       mul_list_11_0            |           SignedMultiplierInt8__xdcDup__505 |          0 |          0 |       0 |    0 |      0 |      0 |      0 |    0 |          1 |
|       mul_list_11_1            |           SignedMultiplierInt8__xdcDup__506 |          0 |          0 |       0 |    0 |      0 |      0 |      0 |    0 |          1 |
|       mul_list_11_10           |           SignedMultiplierInt8__xdcDup__507 |          0 |          0 |       0 |    0 |      0 |      0 |      0 |    0 |          1 |
|       mul_list_11_11           |           SignedMultiplierInt8__xdcDup__508 |          0 |          0 |       0 |    0 |      0 |      0 |      0 |    0 |          1 |
|       mul_list_11_12           |           SignedMultiplierInt8__xdcDup__509 |          0 |          0 |       0 |    0 |      0 |      0 |      0 |    0 |          1 |
|       mul_list_11_13           |           SignedMultiplierInt8__xdcDup__510 |          0 |          0 |       0 |    0 |      0 |      0 |      0 |    0 |          1 |
|       mul_list_11_14           |           SignedMultiplierInt8__xdcDup__511 |          0 |          0 |       0 |    0 |      0 |      0 |      0 |    0 |          1 |
|       mul_list_11_15           |           SignedMultiplierInt8__xdcDup__512 |          0 |          0 |       0 |    0 |      0 |      0 |      0 |    0 |          1 |
|       mul_list_11_16           |           SignedMultiplierInt8__xdcDup__513 |          0 |          0 |       0 |    0 |      0 |      0 |      0 |    0 |          1 |
|       mul_list_11_17           |           SignedMultiplierInt8__xdcDup__514 |          0 |          0 |       0 |    0 |      0 |      0 |      0 |    0 |          1 |
|       mul_list_11_18           |           SignedMultiplierInt8__xdcDup__515 |          0 |          0 |       0 |    0 |      0 |      0 |      0 |    0 |          1 |
|       mul_list_11_19           |           SignedMultiplierInt8__xdcDup__516 |          0 |          0 |       0 |    0 |      0 |      0 |      0 |    0 |          1 |
|       mul_list_11_2            |           SignedMultiplierInt8__xdcDup__517 |          0 |          0 |       0 |    0 |      0 |      0 |      0 |    0 |          1 |
|       mul_list_11_20           |           SignedMultiplierInt8__xdcDup__518 |          0 |          0 |       0 |    0 |      0 |      0 |      0 |    0 |          1 |
|       mul_list_11_21           |           SignedMultiplierInt8__xdcDup__519 |          0 |          0 |       0 |    0 |      0 |      0 |      0 |    0 |          1 |
|       mul_list_11_22           |           SignedMultiplierInt8__xdcDup__520 |          0 |          0 |       0 |    0 |      0 |      0 |      0 |    0 |          1 |
|       mul_list_11_23           |           SignedMultiplierInt8__xdcDup__521 |          0 |          0 |       0 |    0 |      0 |      0 |      0 |    0 |          1 |
|       mul_list_11_24           |           SignedMultiplierInt8__xdcDup__522 |          0 |          0 |       0 |    0 |      0 |      0 |      0 |    0 |          1 |
|       mul_list_11_25           |           SignedMultiplierInt8__xdcDup__523 |          0 |          0 |       0 |    0 |      0 |      0 |      0 |    0 |          1 |
|       mul_list_11_26           |           SignedMultiplierInt8__xdcDup__524 |          0 |          0 |       0 |    0 |      0 |      0 |      0 |    0 |          1 |
|       mul_list_11_27           |           SignedMultiplierInt8__xdcDup__525 |          0 |          0 |       0 |    0 |      0 |      0 |      0 |    0 |          1 |
|       mul_list_11_28           |           SignedMultiplierInt8__xdcDup__526 |          0 |          0 |       0 |    0 |      0 |      0 |      0 |    0 |          1 |
|       mul_list_11_29           |           SignedMultiplierInt8__xdcDup__527 |          0 |          0 |       0 |    0 |      0 |      0 |      0 |    0 |          1 |
|       mul_list_11_3            |           SignedMultiplierInt8__xdcDup__528 |          0 |          0 |       0 |    0 |      0 |      0 |      0 |    0 |          1 |
|       mul_list_11_30           |           SignedMultiplierInt8__xdcDup__529 |          0 |          0 |       0 |    0 |      0 |      0 |      0 |    0 |          1 |
|       mul_list_11_31           |           SignedMultiplierInt8__xdcDup__530 |          0 |          0 |       0 |    0 |      0 |      0 |      0 |    0 |          1 |
|       mul_list_11_32           |           SignedMultiplierInt8__xdcDup__531 |          0 |          0 |       0 |    0 |      0 |      0 |      0 |    0 |          1 |
|       mul_list_11_33           |           SignedMultiplierInt8__xdcDup__532 |          0 |          0 |       0 |    0 |      0 |      0 |      0 |    0 |          1 |
|       mul_list_11_34           |           SignedMultiplierInt8__xdcDup__533 |          0 |          0 |       0 |    0 |      0 |      0 |      0 |    0 |          1 |
|       mul_list_11_35           |           SignedMultiplierInt8__xdcDup__534 |          0 |          0 |       0 |    0 |      0 |      0 |      0 |    0 |          1 |
|       mul_list_11_4            |           SignedMultiplierInt8__xdcDup__535 |          0 |          0 |       0 |    0 |      0 |      0 |      0 |    0 |          1 |
|       mul_list_11_5            |           SignedMultiplierInt8__xdcDup__536 |          0 |          0 |       0 |    0 |      0 |      0 |      0 |    0 |          1 |
|       mul_list_11_6            |           SignedMultiplierInt8__xdcDup__537 |          0 |          0 |       0 |    0 |      0 |      0 |      0 |    0 |          1 |
|       mul_list_11_7            |           SignedMultiplierInt8__xdcDup__538 |          0 |          0 |       0 |    0 |      0 |      0 |      0 |    0 |          1 |
|       mul_list_11_8            |           SignedMultiplierInt8__xdcDup__539 |          0 |          0 |       0 |    0 |      0 |      0 |      0 |    0 |          1 |
|       mul_list_11_9            |           SignedMultiplierInt8__xdcDup__540 |          0 |          0 |       0 |    0 |      0 |      0 |      0 |    0 |          1 |
|       mul_list_1_0             |           SignedMultiplierInt8__xdcDup__541 |          0 |          0 |       0 |    0 |      0 |      0 |      0 |    0 |          1 |
|       mul_list_1_1             |           SignedMultiplierInt8__xdcDup__542 |          0 |          0 |       0 |    0 |      0 |      0 |      0 |    0 |          1 |
|       mul_list_1_10            |           SignedMultiplierInt8__xdcDup__543 |          0 |          0 |       0 |    0 |      0 |      0 |      0 |    0 |          1 |
|       mul_list_1_11            |           SignedMultiplierInt8__xdcDup__544 |          0 |          0 |       0 |    0 |      0 |      0 |      0 |    0 |          1 |
|       mul_list_1_12            |           SignedMultiplierInt8__xdcDup__545 |          0 |          0 |       0 |    0 |      0 |      0 |      0 |    0 |          1 |
|       mul_list_1_13            |           SignedMultiplierInt8__xdcDup__546 |          0 |          0 |       0 |    0 |      0 |      0 |      0 |    0 |          1 |
|       mul_list_1_14            |           SignedMultiplierInt8__xdcDup__547 |          0 |          0 |       0 |    0 |      0 |      0 |      0 |    0 |          1 |
|       mul_list_1_15            |           SignedMultiplierInt8__xdcDup__548 |          0 |          0 |       0 |    0 |      0 |      0 |      0 |    0 |          1 |
|       mul_list_1_16            |           SignedMultiplierInt8__xdcDup__549 |          0 |          0 |       0 |    0 |      0 |      0 |      0 |    0 |          1 |
|       mul_list_1_17            |           SignedMultiplierInt8__xdcDup__550 |          0 |          0 |       0 |    0 |      0 |      0 |      0 |    0 |          1 |
|       mul_list_1_18            |           SignedMultiplierInt8__xdcDup__551 |          0 |          0 |       0 |    0 |      0 |      0 |      0 |    0 |          1 |
|       mul_list_1_19            |           SignedMultiplierInt8__xdcDup__552 |          0 |          0 |       0 |    0 |      0 |      0 |      0 |    0 |          1 |
|       mul_list_1_2             |           SignedMultiplierInt8__xdcDup__553 |          0 |          0 |       0 |    0 |      0 |      0 |      0 |    0 |          1 |
|       mul_list_1_20            |           SignedMultiplierInt8__xdcDup__554 |          0 |          0 |       0 |    0 |      0 |      0 |      0 |    0 |          1 |
|       mul_list_1_21            |           SignedMultiplierInt8__xdcDup__555 |          0 |          0 |       0 |    0 |      0 |      0 |      0 |    0 |          1 |
|       mul_list_1_22            |           SignedMultiplierInt8__xdcDup__556 |          0 |          0 |       0 |    0 |      0 |      0 |      0 |    0 |          1 |
|       mul_list_1_23            |           SignedMultiplierInt8__xdcDup__557 |          0 |          0 |       0 |    0 |      0 |      0 |      0 |    0 |          1 |
|       mul_list_1_24            |           SignedMultiplierInt8__xdcDup__558 |          0 |          0 |       0 |    0 |      0 |      0 |      0 |    0 |          1 |
|       mul_list_1_25            |           SignedMultiplierInt8__xdcDup__559 |          0 |          0 |       0 |    0 |      0 |      0 |      0 |    0 |          1 |
|       mul_list_1_26            |           SignedMultiplierInt8__xdcDup__560 |          0 |          0 |       0 |    0 |      0 |      0 |      0 |    0 |          1 |
|       mul_list_1_27            |           SignedMultiplierInt8__xdcDup__561 |          0 |          0 |       0 |    0 |      0 |      0 |      0 |    0 |          1 |
|       mul_list_1_28            |           SignedMultiplierInt8__xdcDup__562 |          0 |          0 |       0 |    0 |      0 |      0 |      0 |    0 |          1 |
|       mul_list_1_29            |           SignedMultiplierInt8__xdcDup__563 |          0 |          0 |       0 |    0 |      0 |      0 |      0 |    0 |          1 |
|       mul_list_1_3             |           SignedMultiplierInt8__xdcDup__564 |          0 |          0 |       0 |    0 |      0 |      0 |      0 |    0 |          1 |
|       mul_list_1_30            |           SignedMultiplierInt8__xdcDup__565 |          0 |          0 |       0 |    0 |      0 |      0 |      0 |    0 |          1 |
|       mul_list_1_31            |           SignedMultiplierInt8__xdcDup__566 |          0 |          0 |       0 |    0 |      0 |      0 |      0 |    0 |          1 |
|       mul_list_1_32            |           SignedMultiplierInt8__xdcDup__567 |          0 |          0 |       0 |    0 |      0 |      0 |      0 |    0 |          1 |
|       mul_list_1_33            |           SignedMultiplierInt8__xdcDup__568 |          0 |          0 |       0 |    0 |      0 |      0 |      0 |    0 |          1 |
|       mul_list_1_34            |           SignedMultiplierInt8__xdcDup__569 |          0 |          0 |       0 |    0 |      0 |      0 |      0 |    0 |          1 |
|       mul_list_1_35            |           SignedMultiplierInt8__xdcDup__570 |          0 |          0 |       0 |    0 |      0 |      0 |      0 |    0 |          1 |
|       mul_list_1_4             |           SignedMultiplierInt8__xdcDup__571 |          0 |          0 |       0 |    0 |      0 |      0 |      0 |    0 |          1 |
|       mul_list_1_5             |           SignedMultiplierInt8__xdcDup__572 |          0 |          0 |       0 |    0 |      0 |      0 |      0 |    0 |          1 |
|       mul_list_1_6             |           SignedMultiplierInt8__xdcDup__573 |          0 |          0 |       0 |    0 |      0 |      0 |      0 |    0 |          1 |
|       mul_list_1_7             |           SignedMultiplierInt8__xdcDup__574 |          0 |          0 |       0 |    0 |      0 |      0 |      0 |    0 |          1 |
|       mul_list_1_8             |           SignedMultiplierInt8__xdcDup__575 |          0 |          0 |       0 |    0 |      0 |      0 |      0 |    0 |          1 |
|       mul_list_1_9             |           SignedMultiplierInt8__xdcDup__576 |          0 |          0 |       0 |    0 |      0 |      0 |      0 |    0 |          1 |
|       mul_list_2_0             |           SignedMultiplierInt8__xdcDup__577 |          0 |          0 |       0 |    0 |      0 |      0 |      0 |    0 |          1 |
|       mul_list_2_1             |           SignedMultiplierInt8__xdcDup__578 |          0 |          0 |       0 |    0 |      0 |      0 |      0 |    0 |          1 |
|       mul_list_2_10            |           SignedMultiplierInt8__xdcDup__579 |          0 |          0 |       0 |    0 |      0 |      0 |      0 |    0 |          1 |
|       mul_list_2_11            |           SignedMultiplierInt8__xdcDup__580 |          0 |          0 |       0 |    0 |      0 |      0 |      0 |    0 |          1 |
|       mul_list_2_12            |           SignedMultiplierInt8__xdcDup__581 |          0 |          0 |       0 |    0 |      0 |      0 |      0 |    0 |          1 |
|       mul_list_2_13            |           SignedMultiplierInt8__xdcDup__582 |          0 |          0 |       0 |    0 |      0 |      0 |      0 |    0 |          1 |
|       mul_list_2_14            |           SignedMultiplierInt8__xdcDup__583 |          0 |          0 |       0 |    0 |      0 |      0 |      0 |    0 |          1 |
|       mul_list_2_15            |           SignedMultiplierInt8__xdcDup__584 |          0 |          0 |       0 |    0 |      0 |      0 |      0 |    0 |          1 |
|       mul_list_2_16            |           SignedMultiplierInt8__xdcDup__585 |          0 |          0 |       0 |    0 |      0 |      0 |      0 |    0 |          1 |
|       mul_list_2_17            |           SignedMultiplierInt8__xdcDup__586 |          0 |          0 |       0 |    0 |      0 |      0 |      0 |    0 |          1 |
|       mul_list_2_18            |           SignedMultiplierInt8__xdcDup__587 |          0 |          0 |       0 |    0 |      0 |      0 |      0 |    0 |          1 |
|       mul_list_2_19            |           SignedMultiplierInt8__xdcDup__588 |          0 |          0 |       0 |    0 |      0 |      0 |      0 |    0 |          1 |
|       mul_list_2_2             |           SignedMultiplierInt8__xdcDup__589 |          0 |          0 |       0 |    0 |      0 |      0 |      0 |    0 |          1 |
|       mul_list_2_20            |           SignedMultiplierInt8__xdcDup__590 |          0 |          0 |       0 |    0 |      0 |      0 |      0 |    0 |          1 |
|       mul_list_2_21            |           SignedMultiplierInt8__xdcDup__591 |          0 |          0 |       0 |    0 |      0 |      0 |      0 |    0 |          1 |
|       mul_list_2_22            |           SignedMultiplierInt8__xdcDup__592 |          0 |          0 |       0 |    0 |      0 |      0 |      0 |    0 |          1 |
|       mul_list_2_23            |           SignedMultiplierInt8__xdcDup__593 |          0 |          0 |       0 |    0 |      0 |      0 |      0 |    0 |          1 |
|       mul_list_2_24            |           SignedMultiplierInt8__xdcDup__594 |          0 |          0 |       0 |    0 |      0 |      0 |      0 |    0 |          1 |
|       mul_list_2_25            |           SignedMultiplierInt8__xdcDup__595 |          0 |          0 |       0 |    0 |      0 |      0 |      0 |    0 |          1 |
|       mul_list_2_26            |           SignedMultiplierInt8__xdcDup__596 |          0 |          0 |       0 |    0 |      0 |      0 |      0 |    0 |          1 |
|       mul_list_2_27            |           SignedMultiplierInt8__xdcDup__597 |          0 |          0 |       0 |    0 |      0 |      0 |      0 |    0 |          1 |
|       mul_list_2_28            |           SignedMultiplierInt8__xdcDup__598 |          0 |          0 |       0 |    0 |      0 |      0 |      0 |    0 |          1 |
|       mul_list_2_29            |           SignedMultiplierInt8__xdcDup__599 |          0 |          0 |       0 |    0 |      0 |      0 |      0 |    0 |          1 |
|       mul_list_2_3             |           SignedMultiplierInt8__xdcDup__600 |          0 |          0 |       0 |    0 |      0 |      0 |      0 |    0 |          1 |
|       mul_list_2_30            |           SignedMultiplierInt8__xdcDup__601 |          0 |          0 |       0 |    0 |      0 |      0 |      0 |    0 |          1 |
|       mul_list_2_31            |           SignedMultiplierInt8__xdcDup__602 |          0 |          0 |       0 |    0 |      0 |      0 |      0 |    0 |          1 |
|       mul_list_2_32            |           SignedMultiplierInt8__xdcDup__603 |          0 |          0 |       0 |    0 |      0 |      0 |      0 |    0 |          1 |
|       mul_list_2_33            |           SignedMultiplierInt8__xdcDup__604 |          0 |          0 |       0 |    0 |      0 |      0 |      0 |    0 |          1 |
|       mul_list_2_34            |           SignedMultiplierInt8__xdcDup__605 |          0 |          0 |       0 |    0 |      0 |      0 |      0 |    0 |          1 |
|       mul_list_2_35            |           SignedMultiplierInt8__xdcDup__606 |          0 |          0 |       0 |    0 |      0 |      0 |      0 |    0 |          1 |
|       mul_list_2_4             |           SignedMultiplierInt8__xdcDup__607 |          0 |          0 |       0 |    0 |      0 |      0 |      0 |    0 |          1 |
|       mul_list_2_5             |           SignedMultiplierInt8__xdcDup__608 |          0 |          0 |       0 |    0 |      0 |      0 |      0 |    0 |          1 |
|       mul_list_2_6             |           SignedMultiplierInt8__xdcDup__609 |          0 |          0 |       0 |    0 |      0 |      0 |      0 |    0 |          1 |
|       mul_list_2_7             |           SignedMultiplierInt8__xdcDup__610 |          0 |          0 |       0 |    0 |      0 |      0 |      0 |    0 |          1 |
|       mul_list_2_8             |           SignedMultiplierInt8__xdcDup__611 |          0 |          0 |       0 |    0 |      0 |      0 |      0 |    0 |          1 |
|       mul_list_2_9             |           SignedMultiplierInt8__xdcDup__612 |          0 |          0 |       0 |    0 |      0 |      0 |      0 |    0 |          1 |
|       mul_list_3_0             |           SignedMultiplierInt8__xdcDup__613 |          0 |          0 |       0 |    0 |      0 |      0 |      0 |    0 |          1 |
|       mul_list_3_1             |           SignedMultiplierInt8__xdcDup__614 |          0 |          0 |       0 |    0 |      0 |      0 |      0 |    0 |          1 |
|       mul_list_3_10            |           SignedMultiplierInt8__xdcDup__615 |          0 |          0 |       0 |    0 |      0 |      0 |      0 |    0 |          1 |
|       mul_list_3_11            |           SignedMultiplierInt8__xdcDup__616 |          0 |          0 |       0 |    0 |      0 |      0 |      0 |    0 |          1 |
|       mul_list_3_12            |           SignedMultiplierInt8__xdcDup__617 |          0 |          0 |       0 |    0 |      0 |      0 |      0 |    0 |          1 |
|       mul_list_3_13            |           SignedMultiplierInt8__xdcDup__618 |          0 |          0 |       0 |    0 |      0 |      0 |      0 |    0 |          1 |
|       mul_list_3_14            |           SignedMultiplierInt8__xdcDup__619 |          0 |          0 |       0 |    0 |      0 |      0 |      0 |    0 |          1 |
|       mul_list_3_15            |           SignedMultiplierInt8__xdcDup__620 |          0 |          0 |       0 |    0 |      0 |      0 |      0 |    0 |          1 |
|       mul_list_3_16            |           SignedMultiplierInt8__xdcDup__621 |          0 |          0 |       0 |    0 |      0 |      0 |      0 |    0 |          1 |
|       mul_list_3_17            |           SignedMultiplierInt8__xdcDup__622 |          0 |          0 |       0 |    0 |      0 |      0 |      0 |    0 |          1 |
|       mul_list_3_18            |           SignedMultiplierInt8__xdcDup__623 |          0 |          0 |       0 |    0 |      0 |      0 |      0 |    0 |          1 |
|       mul_list_3_19            |           SignedMultiplierInt8__xdcDup__624 |          0 |          0 |       0 |    0 |      0 |      0 |      0 |    0 |          1 |
|       mul_list_3_2             |           SignedMultiplierInt8__xdcDup__625 |          0 |          0 |       0 |    0 |      0 |      0 |      0 |    0 |          1 |
|       mul_list_3_20            |           SignedMultiplierInt8__xdcDup__626 |          0 |          0 |       0 |    0 |      0 |      0 |      0 |    0 |          1 |
|       mul_list_3_21            |           SignedMultiplierInt8__xdcDup__627 |          0 |          0 |       0 |    0 |      0 |      0 |      0 |    0 |          1 |
|       mul_list_3_22            |           SignedMultiplierInt8__xdcDup__628 |          0 |          0 |       0 |    0 |      0 |      0 |      0 |    0 |          1 |
|       mul_list_3_23            |           SignedMultiplierInt8__xdcDup__629 |          0 |          0 |       0 |    0 |      0 |      0 |      0 |    0 |          1 |
|       mul_list_3_24            |           SignedMultiplierInt8__xdcDup__630 |          0 |          0 |       0 |    0 |      0 |      0 |      0 |    0 |          1 |
|       mul_list_3_25            |           SignedMultiplierInt8__xdcDup__631 |          0 |          0 |       0 |    0 |      0 |      0 |      0 |    0 |          1 |
|       mul_list_3_26            |           SignedMultiplierInt8__xdcDup__632 |          0 |          0 |       0 |    0 |      0 |      0 |      0 |    0 |          1 |
|       mul_list_3_27            |           SignedMultiplierInt8__xdcDup__633 |          0 |          0 |       0 |    0 |      0 |      0 |      0 |    0 |          1 |
|       mul_list_3_28            |           SignedMultiplierInt8__xdcDup__634 |          0 |          0 |       0 |    0 |      0 |      0 |      0 |    0 |          1 |
|       mul_list_3_29            |           SignedMultiplierInt8__xdcDup__635 |          0 |          0 |       0 |    0 |      0 |      0 |      0 |    0 |          1 |
|       mul_list_3_3             |           SignedMultiplierInt8__xdcDup__636 |          0 |          0 |       0 |    0 |      0 |      0 |      0 |    0 |          1 |
|       mul_list_3_30            |           SignedMultiplierInt8__xdcDup__637 |          0 |          0 |       0 |    0 |      0 |      0 |      0 |    0 |          1 |
|       mul_list_3_31            |           SignedMultiplierInt8__xdcDup__638 |          0 |          0 |       0 |    0 |      0 |      0 |      0 |    0 |          1 |
|       mul_list_3_32            |           SignedMultiplierInt8__xdcDup__639 |          0 |          0 |       0 |    0 |      0 |      0 |      0 |    0 |          1 |
|       mul_list_3_33            |           SignedMultiplierInt8__xdcDup__640 |          0 |          0 |       0 |    0 |      0 |      0 |      0 |    0 |          1 |
|       mul_list_3_34            |           SignedMultiplierInt8__xdcDup__641 |          0 |          0 |       0 |    0 |      0 |      0 |      0 |    0 |          1 |
|       mul_list_3_35            |           SignedMultiplierInt8__xdcDup__642 |          0 |          0 |       0 |    0 |      0 |      0 |      0 |    0 |          1 |
|       mul_list_3_4             |           SignedMultiplierInt8__xdcDup__643 |          0 |          0 |       0 |    0 |      0 |      0 |      0 |    0 |          1 |
|       mul_list_3_5             |           SignedMultiplierInt8__xdcDup__644 |          0 |          0 |       0 |    0 |      0 |      0 |      0 |    0 |          1 |
|       mul_list_3_6             |           SignedMultiplierInt8__xdcDup__645 |          0 |          0 |       0 |    0 |      0 |      0 |      0 |    0 |          1 |
|       mul_list_3_7             |           SignedMultiplierInt8__xdcDup__646 |          0 |          0 |       0 |    0 |      0 |      0 |      0 |    0 |          1 |
|       mul_list_3_8             |           SignedMultiplierInt8__xdcDup__647 |          0 |          0 |       0 |    0 |      0 |      0 |      0 |    0 |          1 |
|       mul_list_3_9             |           SignedMultiplierInt8__xdcDup__648 |          0 |          0 |       0 |    0 |      0 |      0 |      0 |    0 |          1 |
|       mul_list_4_0             |           SignedMultiplierInt8__xdcDup__649 |          0 |          0 |       0 |    0 |      0 |      0 |      0 |    0 |          1 |
|       mul_list_4_1             |           SignedMultiplierInt8__xdcDup__650 |          0 |          0 |       0 |    0 |      0 |      0 |      0 |    0 |          1 |
|       mul_list_4_10            |           SignedMultiplierInt8__xdcDup__651 |          0 |          0 |       0 |    0 |      0 |      0 |      0 |    0 |          1 |
|       mul_list_4_11            |           SignedMultiplierInt8__xdcDup__652 |          0 |          0 |       0 |    0 |      0 |      0 |      0 |    0 |          1 |
|       mul_list_4_12            |           SignedMultiplierInt8__xdcDup__653 |          0 |          0 |       0 |    0 |      0 |      0 |      0 |    0 |          1 |
|       mul_list_4_13            |           SignedMultiplierInt8__xdcDup__654 |          0 |          0 |       0 |    0 |      0 |      0 |      0 |    0 |          1 |
|       mul_list_4_14            |           SignedMultiplierInt8__xdcDup__655 |          0 |          0 |       0 |    0 |      0 |      0 |      0 |    0 |          1 |
|       mul_list_4_15            |           SignedMultiplierInt8__xdcDup__656 |          0 |          0 |       0 |    0 |      0 |      0 |      0 |    0 |          1 |
|       mul_list_4_16            |           SignedMultiplierInt8__xdcDup__657 |          0 |          0 |       0 |    0 |      0 |      0 |      0 |    0 |          1 |
|       mul_list_4_17            |           SignedMultiplierInt8__xdcDup__658 |          0 |          0 |       0 |    0 |      0 |      0 |      0 |    0 |          1 |
|       mul_list_4_18            |           SignedMultiplierInt8__xdcDup__659 |          0 |          0 |       0 |    0 |      0 |      0 |      0 |    0 |          1 |
|       mul_list_4_19            |           SignedMultiplierInt8__xdcDup__660 |          0 |          0 |       0 |    0 |      0 |      0 |      0 |    0 |          1 |
|       mul_list_4_2             |           SignedMultiplierInt8__xdcDup__661 |          0 |          0 |       0 |    0 |      0 |      0 |      0 |    0 |          1 |
|       mul_list_4_20            |           SignedMultiplierInt8__xdcDup__662 |          0 |          0 |       0 |    0 |      0 |      0 |      0 |    0 |          1 |
|       mul_list_4_21            |           SignedMultiplierInt8__xdcDup__663 |          0 |          0 |       0 |    0 |      0 |      0 |      0 |    0 |          1 |
|       mul_list_4_22            |           SignedMultiplierInt8__xdcDup__664 |          0 |          0 |       0 |    0 |      0 |      0 |      0 |    0 |          1 |
|       mul_list_4_23            |           SignedMultiplierInt8__xdcDup__665 |          0 |          0 |       0 |    0 |      0 |      0 |      0 |    0 |          1 |
|       mul_list_4_24            |           SignedMultiplierInt8__xdcDup__666 |          0 |          0 |       0 |    0 |      0 |      0 |      0 |    0 |          1 |
|       mul_list_4_25            |           SignedMultiplierInt8__xdcDup__667 |          0 |          0 |       0 |    0 |      0 |      0 |      0 |    0 |          1 |
|       mul_list_4_26            |           SignedMultiplierInt8__xdcDup__668 |          0 |          0 |       0 |    0 |      0 |      0 |      0 |    0 |          1 |
|       mul_list_4_27            |           SignedMultiplierInt8__xdcDup__669 |          0 |          0 |       0 |    0 |      0 |      0 |      0 |    0 |          1 |
|       mul_list_4_28            |           SignedMultiplierInt8__xdcDup__670 |          0 |          0 |       0 |    0 |      0 |      0 |      0 |    0 |          1 |
|       mul_list_4_29            |           SignedMultiplierInt8__xdcDup__671 |          0 |          0 |       0 |    0 |      0 |      0 |      0 |    0 |          1 |
|       mul_list_4_3             |           SignedMultiplierInt8__xdcDup__672 |          0 |          0 |       0 |    0 |      0 |      0 |      0 |    0 |          1 |
|       mul_list_4_30            |           SignedMultiplierInt8__xdcDup__673 |          0 |          0 |       0 |    0 |      0 |      0 |      0 |    0 |          1 |
|       mul_list_4_31            |           SignedMultiplierInt8__xdcDup__674 |          0 |          0 |       0 |    0 |      0 |      0 |      0 |    0 |          1 |
|       mul_list_4_32            |           SignedMultiplierInt8__xdcDup__675 |          0 |          0 |       0 |    0 |      0 |      0 |      0 |    0 |          1 |
|       mul_list_4_33            |           SignedMultiplierInt8__xdcDup__676 |          0 |          0 |       0 |    0 |      0 |      0 |      0 |    0 |          1 |
|       mul_list_4_34            |           SignedMultiplierInt8__xdcDup__677 |          0 |          0 |       0 |    0 |      0 |      0 |      0 |    0 |          1 |
|       mul_list_4_35            |           SignedMultiplierInt8__xdcDup__678 |          0 |          0 |       0 |    0 |      0 |      0 |      0 |    0 |          1 |
|       mul_list_4_4             |           SignedMultiplierInt8__xdcDup__679 |          0 |          0 |       0 |    0 |      0 |      0 |      0 |    0 |          1 |
|       mul_list_4_5             |           SignedMultiplierInt8__xdcDup__680 |          0 |          0 |       0 |    0 |      0 |      0 |      0 |    0 |          1 |
|       mul_list_4_6             |           SignedMultiplierInt8__xdcDup__681 |          0 |          0 |       0 |    0 |      0 |      0 |      0 |    0 |          1 |
|       mul_list_4_7             |           SignedMultiplierInt8__xdcDup__682 |          0 |          0 |       0 |    0 |      0 |      0 |      0 |    0 |          1 |
|       mul_list_4_8             |           SignedMultiplierInt8__xdcDup__683 |          0 |          0 |       0 |    0 |      0 |      0 |      0 |    0 |          1 |
|       mul_list_4_9             |           SignedMultiplierInt8__xdcDup__684 |          0 |          0 |       0 |    0 |      0 |      0 |      0 |    0 |          1 |
|       mul_list_5_0             |           SignedMultiplierInt8__xdcDup__685 |          0 |          0 |       0 |    0 |      0 |      0 |      0 |    0 |          1 |
|       mul_list_5_1             |           SignedMultiplierInt8__xdcDup__686 |          0 |          0 |       0 |    0 |      0 |      0 |      0 |    0 |          1 |
|       mul_list_5_10            |           SignedMultiplierInt8__xdcDup__687 |          0 |          0 |       0 |    0 |      0 |      0 |      0 |    0 |          1 |
|       mul_list_5_11            |           SignedMultiplierInt8__xdcDup__688 |          0 |          0 |       0 |    0 |      0 |      0 |      0 |    0 |          1 |
|       mul_list_5_12            |           SignedMultiplierInt8__xdcDup__689 |          0 |          0 |       0 |    0 |      0 |      0 |      0 |    0 |          1 |
|       mul_list_5_13            |           SignedMultiplierInt8__xdcDup__690 |          0 |          0 |       0 |    0 |      0 |      0 |      0 |    0 |          1 |
|       mul_list_5_14            |           SignedMultiplierInt8__xdcDup__691 |          0 |          0 |       0 |    0 |      0 |      0 |      0 |    0 |          1 |
|       mul_list_5_15            |           SignedMultiplierInt8__xdcDup__692 |          0 |          0 |       0 |    0 |      0 |      0 |      0 |    0 |          1 |
|       mul_list_5_16            |           SignedMultiplierInt8__xdcDup__693 |          0 |          0 |       0 |    0 |      0 |      0 |      0 |    0 |          1 |
|       mul_list_5_17            |           SignedMultiplierInt8__xdcDup__694 |          0 |          0 |       0 |    0 |      0 |      0 |      0 |    0 |          1 |
|       mul_list_5_18            |           SignedMultiplierInt8__xdcDup__695 |          0 |          0 |       0 |    0 |      0 |      0 |      0 |    0 |          1 |
|       mul_list_5_19            |           SignedMultiplierInt8__xdcDup__696 |          0 |          0 |       0 |    0 |      0 |      0 |      0 |    0 |          1 |
|       mul_list_5_2             |           SignedMultiplierInt8__xdcDup__697 |          0 |          0 |       0 |    0 |      0 |      0 |      0 |    0 |          1 |
|       mul_list_5_20            |           SignedMultiplierInt8__xdcDup__698 |          0 |          0 |       0 |    0 |      0 |      0 |      0 |    0 |          1 |
|       mul_list_5_21            |           SignedMultiplierInt8__xdcDup__699 |          0 |          0 |       0 |    0 |      0 |      0 |      0 |    0 |          1 |
|       mul_list_5_22            |           SignedMultiplierInt8__xdcDup__700 |          0 |          0 |       0 |    0 |      0 |      0 |      0 |    0 |          1 |
|       mul_list_5_23            |           SignedMultiplierInt8__xdcDup__701 |          0 |          0 |       0 |    0 |      0 |      0 |      0 |    0 |          1 |
|       mul_list_5_24            |           SignedMultiplierInt8__xdcDup__702 |          0 |          0 |       0 |    0 |      0 |      0 |      0 |    0 |          1 |
|       mul_list_5_25            |           SignedMultiplierInt8__xdcDup__703 |          0 |          0 |       0 |    0 |      0 |      0 |      0 |    0 |          1 |
|       mul_list_5_26            |           SignedMultiplierInt8__xdcDup__704 |          0 |          0 |       0 |    0 |      0 |      0 |      0 |    0 |          1 |
|       mul_list_5_27            |           SignedMultiplierInt8__xdcDup__705 |          0 |          0 |       0 |    0 |      0 |      0 |      0 |    0 |          1 |
|       mul_list_5_28            |           SignedMultiplierInt8__xdcDup__706 |          0 |          0 |       0 |    0 |      0 |      0 |      0 |    0 |          1 |
|       mul_list_5_29            |           SignedMultiplierInt8__xdcDup__707 |          0 |          0 |       0 |    0 |      0 |      0 |      0 |    0 |          1 |
|       mul_list_5_3             |           SignedMultiplierInt8__xdcDup__708 |          0 |          0 |       0 |    0 |      0 |      0 |      0 |    0 |          1 |
|       mul_list_5_30            |           SignedMultiplierInt8__xdcDup__709 |          0 |          0 |       0 |    0 |      0 |      0 |      0 |    0 |          1 |
|       mul_list_5_31            |           SignedMultiplierInt8__xdcDup__710 |          0 |          0 |       0 |    0 |      0 |      0 |      0 |    0 |          1 |
|       mul_list_5_32            |           SignedMultiplierInt8__xdcDup__711 |          0 |          0 |       0 |    0 |      0 |      0 |      0 |    0 |          1 |
|       mul_list_5_33            |           SignedMultiplierInt8__xdcDup__712 |          0 |          0 |       0 |    0 |      0 |      0 |      0 |    0 |          1 |
|       mul_list_5_34            |           SignedMultiplierInt8__xdcDup__713 |          0 |          0 |       0 |    0 |      0 |      0 |      0 |    0 |          1 |
|       mul_list_5_35            |           SignedMultiplierInt8__xdcDup__714 |          0 |          0 |       0 |    0 |      0 |      0 |      0 |    0 |          1 |
|       mul_list_5_4             |           SignedMultiplierInt8__xdcDup__715 |          0 |          0 |       0 |    0 |      0 |      0 |      0 |    0 |          1 |
|       mul_list_5_5             |           SignedMultiplierInt8__xdcDup__716 |          0 |          0 |       0 |    0 |      0 |      0 |      0 |    0 |          1 |
|       mul_list_5_6             |           SignedMultiplierInt8__xdcDup__717 |          0 |          0 |       0 |    0 |      0 |      0 |      0 |    0 |          1 |
|       mul_list_5_7             |           SignedMultiplierInt8__xdcDup__718 |          0 |          0 |       0 |    0 |      0 |      0 |      0 |    0 |          1 |
|       mul_list_5_8             |           SignedMultiplierInt8__xdcDup__719 |          0 |          0 |       0 |    0 |      0 |      0 |      0 |    0 |          1 |
|       mul_list_5_9             |           SignedMultiplierInt8__xdcDup__720 |          0 |          0 |       0 |    0 |      0 |      0 |      0 |    0 |          1 |
|       mul_list_6_0             |           SignedMultiplierInt8__xdcDup__721 |          0 |          0 |       0 |    0 |      0 |      0 |      0 |    0 |          1 |
|       mul_list_6_1             |           SignedMultiplierInt8__xdcDup__722 |          0 |          0 |       0 |    0 |      0 |      0 |      0 |    0 |          1 |
|       mul_list_6_10            |           SignedMultiplierInt8__xdcDup__723 |          0 |          0 |       0 |    0 |      0 |      0 |      0 |    0 |          1 |
|       mul_list_6_11            |           SignedMultiplierInt8__xdcDup__724 |          0 |          0 |       0 |    0 |      0 |      0 |      0 |    0 |          1 |
|       mul_list_6_12            |           SignedMultiplierInt8__xdcDup__725 |          0 |          0 |       0 |    0 |      0 |      0 |      0 |    0 |          1 |
|       mul_list_6_13            |           SignedMultiplierInt8__xdcDup__726 |          0 |          0 |       0 |    0 |      0 |      0 |      0 |    0 |          1 |
|       mul_list_6_14            |           SignedMultiplierInt8__xdcDup__727 |          0 |          0 |       0 |    0 |      0 |      0 |      0 |    0 |          1 |
|       mul_list_6_15            |           SignedMultiplierInt8__xdcDup__728 |          0 |          0 |       0 |    0 |      0 |      0 |      0 |    0 |          1 |
|       mul_list_6_16            |           SignedMultiplierInt8__xdcDup__729 |          0 |          0 |       0 |    0 |      0 |      0 |      0 |    0 |          1 |
|       mul_list_6_17            |           SignedMultiplierInt8__xdcDup__730 |          0 |          0 |       0 |    0 |      0 |      0 |      0 |    0 |          1 |
|       mul_list_6_18            |           SignedMultiplierInt8__xdcDup__731 |          0 |          0 |       0 |    0 |      0 |      0 |      0 |    0 |          1 |
|       mul_list_6_19            |           SignedMultiplierInt8__xdcDup__732 |          0 |          0 |       0 |    0 |      0 |      0 |      0 |    0 |          1 |
|       mul_list_6_2             |           SignedMultiplierInt8__xdcDup__733 |          0 |          0 |       0 |    0 |      0 |      0 |      0 |    0 |          1 |
|       mul_list_6_20            |           SignedMultiplierInt8__xdcDup__734 |          0 |          0 |       0 |    0 |      0 |      0 |      0 |    0 |          1 |
|       mul_list_6_21            |           SignedMultiplierInt8__xdcDup__735 |          0 |          0 |       0 |    0 |      0 |      0 |      0 |    0 |          1 |
|       mul_list_6_22            |           SignedMultiplierInt8__xdcDup__736 |          0 |          0 |       0 |    0 |      0 |      0 |      0 |    0 |          1 |
|       mul_list_6_23            |           SignedMultiplierInt8__xdcDup__737 |          0 |          0 |       0 |    0 |      0 |      0 |      0 |    0 |          1 |
|       mul_list_6_24            |           SignedMultiplierInt8__xdcDup__738 |          0 |          0 |       0 |    0 |      0 |      0 |      0 |    0 |          1 |
|       mul_list_6_25            |           SignedMultiplierInt8__xdcDup__739 |          0 |          0 |       0 |    0 |      0 |      0 |      0 |    0 |          1 |
|       mul_list_6_26            |           SignedMultiplierInt8__xdcDup__740 |          0 |          0 |       0 |    0 |      0 |      0 |      0 |    0 |          1 |
|       mul_list_6_27            |           SignedMultiplierInt8__xdcDup__741 |          0 |          0 |       0 |    0 |      0 |      0 |      0 |    0 |          1 |
|       mul_list_6_28            |           SignedMultiplierInt8__xdcDup__742 |          0 |          0 |       0 |    0 |      0 |      0 |      0 |    0 |          1 |
|       mul_list_6_29            |           SignedMultiplierInt8__xdcDup__743 |          0 |          0 |       0 |    0 |      0 |      0 |      0 |    0 |          1 |
|       mul_list_6_3             |           SignedMultiplierInt8__xdcDup__744 |          0 |          0 |       0 |    0 |      0 |      0 |      0 |    0 |          1 |
|       mul_list_6_30            |           SignedMultiplierInt8__xdcDup__745 |          0 |          0 |       0 |    0 |      0 |      0 |      0 |    0 |          1 |
|       mul_list_6_31            |           SignedMultiplierInt8__xdcDup__746 |          0 |          0 |       0 |    0 |      0 |      0 |      0 |    0 |          1 |
|       mul_list_6_32            |           SignedMultiplierInt8__xdcDup__747 |          0 |          0 |       0 |    0 |      0 |      0 |      0 |    0 |          1 |
|       mul_list_6_33            |           SignedMultiplierInt8__xdcDup__748 |          0 |          0 |       0 |    0 |      0 |      0 |      0 |    0 |          1 |
|       mul_list_6_34            |           SignedMultiplierInt8__xdcDup__749 |          0 |          0 |       0 |    0 |      0 |      0 |      0 |    0 |          1 |
|       mul_list_6_35            |           SignedMultiplierInt8__xdcDup__750 |          0 |          0 |       0 |    0 |      0 |      0 |      0 |    0 |          1 |
|       mul_list_6_4             |           SignedMultiplierInt8__xdcDup__751 |          0 |          0 |       0 |    0 |      0 |      0 |      0 |    0 |          1 |
|       mul_list_6_5             |           SignedMultiplierInt8__xdcDup__752 |          0 |          0 |       0 |    0 |      0 |      0 |      0 |    0 |          1 |
|       mul_list_6_6             |           SignedMultiplierInt8__xdcDup__753 |          0 |          0 |       0 |    0 |      0 |      0 |      0 |    0 |          1 |
|       mul_list_6_7             |           SignedMultiplierInt8__xdcDup__754 |          0 |          0 |       0 |    0 |      0 |      0 |      0 |    0 |          1 |
|       mul_list_6_8             |           SignedMultiplierInt8__xdcDup__755 |          0 |          0 |       0 |    0 |      0 |      0 |      0 |    0 |          1 |
|       mul_list_6_9             |           SignedMultiplierInt8__xdcDup__756 |          0 |          0 |       0 |    0 |      0 |      0 |      0 |    0 |          1 |
|       mul_list_7_0             |           SignedMultiplierInt8__xdcDup__757 |          0 |          0 |       0 |    0 |      0 |      0 |      0 |    0 |          1 |
|       mul_list_7_1             |           SignedMultiplierInt8__xdcDup__758 |          0 |          0 |       0 |    0 |      0 |      0 |      0 |    0 |          1 |
|       mul_list_7_10            |           SignedMultiplierInt8__xdcDup__759 |          0 |          0 |       0 |    0 |      0 |      0 |      0 |    0 |          1 |
|       mul_list_7_11            |           SignedMultiplierInt8__xdcDup__760 |          0 |          0 |       0 |    0 |      0 |      0 |      0 |    0 |          1 |
|       mul_list_7_12            |           SignedMultiplierInt8__xdcDup__761 |          0 |          0 |       0 |    0 |      0 |      0 |      0 |    0 |          1 |
|       mul_list_7_13            |           SignedMultiplierInt8__xdcDup__762 |          0 |          0 |       0 |    0 |      0 |      0 |      0 |    0 |          1 |
|       mul_list_7_14            |           SignedMultiplierInt8__xdcDup__763 |          0 |          0 |       0 |    0 |      0 |      0 |      0 |    0 |          1 |
|       mul_list_7_15            |           SignedMultiplierInt8__xdcDup__764 |          0 |          0 |       0 |    0 |      0 |      0 |      0 |    0 |          1 |
|       mul_list_7_16            |           SignedMultiplierInt8__xdcDup__765 |          0 |          0 |       0 |    0 |      0 |      0 |      0 |    0 |          1 |
|       mul_list_7_17            |           SignedMultiplierInt8__xdcDup__766 |          0 |          0 |       0 |    0 |      0 |      0 |      0 |    0 |          1 |
|       mul_list_7_18            |           SignedMultiplierInt8__xdcDup__767 |          0 |          0 |       0 |    0 |      0 |      0 |      0 |    0 |          1 |
|       mul_list_7_19            |           SignedMultiplierInt8__xdcDup__768 |          0 |          0 |       0 |    0 |      0 |      0 |      0 |    0 |          1 |
|       mul_list_7_2             |           SignedMultiplierInt8__xdcDup__769 |          0 |          0 |       0 |    0 |      0 |      0 |      0 |    0 |          1 |
|       mul_list_7_20            |           SignedMultiplierInt8__xdcDup__770 |          0 |          0 |       0 |    0 |      0 |      0 |      0 |    0 |          1 |
|       mul_list_7_21            |           SignedMultiplierInt8__xdcDup__771 |          0 |          0 |       0 |    0 |      0 |      0 |      0 |    0 |          1 |
|       mul_list_7_22            |           SignedMultiplierInt8__xdcDup__772 |          0 |          0 |       0 |    0 |      0 |      0 |      0 |    0 |          1 |
|       mul_list_7_23            |           SignedMultiplierInt8__xdcDup__773 |          0 |          0 |       0 |    0 |      0 |      0 |      0 |    0 |          1 |
|       mul_list_7_24            |           SignedMultiplierInt8__xdcDup__774 |          0 |          0 |       0 |    0 |      0 |      0 |      0 |    0 |          1 |
|       mul_list_7_25            |           SignedMultiplierInt8__xdcDup__775 |          0 |          0 |       0 |    0 |      0 |      0 |      0 |    0 |          1 |
|       mul_list_7_26            |           SignedMultiplierInt8__xdcDup__776 |          0 |          0 |       0 |    0 |      0 |      0 |      0 |    0 |          1 |
|       mul_list_7_27            |           SignedMultiplierInt8__xdcDup__777 |          0 |          0 |       0 |    0 |      0 |      0 |      0 |    0 |          1 |
|       mul_list_7_28            |           SignedMultiplierInt8__xdcDup__778 |          0 |          0 |       0 |    0 |      0 |      0 |      0 |    0 |          1 |
|       mul_list_7_29            |           SignedMultiplierInt8__xdcDup__779 |          0 |          0 |       0 |    0 |      0 |      0 |      0 |    0 |          1 |
|       mul_list_7_3             |           SignedMultiplierInt8__xdcDup__780 |          0 |          0 |       0 |    0 |      0 |      0 |      0 |    0 |          1 |
|       mul_list_7_30            |           SignedMultiplierInt8__xdcDup__781 |          0 |          0 |       0 |    0 |      0 |      0 |      0 |    0 |          1 |
|       mul_list_7_31            |           SignedMultiplierInt8__xdcDup__782 |          0 |          0 |       0 |    0 |      0 |      0 |      0 |    0 |          1 |
|       mul_list_7_32            |           SignedMultiplierInt8__xdcDup__783 |          0 |          0 |       0 |    0 |      0 |      0 |      0 |    0 |          1 |
|       mul_list_7_33            |           SignedMultiplierInt8__xdcDup__784 |          0 |          0 |       0 |    0 |      0 |      0 |      0 |    0 |          1 |
|       mul_list_7_34            |           SignedMultiplierInt8__xdcDup__785 |          0 |          0 |       0 |    0 |      0 |      0 |      0 |    0 |          1 |
|       mul_list_7_35            |           SignedMultiplierInt8__xdcDup__786 |          0 |          0 |       0 |    0 |      0 |      0 |      0 |    0 |          1 |
|       mul_list_7_4             |           SignedMultiplierInt8__xdcDup__787 |          0 |          0 |       0 |    0 |      0 |      0 |      0 |    0 |          1 |
|       mul_list_7_5             |           SignedMultiplierInt8__xdcDup__788 |          0 |          0 |       0 |    0 |      0 |      0 |      0 |    0 |          1 |
|       mul_list_7_6             |           SignedMultiplierInt8__xdcDup__789 |          0 |          0 |       0 |    0 |      0 |      0 |      0 |    0 |          1 |
|       mul_list_7_7             |           SignedMultiplierInt8__xdcDup__790 |          0 |          0 |       0 |    0 |      0 |      0 |      0 |    0 |          1 |
|       mul_list_7_8             |           SignedMultiplierInt8__xdcDup__791 |          0 |          0 |       0 |    0 |      0 |      0 |      0 |    0 |          1 |
|       mul_list_7_9             |           SignedMultiplierInt8__xdcDup__792 |          0 |          0 |       0 |    0 |      0 |      0 |      0 |    0 |          1 |
|       mul_list_8_0             |           SignedMultiplierInt8__xdcDup__793 |          0 |          0 |       0 |    0 |      0 |      0 |      0 |    0 |          1 |
|       mul_list_8_1             |           SignedMultiplierInt8__xdcDup__794 |          0 |          0 |       0 |    0 |      0 |      0 |      0 |    0 |          1 |
|       mul_list_8_10            |           SignedMultiplierInt8__xdcDup__795 |          0 |          0 |       0 |    0 |      0 |      0 |      0 |    0 |          1 |
|       mul_list_8_11            |           SignedMultiplierInt8__xdcDup__796 |          0 |          0 |       0 |    0 |      0 |      0 |      0 |    0 |          1 |
|       mul_list_8_12            |           SignedMultiplierInt8__xdcDup__797 |          0 |          0 |       0 |    0 |      0 |      0 |      0 |    0 |          1 |
|       mul_list_8_13            |           SignedMultiplierInt8__xdcDup__798 |          0 |          0 |       0 |    0 |      0 |      0 |      0 |    0 |          1 |
|       mul_list_8_14            |           SignedMultiplierInt8__xdcDup__799 |          0 |          0 |       0 |    0 |      0 |      0 |      0 |    0 |          1 |
|       mul_list_8_15            |           SignedMultiplierInt8__xdcDup__800 |          0 |          0 |       0 |    0 |      0 |      0 |      0 |    0 |          1 |
|       mul_list_8_16            |           SignedMultiplierInt8__xdcDup__801 |          0 |          0 |       0 |    0 |      0 |      0 |      0 |    0 |          1 |
|       mul_list_8_17            |           SignedMultiplierInt8__xdcDup__802 |          0 |          0 |       0 |    0 |      0 |      0 |      0 |    0 |          1 |
|       mul_list_8_18            |           SignedMultiplierInt8__xdcDup__803 |          0 |          0 |       0 |    0 |      0 |      0 |      0 |    0 |          1 |
|       mul_list_8_19            |           SignedMultiplierInt8__xdcDup__804 |          0 |          0 |       0 |    0 |      0 |      0 |      0 |    0 |          1 |
|       mul_list_8_2             |           SignedMultiplierInt8__xdcDup__805 |          0 |          0 |       0 |    0 |      0 |      0 |      0 |    0 |          1 |
|       mul_list_8_20            |           SignedMultiplierInt8__xdcDup__806 |          0 |          0 |       0 |    0 |      0 |      0 |      0 |    0 |          1 |
|       mul_list_8_21            |           SignedMultiplierInt8__xdcDup__807 |          0 |          0 |       0 |    0 |      0 |      0 |      0 |    0 |          1 |
|       mul_list_8_22            |           SignedMultiplierInt8__xdcDup__808 |          0 |          0 |       0 |    0 |      0 |      0 |      0 |    0 |          1 |
|       mul_list_8_23            |           SignedMultiplierInt8__xdcDup__809 |          0 |          0 |       0 |    0 |      0 |      0 |      0 |    0 |          1 |
|       mul_list_8_24            |           SignedMultiplierInt8__xdcDup__810 |          0 |          0 |       0 |    0 |      0 |      0 |      0 |    0 |          1 |
|       mul_list_8_25            |           SignedMultiplierInt8__xdcDup__811 |          0 |          0 |       0 |    0 |      0 |      0 |      0 |    0 |          1 |
|       mul_list_8_26            |           SignedMultiplierInt8__xdcDup__812 |          0 |          0 |       0 |    0 |      0 |      0 |      0 |    0 |          1 |
|       mul_list_8_27            |           SignedMultiplierInt8__xdcDup__813 |          0 |          0 |       0 |    0 |      0 |      0 |      0 |    0 |          1 |
|       mul_list_8_28            |           SignedMultiplierInt8__xdcDup__814 |          0 |          0 |       0 |    0 |      0 |      0 |      0 |    0 |          1 |
|       mul_list_8_29            |           SignedMultiplierInt8__xdcDup__815 |          0 |          0 |       0 |    0 |      0 |      0 |      0 |    0 |          1 |
|       mul_list_8_3             |           SignedMultiplierInt8__xdcDup__816 |          0 |          0 |       0 |    0 |      0 |      0 |      0 |    0 |          1 |
|       mul_list_8_30            |           SignedMultiplierInt8__xdcDup__817 |          0 |          0 |       0 |    0 |      0 |      0 |      0 |    0 |          1 |
|       mul_list_8_31            |           SignedMultiplierInt8__xdcDup__818 |          0 |          0 |       0 |    0 |      0 |      0 |      0 |    0 |          1 |
|       mul_list_8_32            |           SignedMultiplierInt8__xdcDup__819 |          0 |          0 |       0 |    0 |      0 |      0 |      0 |    0 |          1 |
|       mul_list_8_33            |           SignedMultiplierInt8__xdcDup__820 |          0 |          0 |       0 |    0 |      0 |      0 |      0 |    0 |          1 |
|       mul_list_8_34            |           SignedMultiplierInt8__xdcDup__821 |          0 |          0 |       0 |    0 |      0 |      0 |      0 |    0 |          1 |
|       mul_list_8_35            |           SignedMultiplierInt8__xdcDup__822 |          0 |          0 |       0 |    0 |      0 |      0 |      0 |    0 |          1 |
|       mul_list_8_4             |           SignedMultiplierInt8__xdcDup__823 |          0 |          0 |       0 |    0 |      0 |      0 |      0 |    0 |          1 |
|       mul_list_8_5             |           SignedMultiplierInt8__xdcDup__824 |          0 |          0 |       0 |    0 |      0 |      0 |      0 |    0 |          1 |
|       mul_list_8_6             |           SignedMultiplierInt8__xdcDup__825 |          0 |          0 |       0 |    0 |      0 |      0 |      0 |    0 |          1 |
|       mul_list_8_7             |           SignedMultiplierInt8__xdcDup__826 |          0 |          0 |       0 |    0 |      0 |      0 |      0 |    0 |          1 |
|       mul_list_8_8             |           SignedMultiplierInt8__xdcDup__827 |          0 |          0 |       0 |    0 |      0 |      0 |      0 |    0 |          1 |
|       mul_list_8_9             |           SignedMultiplierInt8__xdcDup__828 |          0 |          0 |       0 |    0 |      0 |      0 |      0 |    0 |          1 |
|       mul_list_9_0             |           SignedMultiplierInt8__xdcDup__829 |          0 |          0 |       0 |    0 |      0 |      0 |      0 |    0 |          1 |
|       mul_list_9_1             |           SignedMultiplierInt8__xdcDup__830 |          0 |          0 |       0 |    0 |      0 |      0 |      0 |    0 |          1 |
|       mul_list_9_10            |           SignedMultiplierInt8__xdcDup__831 |          0 |          0 |       0 |    0 |      0 |      0 |      0 |    0 |          1 |
|       mul_list_9_11            |           SignedMultiplierInt8__xdcDup__832 |          0 |          0 |       0 |    0 |      0 |      0 |      0 |    0 |          1 |
|       mul_list_9_12            |           SignedMultiplierInt8__xdcDup__833 |          0 |          0 |       0 |    0 |      0 |      0 |      0 |    0 |          1 |
|       mul_list_9_13            |           SignedMultiplierInt8__xdcDup__834 |          0 |          0 |       0 |    0 |      0 |      0 |      0 |    0 |          1 |
|       mul_list_9_14            |           SignedMultiplierInt8__xdcDup__835 |          0 |          0 |       0 |    0 |      0 |      0 |      0 |    0 |          1 |
|       mul_list_9_15            |           SignedMultiplierInt8__xdcDup__836 |          0 |          0 |       0 |    0 |      0 |      0 |      0 |    0 |          1 |
|       mul_list_9_16            |           SignedMultiplierInt8__xdcDup__837 |          0 |          0 |       0 |    0 |      0 |      0 |      0 |    0 |          1 |
|       mul_list_9_17            |           SignedMultiplierInt8__xdcDup__838 |          0 |          0 |       0 |    0 |      0 |      0 |      0 |    0 |          1 |
|       mul_list_9_18            |           SignedMultiplierInt8__xdcDup__839 |          0 |          0 |       0 |    0 |      0 |      0 |      0 |    0 |          1 |
|       mul_list_9_19            |           SignedMultiplierInt8__xdcDup__840 |          0 |          0 |       0 |    0 |      0 |      0 |      0 |    0 |          1 |
|       mul_list_9_2             |           SignedMultiplierInt8__xdcDup__841 |          0 |          0 |       0 |    0 |      0 |      0 |      0 |    0 |          1 |
|       mul_list_9_20            |           SignedMultiplierInt8__xdcDup__842 |          0 |          0 |       0 |    0 |      0 |      0 |      0 |    0 |          1 |
|       mul_list_9_21            |           SignedMultiplierInt8__xdcDup__843 |          0 |          0 |       0 |    0 |      0 |      0 |      0 |    0 |          1 |
|       mul_list_9_22            |           SignedMultiplierInt8__xdcDup__844 |          0 |          0 |       0 |    0 |      0 |      0 |      0 |    0 |          1 |
|       mul_list_9_23            |           SignedMultiplierInt8__xdcDup__845 |          0 |          0 |       0 |    0 |      0 |      0 |      0 |    0 |          1 |
|       mul_list_9_24            |           SignedMultiplierInt8__xdcDup__846 |          0 |          0 |       0 |    0 |      0 |      0 |      0 |    0 |          1 |
|       mul_list_9_25            |           SignedMultiplierInt8__xdcDup__847 |          0 |          0 |       0 |    0 |      0 |      0 |      0 |    0 |          1 |
|       mul_list_9_26            |           SignedMultiplierInt8__xdcDup__848 |          0 |          0 |       0 |    0 |      0 |      0 |      0 |    0 |          1 |
|       mul_list_9_27            |           SignedMultiplierInt8__xdcDup__849 |          0 |          0 |       0 |    0 |      0 |      0 |      0 |    0 |          1 |
|       mul_list_9_28            |           SignedMultiplierInt8__xdcDup__850 |          0 |          0 |       0 |    0 |      0 |      0 |      0 |    0 |          1 |
|       mul_list_9_29            |           SignedMultiplierInt8__xdcDup__851 |          0 |          0 |       0 |    0 |      0 |      0 |      0 |    0 |          1 |
|       mul_list_9_3             |           SignedMultiplierInt8__xdcDup__852 |          0 |          0 |       0 |    0 |      0 |      0 |      0 |    0 |          1 |
|       mul_list_9_30            |           SignedMultiplierInt8__xdcDup__853 |          0 |          0 |       0 |    0 |      0 |      0 |      0 |    0 |          1 |
|       mul_list_9_31            |           SignedMultiplierInt8__xdcDup__854 |          0 |          0 |       0 |    0 |      0 |      0 |      0 |    0 |          1 |
|       mul_list_9_32            |           SignedMultiplierInt8__xdcDup__855 |          0 |          0 |       0 |    0 |      0 |      0 |      0 |    0 |          1 |
|       mul_list_9_33            |           SignedMultiplierInt8__xdcDup__856 |          0 |          0 |       0 |    0 |      0 |      0 |      0 |    0 |          1 |
|       mul_list_9_34            |           SignedMultiplierInt8__xdcDup__857 |          0 |          0 |       0 |    0 |      0 |      0 |      0 |    0 |          1 |
|       mul_list_9_35            |           SignedMultiplierInt8__xdcDup__858 |          0 |          0 |       0 |    0 |      0 |      0 |      0 |    0 |          1 |
|       mul_list_9_4             |           SignedMultiplierInt8__xdcDup__859 |          0 |          0 |       0 |    0 |      0 |      0 |      0 |    0 |          1 |
|       mul_list_9_5             |           SignedMultiplierInt8__xdcDup__860 |          0 |          0 |       0 |    0 |      0 |      0 |      0 |    0 |          1 |
|       mul_list_9_6             |           SignedMultiplierInt8__xdcDup__861 |          0 |          0 |       0 |    0 |      0 |      0 |      0 |    0 |          1 |
|       mul_list_9_7             |           SignedMultiplierInt8__xdcDup__862 |          0 |          0 |       0 |    0 |      0 |      0 |      0 |    0 |          1 |
|       mul_list_9_8             |           SignedMultiplierInt8__xdcDup__863 |          0 |          0 |       0 |    0 |      0 |      0 |      0 |    0 |          1 |
|       mul_list_9_9             |           SignedMultiplierInt8__xdcDup__864 |          0 |          0 |       0 |    0 |      0 |      0 |      0 |    0 |          1 |
|       psum_last_pipreg         |                                PipReg_2__10 |          0 |          0 |       0 |    0 |      7 |      0 |      0 |    0 |          0 |
|       psum_valid_pipreg        |                                 PipReg_2__8 |          0 |          0 |       0 |    0 |      7 |      0 |      0 |    0 |          0 |
|       requant                  |                    Int32VecRequantizeToInt8 |      11892 |      11892 |       0 |    0 |      0 |      0 |      0 |    0 |         24 |
|         mul                    |                                 Fp32Mul__53 |        504 |        504 |       0 |    0 |      0 |      0 |      0 |    0 |          2 |
|           (mul)                |                                 Fp32Mul__53 |        286 |        286 |       0 |    0 |      0 |      0 |      0 |    0 |          0 |
|           mul                  |                                MulRecFN__53 |        218 |        218 |       0 |    0 |      0 |      0 |      0 |    0 |          2 |
|         mul_1                  |                                 Fp32Mul__54 |        504 |        504 |       0 |    0 |      0 |      0 |      0 |    0 |          2 |
|           (mul_1)              |                                 Fp32Mul__54 |        286 |        286 |       0 |    0 |      0 |      0 |      0 |    0 |          0 |
|           mul                  |                                MulRecFN__54 |        218 |        218 |       0 |    0 |      0 |      0 |      0 |    0 |          2 |
|         mul_10                 |                                 Fp32Mul__63 |        504 |        504 |       0 |    0 |      0 |      0 |      0 |    0 |          2 |
|           (mul_10)             |                                 Fp32Mul__63 |        286 |        286 |       0 |    0 |      0 |      0 |      0 |    0 |          0 |
|           mul                  |                                MulRecFN__63 |        218 |        218 |       0 |    0 |      0 |      0 |      0 |    0 |          2 |
|         mul_11                 |                                 Fp32Mul__64 |        504 |        504 |       0 |    0 |      0 |      0 |      0 |    0 |          2 |
|           (mul_11)             |                                 Fp32Mul__64 |        286 |        286 |       0 |    0 |      0 |      0 |      0 |    0 |          0 |
|           mul                  |                                MulRecFN__64 |        218 |        218 |       0 |    0 |      0 |      0 |      0 |    0 |          2 |
|         mul_2                  |                                 Fp32Mul__55 |        504 |        504 |       0 |    0 |      0 |      0 |      0 |    0 |          2 |
|           (mul_2)              |                                 Fp32Mul__55 |        286 |        286 |       0 |    0 |      0 |      0 |      0 |    0 |          0 |
|           mul                  |                                MulRecFN__55 |        218 |        218 |       0 |    0 |      0 |      0 |      0 |    0 |          2 |
|         mul_3                  |                                 Fp32Mul__56 |        504 |        504 |       0 |    0 |      0 |      0 |      0 |    0 |          2 |
|           (mul_3)              |                                 Fp32Mul__56 |        286 |        286 |       0 |    0 |      0 |      0 |      0 |    0 |          0 |
|           mul                  |                                MulRecFN__56 |        218 |        218 |       0 |    0 |      0 |      0 |      0 |    0 |          2 |
|         mul_4                  |                                 Fp32Mul__57 |        504 |        504 |       0 |    0 |      0 |      0 |      0 |    0 |          2 |
|           (mul_4)              |                                 Fp32Mul__57 |        286 |        286 |       0 |    0 |      0 |      0 |      0 |    0 |          0 |
|           mul                  |                                MulRecFN__57 |        218 |        218 |       0 |    0 |      0 |      0 |      0 |    0 |          2 |
|         mul_5                  |                                 Fp32Mul__58 |        504 |        504 |       0 |    0 |      0 |      0 |      0 |    0 |          2 |
|           (mul_5)              |                                 Fp32Mul__58 |        286 |        286 |       0 |    0 |      0 |      0 |      0 |    0 |          0 |
|           mul                  |                                MulRecFN__58 |        218 |        218 |       0 |    0 |      0 |      0 |      0 |    0 |          2 |
|         mul_6                  |                                 Fp32Mul__59 |        504 |        504 |       0 |    0 |      0 |      0 |      0 |    0 |          2 |
|           (mul_6)              |                                 Fp32Mul__59 |        286 |        286 |       0 |    0 |      0 |      0 |      0 |    0 |          0 |
|           mul                  |                                MulRecFN__59 |        218 |        218 |       0 |    0 |      0 |      0 |      0 |    0 |          2 |
|         mul_7                  |                                 Fp32Mul__60 |        504 |        504 |       0 |    0 |      0 |      0 |      0 |    0 |          2 |
|           (mul_7)              |                                 Fp32Mul__60 |        286 |        286 |       0 |    0 |      0 |      0 |      0 |    0 |          0 |
|           mul                  |                                MulRecFN__60 |        218 |        218 |       0 |    0 |      0 |      0 |      0 |    0 |          2 |
|         mul_8                  |                                 Fp32Mul__61 |        504 |        504 |       0 |    0 |      0 |      0 |      0 |    0 |          2 |
|           (mul_8)              |                                 Fp32Mul__61 |        286 |        286 |       0 |    0 |      0 |      0 |      0 |    0 |          0 |
|           mul                  |                                MulRecFN__61 |        218 |        218 |       0 |    0 |      0 |      0 |      0 |    0 |          2 |
|         mul_9                  |                                 Fp32Mul__62 |        504 |        504 |       0 |    0 |      0 |      0 |      0 |    0 |          2 |
|           (mul_9)              |                                 Fp32Mul__62 |        286 |        286 |       0 |    0 |      0 |      0 |      0 |    0 |          0 |
|           mul                  |                                MulRecFN__62 |        218 |        218 |       0 |    0 |      0 |      0 |      0 |    0 |          2 |
|         toFp                   |                              Int32ToFp32__2 |        321 |        321 |       0 |    0 |      0 |      0 |      0 |    0 |          0 |
|           (toFp)               |                              Int32ToFp32__2 |         86 |         86 |       0 |    0 |      0 |      0 |      0 |    0 |          0 |
|           cvt                  |                     INToRecFN_i32_e8_s24__2 |        235 |        235 |       0 |    0 |      0 |      0 |      0 |    0 |          0 |
|         toFp_1                 |                              Int32ToFp32__3 |        321 |        321 |       0 |    0 |      0 |      0 |      0 |    0 |          0 |
|           (toFp_1)             |                              Int32ToFp32__3 |         86 |         86 |       0 |    0 |      0 |      0 |      0 |    0 |          0 |
|           cvt                  |                     INToRecFN_i32_e8_s24__3 |        235 |        235 |       0 |    0 |      0 |      0 |      0 |    0 |          0 |
|         toFp_10                |                             Int32ToFp32__12 |        321 |        321 |       0 |    0 |      0 |      0 |      0 |    0 |          0 |
|           (toFp_10)            |                             Int32ToFp32__12 |         86 |         86 |       0 |    0 |      0 |      0 |      0 |    0 |          0 |
|           cvt                  |                    INToRecFN_i32_e8_s24__12 |        235 |        235 |       0 |    0 |      0 |      0 |      0 |    0 |          0 |
|         toFp_11                |                             Int32ToFp32__13 |        321 |        321 |       0 |    0 |      0 |      0 |      0 |    0 |          0 |
|           (toFp_11)            |                             Int32ToFp32__13 |         86 |         86 |       0 |    0 |      0 |      0 |      0 |    0 |          0 |
|           cvt                  |                    INToRecFN_i32_e8_s24__13 |        235 |        235 |       0 |    0 |      0 |      0 |      0 |    0 |          0 |
|         toFp_2                 |                              Int32ToFp32__4 |        321 |        321 |       0 |    0 |      0 |      0 |      0 |    0 |          0 |
|           (toFp_2)             |                              Int32ToFp32__4 |         86 |         86 |       0 |    0 |      0 |      0 |      0 |    0 |          0 |
|           cvt                  |                     INToRecFN_i32_e8_s24__4 |        235 |        235 |       0 |    0 |      0 |      0 |      0 |    0 |          0 |
|         toFp_3                 |                              Int32ToFp32__5 |        321 |        321 |       0 |    0 |      0 |      0 |      0 |    0 |          0 |
|           (toFp_3)             |                              Int32ToFp32__5 |         86 |         86 |       0 |    0 |      0 |      0 |      0 |    0 |          0 |
|           cvt                  |                     INToRecFN_i32_e8_s24__5 |        235 |        235 |       0 |    0 |      0 |      0 |      0 |    0 |          0 |
|         toFp_4                 |                              Int32ToFp32__6 |        321 |        321 |       0 |    0 |      0 |      0 |      0 |    0 |          0 |
|           (toFp_4)             |                              Int32ToFp32__6 |         86 |         86 |       0 |    0 |      0 |      0 |      0 |    0 |          0 |
|           cvt                  |                     INToRecFN_i32_e8_s24__6 |        235 |        235 |       0 |    0 |      0 |      0 |      0 |    0 |          0 |
|         toFp_5                 |                              Int32ToFp32__7 |        321 |        321 |       0 |    0 |      0 |      0 |      0 |    0 |          0 |
|           (toFp_5)             |                              Int32ToFp32__7 |         86 |         86 |       0 |    0 |      0 |      0 |      0 |    0 |          0 |
|           cvt                  |                     INToRecFN_i32_e8_s24__7 |        235 |        235 |       0 |    0 |      0 |      0 |      0 |    0 |          0 |
|         toFp_6                 |                              Int32ToFp32__8 |        321 |        321 |       0 |    0 |      0 |      0 |      0 |    0 |          0 |
|           (toFp_6)             |                              Int32ToFp32__8 |         86 |         86 |       0 |    0 |      0 |      0 |      0 |    0 |          0 |
|           cvt                  |                     INToRecFN_i32_e8_s24__8 |        235 |        235 |       0 |    0 |      0 |      0 |      0 |    0 |          0 |
|         toFp_7                 |                              Int32ToFp32__9 |        321 |        321 |       0 |    0 |      0 |      0 |      0 |    0 |          0 |
|           (toFp_7)             |                              Int32ToFp32__9 |         86 |         86 |       0 |    0 |      0 |      0 |      0 |    0 |          0 |
|           cvt                  |                     INToRecFN_i32_e8_s24__9 |        235 |        235 |       0 |    0 |      0 |      0 |      0 |    0 |          0 |
|         toFp_8                 |                             Int32ToFp32__10 |        321 |        321 |       0 |    0 |      0 |      0 |      0 |    0 |          0 |
|           (toFp_8)             |                             Int32ToFp32__10 |         86 |         86 |       0 |    0 |      0 |      0 |      0 |    0 |          0 |
|           cvt                  |                    INToRecFN_i32_e8_s24__10 |        235 |        235 |       0 |    0 |      0 |      0 |      0 |    0 |          0 |
|         toFp_9                 |                             Int32ToFp32__11 |        321 |        321 |       0 |    0 |      0 |      0 |      0 |    0 |          0 |
|           (toFp_9)             |                             Int32ToFp32__11 |         86 |         86 |       0 |    0 |      0 |      0 |      0 |    0 |          0 |
|           cvt                  |                    INToRecFN_i32_e8_s24__11 |        235 |        235 |       0 |    0 |      0 |      0 |      0 |    0 |          0 |
|         toInt                  |                              Fp32ToInt8__14 |        166 |        166 |       0 |    0 |      0 |      0 |      0 |    0 |          0 |
|           (toInt)              |                              Fp32ToInt8__14 |        105 |        105 |       0 |    0 |      0 |      0 |      0 |    0 |          0 |
|           cvt                  |                     RecFNToIN_e8_s24_i8__14 |         61 |         61 |       0 |    0 |      0 |      0 |      0 |    0 |          0 |
|         toInt_1                |                              Fp32ToInt8__15 |        166 |        166 |       0 |    0 |      0 |      0 |      0 |    0 |          0 |
|           (toInt_1)            |                              Fp32ToInt8__15 |        105 |        105 |       0 |    0 |      0 |      0 |      0 |    0 |          0 |
|           cvt                  |                     RecFNToIN_e8_s24_i8__15 |         61 |         61 |       0 |    0 |      0 |      0 |      0 |    0 |          0 |
|         toInt_10               |                              Fp32ToInt8__24 |        166 |        166 |       0 |    0 |      0 |      0 |      0 |    0 |          0 |
|           (toInt_10)           |                              Fp32ToInt8__24 |        105 |        105 |       0 |    0 |      0 |      0 |      0 |    0 |          0 |
|           cvt                  |                     RecFNToIN_e8_s24_i8__24 |         61 |         61 |       0 |    0 |      0 |      0 |      0 |    0 |          0 |
|         toInt_11               |                              Fp32ToInt8__25 |        166 |        166 |       0 |    0 |      0 |      0 |      0 |    0 |          0 |
|           (toInt_11)           |                              Fp32ToInt8__25 |        105 |        105 |       0 |    0 |      0 |      0 |      0 |    0 |          0 |
|           cvt                  |                     RecFNToIN_e8_s24_i8__25 |         61 |         61 |       0 |    0 |      0 |      0 |      0 |    0 |          0 |
|         toInt_2                |                              Fp32ToInt8__16 |        166 |        166 |       0 |    0 |      0 |      0 |      0 |    0 |          0 |
|           (toInt_2)            |                              Fp32ToInt8__16 |        105 |        105 |       0 |    0 |      0 |      0 |      0 |    0 |          0 |
|           cvt                  |                     RecFNToIN_e8_s24_i8__16 |         61 |         61 |       0 |    0 |      0 |      0 |      0 |    0 |          0 |
|         toInt_3                |                              Fp32ToInt8__17 |        166 |        166 |       0 |    0 |      0 |      0 |      0 |    0 |          0 |
|           (toInt_3)            |                              Fp32ToInt8__17 |        105 |        105 |       0 |    0 |      0 |      0 |      0 |    0 |          0 |
|           cvt                  |                     RecFNToIN_e8_s24_i8__17 |         61 |         61 |       0 |    0 |      0 |      0 |      0 |    0 |          0 |
|         toInt_4                |                              Fp32ToInt8__18 |        166 |        166 |       0 |    0 |      0 |      0 |      0 |    0 |          0 |
|           (toInt_4)            |                              Fp32ToInt8__18 |        105 |        105 |       0 |    0 |      0 |      0 |      0 |    0 |          0 |
|           cvt                  |                     RecFNToIN_e8_s24_i8__18 |         61 |         61 |       0 |    0 |      0 |      0 |      0 |    0 |          0 |
|         toInt_5                |                              Fp32ToInt8__19 |        166 |        166 |       0 |    0 |      0 |      0 |      0 |    0 |          0 |
|           (toInt_5)            |                              Fp32ToInt8__19 |        105 |        105 |       0 |    0 |      0 |      0 |      0 |    0 |          0 |
|           cvt                  |                     RecFNToIN_e8_s24_i8__19 |         61 |         61 |       0 |    0 |      0 |      0 |      0 |    0 |          0 |
|         toInt_6                |                              Fp32ToInt8__20 |        166 |        166 |       0 |    0 |      0 |      0 |      0 |    0 |          0 |
|           (toInt_6)            |                              Fp32ToInt8__20 |        105 |        105 |       0 |    0 |      0 |      0 |      0 |    0 |          0 |
|           cvt                  |                     RecFNToIN_e8_s24_i8__20 |         61 |         61 |       0 |    0 |      0 |      0 |      0 |    0 |          0 |
|         toInt_7                |                              Fp32ToInt8__21 |        166 |        166 |       0 |    0 |      0 |      0 |      0 |    0 |          0 |
|           (toInt_7)            |                              Fp32ToInt8__21 |        105 |        105 |       0 |    0 |      0 |      0 |      0 |    0 |          0 |
|           cvt                  |                     RecFNToIN_e8_s24_i8__21 |         61 |         61 |       0 |    0 |      0 |      0 |      0 |    0 |          0 |
|         toInt_8                |                              Fp32ToInt8__22 |        166 |        166 |       0 |    0 |      0 |      0 |      0 |    0 |          0 |
|           (toInt_8)            |                              Fp32ToInt8__22 |        105 |        105 |       0 |    0 |      0 |      0 |      0 |    0 |          0 |
|           cvt                  |                     RecFNToIN_e8_s24_i8__22 |         61 |         61 |       0 |    0 |      0 |      0 |      0 |    0 |          0 |
|         toInt_9                |                              Fp32ToInt8__23 |        166 |        166 |       0 |    0 |      0 |      0 |      0 |    0 |          0 |
|           (toInt_9)            |                              Fp32ToInt8__23 |        105 |        105 |       0 |    0 |      0 |      0 |      0 |    0 |          0 |
|           cvt                  |                     RecFNToIN_e8_s24_i8__23 |         61 |         61 |       0 |    0 |      0 |      0 |      0 |    0 |          0 |
|       res_valid_pipreg         |                                 PipReg_6__4 |          1 |          1 |       0 |    0 |      1 |      0 |      0 |    0 |          0 |
|     lu_inst                    |                                  LoadUnit_4 |         27 |         27 |       0 |    0 |     27 |      0 |      0 |    0 |          0 |
|     lw_inst                    |                                LoadWeight_3 |       1561 |       1561 |       0 |    0 |     28 |      0 |      0 |   68 |          1 |
|       (lw_inst)                |                                LoadWeight_3 |         29 |         29 |       0 |    0 |     21 |      0 |      0 |    0 |          1 |
|       weight_mem               |                                 WeightMem_2 |       1532 |       1532 |       0 |    0 |      7 |      0 |      0 |   68 |          0 |
|         (weight_mem)           |                                 WeightMem_2 |       1464 |       1464 |       0 |    0 |      7 |      0 |      0 |    0 |          0 |
|         weight_banks_0_0_ext   |            weight_banks_4096x72__xdcDup__69 |          1 |          1 |       0 |    0 |      0 |      0 |      0 |    1 |          0 |
|         weight_banks_0_1_ext   |            weight_banks_4096x72__xdcDup__70 |          1 |          1 |       0 |    0 |      0 |      0 |      0 |    1 |          0 |
|         weight_banks_0_2_ext   |            weight_banks_4096x72__xdcDup__71 |          1 |          1 |       0 |    0 |      0 |      0 |      0 |    1 |          0 |
|         weight_banks_0_3_ext   |            weight_banks_4096x72__xdcDup__72 |          1 |          1 |       0 |    0 |      0 |      0 |      0 |    1 |          0 |
|         weight_banks_10_0_ext  |            weight_banks_4096x72__xdcDup__73 |          1 |          1 |       0 |    0 |      0 |      0 |      0 |    1 |          0 |
|         weight_banks_10_1_ext  |            weight_banks_4096x72__xdcDup__74 |          1 |          1 |       0 |    0 |      0 |      0 |      0 |    1 |          0 |
|         weight_banks_10_2_ext  |            weight_banks_4096x72__xdcDup__75 |          1 |          1 |       0 |    0 |      0 |      0 |      0 |    1 |          0 |
|         weight_banks_10_3_ext  |            weight_banks_4096x72__xdcDup__76 |          1 |          1 |       0 |    0 |      0 |      0 |      0 |    1 |          0 |
|         weight_banks_11_0_ext  |            weight_banks_4096x72__xdcDup__77 |          1 |          1 |       0 |    0 |      0 |      0 |      0 |    1 |          0 |
|         weight_banks_11_1_ext  |            weight_banks_4096x72__xdcDup__78 |          1 |          1 |       0 |    0 |      0 |      0 |      0 |    1 |          0 |
|         weight_banks_11_2_ext  |            weight_banks_4096x72__xdcDup__79 |          1 |          1 |       0 |    0 |      0 |      0 |      0 |    1 |          0 |
|         weight_banks_11_3_ext  |            weight_banks_4096x72__xdcDup__80 |          1 |          1 |       0 |    0 |      0 |      0 |      0 |    1 |          0 |
|         weight_banks_12_0_ext  |            weight_banks_4096x72__xdcDup__81 |          1 |          1 |       0 |    0 |      0 |      0 |      0 |    1 |          0 |
|         weight_banks_12_1_ext  |            weight_banks_4096x72__xdcDup__82 |          1 |          1 |       0 |    0 |      0 |      0 |      0 |    1 |          0 |
|         weight_banks_12_2_ext  |            weight_banks_4096x72__xdcDup__83 |          1 |          1 |       0 |    0 |      0 |      0 |      0 |    1 |          0 |
|         weight_banks_12_3_ext  |            weight_banks_4096x72__xdcDup__84 |          1 |          1 |       0 |    0 |      0 |      0 |      0 |    1 |          0 |
|         weight_banks_13_0_ext  |            weight_banks_4096x72__xdcDup__85 |          1 |          1 |       0 |    0 |      0 |      0 |      0 |    1 |          0 |
|         weight_banks_13_1_ext  |            weight_banks_4096x72__xdcDup__86 |          1 |          1 |       0 |    0 |      0 |      0 |      0 |    1 |          0 |
|         weight_banks_13_2_ext  |            weight_banks_4096x72__xdcDup__87 |          1 |          1 |       0 |    0 |      0 |      0 |      0 |    1 |          0 |
|         weight_banks_13_3_ext  |            weight_banks_4096x72__xdcDup__88 |          1 |          1 |       0 |    0 |      0 |      0 |      0 |    1 |          0 |
|         weight_banks_14_0_ext  |            weight_banks_4096x72__xdcDup__89 |          1 |          1 |       0 |    0 |      0 |      0 |      0 |    1 |          0 |
|         weight_banks_14_1_ext  |            weight_banks_4096x72__xdcDup__90 |          1 |          1 |       0 |    0 |      0 |      0 |      0 |    1 |          0 |
|         weight_banks_14_2_ext  |            weight_banks_4096x72__xdcDup__91 |          1 |          1 |       0 |    0 |      0 |      0 |      0 |    1 |          0 |
|         weight_banks_14_3_ext  |            weight_banks_4096x72__xdcDup__92 |          1 |          1 |       0 |    0 |      0 |      0 |      0 |    1 |          0 |
|         weight_banks_15_0_ext  |            weight_banks_4096x72__xdcDup__93 |          1 |          1 |       0 |    0 |      0 |      0 |      0 |    1 |          0 |
|         weight_banks_15_1_ext  |            weight_banks_4096x72__xdcDup__94 |          1 |          1 |       0 |    0 |      0 |      0 |      0 |    1 |          0 |
|         weight_banks_15_2_ext  |            weight_banks_4096x72__xdcDup__95 |          1 |          1 |       0 |    0 |      0 |      0 |      0 |    1 |          0 |
|         weight_banks_15_3_ext  |            weight_banks_4096x72__xdcDup__96 |          1 |          1 |       0 |    0 |      0 |      0 |      0 |    1 |          0 |
|         weight_banks_16_0_ext  |            weight_banks_4096x72__xdcDup__97 |          1 |          1 |       0 |    0 |      0 |      0 |      0 |    1 |          0 |
|         weight_banks_16_1_ext  |            weight_banks_4096x72__xdcDup__98 |          1 |          1 |       0 |    0 |      0 |      0 |      0 |    1 |          0 |
|         weight_banks_16_2_ext  |            weight_banks_4096x72__xdcDup__99 |          1 |          1 |       0 |    0 |      0 |      0 |      0 |    1 |          0 |
|         weight_banks_16_3_ext  |           weight_banks_4096x72__xdcDup__100 |          1 |          1 |       0 |    0 |      0 |      0 |      0 |    1 |          0 |
|         weight_banks_1_0_ext   |           weight_banks_4096x72__xdcDup__101 |          1 |          1 |       0 |    0 |      0 |      0 |      0 |    1 |          0 |
|         weight_banks_1_1_ext   |           weight_banks_4096x72__xdcDup__102 |          1 |          1 |       0 |    0 |      0 |      0 |      0 |    1 |          0 |
|         weight_banks_1_2_ext   |           weight_banks_4096x72__xdcDup__103 |          1 |          1 |       0 |    0 |      0 |      0 |      0 |    1 |          0 |
|         weight_banks_1_3_ext   |           weight_banks_4096x72__xdcDup__104 |          1 |          1 |       0 |    0 |      0 |      0 |      0 |    1 |          0 |
|         weight_banks_2_0_ext   |           weight_banks_4096x72__xdcDup__105 |          1 |          1 |       0 |    0 |      0 |      0 |      0 |    1 |          0 |
|         weight_banks_2_1_ext   |           weight_banks_4096x72__xdcDup__106 |          1 |          1 |       0 |    0 |      0 |      0 |      0 |    1 |          0 |
|         weight_banks_2_2_ext   |           weight_banks_4096x72__xdcDup__107 |          1 |          1 |       0 |    0 |      0 |      0 |      0 |    1 |          0 |
|         weight_banks_2_3_ext   |           weight_banks_4096x72__xdcDup__108 |          1 |          1 |       0 |    0 |      0 |      0 |      0 |    1 |          0 |
|         weight_banks_3_0_ext   |           weight_banks_4096x72__xdcDup__109 |          1 |          1 |       0 |    0 |      0 |      0 |      0 |    1 |          0 |
|         weight_banks_3_1_ext   |           weight_banks_4096x72__xdcDup__110 |          1 |          1 |       0 |    0 |      0 |      0 |      0 |    1 |          0 |
|         weight_banks_3_2_ext   |           weight_banks_4096x72__xdcDup__111 |          1 |          1 |       0 |    0 |      0 |      0 |      0 |    1 |          0 |
|         weight_banks_3_3_ext   |           weight_banks_4096x72__xdcDup__112 |          1 |          1 |       0 |    0 |      0 |      0 |      0 |    1 |          0 |
|         weight_banks_4_0_ext   |           weight_banks_4096x72__xdcDup__113 |          1 |          1 |       0 |    0 |      0 |      0 |      0 |    1 |          0 |
|         weight_banks_4_1_ext   |           weight_banks_4096x72__xdcDup__114 |          1 |          1 |       0 |    0 |      0 |      0 |      0 |    1 |          0 |
|         weight_banks_4_2_ext   |           weight_banks_4096x72__xdcDup__115 |          1 |          1 |       0 |    0 |      0 |      0 |      0 |    1 |          0 |
|         weight_banks_4_3_ext   |           weight_banks_4096x72__xdcDup__116 |          1 |          1 |       0 |    0 |      0 |      0 |      0 |    1 |          0 |
|         weight_banks_5_0_ext   |           weight_banks_4096x72__xdcDup__117 |          1 |          1 |       0 |    0 |      0 |      0 |      0 |    1 |          0 |
|         weight_banks_5_1_ext   |           weight_banks_4096x72__xdcDup__118 |          1 |          1 |       0 |    0 |      0 |      0 |      0 |    1 |          0 |
|         weight_banks_5_2_ext   |           weight_banks_4096x72__xdcDup__119 |          1 |          1 |       0 |    0 |      0 |      0 |      0 |    1 |          0 |
|         weight_banks_5_3_ext   |           weight_banks_4096x72__xdcDup__120 |          1 |          1 |       0 |    0 |      0 |      0 |      0 |    1 |          0 |
|         weight_banks_6_0_ext   |           weight_banks_4096x72__xdcDup__121 |          1 |          1 |       0 |    0 |      0 |      0 |      0 |    1 |          0 |
|         weight_banks_6_1_ext   |           weight_banks_4096x72__xdcDup__122 |          1 |          1 |       0 |    0 |      0 |      0 |      0 |    1 |          0 |
|         weight_banks_6_2_ext   |           weight_banks_4096x72__xdcDup__123 |          1 |          1 |       0 |    0 |      0 |      0 |      0 |    1 |          0 |
|         weight_banks_6_3_ext   |           weight_banks_4096x72__xdcDup__124 |          1 |          1 |       0 |    0 |      0 |      0 |      0 |    1 |          0 |
|         weight_banks_7_0_ext   |           weight_banks_4096x72__xdcDup__125 |          1 |          1 |       0 |    0 |      0 |      0 |      0 |    1 |          0 |
|         weight_banks_7_1_ext   |           weight_banks_4096x72__xdcDup__126 |          1 |          1 |       0 |    0 |      0 |      0 |      0 |    1 |          0 |
|         weight_banks_7_2_ext   |           weight_banks_4096x72__xdcDup__127 |          1 |          1 |       0 |    0 |      0 |      0 |      0 |    1 |          0 |
|         weight_banks_7_3_ext   |           weight_banks_4096x72__xdcDup__128 |          1 |          1 |       0 |    0 |      0 |      0 |      0 |    1 |          0 |
|         weight_banks_8_0_ext   |           weight_banks_4096x72__xdcDup__129 |          1 |          1 |       0 |    0 |      0 |      0 |      0 |    1 |          0 |
|         weight_banks_8_1_ext   |           weight_banks_4096x72__xdcDup__130 |          1 |          1 |       0 |    0 |      0 |      0 |      0 |    1 |          0 |
|         weight_banks_8_2_ext   |           weight_banks_4096x72__xdcDup__131 |          1 |          1 |       0 |    0 |      0 |      0 |      0 |    1 |          0 |
|         weight_banks_8_3_ext   |           weight_banks_4096x72__xdcDup__132 |          1 |          1 |       0 |    0 |      0 |      0 |      0 |    1 |          0 |
|         weight_banks_9_0_ext   |           weight_banks_4096x72__xdcDup__133 |          1 |          1 |       0 |    0 |      0 |      0 |      0 |    1 |          0 |
|         weight_banks_9_1_ext   |           weight_banks_4096x72__xdcDup__134 |          1 |          1 |       0 |    0 |      0 |      0 |      0 |    1 |          0 |
|         weight_banks_9_2_ext   |           weight_banks_4096x72__xdcDup__135 |          1 |          1 |       0 |    0 |      0 |      0 |      0 |    1 |          0 |
|         weight_banks_9_3_ext   |           weight_banks_4096x72__xdcDup__136 |          1 |          1 |       0 |    0 |      0 |      0 |      0 |    1 |          0 |
|     mem_inst                   |                          DataMem__xdcDup__2 |         60 |         60 |       0 |    0 |      5 |     10 |      2 |    0 |          0 |
|       (mem_inst)               |                          DataMem__xdcDup__2 |         54 |         54 |       0 |    0 |      5 |      0 |      0 |    0 |          0 |
|       mem0_ext                 |                      mem_2048x96__xdcDup__3 |          3 |          3 |       0 |    0 |      0 |      5 |      1 |    0 |          0 |
|       mem1_ext                 |                      mem_2048x96__xdcDup__4 |          3 |          3 |       0 |    0 |      0 |      5 |      1 |    0 |          0 |
|     su_inst                    |                                 StoreUnit_2 |         22 |         22 |       0 |    0 |    130 |      0 |      0 |    0 |          0 |
|   layernorm                    |                               LayerNormQ__1 |      99348 |      99348 |       0 |    0 |  50354 |     41 |      1 |    0 |        102 |
|     (layernorm)                |                               LayerNormQ__1 |      13264 |      13264 |       0 |    0 |  50158 |      0 |      0 |    0 |          0 |
|     applyNorm                  |                       Fp32LayerNormApply__1 |      34970 |      34970 |       0 |    0 |      0 |      0 |      0 |    0 |         48 |
|       add                      |                                 Fp32Add__27 |        961 |        961 |       0 |    0 |      0 |      0 |      0 |    0 |          0 |
|         (add)                  |                                 Fp32Add__27 |        284 |        284 |       0 |    0 |      0 |      0 |      0 |    0 |          0 |
|         add                    |                                AddRecFN__40 |        677 |        677 |       0 |    0 |      0 |      0 |      0 |    0 |          0 |
|           (add)                |                                AddRecFN__40 |          5 |          5 |       0 |    0 |      0 |      0 |      0 |    0 |          0 |
|           addRawFN             |                                AddRawFN__40 |        471 |        471 |       0 |    0 |      0 |      0 |      0 |    0 |          0 |
|           roundRawFNToRecFN    |               RoundRawFNToRecFN_e8_s24__223 |        201 |        201 |       0 |    0 |      0 |      0 |      0 |    0 |          0 |
|       add_1                    |                                 Fp32Add__28 |        961 |        961 |       0 |    0 |      0 |      0 |      0 |    0 |          0 |
|         (add_1)                |                                 Fp32Add__28 |        284 |        284 |       0 |    0 |      0 |      0 |      0 |    0 |          0 |
|         add                    |                                AddRecFN__41 |        677 |        677 |       0 |    0 |      0 |      0 |      0 |    0 |          0 |
|           (add)                |                                AddRecFN__41 |          5 |          5 |       0 |    0 |      0 |      0 |      0 |    0 |          0 |
|           addRawFN             |                                AddRawFN__41 |        471 |        471 |       0 |    0 |      0 |      0 |      0 |    0 |          0 |
|           roundRawFNToRecFN    |               RoundRawFNToRecFN_e8_s24__224 |        201 |        201 |       0 |    0 |      0 |      0 |      0 |    0 |          0 |
|       add_10                   |                                 Fp32Add__37 |        961 |        961 |       0 |    0 |      0 |      0 |      0 |    0 |          0 |
|         (add_10)               |                                 Fp32Add__37 |        284 |        284 |       0 |    0 |      0 |      0 |      0 |    0 |          0 |
|         add                    |                                AddRecFN__50 |        677 |        677 |       0 |    0 |      0 |      0 |      0 |    0 |          0 |
|           (add)                |                                AddRecFN__50 |          5 |          5 |       0 |    0 |      0 |      0 |      0 |    0 |          0 |
|           addRawFN             |                                AddRawFN__50 |        471 |        471 |       0 |    0 |      0 |      0 |      0 |    0 |          0 |
|           roundRawFNToRecFN    |               RoundRawFNToRecFN_e8_s24__233 |        201 |        201 |       0 |    0 |      0 |      0 |      0 |    0 |          0 |
|       add_11                   |                                 Fp32Add__38 |        961 |        961 |       0 |    0 |      0 |      0 |      0 |    0 |          0 |
|         (add_11)               |                                 Fp32Add__38 |        284 |        284 |       0 |    0 |      0 |      0 |      0 |    0 |          0 |
|         add                    |                                AddRecFN__51 |        677 |        677 |       0 |    0 |      0 |      0 |      0 |    0 |          0 |
|           (add)                |                                AddRecFN__51 |          5 |          5 |       0 |    0 |      0 |      0 |      0 |    0 |          0 |
|           addRawFN             |                                AddRawFN__51 |        471 |        471 |       0 |    0 |      0 |      0 |      0 |    0 |          0 |
|           roundRawFNToRecFN    |               RoundRawFNToRecFN_e8_s24__234 |        201 |        201 |       0 |    0 |      0 |      0 |      0 |    0 |          0 |
|       add_2                    |                                 Fp32Add__29 |        961 |        961 |       0 |    0 |      0 |      0 |      0 |    0 |          0 |
|         (add_2)                |                                 Fp32Add__29 |        284 |        284 |       0 |    0 |      0 |      0 |      0 |    0 |          0 |
|         add                    |                                AddRecFN__42 |        677 |        677 |       0 |    0 |      0 |      0 |      0 |    0 |          0 |
|           (add)                |                                AddRecFN__42 |          5 |          5 |       0 |    0 |      0 |      0 |      0 |    0 |          0 |
|           addRawFN             |                                AddRawFN__42 |        471 |        471 |       0 |    0 |      0 |      0 |      0 |    0 |          0 |
|           roundRawFNToRecFN    |               RoundRawFNToRecFN_e8_s24__225 |        201 |        201 |       0 |    0 |      0 |      0 |      0 |    0 |          0 |
|       add_3                    |                                 Fp32Add__30 |        961 |        961 |       0 |    0 |      0 |      0 |      0 |    0 |          0 |
|         (add_3)                |                                 Fp32Add__30 |        284 |        284 |       0 |    0 |      0 |      0 |      0 |    0 |          0 |
|         add                    |                                AddRecFN__43 |        677 |        677 |       0 |    0 |      0 |      0 |      0 |    0 |          0 |
|           (add)                |                                AddRecFN__43 |          5 |          5 |       0 |    0 |      0 |      0 |      0 |    0 |          0 |
|           addRawFN             |                                AddRawFN__43 |        471 |        471 |       0 |    0 |      0 |      0 |      0 |    0 |          0 |
|           roundRawFNToRecFN    |               RoundRawFNToRecFN_e8_s24__226 |        201 |        201 |       0 |    0 |      0 |      0 |      0 |    0 |          0 |
|       add_4                    |                                 Fp32Add__31 |        961 |        961 |       0 |    0 |      0 |      0 |      0 |    0 |          0 |
|         (add_4)                |                                 Fp32Add__31 |        284 |        284 |       0 |    0 |      0 |      0 |      0 |    0 |          0 |
|         add                    |                                AddRecFN__44 |        677 |        677 |       0 |    0 |      0 |      0 |      0 |    0 |          0 |
|           (add)                |                                AddRecFN__44 |          5 |          5 |       0 |    0 |      0 |      0 |      0 |    0 |          0 |
|           addRawFN             |                                AddRawFN__44 |        471 |        471 |       0 |    0 |      0 |      0 |      0 |    0 |          0 |
|           roundRawFNToRecFN    |               RoundRawFNToRecFN_e8_s24__227 |        201 |        201 |       0 |    0 |      0 |      0 |      0 |    0 |          0 |
|       add_5                    |                                 Fp32Add__32 |        961 |        961 |       0 |    0 |      0 |      0 |      0 |    0 |          0 |
|         (add_5)                |                                 Fp32Add__32 |        284 |        284 |       0 |    0 |      0 |      0 |      0 |    0 |          0 |
|         add                    |                                AddRecFN__45 |        677 |        677 |       0 |    0 |      0 |      0 |      0 |    0 |          0 |
|           (add)                |                                AddRecFN__45 |          5 |          5 |       0 |    0 |      0 |      0 |      0 |    0 |          0 |
|           addRawFN             |                                AddRawFN__45 |        471 |        471 |       0 |    0 |      0 |      0 |      0 |    0 |          0 |
|           roundRawFNToRecFN    |               RoundRawFNToRecFN_e8_s24__228 |        201 |        201 |       0 |    0 |      0 |      0 |      0 |    0 |          0 |
|       add_6                    |                                 Fp32Add__33 |        961 |        961 |       0 |    0 |      0 |      0 |      0 |    0 |          0 |
|         (add_6)                |                                 Fp32Add__33 |        284 |        284 |       0 |    0 |      0 |      0 |      0 |    0 |          0 |
|         add                    |                                AddRecFN__46 |        677 |        677 |       0 |    0 |      0 |      0 |      0 |    0 |          0 |
|           (add)                |                                AddRecFN__46 |          5 |          5 |       0 |    0 |      0 |      0 |      0 |    0 |          0 |
|           addRawFN             |                                AddRawFN__46 |        471 |        471 |       0 |    0 |      0 |      0 |      0 |    0 |          0 |
|           roundRawFNToRecFN    |               RoundRawFNToRecFN_e8_s24__229 |        201 |        201 |       0 |    0 |      0 |      0 |      0 |    0 |          0 |
|       add_7                    |                                 Fp32Add__34 |        961 |        961 |       0 |    0 |      0 |      0 |      0 |    0 |          0 |
|         (add_7)                |                                 Fp32Add__34 |        284 |        284 |       0 |    0 |      0 |      0 |      0 |    0 |          0 |
|         add                    |                                AddRecFN__47 |        677 |        677 |       0 |    0 |      0 |      0 |      0 |    0 |          0 |
|           (add)                |                                AddRecFN__47 |          5 |          5 |       0 |    0 |      0 |      0 |      0 |    0 |          0 |
|           addRawFN             |                                AddRawFN__47 |        471 |        471 |       0 |    0 |      0 |      0 |      0 |    0 |          0 |
|           roundRawFNToRecFN    |               RoundRawFNToRecFN_e8_s24__230 |        201 |        201 |       0 |    0 |      0 |      0 |      0 |    0 |          0 |
|       add_8                    |                                 Fp32Add__35 |        961 |        961 |       0 |    0 |      0 |      0 |      0 |    0 |          0 |
|         (add_8)                |                                 Fp32Add__35 |        284 |        284 |       0 |    0 |      0 |      0 |      0 |    0 |          0 |
|         add                    |                                AddRecFN__48 |        677 |        677 |       0 |    0 |      0 |      0 |      0 |    0 |          0 |
|           (add)                |                                AddRecFN__48 |          5 |          5 |       0 |    0 |      0 |      0 |      0 |    0 |          0 |
|           addRawFN             |                                AddRawFN__48 |        471 |        471 |       0 |    0 |      0 |      0 |      0 |    0 |          0 |
|           roundRawFNToRecFN    |               RoundRawFNToRecFN_e8_s24__231 |        201 |        201 |       0 |    0 |      0 |      0 |      0 |    0 |          0 |
|       add_9                    |                                 Fp32Add__36 |        961 |        961 |       0 |    0 |      0 |      0 |      0 |    0 |          0 |
|         (add_9)                |                                 Fp32Add__36 |        284 |        284 |       0 |    0 |      0 |      0 |      0 |    0 |          0 |
|         add                    |                                AddRecFN__49 |        677 |        677 |       0 |    0 |      0 |      0 |      0 |    0 |          0 |
|           (add)                |                                AddRecFN__49 |          5 |          5 |       0 |    0 |      0 |      0 |      0 |    0 |          0 |
|           addRawFN             |                                AddRawFN__49 |        471 |        471 |       0 |    0 |      0 |      0 |      0 |    0 |          0 |
|           roundRawFNToRecFN    |               RoundRawFNToRecFN_e8_s24__232 |        201 |        201 |       0 |    0 |      0 |      0 |      0 |    0 |          0 |
|       normMul                  |                                Fp32Mul__224 |        503 |        503 |       0 |    0 |      0 |      0 |      0 |    0 |          2 |
|         (normMul)              |                                Fp32Mul__224 |        285 |        285 |       0 |    0 |      0 |      0 |      0 |    0 |          0 |
|         mul                    |                               MulRecFN__224 |        218 |        218 |       0 |    0 |      0 |      0 |      0 |    0 |          2 |
|           (mul)                |                               MulRecFN__224 |          5 |          5 |       0 |    0 |      0 |      0 |      0 |    0 |          0 |
|           mulRawFN             |                               MulRawFN__224 |         21 |         21 |       0 |    0 |      0 |      0 |      0 |    0 |          2 |
|           roundRawFNToRecFN    |               RoundRawFNToRecFN_e8_s24__425 |        192 |        192 |       0 |    0 |      0 |      0 |      0 |    0 |          0 |
|       normMul_1                |                                Fp32Mul__226 |        503 |        503 |       0 |    0 |      0 |      0 |      0 |    0 |          2 |
|         (normMul_1)            |                                Fp32Mul__226 |        285 |        285 |       0 |    0 |      0 |      0 |      0 |    0 |          0 |
|         mul                    |                               MulRecFN__226 |        218 |        218 |       0 |    0 |      0 |      0 |      0 |    0 |          2 |
|           (mul)                |                               MulRecFN__226 |          5 |          5 |       0 |    0 |      0 |      0 |      0 |    0 |          0 |
|           mulRawFN             |                               MulRawFN__226 |         21 |         21 |       0 |    0 |      0 |      0 |      0 |    0 |          2 |
|           roundRawFNToRecFN    |               RoundRawFNToRecFN_e8_s24__428 |        192 |        192 |       0 |    0 |      0 |      0 |      0 |    0 |          0 |
|       normMul_10               |                                Fp32Mul__208 |        503 |        503 |       0 |    0 |      0 |      0 |      0 |    0 |          2 |
|         (normMul_10)           |                                Fp32Mul__208 |        285 |        285 |       0 |    0 |      0 |      0 |      0 |    0 |          0 |
|         mul                    |                               MulRecFN__208 |        218 |        218 |       0 |    0 |      0 |      0 |      0 |    0 |          2 |
|           (mul)                |                               MulRecFN__208 |          5 |          5 |       0 |    0 |      0 |      0 |      0 |    0 |          0 |
|           mulRawFN             |                               MulRawFN__208 |         21 |         21 |       0 |    0 |      0 |      0 |      0 |    0 |          2 |
|           roundRawFNToRecFN    |               RoundRawFNToRecFN_e8_s24__401 |        192 |        192 |       0 |    0 |      0 |      0 |      0 |    0 |          0 |
|       normMul_11               |                                Fp32Mul__223 |        503 |        503 |       0 |    0 |      0 |      0 |      0 |    0 |          2 |
|         (normMul_11)           |                                Fp32Mul__223 |        285 |        285 |       0 |    0 |      0 |      0 |      0 |    0 |          0 |
|         mul                    |                               MulRecFN__223 |        218 |        218 |       0 |    0 |      0 |      0 |      0 |    0 |          2 |
|           (mul)                |                               MulRecFN__223 |          5 |          5 |       0 |    0 |      0 |      0 |      0 |    0 |          0 |
|           mulRawFN             |                               MulRawFN__223 |         21 |         21 |       0 |    0 |      0 |      0 |      0 |    0 |          2 |
|           roundRawFNToRecFN    |               RoundRawFNToRecFN_e8_s24__422 |        192 |        192 |       0 |    0 |      0 |      0 |      0 |    0 |          0 |
|       normMul_2                |                                Fp32Mul__220 |        503 |        503 |       0 |    0 |      0 |      0 |      0 |    0 |          2 |
|         (normMul_2)            |                                Fp32Mul__220 |        285 |        285 |       0 |    0 |      0 |      0 |      0 |    0 |          0 |
|         mul                    |                               MulRecFN__220 |        218 |        218 |       0 |    0 |      0 |      0 |      0 |    0 |          2 |
|           (mul)                |                               MulRecFN__220 |          5 |          5 |       0 |    0 |      0 |      0 |      0 |    0 |          0 |
|           mulRawFN             |                               MulRawFN__220 |         21 |         21 |       0 |    0 |      0 |      0 |      0 |    0 |          2 |
|           roundRawFNToRecFN    |               RoundRawFNToRecFN_e8_s24__419 |        192 |        192 |       0 |    0 |      0 |      0 |      0 |    0 |          0 |
|       normMul_3                |                                Fp32Mul__216 |        503 |        503 |       0 |    0 |      0 |      0 |      0 |    0 |          2 |
|         (normMul_3)            |                                Fp32Mul__216 |        285 |        285 |       0 |    0 |      0 |      0 |      0 |    0 |          0 |
|         mul                    |                               MulRecFN__216 |        218 |        218 |       0 |    0 |      0 |      0 |      0 |    0 |          2 |
|           (mul)                |                               MulRecFN__216 |          5 |          5 |       0 |    0 |      0 |      0 |      0 |    0 |          0 |
|           mulRawFN             |                               MulRawFN__216 |         21 |         21 |       0 |    0 |      0 |      0 |      0 |    0 |          2 |
|           roundRawFNToRecFN    |               RoundRawFNToRecFN_e8_s24__413 |        192 |        192 |       0 |    0 |      0 |      0 |      0 |    0 |          0 |
|       normMul_4                |                                Fp32Mul__211 |        503 |        503 |       0 |    0 |      0 |      0 |      0 |    0 |          2 |
|         (normMul_4)            |                                Fp32Mul__211 |        285 |        285 |       0 |    0 |      0 |      0 |      0 |    0 |          0 |
|         mul                    |                               MulRecFN__211 |        218 |        218 |       0 |    0 |      0 |      0 |      0 |    0 |          2 |
|           (mul)                |                               MulRecFN__211 |          5 |          5 |       0 |    0 |      0 |      0 |      0 |    0 |          0 |
|           mulRawFN             |                               MulRawFN__211 |         21 |         21 |       0 |    0 |      0 |      0 |      0 |    0 |          2 |
|           roundRawFNToRecFN    |               RoundRawFNToRecFN_e8_s24__405 |        192 |        192 |       0 |    0 |      0 |      0 |      0 |    0 |          0 |
|       normMul_5                |                                Fp32Mul__212 |        503 |        503 |       0 |    0 |      0 |      0 |      0 |    0 |          2 |
|         (normMul_5)            |                                Fp32Mul__212 |        285 |        285 |       0 |    0 |      0 |      0 |      0 |    0 |          0 |
|         mul                    |                               MulRecFN__212 |        218 |        218 |       0 |    0 |      0 |      0 |      0 |    0 |          2 |
|           (mul)                |                               MulRecFN__212 |          5 |          5 |       0 |    0 |      0 |      0 |      0 |    0 |          0 |
|           mulRawFN             |                               MulRawFN__212 |         21 |         21 |       0 |    0 |      0 |      0 |      0 |    0 |          2 |
|           roundRawFNToRecFN    |               RoundRawFNToRecFN_e8_s24__407 |        192 |        192 |       0 |    0 |      0 |      0 |      0 |    0 |          0 |
|       normMul_6                |                                Fp32Mul__203 |        503 |        503 |       0 |    0 |      0 |      0 |      0 |    0 |          2 |
|         (normMul_6)            |                                Fp32Mul__203 |        285 |        285 |       0 |    0 |      0 |      0 |      0 |    0 |          0 |
|         mul                    |                               MulRecFN__203 |        218 |        218 |       0 |    0 |      0 |      0 |      0 |    0 |          2 |
|           (mul)                |                               MulRecFN__203 |          5 |          5 |       0 |    0 |      0 |      0 |      0 |    0 |          0 |
|           mulRawFN             |                               MulRawFN__203 |         21 |         21 |       0 |    0 |      0 |      0 |      0 |    0 |          2 |
|           roundRawFNToRecFN    |               RoundRawFNToRecFN_e8_s24__394 |        192 |        192 |       0 |    0 |      0 |      0 |      0 |    0 |          0 |
|       normMul_7                |                                Fp32Mul__215 |        503 |        503 |       0 |    0 |      0 |      0 |      0 |    0 |          2 |
|         (normMul_7)            |                                Fp32Mul__215 |        285 |        285 |       0 |    0 |      0 |      0 |      0 |    0 |          0 |
|         mul                    |                               MulRecFN__215 |        218 |        218 |       0 |    0 |      0 |      0 |      0 |    0 |          2 |
|           (mul)                |                               MulRecFN__215 |          5 |          5 |       0 |    0 |      0 |      0 |      0 |    0 |          0 |
|           mulRawFN             |                               MulRawFN__215 |         21 |         21 |       0 |    0 |      0 |      0 |      0 |    0 |          2 |
|           roundRawFNToRecFN    |               RoundRawFNToRecFN_e8_s24__411 |        192 |        192 |       0 |    0 |      0 |      0 |      0 |    0 |          0 |
|       normMul_8                |                                Fp32Mul__206 |        503 |        503 |       0 |    0 |      0 |      0 |      0 |    0 |          2 |
|         (normMul_8)            |                                Fp32Mul__206 |        285 |        285 |       0 |    0 |      0 |      0 |      0 |    0 |          0 |
|         mul                    |                               MulRecFN__206 |        218 |        218 |       0 |    0 |      0 |      0 |      0 |    0 |          2 |
|           (mul)                |                               MulRecFN__206 |          5 |          5 |       0 |    0 |      0 |      0 |      0 |    0 |          0 |
|           mulRawFN             |                               MulRawFN__206 |         21 |         21 |       0 |    0 |      0 |      0 |      0 |    0 |          2 |
|           roundRawFNToRecFN    |               RoundRawFNToRecFN_e8_s24__398 |        192 |        192 |       0 |    0 |      0 |      0 |      0 |    0 |          0 |
|       normMul_9                |                                Fp32Mul__219 |        503 |        503 |       0 |    0 |      0 |      0 |      0 |    0 |          2 |
|         (normMul_9)            |                                Fp32Mul__219 |        285 |        285 |       0 |    0 |      0 |      0 |      0 |    0 |          0 |
|         mul                    |                               MulRecFN__219 |        218 |        218 |       0 |    0 |      0 |      0 |      0 |    0 |          2 |
|           (mul)                |                               MulRecFN__219 |          5 |          5 |       0 |    0 |      0 |      0 |      0 |    0 |          0 |
|           mulRawFN             |                               MulRawFN__219 |         21 |         21 |       0 |    0 |      0 |      0 |      0 |    0 |          2 |
|           roundRawFNToRecFN    |               RoundRawFNToRecFN_e8_s24__417 |        192 |        192 |       0 |    0 |      0 |      0 |      0 |    0 |          0 |
|       scaleMul                 |                                Fp32Mul__225 |        503 |        503 |       0 |    0 |      0 |      0 |      0 |    0 |          2 |
|         (scaleMul)             |                                Fp32Mul__225 |        285 |        285 |       0 |    0 |      0 |      0 |      0 |    0 |          0 |
|         mul                    |                               MulRecFN__225 |        218 |        218 |       0 |    0 |      0 |      0 |      0 |    0 |          2 |
|           (mul)                |                               MulRecFN__225 |          5 |          5 |       0 |    0 |      0 |      0 |      0 |    0 |          0 |
|           mulRawFN             |                               MulRawFN__225 |         21 |         21 |       0 |    0 |      0 |      0 |      0 |    0 |          2 |
|           roundRawFNToRecFN    |               RoundRawFNToRecFN_e8_s24__426 |        192 |        192 |       0 |    0 |      0 |      0 |      0 |    0 |          0 |
|       scaleMul_1               |                                Fp32Mul__205 |        505 |        505 |       0 |    0 |      0 |      0 |      0 |    0 |          2 |
|         (scaleMul_1)           |                                Fp32Mul__205 |        285 |        285 |       0 |    0 |      0 |      0 |      0 |    0 |          0 |
|         mul                    |                               MulRecFN__205 |        220 |        220 |       0 |    0 |      0 |      0 |      0 |    0 |          2 |
|           (mul)                |                               MulRecFN__205 |          7 |          7 |       0 |    0 |      0 |      0 |      0 |    0 |          0 |
|           mulRawFN             |                               MulRawFN__205 |         21 |         21 |       0 |    0 |      0 |      0 |      0 |    0 |          2 |
|           roundRawFNToRecFN    |               RoundRawFNToRecFN_e8_s24__397 |        192 |        192 |       0 |    0 |      0 |      0 |      0 |    0 |          0 |
|       scaleMul_10              |                                Fp32Mul__209 |        503 |        503 |       0 |    0 |      0 |      0 |      0 |    0 |          2 |
|         (scaleMul_10)          |                                Fp32Mul__209 |        285 |        285 |       0 |    0 |      0 |      0 |      0 |    0 |          0 |
|         mul                    |                               MulRecFN__209 |        218 |        218 |       0 |    0 |      0 |      0 |      0 |    0 |          2 |
|           (mul)                |                               MulRecFN__209 |          5 |          5 |       0 |    0 |      0 |      0 |      0 |    0 |          0 |
|           mulRawFN             |                               MulRawFN__209 |         21 |         21 |       0 |    0 |      0 |      0 |      0 |    0 |          2 |
|           roundRawFNToRecFN    |               RoundRawFNToRecFN_e8_s24__402 |        192 |        192 |       0 |    0 |      0 |      0 |      0 |    0 |          0 |
|       scaleMul_11              |                                Fp32Mul__222 |        503 |        503 |       0 |    0 |      0 |      0 |      0 |    0 |          2 |
|         (scaleMul_11)          |                                Fp32Mul__222 |        285 |        285 |       0 |    0 |      0 |      0 |      0 |    0 |          0 |
|         mul                    |                               MulRecFN__222 |        218 |        218 |       0 |    0 |      0 |      0 |      0 |    0 |          2 |
|           (mul)                |                               MulRecFN__222 |          5 |          5 |       0 |    0 |      0 |      0 |      0 |    0 |          0 |
|           mulRawFN             |                               MulRawFN__222 |         21 |         21 |       0 |    0 |      0 |      0 |      0 |    0 |          2 |
|           roundRawFNToRecFN    |               RoundRawFNToRecFN_e8_s24__421 |        192 |        192 |       0 |    0 |      0 |      0 |      0 |    0 |          0 |
|       scaleMul_2               |                                Fp32Mul__221 |        503 |        503 |       0 |    0 |      0 |      0 |      0 |    0 |          2 |
|         (scaleMul_2)           |                                Fp32Mul__221 |        285 |        285 |       0 |    0 |      0 |      0 |      0 |    0 |          0 |
|         mul                    |                               MulRecFN__221 |        218 |        218 |       0 |    0 |      0 |      0 |      0 |    0 |          2 |
|           (mul)                |                               MulRecFN__221 |          5 |          5 |       0 |    0 |      0 |      0 |      0 |    0 |          0 |
|           mulRawFN             |                               MulRawFN__221 |         21 |         21 |       0 |    0 |      0 |      0 |      0 |    0 |          2 |
|           roundRawFNToRecFN    |               RoundRawFNToRecFN_e8_s24__420 |        192 |        192 |       0 |    0 |      0 |      0 |      0 |    0 |          0 |
|       scaleMul_3               |                                Fp32Mul__217 |        503 |        503 |       0 |    0 |      0 |      0 |      0 |    0 |          2 |
|         (scaleMul_3)           |                                Fp32Mul__217 |        285 |        285 |       0 |    0 |      0 |      0 |      0 |    0 |          0 |
|         mul                    |                               MulRecFN__217 |        218 |        218 |       0 |    0 |      0 |      0 |      0 |    0 |          2 |
|           (mul)                |                               MulRecFN__217 |          5 |          5 |       0 |    0 |      0 |      0 |      0 |    0 |          0 |
|           mulRawFN             |                               MulRawFN__217 |         21 |         21 |       0 |    0 |      0 |      0 |      0 |    0 |          2 |
|           roundRawFNToRecFN    |               RoundRawFNToRecFN_e8_s24__414 |        192 |        192 |       0 |    0 |      0 |      0 |      0 |    0 |          0 |
|       scaleMul_4               |                                Fp32Mul__210 |        503 |        503 |       0 |    0 |      0 |      0 |      0 |    0 |          2 |
|         (scaleMul_4)           |                                Fp32Mul__210 |        285 |        285 |       0 |    0 |      0 |      0 |      0 |    0 |          0 |
|         mul                    |                               MulRecFN__210 |        218 |        218 |       0 |    0 |      0 |      0 |      0 |    0 |          2 |
|           (mul)                |                               MulRecFN__210 |          5 |          5 |       0 |    0 |      0 |      0 |      0 |    0 |          0 |
|           mulRawFN             |                               MulRawFN__210 |         21 |         21 |       0 |    0 |      0 |      0 |      0 |    0 |          2 |
|           roundRawFNToRecFN    |               RoundRawFNToRecFN_e8_s24__404 |        192 |        192 |       0 |    0 |      0 |      0 |      0 |    0 |          0 |
|       scaleMul_5               |                                Fp32Mul__213 |        503 |        503 |       0 |    0 |      0 |      0 |      0 |    0 |          2 |
|         (scaleMul_5)           |                                Fp32Mul__213 |        285 |        285 |       0 |    0 |      0 |      0 |      0 |    0 |          0 |
|         mul                    |                               MulRecFN__213 |        218 |        218 |       0 |    0 |      0 |      0 |      0 |    0 |          2 |
|           (mul)                |                               MulRecFN__213 |          5 |          5 |       0 |    0 |      0 |      0 |      0 |    0 |          0 |
|           mulRawFN             |                               MulRawFN__213 |         21 |         21 |       0 |    0 |      0 |      0 |      0 |    0 |          2 |
|           roundRawFNToRecFN    |               RoundRawFNToRecFN_e8_s24__408 |        192 |        192 |       0 |    0 |      0 |      0 |      0 |    0 |          0 |
|       scaleMul_6               |                                Fp32Mul__204 |        503 |        503 |       0 |    0 |      0 |      0 |      0 |    0 |          2 |
|         (scaleMul_6)           |                                Fp32Mul__204 |        285 |        285 |       0 |    0 |      0 |      0 |      0 |    0 |          0 |
|         mul                    |                               MulRecFN__204 |        218 |        218 |       0 |    0 |      0 |      0 |      0 |    0 |          2 |
|           (mul)                |                               MulRecFN__204 |          5 |          5 |       0 |    0 |      0 |      0 |      0 |    0 |          0 |
|           mulRawFN             |                               MulRawFN__204 |         21 |         21 |       0 |    0 |      0 |      0 |      0 |    0 |          2 |
|           roundRawFNToRecFN    |               RoundRawFNToRecFN_e8_s24__395 |        192 |        192 |       0 |    0 |      0 |      0 |      0 |    0 |          0 |
|       scaleMul_7               |                                Fp32Mul__214 |        503 |        503 |       0 |    0 |      0 |      0 |      0 |    0 |          2 |
|         (scaleMul_7)           |                                Fp32Mul__214 |        285 |        285 |       0 |    0 |      0 |      0 |      0 |    0 |          0 |
|         mul                    |                               MulRecFN__214 |        218 |        218 |       0 |    0 |      0 |      0 |      0 |    0 |          2 |
|           (mul)                |                               MulRecFN__214 |          5 |          5 |       0 |    0 |      0 |      0 |      0 |    0 |          0 |
|           mulRawFN             |                               MulRawFN__214 |         21 |         21 |       0 |    0 |      0 |      0 |      0 |    0 |          2 |
|           roundRawFNToRecFN    |               RoundRawFNToRecFN_e8_s24__410 |        192 |        192 |       0 |    0 |      0 |      0 |      0 |    0 |          0 |
|       scaleMul_8               |                                Fp32Mul__207 |        503 |        503 |       0 |    0 |      0 |      0 |      0 |    0 |          2 |
|         (scaleMul_8)           |                                Fp32Mul__207 |        285 |        285 |       0 |    0 |      0 |      0 |      0 |    0 |          0 |
|         mul                    |                               MulRecFN__207 |        218 |        218 |       0 |    0 |      0 |      0 |      0 |    0 |          2 |
|           (mul)                |                               MulRecFN__207 |          5 |          5 |       0 |    0 |      0 |      0 |      0 |    0 |          0 |
|           mulRawFN             |                               MulRawFN__207 |         21 |         21 |       0 |    0 |      0 |      0 |      0 |    0 |          2 |
|           roundRawFNToRecFN    |               RoundRawFNToRecFN_e8_s24__399 |        192 |        192 |       0 |    0 |      0 |      0 |      0 |    0 |          0 |
|       scaleMul_9               |                                Fp32Mul__218 |        503 |        503 |       0 |    0 |      0 |      0 |      0 |    0 |          2 |
|         (scaleMul_9)           |                                Fp32Mul__218 |        285 |        285 |       0 |    0 |      0 |      0 |      0 |    0 |          0 |
|         mul                    |                               MulRecFN__218 |        218 |        218 |       0 |    0 |      0 |      0 |      0 |    0 |          2 |
|           (mul)                |                               MulRecFN__218 |          5 |          5 |       0 |    0 |      0 |      0 |      0 |    0 |          0 |
|           mulRawFN             |                               MulRawFN__218 |         21 |         21 |       0 |    0 |      0 |      0 |      0 |    0 |          2 |
|           roundRawFNToRecFN    |               RoundRawFNToRecFN_e8_s24__416 |        192 |        192 |       0 |    0 |      0 |      0 |      0 |    0 |          0 |
|       sub                      |                                 Fp32Sub__24 |        947 |        947 |       0 |    0 |      0 |      0 |      0 |    0 |          0 |
|         (sub)                  |                                 Fp32Sub__24 |        289 |        289 |       0 |    0 |      0 |      0 |      0 |    0 |          0 |
|         sub                    |                               AddRecFN__196 |        658 |        658 |       0 |    0 |      0 |      0 |      0 |    0 |          0 |
|           (sub)                |                               AddRecFN__196 |          4 |          4 |       0 |    0 |      0 |      0 |      0 |    0 |          0 |
|           addRawFN             |                               AddRawFN__196 |        452 |        452 |       0 |    0 |      0 |      0 |      0 |    0 |          0 |
|           roundRawFNToRecFN    |               RoundRawFNToRecFN_e8_s24__424 |        202 |        202 |       0 |    0 |      0 |      0 |      0 |    0 |          0 |
|       sub_1                    |                                 Fp32Sub__25 |        947 |        947 |       0 |    0 |      0 |      0 |      0 |    0 |          0 |
|         (sub_1)                |                                 Fp32Sub__25 |        289 |        289 |       0 |    0 |      0 |      0 |      0 |    0 |          0 |
|         sub                    |                               AddRecFN__197 |        658 |        658 |       0 |    0 |      0 |      0 |      0 |    0 |          0 |
|           (sub)                |                               AddRecFN__197 |          4 |          4 |       0 |    0 |      0 |      0 |      0 |    0 |          0 |
|           addRawFN             |                               AddRawFN__197 |        452 |        452 |       0 |    0 |      0 |      0 |      0 |    0 |          0 |
|           roundRawFNToRecFN    |               RoundRawFNToRecFN_e8_s24__427 |        202 |        202 |       0 |    0 |      0 |      0 |      0 |    0 |          0 |
|       sub_10                   |                                 Fp32Sub__16 |        947 |        947 |       0 |    0 |      0 |      0 |      0 |    0 |          0 |
|         (sub_10)               |                                 Fp32Sub__16 |        289 |        289 |       0 |    0 |      0 |      0 |      0 |    0 |          0 |
|         sub                    |                               AddRecFN__188 |        658 |        658 |       0 |    0 |      0 |      0 |      0 |    0 |          0 |
|           (sub)                |                               AddRecFN__188 |          4 |          4 |       0 |    0 |      0 |      0 |      0 |    0 |          0 |
|           addRawFN             |                               AddRawFN__188 |        452 |        452 |       0 |    0 |      0 |      0 |      0 |    0 |          0 |
|           roundRawFNToRecFN    |               RoundRawFNToRecFN_e8_s24__400 |        202 |        202 |       0 |    0 |      0 |      0 |      0 |    0 |          0 |
|       sub_11                   |                                 Fp32Sub__23 |        947 |        947 |       0 |    0 |      0 |      0 |      0 |    0 |          0 |
|         (sub_11)               |                                 Fp32Sub__23 |        289 |        289 |       0 |    0 |      0 |      0 |      0 |    0 |          0 |
|         sub                    |                               AddRecFN__195 |        658 |        658 |       0 |    0 |      0 |      0 |      0 |    0 |          0 |
|           (sub)                |                               AddRecFN__195 |          4 |          4 |       0 |    0 |      0 |      0 |      0 |    0 |          0 |
|           addRawFN             |                               AddRawFN__195 |        452 |        452 |       0 |    0 |      0 |      0 |      0 |    0 |          0 |
|           roundRawFNToRecFN    |               RoundRawFNToRecFN_e8_s24__423 |        202 |        202 |       0 |    0 |      0 |      0 |      0 |    0 |          0 |
|       sub_2                    |                                 Fp32Sub__22 |        947 |        947 |       0 |    0 |      0 |      0 |      0 |    0 |          0 |
|         (sub_2)                |                                 Fp32Sub__22 |        289 |        289 |       0 |    0 |      0 |      0 |      0 |    0 |          0 |
|         sub                    |                               AddRecFN__194 |        658 |        658 |       0 |    0 |      0 |      0 |      0 |    0 |          0 |
|           (sub)                |                               AddRecFN__194 |          4 |          4 |       0 |    0 |      0 |      0 |      0 |    0 |          0 |
|           addRawFN             |                               AddRawFN__194 |        452 |        452 |       0 |    0 |      0 |      0 |      0 |    0 |          0 |
|           roundRawFNToRecFN    |               RoundRawFNToRecFN_e8_s24__418 |        202 |        202 |       0 |    0 |      0 |      0 |      0 |    0 |          0 |
|       sub_3                    |                                 Fp32Sub__20 |        947 |        947 |       0 |    0 |      0 |      0 |      0 |    0 |          0 |
|         (sub_3)                |                                 Fp32Sub__20 |        289 |        289 |       0 |    0 |      0 |      0 |      0 |    0 |          0 |
|         sub                    |                               AddRecFN__192 |        658 |        658 |       0 |    0 |      0 |      0 |      0 |    0 |          0 |
|           (sub)                |                               AddRecFN__192 |          4 |          4 |       0 |    0 |      0 |      0 |      0 |    0 |          0 |
|           addRawFN             |                               AddRawFN__192 |        452 |        452 |       0 |    0 |      0 |      0 |      0 |    0 |          0 |
|           roundRawFNToRecFN    |               RoundRawFNToRecFN_e8_s24__412 |        202 |        202 |       0 |    0 |      0 |      0 |      0 |    0 |          0 |
|       sub_4                    |                                 Fp32Sub__18 |        947 |        947 |       0 |    0 |      0 |      0 |      0 |    0 |          0 |
|         (sub_4)                |                                 Fp32Sub__18 |        289 |        289 |       0 |    0 |      0 |      0 |      0 |    0 |          0 |
|         sub                    |                               AddRecFN__190 |        658 |        658 |       0 |    0 |      0 |      0 |      0 |    0 |          0 |
|           (sub)                |                               AddRecFN__190 |          4 |          4 |       0 |    0 |      0 |      0 |      0 |    0 |          0 |
|           addRawFN             |                               AddRawFN__190 |        452 |        452 |       0 |    0 |      0 |      0 |      0 |    0 |          0 |
|           roundRawFNToRecFN    |               RoundRawFNToRecFN_e8_s24__406 |        202 |        202 |       0 |    0 |      0 |      0 |      0 |    0 |          0 |
|       sub_5                    |                                 Fp32Sub__17 |        947 |        947 |       0 |    0 |      0 |      0 |      0 |    0 |          0 |
|         (sub_5)                |                                 Fp32Sub__17 |        289 |        289 |       0 |    0 |      0 |      0 |      0 |    0 |          0 |
|         sub                    |                               AddRecFN__189 |        658 |        658 |       0 |    0 |      0 |      0 |      0 |    0 |          0 |
|           (sub)                |                               AddRecFN__189 |          4 |          4 |       0 |    0 |      0 |      0 |      0 |    0 |          0 |
|           addRawFN             |                               AddRawFN__189 |        452 |        452 |       0 |    0 |      0 |      0 |      0 |    0 |          0 |
|           roundRawFNToRecFN    |               RoundRawFNToRecFN_e8_s24__403 |        202 |        202 |       0 |    0 |      0 |      0 |      0 |    0 |          0 |
|       sub_6                    |                                 Fp32Sub__14 |        947 |        947 |       0 |    0 |      0 |      0 |      0 |    0 |          0 |
|         (sub_6)                |                                 Fp32Sub__14 |        289 |        289 |       0 |    0 |      0 |      0 |      0 |    0 |          0 |
|         sub                    |                               AddRecFN__186 |        658 |        658 |       0 |    0 |      0 |      0 |      0 |    0 |          0 |
|           (sub)                |                               AddRecFN__186 |          4 |          4 |       0 |    0 |      0 |      0 |      0 |    0 |          0 |
|           addRawFN             |                               AddRawFN__186 |        452 |        452 |       0 |    0 |      0 |      0 |      0 |    0 |          0 |
|           roundRawFNToRecFN    |               RoundRawFNToRecFN_e8_s24__393 |        202 |        202 |       0 |    0 |      0 |      0 |      0 |    0 |          0 |
|       sub_7                    |                                 Fp32Sub__19 |        947 |        947 |       0 |    0 |      0 |      0 |      0 |    0 |          0 |
|         (sub_7)                |                                 Fp32Sub__19 |        289 |        289 |       0 |    0 |      0 |      0 |      0 |    0 |          0 |
|         sub                    |                               AddRecFN__191 |        658 |        658 |       0 |    0 |      0 |      0 |      0 |    0 |          0 |
|           (sub)                |                               AddRecFN__191 |          4 |          4 |       0 |    0 |      0 |      0 |      0 |    0 |          0 |
|           addRawFN             |                               AddRawFN__191 |        452 |        452 |       0 |    0 |      0 |      0 |      0 |    0 |          0 |
|           roundRawFNToRecFN    |               RoundRawFNToRecFN_e8_s24__409 |        202 |        202 |       0 |    0 |      0 |      0 |      0 |    0 |          0 |
|       sub_8                    |                                 Fp32Sub__15 |        947 |        947 |       0 |    0 |      0 |      0 |      0 |    0 |          0 |
|         (sub_8)                |                                 Fp32Sub__15 |        289 |        289 |       0 |    0 |      0 |      0 |      0 |    0 |          0 |
|         sub                    |                               AddRecFN__187 |        658 |        658 |       0 |    0 |      0 |      0 |      0 |    0 |          0 |
|           (sub)                |                               AddRecFN__187 |          4 |          4 |       0 |    0 |      0 |      0 |      0 |    0 |          0 |
|           addRawFN             |                               AddRawFN__187 |        452 |        452 |       0 |    0 |      0 |      0 |      0 |    0 |          0 |
|           roundRawFNToRecFN    |               RoundRawFNToRecFN_e8_s24__396 |        202 |        202 |       0 |    0 |      0 |      0 |      0 |    0 |          0 |
|       sub_9                    |                                 Fp32Sub__21 |        947 |        947 |       0 |    0 |      0 |      0 |      0 |    0 |          0 |
|         (sub_9)                |                                 Fp32Sub__21 |        289 |        289 |       0 |    0 |      0 |      0 |      0 |    0 |          0 |
|         sub                    |                               AddRecFN__193 |        658 |        658 |       0 |    0 |      0 |      0 |      0 |    0 |          0 |
|           (sub)                |                               AddRecFN__193 |          4 |          4 |       0 |    0 |      0 |      0 |      0 |    0 |          0 |
|           addRawFN             |                               AddRawFN__193 |        452 |        452 |       0 |    0 |      0 |      0 |      0 |    0 |          0 |
|           roundRawFNToRecFN    |               RoundRawFNToRecFN_e8_s24__415 |        202 |        202 |       0 |    0 |      0 |      0 |      0 |    0 |          0 |
|     div                        |                              Fp32DivSqrt__3 |        492 |        492 |       0 |    0 |     98 |      0 |      0 |    0 |          0 |
|       (div)                    |                              Fp32DivSqrt__3 |        173 |        173 |       0 |    0 |      0 |      0 |      0 |    0 |          0 |
|       divSqrt                  |                DivSqrtRecFM_small_e8_s24__3 |        319 |        319 |       0 |    0 |     98 |      0 |      0 |    0 |          0 |
|         (divSqrt)              |                DivSqrtRecFM_small_e8_s24__3 |          0 |          0 |       0 |    0 |      0 |      0 |      0 |    0 |          0 |
|         divSqrtRecFNToRaw      |           DivSqrtRecFMToRaw_small_e8_s24__3 |        146 |        146 |       0 |    0 |     98 |      0 |      0 |    0 |          0 |
|           (divSqrtRecFNToRaw)  |           DivSqrtRecFMToRaw_small_e8_s24__3 |          2 |          2 |       0 |    0 |      0 |      0 |      0 |    0 |          0 |
|           divSqrtRawFN         |                DivSqrtRawFN_small_e8_s24__3 |        144 |        144 |       0 |    0 |     98 |      0 |      0 |    0 |          0 |
|         roundRawFNToRecFN      |               RoundRawFNToRecFN_e8_s24__252 |        173 |        173 |       0 |    0 |      0 |      0 |      0 |    0 |          0 |
|           (roundRawFNToRecFN)  |               RoundRawFNToRecFN_e8_s24__252 |          0 |          0 |       0 |    0 |      0 |      0 |      0 |    0 |          0 |
|           roundAnyRawFNToRecFN | RoundAnyRawFNToRecFN_ie8_is26_oe8_os24__252 |        173 |        173 |       0 |    0 |      0 |      0 |      0 |    0 |          0 |
|     inputMem_ext               |                        inputMem_2048x384__1 |         10 |         10 |       0 |    0 |      0 |     41 |      1 |    0 |          0 |
|     laneSqSum                  |                        Fp32LaneSquareSum__1 |      15095 |      15095 |       0 |    0 |      0 |      0 |      0 |    0 |         24 |
|       (laneSqSum)              |                        Fp32LaneSquareSum__1 |          0 |          0 |       0 |    0 |      0 |      0 |      0 |    0 |          0 |
|       mul                      |                                Fp32Mul__202 |        377 |        377 |       0 |    0 |      0 |      0 |      0 |    0 |          2 |
|         (mul)                  |                                Fp32Mul__202 |        200 |        200 |       0 |    0 |      0 |      0 |      0 |    0 |          0 |
|         mul                    |                               MulRecFN__202 |        177 |        177 |       0 |    0 |      0 |      0 |      0 |    0 |          2 |
|           (mul)                |                               MulRecFN__202 |          5 |          5 |       0 |    0 |      0 |      0 |      0 |    0 |          0 |
|           mulRawFN             |                               MulRawFN__202 |         12 |         12 |       0 |    0 |      0 |      0 |      0 |    0 |          2 |
|           roundRawFNToRecFN    |               RoundRawFNToRecFN_e8_s24__392 |        160 |        160 |       0 |    0 |      0 |      0 |      0 |    0 |          0 |
|       mul_1                    |                                Fp32Mul__201 |        377 |        377 |       0 |    0 |      0 |      0 |      0 |    0 |          2 |
|         (mul_1)                |                                Fp32Mul__201 |        200 |        200 |       0 |    0 |      0 |      0 |      0 |    0 |          0 |
|         mul                    |                               MulRecFN__201 |        177 |        177 |       0 |    0 |      0 |      0 |      0 |    0 |          2 |
|           (mul)                |                               MulRecFN__201 |          5 |          5 |       0 |    0 |      0 |      0 |      0 |    0 |          0 |
|           mulRawFN             |                               MulRawFN__201 |         12 |         12 |       0 |    0 |      0 |      0 |      0 |    0 |          2 |
|           roundRawFNToRecFN    |               RoundRawFNToRecFN_e8_s24__391 |        160 |        160 |       0 |    0 |      0 |      0 |      0 |    0 |          0 |
|       mul_10                   |                                Fp32Mul__192 |        377 |        377 |       0 |    0 |      0 |      0 |      0 |    0 |          2 |
|         (mul_10)               |                                Fp32Mul__192 |        200 |        200 |       0 |    0 |      0 |      0 |      0 |    0 |          0 |
|         mul                    |                               MulRecFN__192 |        177 |        177 |       0 |    0 |      0 |      0 |      0 |    0 |          2 |
|           (mul)                |                               MulRecFN__192 |          5 |          5 |       0 |    0 |      0 |      0 |      0 |    0 |          0 |
|           mulRawFN             |                               MulRawFN__192 |         12 |         12 |       0 |    0 |      0 |      0 |      0 |    0 |          2 |
|           roundRawFNToRecFN    |               RoundRawFNToRecFN_e8_s24__382 |        160 |        160 |       0 |    0 |      0 |      0 |      0 |    0 |          0 |
|       mul_11                   |                                Fp32Mul__191 |        377 |        377 |       0 |    0 |      0 |      0 |      0 |    0 |          2 |
|         (mul_11)               |                                Fp32Mul__191 |        200 |        200 |       0 |    0 |      0 |      0 |      0 |    0 |          0 |
|         mul                    |                               MulRecFN__191 |        177 |        177 |       0 |    0 |      0 |      0 |      0 |    0 |          2 |
|           (mul)                |                               MulRecFN__191 |          5 |          5 |       0 |    0 |      0 |      0 |      0 |    0 |          0 |
|           mulRawFN             |                               MulRawFN__191 |         12 |         12 |       0 |    0 |      0 |      0 |      0 |    0 |          2 |
|           roundRawFNToRecFN    |               RoundRawFNToRecFN_e8_s24__381 |        160 |        160 |       0 |    0 |      0 |      0 |      0 |    0 |          0 |
|       mul_2                    |                                Fp32Mul__200 |        377 |        377 |       0 |    0 |      0 |      0 |      0 |    0 |          2 |
|         (mul_2)                |                                Fp32Mul__200 |        200 |        200 |       0 |    0 |      0 |      0 |      0 |    0 |          0 |
|         mul                    |                               MulRecFN__200 |        177 |        177 |       0 |    0 |      0 |      0 |      0 |    0 |          2 |
|           (mul)                |                               MulRecFN__200 |          5 |          5 |       0 |    0 |      0 |      0 |      0 |    0 |          0 |
|           mulRawFN             |                               MulRawFN__200 |         12 |         12 |       0 |    0 |      0 |      0 |      0 |    0 |          2 |
|           roundRawFNToRecFN    |               RoundRawFNToRecFN_e8_s24__390 |        160 |        160 |       0 |    0 |      0 |      0 |      0 |    0 |          0 |
|       mul_3                    |                                Fp32Mul__199 |        377 |        377 |       0 |    0 |      0 |      0 |      0 |    0 |          2 |
|         (mul_3)                |                                Fp32Mul__199 |        200 |        200 |       0 |    0 |      0 |      0 |      0 |    0 |          0 |
|         mul                    |                               MulRecFN__199 |        177 |        177 |       0 |    0 |      0 |      0 |      0 |    0 |          2 |
|           (mul)                |                               MulRecFN__199 |          5 |          5 |       0 |    0 |      0 |      0 |      0 |    0 |          0 |
|           mulRawFN             |                               MulRawFN__199 |         12 |         12 |       0 |    0 |      0 |      0 |      0 |    0 |          2 |
|           roundRawFNToRecFN    |               RoundRawFNToRecFN_e8_s24__389 |        160 |        160 |       0 |    0 |      0 |      0 |      0 |    0 |          0 |
|       mul_4                    |                                Fp32Mul__198 |        377 |        377 |       0 |    0 |      0 |      0 |      0 |    0 |          2 |
|         (mul_4)                |                                Fp32Mul__198 |        200 |        200 |       0 |    0 |      0 |      0 |      0 |    0 |          0 |
|         mul                    |                               MulRecFN__198 |        177 |        177 |       0 |    0 |      0 |      0 |      0 |    0 |          2 |
|           (mul)                |                               MulRecFN__198 |          5 |          5 |       0 |    0 |      0 |      0 |      0 |    0 |          0 |
|           mulRawFN             |                               MulRawFN__198 |         12 |         12 |       0 |    0 |      0 |      0 |      0 |    0 |          2 |
|           roundRawFNToRecFN    |               RoundRawFNToRecFN_e8_s24__388 |        160 |        160 |       0 |    0 |      0 |      0 |      0 |    0 |          0 |
|       mul_5                    |                                Fp32Mul__197 |        377 |        377 |       0 |    0 |      0 |      0 |      0 |    0 |          2 |
|         (mul_5)                |                                Fp32Mul__197 |        200 |        200 |       0 |    0 |      0 |      0 |      0 |    0 |          0 |
|         mul                    |                               MulRecFN__197 |        177 |        177 |       0 |    0 |      0 |      0 |      0 |    0 |          2 |
|           (mul)                |                               MulRecFN__197 |          5 |          5 |       0 |    0 |      0 |      0 |      0 |    0 |          0 |
|           mulRawFN             |                               MulRawFN__197 |         12 |         12 |       0 |    0 |      0 |      0 |      0 |    0 |          2 |
|           roundRawFNToRecFN    |               RoundRawFNToRecFN_e8_s24__387 |        160 |        160 |       0 |    0 |      0 |      0 |      0 |    0 |          0 |
|       mul_6                    |                                Fp32Mul__196 |        377 |        377 |       0 |    0 |      0 |      0 |      0 |    0 |          2 |
|         (mul_6)                |                                Fp32Mul__196 |        200 |        200 |       0 |    0 |      0 |      0 |      0 |    0 |          0 |
|         mul                    |                               MulRecFN__196 |        177 |        177 |       0 |    0 |      0 |      0 |      0 |    0 |          2 |
|           (mul)                |                               MulRecFN__196 |          5 |          5 |       0 |    0 |      0 |      0 |      0 |    0 |          0 |
|           mulRawFN             |                               MulRawFN__196 |         12 |         12 |       0 |    0 |      0 |      0 |      0 |    0 |          2 |
|           roundRawFNToRecFN    |               RoundRawFNToRecFN_e8_s24__386 |        160 |        160 |       0 |    0 |      0 |      0 |      0 |    0 |          0 |
|       mul_7                    |                                Fp32Mul__195 |        377 |        377 |       0 |    0 |      0 |      0 |      0 |    0 |          2 |
|         (mul_7)                |                                Fp32Mul__195 |        200 |        200 |       0 |    0 |      0 |      0 |      0 |    0 |          0 |
|         mul                    |                               MulRecFN__195 |        177 |        177 |       0 |    0 |      0 |      0 |      0 |    0 |          2 |
|           (mul)                |                               MulRecFN__195 |          5 |          5 |       0 |    0 |      0 |      0 |      0 |    0 |          0 |
|           mulRawFN             |                               MulRawFN__195 |         12 |         12 |       0 |    0 |      0 |      0 |      0 |    0 |          2 |
|           roundRawFNToRecFN    |               RoundRawFNToRecFN_e8_s24__385 |        160 |        160 |       0 |    0 |      0 |      0 |      0 |    0 |          0 |
|       mul_8                    |                                Fp32Mul__194 |        377 |        377 |       0 |    0 |      0 |      0 |      0 |    0 |          2 |
|         (mul_8)                |                                Fp32Mul__194 |        200 |        200 |       0 |    0 |      0 |      0 |      0 |    0 |          0 |
|         mul                    |                               MulRecFN__194 |        177 |        177 |       0 |    0 |      0 |      0 |      0 |    0 |          2 |
|           (mul)                |                               MulRecFN__194 |          5 |          5 |       0 |    0 |      0 |      0 |      0 |    0 |          0 |
|           mulRawFN             |                               MulRawFN__194 |         12 |         12 |       0 |    0 |      0 |      0 |      0 |    0 |          2 |
|           roundRawFNToRecFN    |               RoundRawFNToRecFN_e8_s24__384 |        160 |        160 |       0 |    0 |      0 |      0 |      0 |    0 |          0 |
|       mul_9                    |                                Fp32Mul__193 |        377 |        377 |       0 |    0 |      0 |      0 |      0 |    0 |          2 |
|         (mul_9)                |                                Fp32Mul__193 |        200 |        200 |       0 |    0 |      0 |      0 |      0 |    0 |          0 |
|         mul                    |                               MulRecFN__193 |        177 |        177 |       0 |    0 |      0 |      0 |      0 |    0 |          2 |
|           (mul)                |                               MulRecFN__193 |          5 |          5 |       0 |    0 |      0 |      0 |      0 |    0 |          0 |
|           mulRawFN             |                               MulRawFN__193 |         12 |         12 |       0 |    0 |      0 |      0 |      0 |    0 |          2 |
|           roundRawFNToRecFN    |               RoundRawFNToRecFN_e8_s24__383 |        160 |        160 |       0 |    0 |      0 |      0 |      0 |    0 |          0 |
|       sum                      |                              Fp32LaneSum__2 |      10571 |      10571 |       0 |    0 |      0 |      0 |      0 |    0 |          0 |
|         add01                  |                                 Fp32Add__13 |        961 |        961 |       0 |    0 |      0 |      0 |      0 |    0 |          0 |
|           (add01)              |                                 Fp32Add__13 |        284 |        284 |       0 |    0 |      0 |      0 |      0 |    0 |          0 |
|           add                  |                                AddRecFN__26 |        677 |        677 |       0 |    0 |      0 |      0 |      0 |    0 |          0 |
|         add0123                |                                 Fp32Add__19 |        961 |        961 |       0 |    0 |      0 |      0 |      0 |    0 |          0 |
|           (add0123)            |                                 Fp32Add__19 |        284 |        284 |       0 |    0 |      0 |      0 |      0 |    0 |          0 |
|           add                  |                                AddRecFN__32 |        677 |        677 |       0 |    0 |      0 |      0 |      0 |    0 |          0 |
|         add0to7                |                                 Fp32Add__22 |        961 |        961 |       0 |    0 |      0 |      0 |      0 |    0 |          0 |
|           (add0to7)            |                                 Fp32Add__22 |        284 |        284 |       0 |    0 |      0 |      0 |      0 |    0 |          0 |
|           add                  |                                AddRecFN__35 |        677 |        677 |       0 |    0 |      0 |      0 |      0 |    0 |          0 |
|         add1011                |                                 Fp32Add__18 |        961 |        961 |       0 |    0 |      0 |      0 |      0 |    0 |          0 |
|           (add1011)            |                                 Fp32Add__18 |        284 |        284 |       0 |    0 |      0 |      0 |      0 |    0 |          0 |
|           add                  |                                AddRecFN__31 |        677 |        677 |       0 |    0 |      0 |      0 |      0 |    0 |          0 |
|         add23                  |                                 Fp32Add__14 |        961 |        961 |       0 |    0 |      0 |      0 |      0 |    0 |          0 |
|           (add23)              |                                 Fp32Add__14 |        284 |        284 |       0 |    0 |      0 |      0 |      0 |    0 |          0 |
|           add                  |                                AddRecFN__27 |        677 |        677 |       0 |    0 |      0 |      0 |      0 |    0 |          0 |
|         add45                  |                                 Fp32Add__15 |        961 |        961 |       0 |    0 |      0 |      0 |      0 |    0 |          0 |
|           (add45)              |                                 Fp32Add__15 |        284 |        284 |       0 |    0 |      0 |      0 |      0 |    0 |          0 |
|           add                  |                                AddRecFN__28 |        677 |        677 |       0 |    0 |      0 |      0 |      0 |    0 |          0 |
|         add4567                |                                 Fp32Add__20 |        961 |        961 |       0 |    0 |      0 |      0 |      0 |    0 |          0 |
|           (add4567)            |                                 Fp32Add__20 |        284 |        284 |       0 |    0 |      0 |      0 |      0 |    0 |          0 |
|           add                  |                                AddRecFN__33 |        677 |        677 |       0 |    0 |      0 |      0 |      0 |    0 |          0 |
|         add67                  |                                 Fp32Add__16 |        961 |        961 |       0 |    0 |      0 |      0 |      0 |    0 |          0 |
|           (add67)              |                                 Fp32Add__16 |        284 |        284 |       0 |    0 |      0 |      0 |      0 |    0 |          0 |
|           add                  |                                AddRecFN__29 |        677 |        677 |       0 |    0 |      0 |      0 |      0 |    0 |          0 |
|         add89                  |                                 Fp32Add__17 |        961 |        961 |       0 |    0 |      0 |      0 |      0 |    0 |          0 |
|           (add89)              |                                 Fp32Add__17 |        284 |        284 |       0 |    0 |      0 |      0 |      0 |    0 |          0 |
|           add                  |                                AddRecFN__30 |        677 |        677 |       0 |    0 |      0 |      0 |      0 |    0 |          0 |
|         add891011              |                                 Fp32Add__21 |        961 |        961 |       0 |    0 |      0 |      0 |      0 |    0 |          0 |
|           (add891011)          |                                 Fp32Add__21 |        284 |        284 |       0 |    0 |      0 |      0 |      0 |    0 |          0 |
|           add                  |                                AddRecFN__34 |        677 |        677 |       0 |    0 |      0 |      0 |      0 |    0 |          0 |
|         addAll                 |                                 Fp32Add__23 |        961 |        961 |       0 |    0 |      0 |      0 |      0 |    0 |          0 |
|           (addAll)             |                                 Fp32Add__23 |        284 |        284 |       0 |    0 |      0 |      0 |      0 |    0 |          0 |
|           add                  |                                AddRecFN__36 |        677 |        677 |       0 |    0 |      0 |      0 |      0 |    0 |          0 |
|     laneSum                    |                              Fp32LaneSum__3 |      10571 |      10571 |       0 |    0 |      0 |      0 |      0 |    0 |          0 |
|       add01                    |                                  Fp32Add__2 |        961 |        961 |       0 |    0 |      0 |      0 |      0 |    0 |          0 |
|         (add01)                |                                  Fp32Add__2 |        284 |        284 |       0 |    0 |      0 |      0 |      0 |    0 |          0 |
|         add                    |                                AddRecFN__15 |        677 |        677 |       0 |    0 |      0 |      0 |      0 |    0 |          0 |
|           (add)                |                                AddRecFN__15 |          5 |          5 |       0 |    0 |      0 |      0 |      0 |    0 |          0 |
|           addRawFN             |                                AddRawFN__15 |        471 |        471 |       0 |    0 |      0 |      0 |      0 |    0 |          0 |
|           roundRawFNToRecFN    |               RoundRawFNToRecFN_e8_s24__198 |        201 |        201 |       0 |    0 |      0 |      0 |      0 |    0 |          0 |
|       add0123                  |                                  Fp32Add__8 |        961 |        961 |       0 |    0 |      0 |      0 |      0 |    0 |          0 |
|         (add0123)              |                                  Fp32Add__8 |        284 |        284 |       0 |    0 |      0 |      0 |      0 |    0 |          0 |
|         add                    |                                AddRecFN__21 |        677 |        677 |       0 |    0 |      0 |      0 |      0 |    0 |          0 |
|           (add)                |                                AddRecFN__21 |          5 |          5 |       0 |    0 |      0 |      0 |      0 |    0 |          0 |
|           addRawFN             |                                AddRawFN__21 |        471 |        471 |       0 |    0 |      0 |      0 |      0 |    0 |          0 |
|           roundRawFNToRecFN    |               RoundRawFNToRecFN_e8_s24__204 |        201 |        201 |       0 |    0 |      0 |      0 |      0 |    0 |          0 |
|       add0to7                  |                                 Fp32Add__11 |        961 |        961 |       0 |    0 |      0 |      0 |      0 |    0 |          0 |
|         (add0to7)              |                                 Fp32Add__11 |        284 |        284 |       0 |    0 |      0 |      0 |      0 |    0 |          0 |
|         add                    |                                AddRecFN__24 |        677 |        677 |       0 |    0 |      0 |      0 |      0 |    0 |          0 |
|           (add)                |                                AddRecFN__24 |          5 |          5 |       0 |    0 |      0 |      0 |      0 |    0 |          0 |
|           addRawFN             |                                AddRawFN__24 |        471 |        471 |       0 |    0 |      0 |      0 |      0 |    0 |          0 |
|           roundRawFNToRecFN    |               RoundRawFNToRecFN_e8_s24__207 |        201 |        201 |       0 |    0 |      0 |      0 |      0 |    0 |          0 |
|       add1011                  |                                  Fp32Add__7 |        961 |        961 |       0 |    0 |      0 |      0 |      0 |    0 |          0 |
|         (add1011)              |                                  Fp32Add__7 |        284 |        284 |       0 |    0 |      0 |      0 |      0 |    0 |          0 |
|         add                    |                                AddRecFN__20 |        677 |        677 |       0 |    0 |      0 |      0 |      0 |    0 |          0 |
|           (add)                |                                AddRecFN__20 |          5 |          5 |       0 |    0 |      0 |      0 |      0 |    0 |          0 |
|           addRawFN             |                                AddRawFN__20 |        471 |        471 |       0 |    0 |      0 |      0 |      0 |    0 |          0 |
|           roundRawFNToRecFN    |               RoundRawFNToRecFN_e8_s24__203 |        201 |        201 |       0 |    0 |      0 |      0 |      0 |    0 |          0 |
|       add23                    |                                  Fp32Add__3 |        961 |        961 |       0 |    0 |      0 |      0 |      0 |    0 |          0 |
|         (add23)                |                                  Fp32Add__3 |        284 |        284 |       0 |    0 |      0 |      0 |      0 |    0 |          0 |
|         add                    |                                AddRecFN__16 |        677 |        677 |       0 |    0 |      0 |      0 |      0 |    0 |          0 |
|           (add)                |                                AddRecFN__16 |          5 |          5 |       0 |    0 |      0 |      0 |      0 |    0 |          0 |
|           addRawFN             |                                AddRawFN__16 |        471 |        471 |       0 |    0 |      0 |      0 |      0 |    0 |          0 |
|           roundRawFNToRecFN    |               RoundRawFNToRecFN_e8_s24__199 |        201 |        201 |       0 |    0 |      0 |      0 |      0 |    0 |          0 |
|       add45                    |                                  Fp32Add__4 |        961 |        961 |       0 |    0 |      0 |      0 |      0 |    0 |          0 |
|         (add45)                |                                  Fp32Add__4 |        284 |        284 |       0 |    0 |      0 |      0 |      0 |    0 |          0 |
|         add                    |                                AddRecFN__17 |        677 |        677 |       0 |    0 |      0 |      0 |      0 |    0 |          0 |
|           (add)                |                                AddRecFN__17 |          5 |          5 |       0 |    0 |      0 |      0 |      0 |    0 |          0 |
|           addRawFN             |                                AddRawFN__17 |        471 |        471 |       0 |    0 |      0 |      0 |      0 |    0 |          0 |
|           roundRawFNToRecFN    |               RoundRawFNToRecFN_e8_s24__200 |        201 |        201 |       0 |    0 |      0 |      0 |      0 |    0 |          0 |
|       add4567                  |                                  Fp32Add__9 |        961 |        961 |       0 |    0 |      0 |      0 |      0 |    0 |          0 |
|         (add4567)              |                                  Fp32Add__9 |        284 |        284 |       0 |    0 |      0 |      0 |      0 |    0 |          0 |
|         add                    |                                AddRecFN__22 |        677 |        677 |       0 |    0 |      0 |      0 |      0 |    0 |          0 |
|           (add)                |                                AddRecFN__22 |          5 |          5 |       0 |    0 |      0 |      0 |      0 |    0 |          0 |
|           addRawFN             |                                AddRawFN__22 |        471 |        471 |       0 |    0 |      0 |      0 |      0 |    0 |          0 |
|           roundRawFNToRecFN    |               RoundRawFNToRecFN_e8_s24__205 |        201 |        201 |       0 |    0 |      0 |      0 |      0 |    0 |          0 |
|       add67                    |                                  Fp32Add__5 |        961 |        961 |       0 |    0 |      0 |      0 |      0 |    0 |          0 |
|         (add67)                |                                  Fp32Add__5 |        284 |        284 |       0 |    0 |      0 |      0 |      0 |    0 |          0 |
|         add                    |                                AddRecFN__18 |        677 |        677 |       0 |    0 |      0 |      0 |      0 |    0 |          0 |
|           (add)                |                                AddRecFN__18 |          5 |          5 |       0 |    0 |      0 |      0 |      0 |    0 |          0 |
|           addRawFN             |                                AddRawFN__18 |        471 |        471 |       0 |    0 |      0 |      0 |      0 |    0 |          0 |
|           roundRawFNToRecFN    |               RoundRawFNToRecFN_e8_s24__201 |        201 |        201 |       0 |    0 |      0 |      0 |      0 |    0 |          0 |
|       add89                    |                                  Fp32Add__6 |        961 |        961 |       0 |    0 |      0 |      0 |      0 |    0 |          0 |
|         (add89)                |                                  Fp32Add__6 |        284 |        284 |       0 |    0 |      0 |      0 |      0 |    0 |          0 |
|         add                    |                                AddRecFN__19 |        677 |        677 |       0 |    0 |      0 |      0 |      0 |    0 |          0 |
|           (add)                |                                AddRecFN__19 |          5 |          5 |       0 |    0 |      0 |      0 |      0 |    0 |          0 |
|           addRawFN             |                                AddRawFN__19 |        471 |        471 |       0 |    0 |      0 |      0 |      0 |    0 |          0 |
|           roundRawFNToRecFN    |               RoundRawFNToRecFN_e8_s24__202 |        201 |        201 |       0 |    0 |      0 |      0 |      0 |    0 |          0 |
|       add891011                |                                 Fp32Add__10 |        961 |        961 |       0 |    0 |      0 |      0 |      0 |    0 |          0 |
|         (add891011)            |                                 Fp32Add__10 |        284 |        284 |       0 |    0 |      0 |      0 |      0 |    0 |          0 |
|         add                    |                                AddRecFN__23 |        677 |        677 |       0 |    0 |      0 |      0 |      0 |    0 |          0 |
|           (add)                |                                AddRecFN__23 |          5 |          5 |       0 |    0 |      0 |      0 |      0 |    0 |          0 |
|           addRawFN             |                                AddRawFN__23 |        471 |        471 |       0 |    0 |      0 |      0 |      0 |    0 |          0 |
|           roundRawFNToRecFN    |               RoundRawFNToRecFN_e8_s24__206 |        201 |        201 |       0 |    0 |      0 |      0 |      0 |    0 |          0 |
|       addAll                   |                                 Fp32Add__12 |        961 |        961 |       0 |    0 |      0 |      0 |      0 |    0 |          0 |
|         (addAll)               |                                 Fp32Add__12 |        284 |        284 |       0 |    0 |      0 |      0 |      0 |    0 |          0 |
|         add                    |                                AddRecFN__25 |        677 |        677 |       0 |    0 |      0 |      0 |      0 |    0 |          0 |
|           (add)                |                                AddRecFN__25 |          5 |          5 |       0 |    0 |      0 |      0 |      0 |    0 |          0 |
|           addRawFN             |                                AddRawFN__25 |        471 |        471 |       0 |    0 |      0 |      0 |      0 |    0 |          0 |
|           roundRawFNToRecFN    |               RoundRawFNToRecFN_e8_s24__208 |        201 |        201 |       0 |    0 |      0 |      0 |      0 |    0 |          0 |
|     meanMul                    |                                Fp32Mul__181 |        403 |        403 |       0 |    0 |      0 |      0 |      0 |    0 |          2 |
|       (meanMul)                |                                Fp32Mul__181 |        195 |        195 |       0 |    0 |      0 |      0 |      0 |    0 |          0 |
|       mul                      |                               MulRecFN__181 |        208 |        208 |       0 |    0 |      0 |      0 |      0 |    0 |          2 |
|         (mul)                  |                               MulRecFN__181 |          3 |          3 |       0 |    0 |      0 |      0 |      0 |    0 |          0 |
|         mulRawFN               |                               MulRawFN__181 |         13 |         13 |       0 |    0 |      0 |      0 |      0 |    0 |          2 |
|           (mulRawFN)           |                               MulRawFN__181 |          5 |          5 |       0 |    0 |      0 |      0 |      0 |    0 |          0 |
|           mulFullRaw           |                           MulFullRawFN__181 |          8 |          8 |       0 |    0 |      0 |      0 |      0 |    0 |          2 |
|         roundRawFNToRecFN      |               RoundRawFNToRecFN_e8_s24__247 |        192 |        192 |       0 |    0 |      0 |      0 |      0 |    0 |          0 |
|           (roundRawFNToRecFN)  |               RoundRawFNToRecFN_e8_s24__247 |          0 |          0 |       0 |    0 |      0 |      0 |      0 |    0 |          0 |
|           roundAnyRawFNToRecFN | RoundAnyRawFNToRecFN_ie8_is26_oe8_os24__247 |        192 |        192 |       0 |    0 |      0 |      0 |      0 |    0 |          0 |
|     meanPow2                   |                                Fp32Mul__183 |        380 |        380 |       0 |    0 |      0 |      0 |      0 |    0 |          2 |
|       (meanPow2)               |                                Fp32Mul__183 |        203 |        203 |       0 |    0 |      0 |      0 |      0 |    0 |          0 |
|       mul                      |                               MulRecFN__183 |        177 |        177 |       0 |    0 |      0 |      0 |      0 |    0 |          2 |
|         (mul)                  |                               MulRecFN__183 |          5 |          5 |       0 |    0 |      0 |      0 |      0 |    0 |          0 |
|         mulRawFN               |                               MulRawFN__183 |         12 |         12 |       0 |    0 |      0 |      0 |      0 |    0 |          2 |
|           (mulRawFN)           |                               MulRawFN__183 |          5 |          5 |       0 |    0 |      0 |      0 |      0 |    0 |          0 |
|           mulFullRaw           |                           MulFullRawFN__183 |          7 |          7 |       0 |    0 |      0 |      0 |      0 |    0 |          2 |
|         roundRawFNToRecFN      |               RoundRawFNToRecFN_e8_s24__249 |        160 |        160 |       0 |    0 |      0 |      0 |      0 |    0 |          0 |
|           (roundRawFNToRecFN)  |               RoundRawFNToRecFN_e8_s24__249 |          0 |          0 |       0 |    0 |      0 |      0 |      0 |    0 |          0 |
|           roundAnyRawFNToRecFN | RoundAnyRawFNToRecFN_ie8_is26_oe8_os24__249 |        160 |        160 |       0 |    0 |      0 |      0 |      0 |    0 |          0 |
|     meanSqMul                  |                                Fp32Mul__182 |        405 |        405 |       0 |    0 |      0 |      0 |      0 |    0 |          2 |
|       (meanSqMul)              |                                Fp32Mul__182 |        197 |        197 |       0 |    0 |      0 |      0 |      0 |    0 |          0 |
|       mul                      |                               MulRecFN__182 |        208 |        208 |       0 |    0 |      0 |      0 |      0 |    0 |          2 |
|         (mul)                  |                               MulRecFN__182 |          3 |          3 |       0 |    0 |      0 |      0 |      0 |    0 |          0 |
|         mulRawFN               |                               MulRawFN__182 |         13 |         13 |       0 |    0 |      0 |      0 |      0 |    0 |          2 |
|           (mulRawFN)           |                               MulRawFN__182 |          5 |          5 |       0 |    0 |      0 |      0 |      0 |    0 |          0 |
|           mulFullRaw           |                           MulFullRawFN__182 |          8 |          8 |       0 |    0 |      0 |      0 |      0 |    0 |          2 |
|         roundRawFNToRecFN      |               RoundRawFNToRecFN_e8_s24__248 |        192 |        192 |       0 |    0 |      0 |      0 |      0 |    0 |          0 |
|           (roundRawFNToRecFN)  |               RoundRawFNToRecFN_e8_s24__248 |          0 |          0 |       0 |    0 |      0 |      0 |      0 |    0 |          0 |
|           roundAnyRawFNToRecFN | RoundAnyRawFNToRecFN_ie8_is26_oe8_os24__248 |        192 |        192 |       0 |    0 |      0 |      0 |      0 |    0 |          0 |
|     quant                      |                   Fp32QuantizeToInt8Pack__1 |      19586 |      19586 |       0 |    0 |      0 |      0 |      0 |    0 |         24 |
|       (quant)                  |                   Fp32QuantizeToInt8Pack__1 |          0 |          0 |       0 |    0 |      0 |      0 |      0 |    0 |          0 |
|       add                      |                                 Fp32Add__39 |        961 |        961 |       0 |    0 |      0 |      0 |      0 |    0 |          0 |
|         (add)                  |                                 Fp32Add__39 |        284 |        284 |       0 |    0 |      0 |      0 |      0 |    0 |          0 |
|         add                    |                                AddRecFN__52 |        677 |        677 |       0 |    0 |      0 |      0 |      0 |    0 |          0 |
|           (add)                |                                AddRecFN__52 |          5 |          5 |       0 |    0 |      0 |      0 |      0 |    0 |          0 |
|           addRawFN             |                                AddRawFN__52 |        471 |        471 |       0 |    0 |      0 |      0 |      0 |    0 |          0 |
|           roundRawFNToRecFN    |               RoundRawFNToRecFN_e8_s24__235 |        201 |        201 |       0 |    0 |      0 |      0 |      0 |    0 |          0 |
|       add_1                    |                                 Fp32Add__40 |        961 |        961 |       0 |    0 |      0 |      0 |      0 |    0 |          0 |
|         (add_1)                |                                 Fp32Add__40 |        284 |        284 |       0 |    0 |      0 |      0 |      0 |    0 |          0 |
|         add                    |                                AddRecFN__53 |        677 |        677 |       0 |    0 |      0 |      0 |      0 |    0 |          0 |
|           (add)                |                                AddRecFN__53 |          5 |          5 |       0 |    0 |      0 |      0 |      0 |    0 |          0 |
|           addRawFN             |                                AddRawFN__53 |        471 |        471 |       0 |    0 |      0 |      0 |      0 |    0 |          0 |
|           roundRawFNToRecFN    |               RoundRawFNToRecFN_e8_s24__236 |        201 |        201 |       0 |    0 |      0 |      0 |      0 |    0 |          0 |
|       add_10                   |                                 Fp32Add__49 |        961 |        961 |       0 |    0 |      0 |      0 |      0 |    0 |          0 |
|         (add_10)               |                                 Fp32Add__49 |        284 |        284 |       0 |    0 |      0 |      0 |      0 |    0 |          0 |
|         add                    |                                AddRecFN__62 |        677 |        677 |       0 |    0 |      0 |      0 |      0 |    0 |          0 |
|           (add)                |                                AddRecFN__62 |          5 |          5 |       0 |    0 |      0 |      0 |      0 |    0 |          0 |
|           addRawFN             |                                AddRawFN__62 |        471 |        471 |       0 |    0 |      0 |      0 |      0 |    0 |          0 |
|           roundRawFNToRecFN    |               RoundRawFNToRecFN_e8_s24__245 |        201 |        201 |       0 |    0 |      0 |      0 |      0 |    0 |          0 |
|       add_11                   |                                 Fp32Add__50 |        961 |        961 |       0 |    0 |      0 |      0 |      0 |    0 |          0 |
|         (add_11)               |                                 Fp32Add__50 |        284 |        284 |       0 |    0 |      0 |      0 |      0 |    0 |          0 |
|         add                    |                                AddRecFN__63 |        677 |        677 |       0 |    0 |      0 |      0 |      0 |    0 |          0 |
|           (add)                |                                AddRecFN__63 |          5 |          5 |       0 |    0 |      0 |      0 |      0 |    0 |          0 |
|           addRawFN             |                                AddRawFN__63 |        471 |        471 |       0 |    0 |      0 |      0 |      0 |    0 |          0 |
|           roundRawFNToRecFN    |               RoundRawFNToRecFN_e8_s24__246 |        201 |        201 |       0 |    0 |      0 |      0 |      0 |    0 |          0 |
|       add_2                    |                                 Fp32Add__41 |        961 |        961 |       0 |    0 |      0 |      0 |      0 |    0 |          0 |
|         (add_2)                |                                 Fp32Add__41 |        284 |        284 |       0 |    0 |      0 |      0 |      0 |    0 |          0 |
|         add                    |                                AddRecFN__54 |        677 |        677 |       0 |    0 |      0 |      0 |      0 |    0 |          0 |
|           (add)                |                                AddRecFN__54 |          5 |          5 |       0 |    0 |      0 |      0 |      0 |    0 |          0 |
|           addRawFN             |                                AddRawFN__54 |        471 |        471 |       0 |    0 |      0 |      0 |      0 |    0 |          0 |
|           roundRawFNToRecFN    |               RoundRawFNToRecFN_e8_s24__237 |        201 |        201 |       0 |    0 |      0 |      0 |      0 |    0 |          0 |
|       add_3                    |                                 Fp32Add__42 |        961 |        961 |       0 |    0 |      0 |      0 |      0 |    0 |          0 |
|         (add_3)                |                                 Fp32Add__42 |        284 |        284 |       0 |    0 |      0 |      0 |      0 |    0 |          0 |
|         add                    |                                AddRecFN__55 |        677 |        677 |       0 |    0 |      0 |      0 |      0 |    0 |          0 |
|           (add)                |                                AddRecFN__55 |          5 |          5 |       0 |    0 |      0 |      0 |      0 |    0 |          0 |
|           addRawFN             |                                AddRawFN__55 |        471 |        471 |       0 |    0 |      0 |      0 |      0 |    0 |          0 |
|           roundRawFNToRecFN    |               RoundRawFNToRecFN_e8_s24__238 |        201 |        201 |       0 |    0 |      0 |      0 |      0 |    0 |          0 |
|       add_4                    |                                 Fp32Add__43 |        961 |        961 |       0 |    0 |      0 |      0 |      0 |    0 |          0 |
|         (add_4)                |                                 Fp32Add__43 |        284 |        284 |       0 |    0 |      0 |      0 |      0 |    0 |          0 |
|         add                    |                                AddRecFN__56 |        677 |        677 |       0 |    0 |      0 |      0 |      0 |    0 |          0 |
|           (add)                |                                AddRecFN__56 |          5 |          5 |       0 |    0 |      0 |      0 |      0 |    0 |          0 |
|           addRawFN             |                                AddRawFN__56 |        471 |        471 |       0 |    0 |      0 |      0 |      0 |    0 |          0 |
|           roundRawFNToRecFN    |               RoundRawFNToRecFN_e8_s24__239 |        201 |        201 |       0 |    0 |      0 |      0 |      0 |    0 |          0 |
|       add_5                    |                                 Fp32Add__44 |        961 |        961 |       0 |    0 |      0 |      0 |      0 |    0 |          0 |
|         (add_5)                |                                 Fp32Add__44 |        284 |        284 |       0 |    0 |      0 |      0 |      0 |    0 |          0 |
|         add                    |                                AddRecFN__57 |        677 |        677 |       0 |    0 |      0 |      0 |      0 |    0 |          0 |
|           (add)                |                                AddRecFN__57 |          5 |          5 |       0 |    0 |      0 |      0 |      0 |    0 |          0 |
|           addRawFN             |                                AddRawFN__57 |        471 |        471 |       0 |    0 |      0 |      0 |      0 |    0 |          0 |
|           roundRawFNToRecFN    |               RoundRawFNToRecFN_e8_s24__240 |        201 |        201 |       0 |    0 |      0 |      0 |      0 |    0 |          0 |
|       add_6                    |                                 Fp32Add__45 |        961 |        961 |       0 |    0 |      0 |      0 |      0 |    0 |          0 |
|         (add_6)                |                                 Fp32Add__45 |        284 |        284 |       0 |    0 |      0 |      0 |      0 |    0 |          0 |
|         add                    |                                AddRecFN__58 |        677 |        677 |       0 |    0 |      0 |      0 |      0 |    0 |          0 |
|           (add)                |                                AddRecFN__58 |          5 |          5 |       0 |    0 |      0 |      0 |      0 |    0 |          0 |
|           addRawFN             |                                AddRawFN__58 |        471 |        471 |       0 |    0 |      0 |      0 |      0 |    0 |          0 |
|           roundRawFNToRecFN    |               RoundRawFNToRecFN_e8_s24__241 |        201 |        201 |       0 |    0 |      0 |      0 |      0 |    0 |          0 |
|       add_7                    |                                 Fp32Add__46 |        961 |        961 |       0 |    0 |      0 |      0 |      0 |    0 |          0 |
|         (add_7)                |                                 Fp32Add__46 |        284 |        284 |       0 |    0 |      0 |      0 |      0 |    0 |          0 |
|         add                    |                                AddRecFN__59 |        677 |        677 |       0 |    0 |      0 |      0 |      0 |    0 |          0 |
|           (add)                |                                AddRecFN__59 |          5 |          5 |       0 |    0 |      0 |      0 |      0 |    0 |          0 |
|           addRawFN             |                                AddRawFN__59 |        471 |        471 |       0 |    0 |      0 |      0 |      0 |    0 |          0 |
|           roundRawFNToRecFN    |               RoundRawFNToRecFN_e8_s24__242 |        201 |        201 |       0 |    0 |      0 |      0 |      0 |    0 |          0 |
|       add_8                    |                                 Fp32Add__47 |        961 |        961 |       0 |    0 |      0 |      0 |      0 |    0 |          0 |
|         (add_8)                |                                 Fp32Add__47 |        284 |        284 |       0 |    0 |      0 |      0 |      0 |    0 |          0 |
|         add                    |                                AddRecFN__60 |        677 |        677 |       0 |    0 |      0 |      0 |      0 |    0 |          0 |
|           (add)                |                                AddRecFN__60 |          5 |          5 |       0 |    0 |      0 |      0 |      0 |    0 |          0 |
|           addRawFN             |                                AddRawFN__60 |        471 |        471 |       0 |    0 |      0 |      0 |      0 |    0 |          0 |
|           roundRawFNToRecFN    |               RoundRawFNToRecFN_e8_s24__243 |        201 |        201 |       0 |    0 |      0 |      0 |      0 |    0 |          0 |
|       add_9                    |                                 Fp32Add__48 |        961 |        961 |       0 |    0 |      0 |      0 |      0 |    0 |          0 |
|         (add_9)                |                                 Fp32Add__48 |        284 |        284 |       0 |    0 |      0 |      0 |      0 |    0 |          0 |
|         add                    |                                AddRecFN__61 |        677 |        677 |       0 |    0 |      0 |      0 |      0 |    0 |          0 |
|           (add)                |                                AddRecFN__61 |          5 |          5 |       0 |    0 |      0 |      0 |      0 |    0 |          0 |
|           addRawFN             |                                AddRawFN__61 |        471 |        471 |       0 |    0 |      0 |      0 |      0 |    0 |          0 |
|           roundRawFNToRecFN    |               RoundRawFNToRecFN_e8_s24__244 |        201 |        201 |       0 |    0 |      0 |      0 |      0 |    0 |          0 |
|       mul                      |                                Fp32Mul__238 |        502 |        502 |       0 |    0 |      0 |      0 |      0 |    0 |          2 |
|         (mul)                  |                                Fp32Mul__238 |        284 |        284 |       0 |    0 |      0 |      0 |      0 |    0 |          0 |
|         mul                    |                               MulRecFN__238 |        218 |        218 |       0 |    0 |      0 |      0 |      0 |    0 |          2 |
|           (mul)                |                               MulRecFN__238 |          5 |          5 |       0 |    0 |      0 |      0 |      0 |    0 |          0 |
|           mulRawFN             |                               MulRawFN__238 |         21 |         21 |       0 |    0 |      0 |      0 |      0 |    0 |          2 |
|           roundRawFNToRecFN    |               RoundRawFNToRecFN_e8_s24__440 |        192 |        192 |       0 |    0 |      0 |      0 |      0 |    0 |          0 |
|       mul_1                    |                                Fp32Mul__237 |        502 |        502 |       0 |    0 |      0 |      0 |      0 |    0 |          2 |
|         (mul_1)                |                                Fp32Mul__237 |        284 |        284 |       0 |    0 |      0 |      0 |      0 |    0 |          0 |
|         mul                    |                               MulRecFN__237 |        218 |        218 |       0 |    0 |      0 |      0 |      0 |    0 |          2 |
|           (mul)                |                               MulRecFN__237 |          5 |          5 |       0 |    0 |      0 |      0 |      0 |    0 |          0 |
|           mulRawFN             |                               MulRawFN__237 |         21 |         21 |       0 |    0 |      0 |      0 |      0 |    0 |          2 |
|           roundRawFNToRecFN    |               RoundRawFNToRecFN_e8_s24__439 |        192 |        192 |       0 |    0 |      0 |      0 |      0 |    0 |          0 |
|       mul_10                   |                                Fp32Mul__228 |        502 |        502 |       0 |    0 |      0 |      0 |      0 |    0 |          2 |
|         (mul_10)               |                                Fp32Mul__228 |        284 |        284 |       0 |    0 |      0 |      0 |      0 |    0 |          0 |
|         mul                    |                               MulRecFN__228 |        218 |        218 |       0 |    0 |      0 |      0 |      0 |    0 |          2 |
|           (mul)                |                               MulRecFN__228 |          5 |          5 |       0 |    0 |      0 |      0 |      0 |    0 |          0 |
|           mulRawFN             |                               MulRawFN__228 |         21 |         21 |       0 |    0 |      0 |      0 |      0 |    0 |          2 |
|           roundRawFNToRecFN    |               RoundRawFNToRecFN_e8_s24__430 |        192 |        192 |       0 |    0 |      0 |      0 |      0 |    0 |          0 |
|       mul_11                   |                                Fp32Mul__227 |        502 |        502 |       0 |    0 |      0 |      0 |      0 |    0 |          2 |
|         (mul_11)               |                                Fp32Mul__227 |        284 |        284 |       0 |    0 |      0 |      0 |      0 |    0 |          0 |
|         mul                    |                               MulRecFN__227 |        218 |        218 |       0 |    0 |      0 |      0 |      0 |    0 |          2 |
|           (mul)                |                               MulRecFN__227 |          5 |          5 |       0 |    0 |      0 |      0 |      0 |    0 |          0 |
|           mulRawFN             |                               MulRawFN__227 |         21 |         21 |       0 |    0 |      0 |      0 |      0 |    0 |          2 |
|           roundRawFNToRecFN    |               RoundRawFNToRecFN_e8_s24__429 |        192 |        192 |       0 |    0 |      0 |      0 |      0 |    0 |          0 |
|       mul_2                    |                                Fp32Mul__236 |        502 |        502 |       0 |    0 |      0 |      0 |      0 |    0 |          2 |
|         (mul_2)                |                                Fp32Mul__236 |        284 |        284 |       0 |    0 |      0 |      0 |      0 |    0 |          0 |
|         mul                    |                               MulRecFN__236 |        218 |        218 |       0 |    0 |      0 |      0 |      0 |    0 |          2 |
|           (mul)                |                               MulRecFN__236 |          5 |          5 |       0 |    0 |      0 |      0 |      0 |    0 |          0 |
|           mulRawFN             |                               MulRawFN__236 |         21 |         21 |       0 |    0 |      0 |      0 |      0 |    0 |          2 |
|           roundRawFNToRecFN    |               RoundRawFNToRecFN_e8_s24__438 |        192 |        192 |       0 |    0 |      0 |      0 |      0 |    0 |          0 |
|       mul_3                    |                                Fp32Mul__235 |        502 |        502 |       0 |    0 |      0 |      0 |      0 |    0 |          2 |
|         (mul_3)                |                                Fp32Mul__235 |        284 |        284 |       0 |    0 |      0 |      0 |      0 |    0 |          0 |
|         mul                    |                               MulRecFN__235 |        218 |        218 |       0 |    0 |      0 |      0 |      0 |    0 |          2 |
|           (mul)                |                               MulRecFN__235 |          5 |          5 |       0 |    0 |      0 |      0 |      0 |    0 |          0 |
|           mulRawFN             |                               MulRawFN__235 |         21 |         21 |       0 |    0 |      0 |      0 |      0 |    0 |          2 |
|           roundRawFNToRecFN    |               RoundRawFNToRecFN_e8_s24__437 |        192 |        192 |       0 |    0 |      0 |      0 |      0 |    0 |          0 |
|       mul_4                    |                                Fp32Mul__234 |        502 |        502 |       0 |    0 |      0 |      0 |      0 |    0 |          2 |
|         (mul_4)                |                                Fp32Mul__234 |        284 |        284 |       0 |    0 |      0 |      0 |      0 |    0 |          0 |
|         mul                    |                               MulRecFN__234 |        218 |        218 |       0 |    0 |      0 |      0 |      0 |    0 |          2 |
|           (mul)                |                               MulRecFN__234 |          5 |          5 |       0 |    0 |      0 |      0 |      0 |    0 |          0 |
|           mulRawFN             |                               MulRawFN__234 |         21 |         21 |       0 |    0 |      0 |      0 |      0 |    0 |          2 |
|           roundRawFNToRecFN    |               RoundRawFNToRecFN_e8_s24__436 |        192 |        192 |       0 |    0 |      0 |      0 |      0 |    0 |          0 |
|       mul_5                    |                                Fp32Mul__233 |        502 |        502 |       0 |    0 |      0 |      0 |      0 |    0 |          2 |
|         (mul_5)                |                                Fp32Mul__233 |        284 |        284 |       0 |    0 |      0 |      0 |      0 |    0 |          0 |
|         mul                    |                               MulRecFN__233 |        218 |        218 |       0 |    0 |      0 |      0 |      0 |    0 |          2 |
|           (mul)                |                               MulRecFN__233 |          5 |          5 |       0 |    0 |      0 |      0 |      0 |    0 |          0 |
|           mulRawFN             |                               MulRawFN__233 |         21 |         21 |       0 |    0 |      0 |      0 |      0 |    0 |          2 |
|           roundRawFNToRecFN    |               RoundRawFNToRecFN_e8_s24__435 |        192 |        192 |       0 |    0 |      0 |      0 |      0 |    0 |          0 |
|       mul_6                    |                                Fp32Mul__232 |        502 |        502 |       0 |    0 |      0 |      0 |      0 |    0 |          2 |
|         (mul_6)                |                                Fp32Mul__232 |        284 |        284 |       0 |    0 |      0 |      0 |      0 |    0 |          0 |
|         mul                    |                               MulRecFN__232 |        218 |        218 |       0 |    0 |      0 |      0 |      0 |    0 |          2 |
|           (mul)                |                               MulRecFN__232 |          5 |          5 |       0 |    0 |      0 |      0 |      0 |    0 |          0 |
|           mulRawFN             |                               MulRawFN__232 |         21 |         21 |       0 |    0 |      0 |      0 |      0 |    0 |          2 |
|           roundRawFNToRecFN    |               RoundRawFNToRecFN_e8_s24__434 |        192 |        192 |       0 |    0 |      0 |      0 |      0 |    0 |          0 |
|       mul_7                    |                                Fp32Mul__231 |        502 |        502 |       0 |    0 |      0 |      0 |      0 |    0 |          2 |
|         (mul_7)                |                                Fp32Mul__231 |        284 |        284 |       0 |    0 |      0 |      0 |      0 |    0 |          0 |
|         mul                    |                               MulRecFN__231 |        218 |        218 |       0 |    0 |      0 |      0 |      0 |    0 |          2 |
|           (mul)                |                               MulRecFN__231 |          5 |          5 |       0 |    0 |      0 |      0 |      0 |    0 |          0 |
|           mulRawFN             |                               MulRawFN__231 |         21 |         21 |       0 |    0 |      0 |      0 |      0 |    0 |          2 |
|           roundRawFNToRecFN    |               RoundRawFNToRecFN_e8_s24__433 |        192 |        192 |       0 |    0 |      0 |      0 |      0 |    0 |          0 |
|       mul_8                    |                                Fp32Mul__230 |        502 |        502 |       0 |    0 |      0 |      0 |      0 |    0 |          2 |
|         (mul_8)                |                                Fp32Mul__230 |        284 |        284 |       0 |    0 |      0 |      0 |      0 |    0 |          0 |
|         mul                    |                               MulRecFN__230 |        218 |        218 |       0 |    0 |      0 |      0 |      0 |    0 |          2 |
|           (mul)                |                               MulRecFN__230 |          5 |          5 |       0 |    0 |      0 |      0 |      0 |    0 |          0 |
|           mulRawFN             |                               MulRawFN__230 |         21 |         21 |       0 |    0 |      0 |      0 |      0 |    0 |          2 |
|           roundRawFNToRecFN    |               RoundRawFNToRecFN_e8_s24__432 |        192 |        192 |       0 |    0 |      0 |      0 |      0 |    0 |          0 |
|       mul_9                    |                                Fp32Mul__229 |        502 |        502 |       0 |    0 |      0 |      0 |      0 |    0 |          2 |
|         (mul_9)                |                                Fp32Mul__229 |        284 |        284 |       0 |    0 |      0 |      0 |      0 |    0 |          0 |
|         mul                    |                               MulRecFN__229 |        218 |        218 |       0 |    0 |      0 |      0 |      0 |    0 |          2 |
|           (mul)                |                               MulRecFN__229 |          5 |          5 |       0 |    0 |      0 |      0 |      0 |    0 |          0 |
|           mulRawFN             |                               MulRawFN__229 |         21 |         21 |       0 |    0 |      0 |      0 |      0 |    0 |          2 |
|           roundRawFNToRecFN    |               RoundRawFNToRecFN_e8_s24__431 |        192 |        192 |       0 |    0 |      0 |      0 |      0 |    0 |          0 |
|       toInt                    |                              Fp32ToInt8__40 |        166 |        166 |       0 |    0 |      0 |      0 |      0 |    0 |          0 |
|         (toInt)                |                              Fp32ToInt8__40 |        105 |        105 |       0 |    0 |      0 |      0 |      0 |    0 |          0 |
|         cvt                    |                     RecFNToIN_e8_s24_i8__66 |         61 |         61 |       0 |    0 |      0 |      0 |      0 |    0 |          0 |
|       toInt_1                  |                              Fp32ToInt8__39 |        166 |        166 |       0 |    0 |      0 |      0 |      0 |    0 |          0 |
|         (toInt_1)              |                              Fp32ToInt8__39 |        105 |        105 |       0 |    0 |      0 |      0 |      0 |    0 |          0 |
|         cvt                    |                     RecFNToIN_e8_s24_i8__65 |         61 |         61 |       0 |    0 |      0 |      0 |      0 |    0 |          0 |
|       toInt_10                 |                              Fp32ToInt8__30 |        166 |        166 |       0 |    0 |      0 |      0 |      0 |    0 |          0 |
|         (toInt_10)             |                              Fp32ToInt8__30 |        105 |        105 |       0 |    0 |      0 |      0 |      0 |    0 |          0 |
|         cvt                    |                     RecFNToIN_e8_s24_i8__56 |         61 |         61 |       0 |    0 |      0 |      0 |      0 |    0 |          0 |
|       toInt_11                 |                              Fp32ToInt8__29 |        166 |        166 |       0 |    0 |      0 |      0 |      0 |    0 |          0 |
|         (toInt_11)             |                              Fp32ToInt8__29 |        105 |        105 |       0 |    0 |      0 |      0 |      0 |    0 |          0 |
|         cvt                    |                     RecFNToIN_e8_s24_i8__55 |         61 |         61 |       0 |    0 |      0 |      0 |      0 |    0 |          0 |
|       toInt_2                  |                              Fp32ToInt8__38 |        166 |        166 |       0 |    0 |      0 |      0 |      0 |    0 |          0 |
|         (toInt_2)              |                              Fp32ToInt8__38 |        105 |        105 |       0 |    0 |      0 |      0 |      0 |    0 |          0 |
|         cvt                    |                     RecFNToIN_e8_s24_i8__64 |         61 |         61 |       0 |    0 |      0 |      0 |      0 |    0 |          0 |
|       toInt_3                  |                              Fp32ToInt8__37 |        166 |        166 |       0 |    0 |      0 |      0 |      0 |    0 |          0 |
|         (toInt_3)              |                              Fp32ToInt8__37 |        105 |        105 |       0 |    0 |      0 |      0 |      0 |    0 |          0 |
|         cvt                    |                     RecFNToIN_e8_s24_i8__63 |         61 |         61 |       0 |    0 |      0 |      0 |      0 |    0 |          0 |
|       toInt_4                  |                              Fp32ToInt8__36 |        166 |        166 |       0 |    0 |      0 |      0 |      0 |    0 |          0 |
|         (toInt_4)              |                              Fp32ToInt8__36 |        105 |        105 |       0 |    0 |      0 |      0 |      0 |    0 |          0 |
|         cvt                    |                     RecFNToIN_e8_s24_i8__62 |         61 |         61 |       0 |    0 |      0 |      0 |      0 |    0 |          0 |
|       toInt_5                  |                              Fp32ToInt8__35 |        166 |        166 |       0 |    0 |      0 |      0 |      0 |    0 |          0 |
|         (toInt_5)              |                              Fp32ToInt8__35 |        105 |        105 |       0 |    0 |      0 |      0 |      0 |    0 |          0 |
|         cvt                    |                     RecFNToIN_e8_s24_i8__61 |         61 |         61 |       0 |    0 |      0 |      0 |      0 |    0 |          0 |
|       toInt_6                  |                              Fp32ToInt8__34 |        166 |        166 |       0 |    0 |      0 |      0 |      0 |    0 |          0 |
|         (toInt_6)              |                              Fp32ToInt8__34 |        105 |        105 |       0 |    0 |      0 |      0 |      0 |    0 |          0 |
|         cvt                    |                     RecFNToIN_e8_s24_i8__60 |         61 |         61 |       0 |    0 |      0 |      0 |      0 |    0 |          0 |
|       toInt_7                  |                              Fp32ToInt8__33 |        166 |        166 |       0 |    0 |      0 |      0 |      0 |    0 |          0 |
|         (toInt_7)              |                              Fp32ToInt8__33 |        105 |        105 |       0 |    0 |      0 |      0 |      0 |    0 |          0 |
|         cvt                    |                     RecFNToIN_e8_s24_i8__59 |         61 |         61 |       0 |    0 |      0 |      0 |      0 |    0 |          0 |
|       toInt_8                  |                              Fp32ToInt8__32 |        166 |        166 |       0 |    0 |      0 |      0 |      0 |    0 |          0 |
|         (toInt_8)              |                              Fp32ToInt8__32 |        105 |        105 |       0 |    0 |      0 |      0 |      0 |    0 |          0 |
|         cvt                    |                     RecFNToIN_e8_s24_i8__58 |         61 |         61 |       0 |    0 |      0 |      0 |      0 |    0 |          0 |
|       toInt_9                  |                              Fp32ToInt8__31 |        166 |        166 |       0 |    0 |      0 |      0 |      0 |    0 |          0 |
|         (toInt_9)              |                              Fp32ToInt8__31 |        105 |        105 |       0 |    0 |      0 |      0 |      0 |    0 |          0 |
|         cvt                    |                     RecFNToIN_e8_s24_i8__57 |         61 |         61 |       0 |    0 |      0 |      0 |      0 |    0 |          0 |
|       zpFp                     |                               SIntToFp32__1 |         38 |         38 |       0 |    0 |      0 |      0 |      0 |    0 |          0 |
|         (zpFp)                 |                               SIntToFp32__1 |         11 |         11 |       0 |    0 |      0 |      0 |      0 |    0 |          0 |
|         cvt                    |                      INToRecFN_i8_e8_s24__2 |         27 |         27 |       0 |    0 |      0 |      0 |      0 |    0 |          0 |
|           (cvt)                |                      INToRecFN_i8_e8_s24__2 |         24 |         24 |       0 |    0 |      0 |      0 |      0 |    0 |          0 |
|           roundAnyRawFNToRecFN |    RoundAnyRawFNToRecFN_ie4_is8_oe8_os24__2 |          3 |          3 |       0 |    0 |      0 |      0 |      0 |    0 |          0 |
|     sqAdd                      |                                 Fp32Add__25 |        961 |        961 |       0 |    0 |      0 |      0 |      0 |    0 |          0 |
|       (sqAdd)                  |                                 Fp32Add__25 |        284 |        284 |       0 |    0 |      0 |      0 |      0 |    0 |          0 |
|       add                      |                                AddRecFN__38 |        677 |        677 |       0 |    0 |      0 |      0 |      0 |    0 |          0 |
|         (add)                  |                                AddRecFN__38 |          5 |          5 |       0 |    0 |      0 |      0 |      0 |    0 |          0 |
|         addRawFN               |                                AddRawFN__38 |        471 |        471 |       0 |    0 |      0 |      0 |      0 |    0 |          0 |
|         roundRawFNToRecFN      |               RoundRawFNToRecFN_e8_s24__221 |        201 |        201 |       0 |    0 |      0 |      0 |      0 |    0 |          0 |
|           (roundRawFNToRecFN)  |               RoundRawFNToRecFN_e8_s24__221 |          0 |          0 |       0 |    0 |      0 |      0 |      0 |    0 |          0 |
|           roundAnyRawFNToRecFN | RoundAnyRawFNToRecFN_ie8_is26_oe8_os24__221 |        201 |        201 |       0 |    0 |      0 |      0 |      0 |    0 |          0 |
|     sqrt                       |                              Fp32DivSqrt__2 |        499 |        499 |       0 |    0 |     98 |      0 |      0 |    0 |          0 |
|       (sqrt)                   |                              Fp32DivSqrt__2 |        173 |        173 |       0 |    0 |      0 |      0 |      0 |    0 |          0 |
|       divSqrt                  |                DivSqrtRecFM_small_e8_s24__2 |        326 |        326 |       0 |    0 |     98 |      0 |      0 |    0 |          0 |
|         (divSqrt)              |                DivSqrtRecFM_small_e8_s24__2 |          0 |          0 |       0 |    0 |      0 |      0 |      0 |    0 |          0 |
|         divSqrtRecFNToRaw      |           DivSqrtRecFMToRaw_small_e8_s24__2 |        153 |        153 |       0 |    0 |     98 |      0 |      0 |    0 |          0 |
|           (divSqrtRecFNToRaw)  |           DivSqrtRecFMToRaw_small_e8_s24__2 |          2 |          2 |       0 |    0 |      0 |      0 |      0 |    0 |          0 |
|           divSqrtRawFN         |                DivSqrtRawFN_small_e8_s24__2 |        151 |        151 |       0 |    0 |     98 |      0 |      0 |    0 |          0 |
|         roundRawFNToRecFN      |               RoundRawFNToRecFN_e8_s24__251 |        173 |        173 |       0 |    0 |      0 |      0 |      0 |    0 |          0 |
|           (roundRawFNToRecFN)  |               RoundRawFNToRecFN_e8_s24__251 |          0 |          0 |       0 |    0 |      0 |      0 |      0 |    0 |          0 |
|           roundAnyRawFNToRecFN | RoundAnyRawFNToRecFN_ie8_is26_oe8_os24__251 |        173 |        173 |       0 |    0 |      0 |      0 |      0 |    0 |          0 |
|     sumAdd                     |                                 Fp32Add__24 |        961 |        961 |       0 |    0 |      0 |      0 |      0 |    0 |          0 |
|       (sumAdd)                 |                                 Fp32Add__24 |        284 |        284 |       0 |    0 |      0 |      0 |      0 |    0 |          0 |
|       add                      |                                AddRecFN__37 |        677 |        677 |       0 |    0 |      0 |      0 |      0 |    0 |          0 |
|         (add)                  |                                AddRecFN__37 |          5 |          5 |       0 |    0 |      0 |      0 |      0 |    0 |          0 |
|         addRawFN               |                                AddRawFN__37 |        471 |        471 |       0 |    0 |      0 |      0 |      0 |    0 |          0 |
|         roundRawFNToRecFN      |               RoundRawFNToRecFN_e8_s24__220 |        201 |        201 |       0 |    0 |      0 |      0 |      0 |    0 |          0 |
|           (roundRawFNToRecFN)  |               RoundRawFNToRecFN_e8_s24__220 |          0 |          0 |       0 |    0 |      0 |      0 |      0 |    0 |          0 |
|           roundAnyRawFNToRecFN | RoundAnyRawFNToRecFN_ie8_is26_oe8_os24__220 |        201 |        201 |       0 |    0 |      0 |      0 |      0 |    0 |          0 |
|     varAddEps                  |                                 Fp32Add__26 |        781 |        781 |       0 |    0 |      0 |      0 |      0 |    0 |          0 |
|       (varAddEps)              |                                 Fp32Add__26 |        194 |        194 |       0 |    0 |      0 |      0 |      0 |    0 |          0 |
|       add                      |                                AddRecFN__39 |        587 |        587 |       0 |    0 |      0 |      0 |      0 |    0 |          0 |
|         (add)                  |                                AddRecFN__39 |          2 |          2 |       0 |    0 |      0 |      0 |      0 |    0 |          0 |
|         addRawFN               |                                AddRawFN__39 |        384 |        384 |       0 |    0 |      0 |      0 |      0 |    0 |          0 |
|         roundRawFNToRecFN      |               RoundRawFNToRecFN_e8_s24__222 |        201 |        201 |       0 |    0 |      0 |      0 |      0 |    0 |          0 |
|           (roundRawFNToRecFN)  |               RoundRawFNToRecFN_e8_s24__222 |          0 |          0 |       0 |    0 |      0 |      0 |      0 |    0 |          0 |
|           roundAnyRawFNToRecFN | RoundAnyRawFNToRecFN_ie8_is26_oe8_os24__222 |        201 |        201 |       0 |    0 |      0 |      0 |      0 |    0 |          0 |
|     varSub                     |                                 Fp32Sub__13 |        970 |        970 |       0 |    0 |      0 |      0 |      0 |    0 |          0 |
|       (varSub)                 |                                 Fp32Sub__13 |        287 |        287 |       0 |    0 |      0 |      0 |      0 |    0 |          0 |
|       sub                      |                                AddRecFN__64 |        683 |        683 |       0 |    0 |      0 |      0 |      0 |    0 |          0 |
|         (sub)                  |                                AddRecFN__64 |          4 |          4 |       0 |    0 |      0 |      0 |      0 |    0 |          0 |
|         addRawFN               |                                AddRawFN__64 |        478 |        478 |       0 |    0 |      0 |      0 |      0 |    0 |          0 |
|         roundRawFNToRecFN      |               RoundRawFNToRecFN_e8_s24__250 |        201 |        201 |       0 |    0 |      0 |      0 |      0 |    0 |          0 |
|           (roundRawFNToRecFN)  |               RoundRawFNToRecFN_e8_s24__250 |          0 |          0 |       0 |    0 |      0 |      0 |      0 |    0 |          0 |
|           roundAnyRawFNToRecFN | RoundAnyRawFNToRecFN_ie8_is26_oe8_os24__250 |        201 |        201 |       0 |    0 |      0 |      0 |      0 |    0 |          0 |
|   layernorm2                   |                                  LayerNormQ |      99349 |      99349 |       0 |    0 |  50354 |     41 |      1 |    0 |        102 |
|     (layernorm2)               |                                  LayerNormQ |      13265 |      13265 |       0 |    0 |  50158 |      0 |      0 |    0 |          0 |
|     applyNorm                  |                          Fp32LayerNormApply |      34970 |      34970 |       0 |    0 |      0 |      0 |      0 |    0 |         48 |
|       add                      |                                Fp32Add__125 |        961 |        961 |       0 |    0 |      0 |      0 |      0 |    0 |          0 |
|         (add)                  |                                Fp32Add__125 |        284 |        284 |       0 |    0 |      0 |      0 |      0 |    0 |          0 |
|         add                    |                               AddRecFN__139 |        677 |        677 |       0 |    0 |      0 |      0 |      0 |    0 |          0 |
|           (add)                |                               AddRecFN__139 |          5 |          5 |       0 |    0 |      0 |      0 |      0 |    0 |          0 |
|           addRawFN             |                               AddRawFN__139 |        471 |        471 |       0 |    0 |      0 |      0 |      0 |    0 |          0 |
|           roundRawFNToRecFN    |               RoundRawFNToRecFN_e8_s24__334 |        201 |        201 |       0 |    0 |      0 |      0 |      0 |    0 |          0 |
|       add_1                    |                                Fp32Add__126 |        961 |        961 |       0 |    0 |      0 |      0 |      0 |    0 |          0 |
|         (add_1)                |                                Fp32Add__126 |        284 |        284 |       0 |    0 |      0 |      0 |      0 |    0 |          0 |
|         add                    |                               AddRecFN__140 |        677 |        677 |       0 |    0 |      0 |      0 |      0 |    0 |          0 |
|           (add)                |                               AddRecFN__140 |          5 |          5 |       0 |    0 |      0 |      0 |      0 |    0 |          0 |
|           addRawFN             |                               AddRawFN__140 |        471 |        471 |       0 |    0 |      0 |      0 |      0 |    0 |          0 |
|           roundRawFNToRecFN    |               RoundRawFNToRecFN_e8_s24__335 |        201 |        201 |       0 |    0 |      0 |      0 |      0 |    0 |          0 |
|       add_10                   |                                Fp32Add__135 |        961 |        961 |       0 |    0 |      0 |      0 |      0 |    0 |          0 |
|         (add_10)               |                                Fp32Add__135 |        284 |        284 |       0 |    0 |      0 |      0 |      0 |    0 |          0 |
|         add                    |                               AddRecFN__149 |        677 |        677 |       0 |    0 |      0 |      0 |      0 |    0 |          0 |
|           (add)                |                               AddRecFN__149 |          5 |          5 |       0 |    0 |      0 |      0 |      0 |    0 |          0 |
|           addRawFN             |                               AddRawFN__149 |        471 |        471 |       0 |    0 |      0 |      0 |      0 |    0 |          0 |
|           roundRawFNToRecFN    |               RoundRawFNToRecFN_e8_s24__344 |        201 |        201 |       0 |    0 |      0 |      0 |      0 |    0 |          0 |
|       add_11                   |                                Fp32Add__136 |        961 |        961 |       0 |    0 |      0 |      0 |      0 |    0 |          0 |
|         (add_11)               |                                Fp32Add__136 |        284 |        284 |       0 |    0 |      0 |      0 |      0 |    0 |          0 |
|         add                    |                               AddRecFN__150 |        677 |        677 |       0 |    0 |      0 |      0 |      0 |    0 |          0 |
|           (add)                |                               AddRecFN__150 |          5 |          5 |       0 |    0 |      0 |      0 |      0 |    0 |          0 |
|           addRawFN             |                               AddRawFN__150 |        471 |        471 |       0 |    0 |      0 |      0 |      0 |    0 |          0 |
|           roundRawFNToRecFN    |               RoundRawFNToRecFN_e8_s24__345 |        201 |        201 |       0 |    0 |      0 |      0 |      0 |    0 |          0 |
|       add_2                    |                                Fp32Add__127 |        961 |        961 |       0 |    0 |      0 |      0 |      0 |    0 |          0 |
|         (add_2)                |                                Fp32Add__127 |        284 |        284 |       0 |    0 |      0 |      0 |      0 |    0 |          0 |
|         add                    |                               AddRecFN__141 |        677 |        677 |       0 |    0 |      0 |      0 |      0 |    0 |          0 |
|           (add)                |                               AddRecFN__141 |          5 |          5 |       0 |    0 |      0 |      0 |      0 |    0 |          0 |
|           addRawFN             |                               AddRawFN__141 |        471 |        471 |       0 |    0 |      0 |      0 |      0 |    0 |          0 |
|           roundRawFNToRecFN    |               RoundRawFNToRecFN_e8_s24__336 |        201 |        201 |       0 |    0 |      0 |      0 |      0 |    0 |          0 |
|       add_3                    |                                Fp32Add__128 |        961 |        961 |       0 |    0 |      0 |      0 |      0 |    0 |          0 |
|         (add_3)                |                                Fp32Add__128 |        284 |        284 |       0 |    0 |      0 |      0 |      0 |    0 |          0 |
|         add                    |                               AddRecFN__142 |        677 |        677 |       0 |    0 |      0 |      0 |      0 |    0 |          0 |
|           (add)                |                               AddRecFN__142 |          5 |          5 |       0 |    0 |      0 |      0 |      0 |    0 |          0 |
|           addRawFN             |                               AddRawFN__142 |        471 |        471 |       0 |    0 |      0 |      0 |      0 |    0 |          0 |
|           roundRawFNToRecFN    |               RoundRawFNToRecFN_e8_s24__337 |        201 |        201 |       0 |    0 |      0 |      0 |      0 |    0 |          0 |
|       add_4                    |                                Fp32Add__129 |        961 |        961 |       0 |    0 |      0 |      0 |      0 |    0 |          0 |
|         (add_4)                |                                Fp32Add__129 |        284 |        284 |       0 |    0 |      0 |      0 |      0 |    0 |          0 |
|         add                    |                               AddRecFN__143 |        677 |        677 |       0 |    0 |      0 |      0 |      0 |    0 |          0 |
|           (add)                |                               AddRecFN__143 |          5 |          5 |       0 |    0 |      0 |      0 |      0 |    0 |          0 |
|           addRawFN             |                               AddRawFN__143 |        471 |        471 |       0 |    0 |      0 |      0 |      0 |    0 |          0 |
|           roundRawFNToRecFN    |               RoundRawFNToRecFN_e8_s24__338 |        201 |        201 |       0 |    0 |      0 |      0 |      0 |    0 |          0 |
|       add_5                    |                                Fp32Add__130 |        961 |        961 |       0 |    0 |      0 |      0 |      0 |    0 |          0 |
|         (add_5)                |                                Fp32Add__130 |        284 |        284 |       0 |    0 |      0 |      0 |      0 |    0 |          0 |
|         add                    |                               AddRecFN__144 |        677 |        677 |       0 |    0 |      0 |      0 |      0 |    0 |          0 |
|           (add)                |                               AddRecFN__144 |          5 |          5 |       0 |    0 |      0 |      0 |      0 |    0 |          0 |
|           addRawFN             |                               AddRawFN__144 |        471 |        471 |       0 |    0 |      0 |      0 |      0 |    0 |          0 |
|           roundRawFNToRecFN    |               RoundRawFNToRecFN_e8_s24__339 |        201 |        201 |       0 |    0 |      0 |      0 |      0 |    0 |          0 |
|       add_6                    |                                Fp32Add__131 |        961 |        961 |       0 |    0 |      0 |      0 |      0 |    0 |          0 |
|         (add_6)                |                                Fp32Add__131 |        284 |        284 |       0 |    0 |      0 |      0 |      0 |    0 |          0 |
|         add                    |                               AddRecFN__145 |        677 |        677 |       0 |    0 |      0 |      0 |      0 |    0 |          0 |
|           (add)                |                               AddRecFN__145 |          5 |          5 |       0 |    0 |      0 |      0 |      0 |    0 |          0 |
|           addRawFN             |                               AddRawFN__145 |        471 |        471 |       0 |    0 |      0 |      0 |      0 |    0 |          0 |
|           roundRawFNToRecFN    |               RoundRawFNToRecFN_e8_s24__340 |        201 |        201 |       0 |    0 |      0 |      0 |      0 |    0 |          0 |
|       add_7                    |                                Fp32Add__132 |        961 |        961 |       0 |    0 |      0 |      0 |      0 |    0 |          0 |
|         (add_7)                |                                Fp32Add__132 |        284 |        284 |       0 |    0 |      0 |      0 |      0 |    0 |          0 |
|         add                    |                               AddRecFN__146 |        677 |        677 |       0 |    0 |      0 |      0 |      0 |    0 |          0 |
|           (add)                |                               AddRecFN__146 |          5 |          5 |       0 |    0 |      0 |      0 |      0 |    0 |          0 |
|           addRawFN             |                               AddRawFN__146 |        471 |        471 |       0 |    0 |      0 |      0 |      0 |    0 |          0 |
|           roundRawFNToRecFN    |               RoundRawFNToRecFN_e8_s24__341 |        201 |        201 |       0 |    0 |      0 |      0 |      0 |    0 |          0 |
|       add_8                    |                                Fp32Add__133 |        961 |        961 |       0 |    0 |      0 |      0 |      0 |    0 |          0 |
|         (add_8)                |                                Fp32Add__133 |        284 |        284 |       0 |    0 |      0 |      0 |      0 |    0 |          0 |
|         add                    |                               AddRecFN__147 |        677 |        677 |       0 |    0 |      0 |      0 |      0 |    0 |          0 |
|           (add)                |                               AddRecFN__147 |          5 |          5 |       0 |    0 |      0 |      0 |      0 |    0 |          0 |
|           addRawFN             |                               AddRawFN__147 |        471 |        471 |       0 |    0 |      0 |      0 |      0 |    0 |          0 |
|           roundRawFNToRecFN    |               RoundRawFNToRecFN_e8_s24__342 |        201 |        201 |       0 |    0 |      0 |      0 |      0 |    0 |          0 |
|       add_9                    |                                Fp32Add__134 |        961 |        961 |       0 |    0 |      0 |      0 |      0 |    0 |          0 |
|         (add_9)                |                                Fp32Add__134 |        284 |        284 |       0 |    0 |      0 |      0 |      0 |    0 |          0 |
|         add                    |                               AddRecFN__148 |        677 |        677 |       0 |    0 |      0 |      0 |      0 |    0 |          0 |
|           (add)                |                               AddRecFN__148 |          5 |          5 |       0 |    0 |      0 |      0 |      0 |    0 |          0 |
|           addRawFN             |                               AddRawFN__148 |        471 |        471 |       0 |    0 |      0 |      0 |      0 |    0 |          0 |
|           roundRawFNToRecFN    |               RoundRawFNToRecFN_e8_s24__343 |        201 |        201 |       0 |    0 |      0 |      0 |      0 |    0 |          0 |
|       normMul                  |                                 Fp32Mul__35 |        503 |        503 |       0 |    0 |      0 |      0 |      0 |    0 |          2 |
|         (normMul)              |                                 Fp32Mul__35 |        285 |        285 |       0 |    0 |      0 |      0 |      0 |    0 |          0 |
|         mul                    |                                MulRecFN__35 |        218 |        218 |       0 |    0 |      0 |      0 |      0 |    0 |          2 |
|           (mul)                |                                MulRecFN__35 |          5 |          5 |       0 |    0 |      0 |      0 |      0 |    0 |          0 |
|           mulRawFN             |                                MulRawFN__35 |         21 |         21 |       0 |    0 |      0 |      0 |      0 |    0 |          2 |
|           roundRawFNToRecFN    |                RoundRawFNToRecFN_e8_s24__46 |        192 |        192 |       0 |    0 |      0 |      0 |      0 |    0 |          0 |
|       normMul_1                |                                 Fp32Mul__33 |        503 |        503 |       0 |    0 |      0 |      0 |      0 |    0 |          2 |
|         (normMul_1)            |                                 Fp32Mul__33 |        285 |        285 |       0 |    0 |      0 |      0 |      0 |    0 |          0 |
|         mul                    |                                MulRecFN__33 |        218 |        218 |       0 |    0 |      0 |      0 |      0 |    0 |          2 |
|           (mul)                |                                MulRecFN__33 |          5 |          5 |       0 |    0 |      0 |      0 |      0 |    0 |          0 |
|           mulRawFN             |                                MulRawFN__33 |         21 |         21 |       0 |    0 |      0 |      0 |      0 |    0 |          2 |
|           roundRawFNToRecFN    |                RoundRawFNToRecFN_e8_s24__44 |        192 |        192 |       0 |    0 |      0 |      0 |      0 |    0 |          0 |
|       normMul_10               |                                 Fp32Mul__15 |        503 |        503 |       0 |    0 |      0 |      0 |      0 |    0 |          2 |
|         (normMul_10)           |                                 Fp32Mul__15 |        285 |        285 |       0 |    0 |      0 |      0 |      0 |    0 |          0 |
|         mul                    |                                MulRecFN__15 |        218 |        218 |       0 |    0 |      0 |      0 |      0 |    0 |          2 |
|           (mul)                |                                MulRecFN__15 |          5 |          5 |       0 |    0 |      0 |      0 |      0 |    0 |          0 |
|           mulRawFN             |                                MulRawFN__15 |         21 |         21 |       0 |    0 |      0 |      0 |      0 |    0 |          2 |
|           roundRawFNToRecFN    |                RoundRawFNToRecFN_e8_s24__19 |        192 |        192 |       0 |    0 |      0 |      0 |      0 |    0 |          0 |
|       normMul_11               |                                 Fp32Mul__36 |        503 |        503 |       0 |    0 |      0 |      0 |      0 |    0 |          2 |
|         (normMul_11)           |                                 Fp32Mul__36 |        285 |        285 |       0 |    0 |      0 |      0 |      0 |    0 |          0 |
|         mul                    |                                MulRecFN__36 |        218 |        218 |       0 |    0 |      0 |      0 |      0 |    0 |          2 |
|           (mul)                |                                MulRecFN__36 |          5 |          5 |       0 |    0 |      0 |      0 |      0 |    0 |          0 |
|           mulRawFN             |                                MulRawFN__36 |         21 |         21 |       0 |    0 |      0 |      0 |      0 |    0 |          2 |
|           roundRawFNToRecFN    |                RoundRawFNToRecFN_e8_s24__47 |        192 |        192 |       0 |    0 |      0 |      0 |      0 |    0 |          0 |
|       normMul_2                |                                 Fp32Mul__30 |        503 |        503 |       0 |    0 |      0 |      0 |      0 |    0 |          2 |
|         (normMul_2)            |                                 Fp32Mul__30 |        285 |        285 |       0 |    0 |      0 |      0 |      0 |    0 |          0 |
|         mul                    |                                MulRecFN__30 |        218 |        218 |       0 |    0 |      0 |      0 |      0 |    0 |          2 |
|           (mul)                |                                MulRecFN__30 |          5 |          5 |       0 |    0 |      0 |      0 |      0 |    0 |          0 |
|           mulRawFN             |                                MulRawFN__30 |         21 |         21 |       0 |    0 |      0 |      0 |      0 |    0 |          2 |
|           roundRawFNToRecFN    |                RoundRawFNToRecFN_e8_s24__40 |        192 |        192 |       0 |    0 |      0 |      0 |      0 |    0 |          0 |
|       normMul_3                |                                 Fp32Mul__26 |        503 |        503 |       0 |    0 |      0 |      0 |      0 |    0 |          2 |
|         (normMul_3)            |                                 Fp32Mul__26 |        285 |        285 |       0 |    0 |      0 |      0 |      0 |    0 |          0 |
|         mul                    |                                MulRecFN__26 |        218 |        218 |       0 |    0 |      0 |      0 |      0 |    0 |          2 |
|           (mul)                |                                MulRecFN__26 |          5 |          5 |       0 |    0 |      0 |      0 |      0 |    0 |          0 |
|           mulRawFN             |                                MulRawFN__26 |         21 |         21 |       0 |    0 |      0 |      0 |      0 |    0 |          2 |
|           roundRawFNToRecFN    |                RoundRawFNToRecFN_e8_s24__34 |        192 |        192 |       0 |    0 |      0 |      0 |      0 |    0 |          0 |
|       normMul_4                |                                 Fp32Mul__23 |        503 |        503 |       0 |    0 |      0 |      0 |      0 |    0 |          2 |
|         (normMul_4)            |                                 Fp32Mul__23 |        285 |        285 |       0 |    0 |      0 |      0 |      0 |    0 |          0 |
|         mul                    |                                MulRecFN__23 |        218 |        218 |       0 |    0 |      0 |      0 |      0 |    0 |          2 |
|           (mul)                |                                MulRecFN__23 |          5 |          5 |       0 |    0 |      0 |      0 |      0 |    0 |          0 |
|           mulRawFN             |                                MulRawFN__23 |         21 |         21 |       0 |    0 |      0 |      0 |      0 |    0 |          2 |
|           roundRawFNToRecFN    |                RoundRawFNToRecFN_e8_s24__29 |        192 |        192 |       0 |    0 |      0 |      0 |      0 |    0 |          0 |
|       normMul_5                |                                 Fp32Mul__22 |        503 |        503 |       0 |    0 |      0 |      0 |      0 |    0 |          2 |
|         (normMul_5)            |                                 Fp32Mul__22 |        285 |        285 |       0 |    0 |      0 |      0 |      0 |    0 |          0 |
|         mul                    |                                MulRecFN__22 |        218 |        218 |       0 |    0 |      0 |      0 |      0 |    0 |          2 |
|           (mul)                |                                MulRecFN__22 |          5 |          5 |       0 |    0 |      0 |      0 |      0 |    0 |          0 |
|           mulRawFN             |                                MulRawFN__22 |         21 |         21 |       0 |    0 |      0 |      0 |      0 |    0 |          2 |
|           roundRawFNToRecFN    |                RoundRawFNToRecFN_e8_s24__28 |        192 |        192 |       0 |    0 |      0 |      0 |      0 |    0 |          0 |
|       normMul_6                |                                 Fp32Mul__20 |        503 |        503 |       0 |    0 |      0 |      0 |      0 |    0 |          2 |
|         (normMul_6)            |                                 Fp32Mul__20 |        285 |        285 |       0 |    0 |      0 |      0 |      0 |    0 |          0 |
|         mul                    |                                MulRecFN__20 |        218 |        218 |       0 |    0 |      0 |      0 |      0 |    0 |          2 |
|           (mul)                |                                MulRecFN__20 |          5 |          5 |       0 |    0 |      0 |      0 |      0 |    0 |          0 |
|           mulRawFN             |                                MulRawFN__20 |         21 |         21 |       0 |    0 |      0 |      0 |      0 |    0 |          2 |
|           roundRawFNToRecFN    |                RoundRawFNToRecFN_e8_s24__24 |        192 |        192 |       0 |    0 |      0 |      0 |      0 |    0 |          0 |
|       normMul_7                |                                 Fp32Mul__27 |        503 |        503 |       0 |    0 |      0 |      0 |      0 |    0 |          2 |
|         (normMul_7)            |                                 Fp32Mul__27 |        285 |        285 |       0 |    0 |      0 |      0 |      0 |    0 |          0 |
|         mul                    |                                MulRecFN__27 |        218 |        218 |       0 |    0 |      0 |      0 |      0 |    0 |          2 |
|           (mul)                |                                MulRecFN__27 |          5 |          5 |       0 |    0 |      0 |      0 |      0 |    0 |          0 |
|           mulRawFN             |                                MulRawFN__27 |         21 |         21 |       0 |    0 |      0 |      0 |      0 |    0 |          2 |
|           roundRawFNToRecFN    |                RoundRawFNToRecFN_e8_s24__35 |        192 |        192 |       0 |    0 |      0 |      0 |      0 |    0 |          0 |
|       normMul_8                |                                 Fp32Mul__17 |        503 |        503 |       0 |    0 |      0 |      0 |      0 |    0 |          2 |
|         (normMul_8)            |                                 Fp32Mul__17 |        285 |        285 |       0 |    0 |      0 |      0 |      0 |    0 |          0 |
|         mul                    |                                MulRecFN__17 |        218 |        218 |       0 |    0 |      0 |      0 |      0 |    0 |          2 |
|           (mul)                |                                MulRecFN__17 |          5 |          5 |       0 |    0 |      0 |      0 |      0 |    0 |          0 |
|           mulRawFN             |                                MulRawFN__17 |         21 |         21 |       0 |    0 |      0 |      0 |      0 |    0 |          2 |
|           roundRawFNToRecFN    |                RoundRawFNToRecFN_e8_s24__21 |        192 |        192 |       0 |    0 |      0 |      0 |      0 |    0 |          0 |
|       normMul_9                |                                 Fp32Mul__31 |        503 |        503 |       0 |    0 |      0 |      0 |      0 |    0 |          2 |
|         (normMul_9)            |                                 Fp32Mul__31 |        285 |        285 |       0 |    0 |      0 |      0 |      0 |    0 |          0 |
|         mul                    |                                MulRecFN__31 |        218 |        218 |       0 |    0 |      0 |      0 |      0 |    0 |          2 |
|           (mul)                |                                MulRecFN__31 |          5 |          5 |       0 |    0 |      0 |      0 |      0 |    0 |          0 |
|           mulRawFN             |                                MulRawFN__31 |         21 |         21 |       0 |    0 |      0 |      0 |      0 |    0 |          2 |
|           roundRawFNToRecFN    |                RoundRawFNToRecFN_e8_s24__41 |        192 |        192 |       0 |    0 |      0 |      0 |      0 |    0 |          0 |
|       scaleMul                 |                                 Fp32Mul__34 |        503 |        503 |       0 |    0 |      0 |      0 |      0 |    0 |          2 |
|         (scaleMul)             |                                 Fp32Mul__34 |        285 |        285 |       0 |    0 |      0 |      0 |      0 |    0 |          0 |
|         mul                    |                                MulRecFN__34 |        218 |        218 |       0 |    0 |      0 |      0 |      0 |    0 |          2 |
|           (mul)                |                                MulRecFN__34 |          5 |          5 |       0 |    0 |      0 |      0 |      0 |    0 |          0 |
|           mulRawFN             |                                MulRawFN__34 |         21 |         21 |       0 |    0 |      0 |      0 |      0 |    0 |          2 |
|           roundRawFNToRecFN    |                RoundRawFNToRecFN_e8_s24__45 |        192 |        192 |       0 |    0 |      0 |      0 |      0 |    0 |          0 |
|       scaleMul_1               |                                 Fp32Mul__18 |        505 |        505 |       0 |    0 |      0 |      0 |      0 |    0 |          2 |
|         (scaleMul_1)           |                                 Fp32Mul__18 |        285 |        285 |       0 |    0 |      0 |      0 |      0 |    0 |          0 |
|         mul                    |                                MulRecFN__18 |        220 |        220 |       0 |    0 |      0 |      0 |      0 |    0 |          2 |
|           (mul)                |                                MulRecFN__18 |          7 |          7 |       0 |    0 |      0 |      0 |      0 |    0 |          0 |
|           mulRawFN             |                                MulRawFN__18 |         21 |         21 |       0 |    0 |      0 |      0 |      0 |    0 |          2 |
|           roundRawFNToRecFN    |                RoundRawFNToRecFN_e8_s24__22 |        192 |        192 |       0 |    0 |      0 |      0 |      0 |    0 |          0 |
|       scaleMul_10              |                                 Fp32Mul__14 |        503 |        503 |       0 |    0 |      0 |      0 |      0 |    0 |          2 |
|         (scaleMul_10)          |                                 Fp32Mul__14 |        285 |        285 |       0 |    0 |      0 |      0 |      0 |    0 |          0 |
|         mul                    |                                MulRecFN__14 |        218 |        218 |       0 |    0 |      0 |      0 |      0 |    0 |          2 |
|           (mul)                |                                MulRecFN__14 |          5 |          5 |       0 |    0 |      0 |      0 |      0 |    0 |          0 |
|           mulRawFN             |                                MulRawFN__14 |         21 |         21 |       0 |    0 |      0 |      0 |      0 |    0 |          2 |
|           roundRawFNToRecFN    |                RoundRawFNToRecFN_e8_s24__18 |        192 |        192 |       0 |    0 |      0 |      0 |      0 |    0 |          0 |
|       scaleMul_11              |                                 Fp32Mul__37 |        503 |        503 |       0 |    0 |      0 |      0 |      0 |    0 |          2 |
|         (scaleMul_11)          |                                 Fp32Mul__37 |        285 |        285 |       0 |    0 |      0 |      0 |      0 |    0 |          0 |
|         mul                    |                                MulRecFN__37 |        218 |        218 |       0 |    0 |      0 |      0 |      0 |    0 |          2 |
|           (mul)                |                                MulRecFN__37 |          5 |          5 |       0 |    0 |      0 |      0 |      0 |    0 |          0 |
|           mulRawFN             |                                MulRawFN__37 |         21 |         21 |       0 |    0 |      0 |      0 |      0 |    0 |          2 |
|           roundRawFNToRecFN    |                RoundRawFNToRecFN_e8_s24__43 |        192 |        192 |       0 |    0 |      0 |      0 |      0 |    0 |          0 |
|       scaleMul_2               |                                 Fp32Mul__29 |        503 |        503 |       0 |    0 |      0 |      0 |      0 |    0 |          2 |
|         (scaleMul_2)           |                                 Fp32Mul__29 |        285 |        285 |       0 |    0 |      0 |      0 |      0 |    0 |          0 |
|         mul                    |                                MulRecFN__29 |        218 |        218 |       0 |    0 |      0 |      0 |      0 |    0 |          2 |
|           (mul)                |                                MulRecFN__29 |          5 |          5 |       0 |    0 |      0 |      0 |      0 |    0 |          0 |
|           mulRawFN             |                                MulRawFN__29 |         21 |         21 |       0 |    0 |      0 |      0 |      0 |    0 |          2 |
|           roundRawFNToRecFN    |                RoundRawFNToRecFN_e8_s24__39 |        192 |        192 |       0 |    0 |      0 |      0 |      0 |    0 |          0 |
|       scaleMul_3               |                                 Fp32Mul__25 |        503 |        503 |       0 |    0 |      0 |      0 |      0 |    0 |          2 |
|         (scaleMul_3)           |                                 Fp32Mul__25 |        285 |        285 |       0 |    0 |      0 |      0 |      0 |    0 |          0 |
|         mul                    |                                MulRecFN__25 |        218 |        218 |       0 |    0 |      0 |      0 |      0 |    0 |          2 |
|           (mul)                |                                MulRecFN__25 |          5 |          5 |       0 |    0 |      0 |      0 |      0 |    0 |          0 |
|           mulRawFN             |                                MulRawFN__25 |         21 |         21 |       0 |    0 |      0 |      0 |      0 |    0 |          2 |
|           roundRawFNToRecFN    |                RoundRawFNToRecFN_e8_s24__33 |        192 |        192 |       0 |    0 |      0 |      0 |      0 |    0 |          0 |
|       scaleMul_4               |                                 Fp32Mul__24 |        503 |        503 |       0 |    0 |      0 |      0 |      0 |    0 |          2 |
|         (scaleMul_4)           |                                 Fp32Mul__24 |        285 |        285 |       0 |    0 |      0 |      0 |      0 |    0 |          0 |
|         mul                    |                                MulRecFN__24 |        218 |        218 |       0 |    0 |      0 |      0 |      0 |    0 |          2 |
|           (mul)                |                                MulRecFN__24 |          5 |          5 |       0 |    0 |      0 |      0 |      0 |    0 |          0 |
|           mulRawFN             |                                MulRawFN__24 |         21 |         21 |       0 |    0 |      0 |      0 |      0 |    0 |          2 |
|           roundRawFNToRecFN    |                RoundRawFNToRecFN_e8_s24__30 |        192 |        192 |       0 |    0 |      0 |      0 |      0 |    0 |          0 |
|       scaleMul_5               |                                 Fp32Mul__21 |        503 |        503 |       0 |    0 |      0 |      0 |      0 |    0 |          2 |
|         (scaleMul_5)           |                                 Fp32Mul__21 |        285 |        285 |       0 |    0 |      0 |      0 |      0 |    0 |          0 |
|         mul                    |                                MulRecFN__21 |        218 |        218 |       0 |    0 |      0 |      0 |      0 |    0 |          2 |
|           (mul)                |                                MulRecFN__21 |          5 |          5 |       0 |    0 |      0 |      0 |      0 |    0 |          0 |
|           mulRawFN             |                                MulRawFN__21 |         21 |         21 |       0 |    0 |      0 |      0 |      0 |    0 |          2 |
|           roundRawFNToRecFN    |                RoundRawFNToRecFN_e8_s24__27 |        192 |        192 |       0 |    0 |      0 |      0 |      0 |    0 |          0 |
|       scaleMul_6               |                                 Fp32Mul__19 |        503 |        503 |       0 |    0 |      0 |      0 |      0 |    0 |          2 |
|         (scaleMul_6)           |                                 Fp32Mul__19 |        285 |        285 |       0 |    0 |      0 |      0 |      0 |    0 |          0 |
|         mul                    |                                MulRecFN__19 |        218 |        218 |       0 |    0 |      0 |      0 |      0 |    0 |          2 |
|           (mul)                |                                MulRecFN__19 |          5 |          5 |       0 |    0 |      0 |      0 |      0 |    0 |          0 |
|           mulRawFN             |                                MulRawFN__19 |         21 |         21 |       0 |    0 |      0 |      0 |      0 |    0 |          2 |
|           roundRawFNToRecFN    |                RoundRawFNToRecFN_e8_s24__23 |        192 |        192 |       0 |    0 |      0 |      0 |      0 |    0 |          0 |
|       scaleMul_7               |                                 Fp32Mul__28 |        503 |        503 |       0 |    0 |      0 |      0 |      0 |    0 |          2 |
|         (scaleMul_7)           |                                 Fp32Mul__28 |        285 |        285 |       0 |    0 |      0 |      0 |      0 |    0 |          0 |
|         mul                    |                                MulRecFN__28 |        218 |        218 |       0 |    0 |      0 |      0 |      0 |    0 |          2 |
|           (mul)                |                                MulRecFN__28 |          5 |          5 |       0 |    0 |      0 |      0 |      0 |    0 |          0 |
|           mulRawFN             |                                MulRawFN__28 |         21 |         21 |       0 |    0 |      0 |      0 |      0 |    0 |          2 |
|           roundRawFNToRecFN    |                RoundRawFNToRecFN_e8_s24__36 |        192 |        192 |       0 |    0 |      0 |      0 |      0 |    0 |          0 |
|       scaleMul_8               |                                 Fp32Mul__16 |        503 |        503 |       0 |    0 |      0 |      0 |      0 |    0 |          2 |
|         (scaleMul_8)           |                                 Fp32Mul__16 |        285 |        285 |       0 |    0 |      0 |      0 |      0 |    0 |          0 |
|         mul                    |                                MulRecFN__16 |        218 |        218 |       0 |    0 |      0 |      0 |      0 |    0 |          2 |
|           (mul)                |                                MulRecFN__16 |          5 |          5 |       0 |    0 |      0 |      0 |      0 |    0 |          0 |
|           mulRawFN             |                                MulRawFN__16 |         21 |         21 |       0 |    0 |      0 |      0 |      0 |    0 |          2 |
|           roundRawFNToRecFN    |                RoundRawFNToRecFN_e8_s24__20 |        192 |        192 |       0 |    0 |      0 |      0 |      0 |    0 |          0 |
|       scaleMul_9               |                                 Fp32Mul__32 |        503 |        503 |       0 |    0 |      0 |      0 |      0 |    0 |          2 |
|         (scaleMul_9)           |                                 Fp32Mul__32 |        285 |        285 |       0 |    0 |      0 |      0 |      0 |    0 |          0 |
|         mul                    |                                MulRecFN__32 |        218 |        218 |       0 |    0 |      0 |      0 |      0 |    0 |          2 |
|           (mul)                |                                MulRecFN__32 |          5 |          5 |       0 |    0 |      0 |      0 |      0 |    0 |          0 |
|           mulRawFN             |                                MulRawFN__32 |         21 |         21 |       0 |    0 |      0 |      0 |      0 |    0 |          2 |
|           roundRawFNToRecFN    |                RoundRawFNToRecFN_e8_s24__42 |        192 |        192 |       0 |    0 |      0 |      0 |      0 |    0 |          0 |
|       sub                      |                                 Fp32Sub__11 |        947 |        947 |       0 |    0 |      0 |      0 |      0 |    0 |          0 |
|         (sub)                  |                                 Fp32Sub__11 |        289 |        289 |       0 |    0 |      0 |      0 |      0 |    0 |          0 |
|         sub                    |                                AddRecFN__12 |        658 |        658 |       0 |    0 |      0 |      0 |      0 |    0 |          0 |
|           (sub)                |                                AddRecFN__12 |          4 |          4 |       0 |    0 |      0 |      0 |      0 |    0 |          0 |
|           addRawFN             |                                AddRawFN__12 |        452 |        452 |       0 |    0 |      0 |      0 |      0 |    0 |          0 |
|           roundRawFNToRecFN    |                RoundRawFNToRecFN_e8_s24__49 |        202 |        202 |       0 |    0 |      0 |      0 |      0 |    0 |          0 |
|       sub_1                    |                                 Fp32Sub__10 |        947 |        947 |       0 |    0 |      0 |      0 |      0 |    0 |          0 |
|         (sub_1)                |                                 Fp32Sub__10 |        289 |        289 |       0 |    0 |      0 |      0 |      0 |    0 |          0 |
|         sub                    |                                AddRecFN__11 |        658 |        658 |       0 |    0 |      0 |      0 |      0 |    0 |          0 |
|           (sub)                |                                AddRecFN__11 |          4 |          4 |       0 |    0 |      0 |      0 |      0 |    0 |          0 |
|           addRawFN             |                                AddRawFN__11 |        452 |        452 |       0 |    0 |      0 |      0 |      0 |    0 |          0 |
|           roundRawFNToRecFN    |                RoundRawFNToRecFN_e8_s24__48 |        202 |        202 |       0 |    0 |      0 |      0 |      0 |    0 |          0 |
|       sub_10                   |                                  Fp32Sub__1 |        947 |        947 |       0 |    0 |      0 |      0 |      0 |    0 |          0 |
|         (sub_10)               |                                  Fp32Sub__1 |        289 |        289 |       0 |    0 |      0 |      0 |      0 |    0 |          0 |
|         sub                    |                                 AddRecFN__2 |        658 |        658 |       0 |    0 |      0 |      0 |      0 |    0 |          0 |
|           (sub)                |                                 AddRecFN__2 |          4 |          4 |       0 |    0 |      0 |      0 |      0 |    0 |          0 |
|           addRawFN             |                                 AddRawFN__2 |        452 |        452 |       0 |    0 |      0 |      0 |      0 |    0 |          0 |
|           roundRawFNToRecFN    |                RoundRawFNToRecFN_e8_s24__16 |        202 |        202 |       0 |    0 |      0 |      0 |      0 |    0 |          0 |
|       sub_11                   |                                 Fp32Sub__12 |        947 |        947 |       0 |    0 |      0 |      0 |      0 |    0 |          0 |
|         (sub_11)               |                                 Fp32Sub__12 |        289 |        289 |       0 |    0 |      0 |      0 |      0 |    0 |          0 |
|         sub                    |                                AddRecFN__13 |        658 |        658 |       0 |    0 |      0 |      0 |      0 |    0 |          0 |
|           (sub)                |                                AddRecFN__13 |          4 |          4 |       0 |    0 |      0 |      0 |      0 |    0 |          0 |
|           addRawFN             |                                AddRawFN__13 |        452 |        452 |       0 |    0 |      0 |      0 |      0 |    0 |          0 |
|           roundRawFNToRecFN    |                RoundRawFNToRecFN_e8_s24__50 |        202 |        202 |       0 |    0 |      0 |      0 |      0 |    0 |          0 |
|       sub_2                    |                                  Fp32Sub__8 |        947 |        947 |       0 |    0 |      0 |      0 |      0 |    0 |          0 |
|         (sub_2)                |                                  Fp32Sub__8 |        289 |        289 |       0 |    0 |      0 |      0 |      0 |    0 |          0 |
|         sub                    |                                 AddRecFN__9 |        658 |        658 |       0 |    0 |      0 |      0 |      0 |    0 |          0 |
|           (sub)                |                                 AddRecFN__9 |          4 |          4 |       0 |    0 |      0 |      0 |      0 |    0 |          0 |
|           addRawFN             |                                 AddRawFN__9 |        452 |        452 |       0 |    0 |      0 |      0 |      0 |    0 |          0 |
|           roundRawFNToRecFN    |                RoundRawFNToRecFN_e8_s24__38 |        202 |        202 |       0 |    0 |      0 |      0 |      0 |    0 |          0 |
|       sub_3                    |                                  Fp32Sub__6 |        947 |        947 |       0 |    0 |      0 |      0 |      0 |    0 |          0 |
|         (sub_3)                |                                  Fp32Sub__6 |        289 |        289 |       0 |    0 |      0 |      0 |      0 |    0 |          0 |
|         sub                    |                                 AddRecFN__7 |        658 |        658 |       0 |    0 |      0 |      0 |      0 |    0 |          0 |
|           (sub)                |                                 AddRecFN__7 |          4 |          4 |       0 |    0 |      0 |      0 |      0 |    0 |          0 |
|           addRawFN             |                                 AddRawFN__7 |        452 |        452 |       0 |    0 |      0 |      0 |      0 |    0 |          0 |
|           roundRawFNToRecFN    |                RoundRawFNToRecFN_e8_s24__32 |        202 |        202 |       0 |    0 |      0 |      0 |      0 |    0 |          0 |
|       sub_4                    |                                  Fp32Sub__4 |        947 |        947 |       0 |    0 |      0 |      0 |      0 |    0 |          0 |
|         (sub_4)                |                                  Fp32Sub__4 |        289 |        289 |       0 |    0 |      0 |      0 |      0 |    0 |          0 |
|         sub                    |                                 AddRecFN__5 |        658 |        658 |       0 |    0 |      0 |      0 |      0 |    0 |          0 |
|           (sub)                |                                 AddRecFN__5 |          4 |          4 |       0 |    0 |      0 |      0 |      0 |    0 |          0 |
|           addRawFN             |                                 AddRawFN__5 |        452 |        452 |       0 |    0 |      0 |      0 |      0 |    0 |          0 |
|           roundRawFNToRecFN    |                RoundRawFNToRecFN_e8_s24__26 |        202 |        202 |       0 |    0 |      0 |      0 |      0 |    0 |          0 |
|       sub_5                    |                                  Fp32Sub__5 |        947 |        947 |       0 |    0 |      0 |      0 |      0 |    0 |          0 |
|         (sub_5)                |                                  Fp32Sub__5 |        289 |        289 |       0 |    0 |      0 |      0 |      0 |    0 |          0 |
|         sub                    |                                 AddRecFN__6 |        658 |        658 |       0 |    0 |      0 |      0 |      0 |    0 |          0 |
|           (sub)                |                                 AddRecFN__6 |          4 |          4 |       0 |    0 |      0 |      0 |      0 |    0 |          0 |
|           addRawFN             |                                 AddRawFN__6 |        452 |        452 |       0 |    0 |      0 |      0 |      0 |    0 |          0 |
|           roundRawFNToRecFN    |                RoundRawFNToRecFN_e8_s24__25 |        202 |        202 |       0 |    0 |      0 |      0 |      0 |    0 |          0 |
|       sub_6                    |                                  Fp32Sub__3 |        947 |        947 |       0 |    0 |      0 |      0 |      0 |    0 |          0 |
|         (sub_6)                |                                  Fp32Sub__3 |        289 |        289 |       0 |    0 |      0 |      0 |      0 |    0 |          0 |
|         sub                    |                                 AddRecFN__4 |        658 |        658 |       0 |    0 |      0 |      0 |      0 |    0 |          0 |
|           (sub)                |                                 AddRecFN__4 |          4 |          4 |       0 |    0 |      0 |      0 |      0 |    0 |          0 |
|           addRawFN             |                                 AddRawFN__4 |        452 |        452 |       0 |    0 |      0 |      0 |      0 |    0 |          0 |
|           roundRawFNToRecFN    |                RoundRawFNToRecFN_e8_s24__15 |        202 |        202 |       0 |    0 |      0 |      0 |      0 |    0 |          0 |
|       sub_7                    |                                  Fp32Sub__7 |        947 |        947 |       0 |    0 |      0 |      0 |      0 |    0 |          0 |
|         (sub_7)                |                                  Fp32Sub__7 |        289 |        289 |       0 |    0 |      0 |      0 |      0 |    0 |          0 |
|         sub                    |                                 AddRecFN__8 |        658 |        658 |       0 |    0 |      0 |      0 |      0 |    0 |          0 |
|           (sub)                |                                 AddRecFN__8 |          4 |          4 |       0 |    0 |      0 |      0 |      0 |    0 |          0 |
|           addRawFN             |                                 AddRawFN__8 |        452 |        452 |       0 |    0 |      0 |      0 |      0 |    0 |          0 |
|           roundRawFNToRecFN    |                RoundRawFNToRecFN_e8_s24__31 |        202 |        202 |       0 |    0 |      0 |      0 |      0 |    0 |          0 |
|       sub_8                    |                                  Fp32Sub__2 |        947 |        947 |       0 |    0 |      0 |      0 |      0 |    0 |          0 |
|         (sub_8)                |                                  Fp32Sub__2 |        289 |        289 |       0 |    0 |      0 |      0 |      0 |    0 |          0 |
|         sub                    |                                 AddRecFN__3 |        658 |        658 |       0 |    0 |      0 |      0 |      0 |    0 |          0 |
|           (sub)                |                                 AddRecFN__3 |          4 |          4 |       0 |    0 |      0 |      0 |      0 |    0 |          0 |
|           addRawFN             |                                 AddRawFN__3 |        452 |        452 |       0 |    0 |      0 |      0 |      0 |    0 |          0 |
|           roundRawFNToRecFN    |                RoundRawFNToRecFN_e8_s24__17 |        202 |        202 |       0 |    0 |      0 |      0 |      0 |    0 |          0 |
|       sub_9                    |                                  Fp32Sub__9 |        947 |        947 |       0 |    0 |      0 |      0 |      0 |    0 |          0 |
|         (sub_9)                |                                  Fp32Sub__9 |        289 |        289 |       0 |    0 |      0 |      0 |      0 |    0 |          0 |
|         sub                    |                                AddRecFN__10 |        658 |        658 |       0 |    0 |      0 |      0 |      0 |    0 |          0 |
|           (sub)                |                                AddRecFN__10 |          4 |          4 |       0 |    0 |      0 |      0 |      0 |    0 |          0 |
|           addRawFN             |                                AddRawFN__10 |        452 |        452 |       0 |    0 |      0 |      0 |      0 |    0 |          0 |
|           roundRawFNToRecFN    |                RoundRawFNToRecFN_e8_s24__37 |        202 |        202 |       0 |    0 |      0 |      0 |      0 |    0 |          0 |
|     div                        |                              Fp32DivSqrt__1 |        492 |        492 |       0 |    0 |     98 |      0 |      0 |    0 |          0 |
|       (div)                    |                              Fp32DivSqrt__1 |        173 |        173 |       0 |    0 |      0 |      0 |      0 |    0 |          0 |
|       divSqrt                  |                DivSqrtRecFM_small_e8_s24__1 |        319 |        319 |       0 |    0 |     98 |      0 |      0 |    0 |          0 |
|         (divSqrt)              |                DivSqrtRecFM_small_e8_s24__1 |          0 |          0 |       0 |    0 |      0 |      0 |      0 |    0 |          0 |
|         divSqrtRecFNToRaw      |           DivSqrtRecFMToRaw_small_e8_s24__1 |        146 |        146 |       0 |    0 |     98 |      0 |      0 |    0 |          0 |
|           (divSqrtRecFNToRaw)  |           DivSqrtRecFMToRaw_small_e8_s24__1 |          2 |          2 |       0 |    0 |      0 |      0 |      0 |    0 |          0 |
|           divSqrtRawFN         |                DivSqrtRawFN_small_e8_s24__1 |        144 |        144 |       0 |    0 |     98 |      0 |      0 |    0 |          0 |
|         roundRawFNToRecFN      |                RoundRawFNToRecFN_e8_s24__67 |        173 |        173 |       0 |    0 |      0 |      0 |      0 |    0 |          0 |
|           (roundRawFNToRecFN)  |                RoundRawFNToRecFN_e8_s24__67 |          0 |          0 |       0 |    0 |      0 |      0 |      0 |    0 |          0 |
|           roundAnyRawFNToRecFN |  RoundAnyRawFNToRecFN_ie8_is26_oe8_os24__67 |        173 |        173 |       0 |    0 |      0 |      0 |      0 |    0 |          0 |
|     inputMem_ext               |                           inputMem_2048x384 |         10 |         10 |       0 |    0 |      0 |     41 |      1 |    0 |          0 |
|     laneSqSum                  |                           Fp32LaneSquareSum |      15095 |      15095 |       0 |    0 |      0 |      0 |      0 |    0 |         24 |
|       (laneSqSum)              |                           Fp32LaneSquareSum |          0 |          0 |       0 |    0 |      0 |      0 |      0 |    0 |          0 |
|       mul                      |                                  Fp32Mul__2 |        377 |        377 |       0 |    0 |      0 |      0 |      0 |    0 |          2 |
|         (mul)                  |                                  Fp32Mul__2 |        200 |        200 |       0 |    0 |      0 |      0 |      0 |    0 |          0 |
|         mul                    |                                 MulRecFN__2 |        177 |        177 |       0 |    0 |      0 |      0 |      0 |    0 |          2 |
|           (mul)                |                                 MulRecFN__2 |          5 |          5 |       0 |    0 |      0 |      0 |      0 |    0 |          0 |
|           mulRawFN             |                                 MulRawFN__2 |         12 |         12 |       0 |    0 |      0 |      0 |      0 |    0 |          2 |
|           roundRawFNToRecFN    |                 RoundRawFNToRecFN_e8_s24__3 |        160 |        160 |       0 |    0 |      0 |      0 |      0 |    0 |          0 |
|       mul_1                    |                                  Fp32Mul__3 |        377 |        377 |       0 |    0 |      0 |      0 |      0 |    0 |          2 |
|         (mul_1)                |                                  Fp32Mul__3 |        200 |        200 |       0 |    0 |      0 |      0 |      0 |    0 |          0 |
|         mul                    |                                 MulRecFN__3 |        177 |        177 |       0 |    0 |      0 |      0 |      0 |    0 |          2 |
|           (mul)                |                                 MulRecFN__3 |          5 |          5 |       0 |    0 |      0 |      0 |      0 |    0 |          0 |
|           mulRawFN             |                                 MulRawFN__3 |         12 |         12 |       0 |    0 |      0 |      0 |      0 |    0 |          2 |
|           roundRawFNToRecFN    |                 RoundRawFNToRecFN_e8_s24__4 |        160 |        160 |       0 |    0 |      0 |      0 |      0 |    0 |          0 |
|       mul_10                   |                                 Fp32Mul__12 |        377 |        377 |       0 |    0 |      0 |      0 |      0 |    0 |          2 |
|         (mul_10)               |                                 Fp32Mul__12 |        200 |        200 |       0 |    0 |      0 |      0 |      0 |    0 |          0 |
|         mul                    |                                MulRecFN__12 |        177 |        177 |       0 |    0 |      0 |      0 |      0 |    0 |          2 |
|           (mul)                |                                MulRecFN__12 |          5 |          5 |       0 |    0 |      0 |      0 |      0 |    0 |          0 |
|           mulRawFN             |                                MulRawFN__12 |         12 |         12 |       0 |    0 |      0 |      0 |      0 |    0 |          2 |
|           roundRawFNToRecFN    |                RoundRawFNToRecFN_e8_s24__13 |        160 |        160 |       0 |    0 |      0 |      0 |      0 |    0 |          0 |
|       mul_11                   |                                 Fp32Mul__13 |        377 |        377 |       0 |    0 |      0 |      0 |      0 |    0 |          2 |
|         (mul_11)               |                                 Fp32Mul__13 |        200 |        200 |       0 |    0 |      0 |      0 |      0 |    0 |          0 |
|         mul                    |                                MulRecFN__13 |        177 |        177 |       0 |    0 |      0 |      0 |      0 |    0 |          2 |
|           (mul)                |                                MulRecFN__13 |          5 |          5 |       0 |    0 |      0 |      0 |      0 |    0 |          0 |
|           mulRawFN             |                                MulRawFN__13 |         12 |         12 |       0 |    0 |      0 |      0 |      0 |    0 |          2 |
|           roundRawFNToRecFN    |                RoundRawFNToRecFN_e8_s24__14 |        160 |        160 |       0 |    0 |      0 |      0 |      0 |    0 |          0 |
|       mul_2                    |                                  Fp32Mul__4 |        377 |        377 |       0 |    0 |      0 |      0 |      0 |    0 |          2 |
|         (mul_2)                |                                  Fp32Mul__4 |        200 |        200 |       0 |    0 |      0 |      0 |      0 |    0 |          0 |
|         mul                    |                                 MulRecFN__4 |        177 |        177 |       0 |    0 |      0 |      0 |      0 |    0 |          2 |
|           (mul)                |                                 MulRecFN__4 |          5 |          5 |       0 |    0 |      0 |      0 |      0 |    0 |          0 |
|           mulRawFN             |                                 MulRawFN__4 |         12 |         12 |       0 |    0 |      0 |      0 |      0 |    0 |          2 |
|           roundRawFNToRecFN    |                 RoundRawFNToRecFN_e8_s24__5 |        160 |        160 |       0 |    0 |      0 |      0 |      0 |    0 |          0 |
|       mul_3                    |                                  Fp32Mul__5 |        377 |        377 |       0 |    0 |      0 |      0 |      0 |    0 |          2 |
|         (mul_3)                |                                  Fp32Mul__5 |        200 |        200 |       0 |    0 |      0 |      0 |      0 |    0 |          0 |
|         mul                    |                                 MulRecFN__5 |        177 |        177 |       0 |    0 |      0 |      0 |      0 |    0 |          2 |
|           (mul)                |                                 MulRecFN__5 |          5 |          5 |       0 |    0 |      0 |      0 |      0 |    0 |          0 |
|           mulRawFN             |                                 MulRawFN__5 |         12 |         12 |       0 |    0 |      0 |      0 |      0 |    0 |          2 |
|           roundRawFNToRecFN    |                 RoundRawFNToRecFN_e8_s24__6 |        160 |        160 |       0 |    0 |      0 |      0 |      0 |    0 |          0 |
|       mul_4                    |                                  Fp32Mul__6 |        377 |        377 |       0 |    0 |      0 |      0 |      0 |    0 |          2 |
|         (mul_4)                |                                  Fp32Mul__6 |        200 |        200 |       0 |    0 |      0 |      0 |      0 |    0 |          0 |
|         mul                    |                                 MulRecFN__6 |        177 |        177 |       0 |    0 |      0 |      0 |      0 |    0 |          2 |
|           (mul)                |                                 MulRecFN__6 |          5 |          5 |       0 |    0 |      0 |      0 |      0 |    0 |          0 |
|           mulRawFN             |                                 MulRawFN__6 |         12 |         12 |       0 |    0 |      0 |      0 |      0 |    0 |          2 |
|           roundRawFNToRecFN    |                 RoundRawFNToRecFN_e8_s24__7 |        160 |        160 |       0 |    0 |      0 |      0 |      0 |    0 |          0 |
|       mul_5                    |                                  Fp32Mul__7 |        377 |        377 |       0 |    0 |      0 |      0 |      0 |    0 |          2 |
|         (mul_5)                |                                  Fp32Mul__7 |        200 |        200 |       0 |    0 |      0 |      0 |      0 |    0 |          0 |
|         mul                    |                                 MulRecFN__7 |        177 |        177 |       0 |    0 |      0 |      0 |      0 |    0 |          2 |
|           (mul)                |                                 MulRecFN__7 |          5 |          5 |       0 |    0 |      0 |      0 |      0 |    0 |          0 |
|           mulRawFN             |                                 MulRawFN__7 |         12 |         12 |       0 |    0 |      0 |      0 |      0 |    0 |          2 |
|           roundRawFNToRecFN    |                 RoundRawFNToRecFN_e8_s24__8 |        160 |        160 |       0 |    0 |      0 |      0 |      0 |    0 |          0 |
|       mul_6                    |                                  Fp32Mul__8 |        377 |        377 |       0 |    0 |      0 |      0 |      0 |    0 |          2 |
|         (mul_6)                |                                  Fp32Mul__8 |        200 |        200 |       0 |    0 |      0 |      0 |      0 |    0 |          0 |
|         mul                    |                                 MulRecFN__8 |        177 |        177 |       0 |    0 |      0 |      0 |      0 |    0 |          2 |
|           (mul)                |                                 MulRecFN__8 |          5 |          5 |       0 |    0 |      0 |      0 |      0 |    0 |          0 |
|           mulRawFN             |                                 MulRawFN__8 |         12 |         12 |       0 |    0 |      0 |      0 |      0 |    0 |          2 |
|           roundRawFNToRecFN    |                 RoundRawFNToRecFN_e8_s24__9 |        160 |        160 |       0 |    0 |      0 |      0 |      0 |    0 |          0 |
|       mul_7                    |                                  Fp32Mul__9 |        377 |        377 |       0 |    0 |      0 |      0 |      0 |    0 |          2 |
|         (mul_7)                |                                  Fp32Mul__9 |        200 |        200 |       0 |    0 |      0 |      0 |      0 |    0 |          0 |
|         mul                    |                                 MulRecFN__9 |        177 |        177 |       0 |    0 |      0 |      0 |      0 |    0 |          2 |
|           (mul)                |                                 MulRecFN__9 |          5 |          5 |       0 |    0 |      0 |      0 |      0 |    0 |          0 |
|           mulRawFN             |                                 MulRawFN__9 |         12 |         12 |       0 |    0 |      0 |      0 |      0 |    0 |          2 |
|           roundRawFNToRecFN    |                RoundRawFNToRecFN_e8_s24__10 |        160 |        160 |       0 |    0 |      0 |      0 |      0 |    0 |          0 |
|       mul_8                    |                                 Fp32Mul__10 |        377 |        377 |       0 |    0 |      0 |      0 |      0 |    0 |          2 |
|         (mul_8)                |                                 Fp32Mul__10 |        200 |        200 |       0 |    0 |      0 |      0 |      0 |    0 |          0 |
|         mul                    |                                MulRecFN__10 |        177 |        177 |       0 |    0 |      0 |      0 |      0 |    0 |          2 |
|           (mul)                |                                MulRecFN__10 |          5 |          5 |       0 |    0 |      0 |      0 |      0 |    0 |          0 |
|           mulRawFN             |                                MulRawFN__10 |         12 |         12 |       0 |    0 |      0 |      0 |      0 |    0 |          2 |
|           roundRawFNToRecFN    |                RoundRawFNToRecFN_e8_s24__11 |        160 |        160 |       0 |    0 |      0 |      0 |      0 |    0 |          0 |
|       mul_9                    |                                 Fp32Mul__11 |        377 |        377 |       0 |    0 |      0 |      0 |      0 |    0 |          2 |
|         (mul_9)                |                                 Fp32Mul__11 |        200 |        200 |       0 |    0 |      0 |      0 |      0 |    0 |          0 |
|         mul                    |                                MulRecFN__11 |        177 |        177 |       0 |    0 |      0 |      0 |      0 |    0 |          2 |
|           (mul)                |                                MulRecFN__11 |          5 |          5 |       0 |    0 |      0 |      0 |      0 |    0 |          0 |
|           mulRawFN             |                                MulRawFN__11 |         12 |         12 |       0 |    0 |      0 |      0 |      0 |    0 |          2 |
|           roundRawFNToRecFN    |                RoundRawFNToRecFN_e8_s24__12 |        160 |        160 |       0 |    0 |      0 |      0 |      0 |    0 |          0 |
|       sum                      |                                 Fp32LaneSum |      10571 |      10571 |       0 |    0 |      0 |      0 |      0 |    0 |          0 |
|         add01                  |                                Fp32Add__112 |        961 |        961 |       0 |    0 |      0 |      0 |      0 |    0 |          0 |
|           (add01)              |                                Fp32Add__112 |        284 |        284 |       0 |    0 |      0 |      0 |      0 |    0 |          0 |
|           add                  |                               AddRecFN__126 |        677 |        677 |       0 |    0 |      0 |      0 |      0 |    0 |          0 |
|         add0123                |                                Fp32Add__118 |        961 |        961 |       0 |    0 |      0 |      0 |      0 |    0 |          0 |
|           (add0123)            |                                Fp32Add__118 |        284 |        284 |       0 |    0 |      0 |      0 |      0 |    0 |          0 |
|           add                  |                               AddRecFN__132 |        677 |        677 |       0 |    0 |      0 |      0 |      0 |    0 |          0 |
|         add0to7                |                                Fp32Add__121 |        961 |        961 |       0 |    0 |      0 |      0 |      0 |    0 |          0 |
|           (add0to7)            |                                Fp32Add__121 |        284 |        284 |       0 |    0 |      0 |      0 |      0 |    0 |          0 |
|           add                  |                               AddRecFN__135 |        677 |        677 |       0 |    0 |      0 |      0 |      0 |    0 |          0 |
|         add1011                |                                Fp32Add__117 |        961 |        961 |       0 |    0 |      0 |      0 |      0 |    0 |          0 |
|           (add1011)            |                                Fp32Add__117 |        284 |        284 |       0 |    0 |      0 |      0 |      0 |    0 |          0 |
|           add                  |                               AddRecFN__131 |        677 |        677 |       0 |    0 |      0 |      0 |      0 |    0 |          0 |
|         add23                  |                                Fp32Add__113 |        961 |        961 |       0 |    0 |      0 |      0 |      0 |    0 |          0 |
|           (add23)              |                                Fp32Add__113 |        284 |        284 |       0 |    0 |      0 |      0 |      0 |    0 |          0 |
|           add                  |                               AddRecFN__127 |        677 |        677 |       0 |    0 |      0 |      0 |      0 |    0 |          0 |
|         add45                  |                                Fp32Add__114 |        961 |        961 |       0 |    0 |      0 |      0 |      0 |    0 |          0 |
|           (add45)              |                                Fp32Add__114 |        284 |        284 |       0 |    0 |      0 |      0 |      0 |    0 |          0 |
|           add                  |                               AddRecFN__128 |        677 |        677 |       0 |    0 |      0 |      0 |      0 |    0 |          0 |
|         add4567                |                                Fp32Add__119 |        961 |        961 |       0 |    0 |      0 |      0 |      0 |    0 |          0 |
|           (add4567)            |                                Fp32Add__119 |        284 |        284 |       0 |    0 |      0 |      0 |      0 |    0 |          0 |
|           add                  |                               AddRecFN__133 |        677 |        677 |       0 |    0 |      0 |      0 |      0 |    0 |          0 |
|         add67                  |                                Fp32Add__115 |        961 |        961 |       0 |    0 |      0 |      0 |      0 |    0 |          0 |
|           (add67)              |                                Fp32Add__115 |        284 |        284 |       0 |    0 |      0 |      0 |      0 |    0 |          0 |
|           add                  |                               AddRecFN__129 |        677 |        677 |       0 |    0 |      0 |      0 |      0 |    0 |          0 |
|         add89                  |                                Fp32Add__116 |        961 |        961 |       0 |    0 |      0 |      0 |      0 |    0 |          0 |
|           (add89)              |                                Fp32Add__116 |        284 |        284 |       0 |    0 |      0 |      0 |      0 |    0 |          0 |
|           add                  |                               AddRecFN__130 |        677 |        677 |       0 |    0 |      0 |      0 |      0 |    0 |          0 |
|         add891011              |                                Fp32Add__120 |        961 |        961 |       0 |    0 |      0 |      0 |      0 |    0 |          0 |
|           (add891011)          |                                Fp32Add__120 |        284 |        284 |       0 |    0 |      0 |      0 |      0 |    0 |          0 |
|           add                  |                               AddRecFN__134 |        677 |        677 |       0 |    0 |      0 |      0 |      0 |    0 |          0 |
|         addAll                 |                                Fp32Add__122 |        961 |        961 |       0 |    0 |      0 |      0 |      0 |    0 |          0 |
|           (addAll)             |                                Fp32Add__122 |        284 |        284 |       0 |    0 |      0 |      0 |      0 |    0 |          0 |
|           add                  |                               AddRecFN__136 |        677 |        677 |       0 |    0 |      0 |      0 |      0 |    0 |          0 |
|     laneSum                    |                              Fp32LaneSum__1 |      10571 |      10571 |       0 |    0 |      0 |      0 |      0 |    0 |          0 |
|       add01                    |                                Fp32Add__101 |        961 |        961 |       0 |    0 |      0 |      0 |      0 |    0 |          0 |
|         (add01)                |                                Fp32Add__101 |        284 |        284 |       0 |    0 |      0 |      0 |      0 |    0 |          0 |
|         add                    |                               AddRecFN__115 |        677 |        677 |       0 |    0 |      0 |      0 |      0 |    0 |          0 |
|           (add)                |                               AddRecFN__115 |          5 |          5 |       0 |    0 |      0 |      0 |      0 |    0 |          0 |
|           addRawFN             |                               AddRawFN__115 |        471 |        471 |       0 |    0 |      0 |      0 |      0 |    0 |          0 |
|           roundRawFNToRecFN    |               RoundRawFNToRecFN_e8_s24__310 |        201 |        201 |       0 |    0 |      0 |      0 |      0 |    0 |          0 |
|       add0123                  |                                Fp32Add__107 |        961 |        961 |       0 |    0 |      0 |      0 |      0 |    0 |          0 |
|         (add0123)              |                                Fp32Add__107 |        284 |        284 |       0 |    0 |      0 |      0 |      0 |    0 |          0 |
|         add                    |                               AddRecFN__121 |        677 |        677 |       0 |    0 |      0 |      0 |      0 |    0 |          0 |
|           (add)                |                               AddRecFN__121 |          5 |          5 |       0 |    0 |      0 |      0 |      0 |    0 |          0 |
|           addRawFN             |                               AddRawFN__121 |        471 |        471 |       0 |    0 |      0 |      0 |      0 |    0 |          0 |
|           roundRawFNToRecFN    |               RoundRawFNToRecFN_e8_s24__316 |        201 |        201 |       0 |    0 |      0 |      0 |      0 |    0 |          0 |
|       add0to7                  |                                Fp32Add__110 |        961 |        961 |       0 |    0 |      0 |      0 |      0 |    0 |          0 |
|         (add0to7)              |                                Fp32Add__110 |        284 |        284 |       0 |    0 |      0 |      0 |      0 |    0 |          0 |
|         add                    |                               AddRecFN__124 |        677 |        677 |       0 |    0 |      0 |      0 |      0 |    0 |          0 |
|           (add)                |                               AddRecFN__124 |          5 |          5 |       0 |    0 |      0 |      0 |      0 |    0 |          0 |
|           addRawFN             |                               AddRawFN__124 |        471 |        471 |       0 |    0 |      0 |      0 |      0 |    0 |          0 |
|           roundRawFNToRecFN    |               RoundRawFNToRecFN_e8_s24__319 |        201 |        201 |       0 |    0 |      0 |      0 |      0 |    0 |          0 |
|       add1011                  |                                Fp32Add__106 |        961 |        961 |       0 |    0 |      0 |      0 |      0 |    0 |          0 |
|         (add1011)              |                                Fp32Add__106 |        284 |        284 |       0 |    0 |      0 |      0 |      0 |    0 |          0 |
|         add                    |                               AddRecFN__120 |        677 |        677 |       0 |    0 |      0 |      0 |      0 |    0 |          0 |
|           (add)                |                               AddRecFN__120 |          5 |          5 |       0 |    0 |      0 |      0 |      0 |    0 |          0 |
|           addRawFN             |                               AddRawFN__120 |        471 |        471 |       0 |    0 |      0 |      0 |      0 |    0 |          0 |
|           roundRawFNToRecFN    |               RoundRawFNToRecFN_e8_s24__315 |        201 |        201 |       0 |    0 |      0 |      0 |      0 |    0 |          0 |
|       add23                    |                                Fp32Add__102 |        961 |        961 |       0 |    0 |      0 |      0 |      0 |    0 |          0 |
|         (add23)                |                                Fp32Add__102 |        284 |        284 |       0 |    0 |      0 |      0 |      0 |    0 |          0 |
|         add                    |                               AddRecFN__116 |        677 |        677 |       0 |    0 |      0 |      0 |      0 |    0 |          0 |
|           (add)                |                               AddRecFN__116 |          5 |          5 |       0 |    0 |      0 |      0 |      0 |    0 |          0 |
|           addRawFN             |                               AddRawFN__116 |        471 |        471 |       0 |    0 |      0 |      0 |      0 |    0 |          0 |
|           roundRawFNToRecFN    |               RoundRawFNToRecFN_e8_s24__311 |        201 |        201 |       0 |    0 |      0 |      0 |      0 |    0 |          0 |
|       add45                    |                                Fp32Add__103 |        961 |        961 |       0 |    0 |      0 |      0 |      0 |    0 |          0 |
|         (add45)                |                                Fp32Add__103 |        284 |        284 |       0 |    0 |      0 |      0 |      0 |    0 |          0 |
|         add                    |                               AddRecFN__117 |        677 |        677 |       0 |    0 |      0 |      0 |      0 |    0 |          0 |
|           (add)                |                               AddRecFN__117 |          5 |          5 |       0 |    0 |      0 |      0 |      0 |    0 |          0 |
|           addRawFN             |                               AddRawFN__117 |        471 |        471 |       0 |    0 |      0 |      0 |      0 |    0 |          0 |
|           roundRawFNToRecFN    |               RoundRawFNToRecFN_e8_s24__312 |        201 |        201 |       0 |    0 |      0 |      0 |      0 |    0 |          0 |
|       add4567                  |                                Fp32Add__108 |        961 |        961 |       0 |    0 |      0 |      0 |      0 |    0 |          0 |
|         (add4567)              |                                Fp32Add__108 |        284 |        284 |       0 |    0 |      0 |      0 |      0 |    0 |          0 |
|         add                    |                               AddRecFN__122 |        677 |        677 |       0 |    0 |      0 |      0 |      0 |    0 |          0 |
|           (add)                |                               AddRecFN__122 |          5 |          5 |       0 |    0 |      0 |      0 |      0 |    0 |          0 |
|           addRawFN             |                               AddRawFN__122 |        471 |        471 |       0 |    0 |      0 |      0 |      0 |    0 |          0 |
|           roundRawFNToRecFN    |               RoundRawFNToRecFN_e8_s24__317 |        201 |        201 |       0 |    0 |      0 |      0 |      0 |    0 |          0 |
|       add67                    |                                Fp32Add__104 |        961 |        961 |       0 |    0 |      0 |      0 |      0 |    0 |          0 |
|         (add67)                |                                Fp32Add__104 |        284 |        284 |       0 |    0 |      0 |      0 |      0 |    0 |          0 |
|         add                    |                               AddRecFN__118 |        677 |        677 |       0 |    0 |      0 |      0 |      0 |    0 |          0 |
|           (add)                |                               AddRecFN__118 |          5 |          5 |       0 |    0 |      0 |      0 |      0 |    0 |          0 |
|           addRawFN             |                               AddRawFN__118 |        471 |        471 |       0 |    0 |      0 |      0 |      0 |    0 |          0 |
|           roundRawFNToRecFN    |               RoundRawFNToRecFN_e8_s24__313 |        201 |        201 |       0 |    0 |      0 |      0 |      0 |    0 |          0 |
|       add89                    |                                Fp32Add__105 |        961 |        961 |       0 |    0 |      0 |      0 |      0 |    0 |          0 |
|         (add89)                |                                Fp32Add__105 |        284 |        284 |       0 |    0 |      0 |      0 |      0 |    0 |          0 |
|         add                    |                               AddRecFN__119 |        677 |        677 |       0 |    0 |      0 |      0 |      0 |    0 |          0 |
|           (add)                |                               AddRecFN__119 |          5 |          5 |       0 |    0 |      0 |      0 |      0 |    0 |          0 |
|           addRawFN             |                               AddRawFN__119 |        471 |        471 |       0 |    0 |      0 |      0 |      0 |    0 |          0 |
|           roundRawFNToRecFN    |               RoundRawFNToRecFN_e8_s24__314 |        201 |        201 |       0 |    0 |      0 |      0 |      0 |    0 |          0 |
|       add891011                |                                Fp32Add__109 |        961 |        961 |       0 |    0 |      0 |      0 |      0 |    0 |          0 |
|         (add891011)            |                                Fp32Add__109 |        284 |        284 |       0 |    0 |      0 |      0 |      0 |    0 |          0 |
|         add                    |                               AddRecFN__123 |        677 |        677 |       0 |    0 |      0 |      0 |      0 |    0 |          0 |
|           (add)                |                               AddRecFN__123 |          5 |          5 |       0 |    0 |      0 |      0 |      0 |    0 |          0 |
|           addRawFN             |                               AddRawFN__123 |        471 |        471 |       0 |    0 |      0 |      0 |      0 |    0 |          0 |
|           roundRawFNToRecFN    |               RoundRawFNToRecFN_e8_s24__318 |        201 |        201 |       0 |    0 |      0 |      0 |      0 |    0 |          0 |
|       addAll                   |                                Fp32Add__111 |        961 |        961 |       0 |    0 |      0 |      0 |      0 |    0 |          0 |
|         (addAll)               |                                Fp32Add__111 |        284 |        284 |       0 |    0 |      0 |      0 |      0 |    0 |          0 |
|         add                    |                               AddRecFN__125 |        677 |        677 |       0 |    0 |      0 |      0 |      0 |    0 |          0 |
|           (add)                |                               AddRecFN__125 |          5 |          5 |       0 |    0 |      0 |      0 |      0 |    0 |          0 |
|           addRawFN             |                               AddRawFN__125 |        471 |        471 |       0 |    0 |      0 |      0 |      0 |    0 |          0 |
|           roundRawFNToRecFN    |               RoundRawFNToRecFN_e8_s24__320 |        201 |        201 |       0 |    0 |      0 |      0 |      0 |    0 |          0 |
|     meanMul                    |                                 Fp32Mul__52 |        403 |        403 |       0 |    0 |      0 |      0 |      0 |    0 |          2 |
|       (meanMul)                |                                 Fp32Mul__52 |        195 |        195 |       0 |    0 |      0 |      0 |      0 |    0 |          0 |
|       mul                      |                                MulRecFN__52 |        208 |        208 |       0 |    0 |      0 |      0 |      0 |    0 |          2 |
|         (mul)                  |                                MulRecFN__52 |          3 |          3 |       0 |    0 |      0 |      0 |      0 |    0 |          0 |
|         mulRawFN               |                                MulRawFN__52 |         13 |         13 |       0 |    0 |      0 |      0 |      0 |    0 |          2 |
|           (mulRawFN)           |                                MulRawFN__52 |          5 |          5 |       0 |    0 |      0 |      0 |      0 |    0 |          0 |
|           mulFullRaw           |                            MulFullRawFN__52 |          8 |          8 |       0 |    0 |      0 |      0 |      0 |    0 |          2 |
|         roundRawFNToRecFN      |                RoundRawFNToRecFN_e8_s24__63 |        192 |        192 |       0 |    0 |      0 |      0 |      0 |    0 |          0 |
|           (roundRawFNToRecFN)  |                RoundRawFNToRecFN_e8_s24__63 |          0 |          0 |       0 |    0 |      0 |      0 |      0 |    0 |          0 |
|           roundAnyRawFNToRecFN |  RoundAnyRawFNToRecFN_ie8_is26_oe8_os24__63 |        192 |        192 |       0 |    0 |      0 |      0 |      0 |    0 |          0 |
|     meanPow2                   |                                 Fp32Mul__50 |        380 |        380 |       0 |    0 |      0 |      0 |      0 |    0 |          2 |
|       (meanPow2)               |                                 Fp32Mul__50 |        203 |        203 |       0 |    0 |      0 |      0 |      0 |    0 |          0 |
|       mul                      |                                MulRecFN__50 |        177 |        177 |       0 |    0 |      0 |      0 |      0 |    0 |          2 |
|         (mul)                  |                                MulRecFN__50 |          5 |          5 |       0 |    0 |      0 |      0 |      0 |    0 |          0 |
|         mulRawFN               |                                MulRawFN__50 |         12 |         12 |       0 |    0 |      0 |      0 |      0 |    0 |          2 |
|           (mulRawFN)           |                                MulRawFN__50 |          5 |          5 |       0 |    0 |      0 |      0 |      0 |    0 |          0 |
|           mulFullRaw           |                            MulFullRawFN__50 |          7 |          7 |       0 |    0 |      0 |      0 |      0 |    0 |          2 |
|         roundRawFNToRecFN      |                RoundRawFNToRecFN_e8_s24__65 |        160 |        160 |       0 |    0 |      0 |      0 |      0 |    0 |          0 |
|           (roundRawFNToRecFN)  |                RoundRawFNToRecFN_e8_s24__65 |          0 |          0 |       0 |    0 |      0 |      0 |      0 |    0 |          0 |
|           roundAnyRawFNToRecFN |  RoundAnyRawFNToRecFN_ie8_is26_oe8_os24__65 |        160 |        160 |       0 |    0 |      0 |      0 |      0 |    0 |          0 |
|     meanSqMul                  |                                 Fp32Mul__51 |        405 |        405 |       0 |    0 |      0 |      0 |      0 |    0 |          2 |
|       (meanSqMul)              |                                 Fp32Mul__51 |        197 |        197 |       0 |    0 |      0 |      0 |      0 |    0 |          0 |
|       mul                      |                                MulRecFN__51 |        208 |        208 |       0 |    0 |      0 |      0 |      0 |    0 |          2 |
|         (mul)                  |                                MulRecFN__51 |          3 |          3 |       0 |    0 |      0 |      0 |      0 |    0 |          0 |
|         mulRawFN               |                                MulRawFN__51 |         13 |         13 |       0 |    0 |      0 |      0 |      0 |    0 |          2 |
|           (mulRawFN)           |                                MulRawFN__51 |          5 |          5 |       0 |    0 |      0 |      0 |      0 |    0 |          0 |
|           mulFullRaw           |                            MulFullRawFN__51 |          8 |          8 |       0 |    0 |      0 |      0 |      0 |    0 |          2 |
|         roundRawFNToRecFN      |                RoundRawFNToRecFN_e8_s24__66 |        192 |        192 |       0 |    0 |      0 |      0 |      0 |    0 |          0 |
|           (roundRawFNToRecFN)  |                RoundRawFNToRecFN_e8_s24__66 |          0 |          0 |       0 |    0 |      0 |      0 |      0 |    0 |          0 |
|           roundAnyRawFNToRecFN |  RoundAnyRawFNToRecFN_ie8_is26_oe8_os24__66 |        192 |        192 |       0 |    0 |      0 |      0 |      0 |    0 |          0 |
|     quant                      |                      Fp32QuantizeToInt8Pack |      19586 |      19586 |       0 |    0 |      0 |      0 |      0 |    0 |         24 |
|       (quant)                  |                      Fp32QuantizeToInt8Pack |          0 |          0 |       0 |    0 |      0 |      0 |      0 |    0 |          0 |
|       add                      |                                Fp32Add__137 |        961 |        961 |       0 |    0 |      0 |      0 |      0 |    0 |          0 |
|         (add)                  |                                Fp32Add__137 |        284 |        284 |       0 |    0 |      0 |      0 |      0 |    0 |          0 |
|         add                    |                               AddRecFN__151 |        677 |        677 |       0 |    0 |      0 |      0 |      0 |    0 |          0 |
|           (add)                |                               AddRecFN__151 |          5 |          5 |       0 |    0 |      0 |      0 |      0 |    0 |          0 |
|           addRawFN             |                               AddRawFN__151 |        471 |        471 |       0 |    0 |      0 |      0 |      0 |    0 |          0 |
|           roundRawFNToRecFN    |               RoundRawFNToRecFN_e8_s24__346 |        201 |        201 |       0 |    0 |      0 |      0 |      0 |    0 |          0 |
|       add_1                    |                                Fp32Add__138 |        961 |        961 |       0 |    0 |      0 |      0 |      0 |    0 |          0 |
|         (add_1)                |                                Fp32Add__138 |        284 |        284 |       0 |    0 |      0 |      0 |      0 |    0 |          0 |
|         add                    |                               AddRecFN__152 |        677 |        677 |       0 |    0 |      0 |      0 |      0 |    0 |          0 |
|           (add)                |                               AddRecFN__152 |          5 |          5 |       0 |    0 |      0 |      0 |      0 |    0 |          0 |
|           addRawFN             |                               AddRawFN__152 |        471 |        471 |       0 |    0 |      0 |      0 |      0 |    0 |          0 |
|           roundRawFNToRecFN    |               RoundRawFNToRecFN_e8_s24__347 |        201 |        201 |       0 |    0 |      0 |      0 |      0 |    0 |          0 |
|       add_10                   |                                Fp32Add__147 |        961 |        961 |       0 |    0 |      0 |      0 |      0 |    0 |          0 |
|         (add_10)               |                                Fp32Add__147 |        284 |        284 |       0 |    0 |      0 |      0 |      0 |    0 |          0 |
|         add                    |                               AddRecFN__161 |        677 |        677 |       0 |    0 |      0 |      0 |      0 |    0 |          0 |
|           (add)                |                               AddRecFN__161 |          5 |          5 |       0 |    0 |      0 |      0 |      0 |    0 |          0 |
|           addRawFN             |                               AddRawFN__161 |        471 |        471 |       0 |    0 |      0 |      0 |      0 |    0 |          0 |
|           roundRawFNToRecFN    |               RoundRawFNToRecFN_e8_s24__356 |        201 |        201 |       0 |    0 |      0 |      0 |      0 |    0 |          0 |
|       add_11                   |                                Fp32Add__148 |        961 |        961 |       0 |    0 |      0 |      0 |      0 |    0 |          0 |
|         (add_11)               |                                Fp32Add__148 |        284 |        284 |       0 |    0 |      0 |      0 |      0 |    0 |          0 |
|         add                    |                               AddRecFN__162 |        677 |        677 |       0 |    0 |      0 |      0 |      0 |    0 |          0 |
|           (add)                |                               AddRecFN__162 |          5 |          5 |       0 |    0 |      0 |      0 |      0 |    0 |          0 |
|           addRawFN             |                               AddRawFN__162 |        471 |        471 |       0 |    0 |      0 |      0 |      0 |    0 |          0 |
|           roundRawFNToRecFN    |               RoundRawFNToRecFN_e8_s24__357 |        201 |        201 |       0 |    0 |      0 |      0 |      0 |    0 |          0 |
|       add_2                    |                                Fp32Add__139 |        961 |        961 |       0 |    0 |      0 |      0 |      0 |    0 |          0 |
|         (add_2)                |                                Fp32Add__139 |        284 |        284 |       0 |    0 |      0 |      0 |      0 |    0 |          0 |
|         add                    |                               AddRecFN__153 |        677 |        677 |       0 |    0 |      0 |      0 |      0 |    0 |          0 |
|           (add)                |                               AddRecFN__153 |          5 |          5 |       0 |    0 |      0 |      0 |      0 |    0 |          0 |
|           addRawFN             |                               AddRawFN__153 |        471 |        471 |       0 |    0 |      0 |      0 |      0 |    0 |          0 |
|           roundRawFNToRecFN    |               RoundRawFNToRecFN_e8_s24__348 |        201 |        201 |       0 |    0 |      0 |      0 |      0 |    0 |          0 |
|       add_3                    |                                Fp32Add__140 |        961 |        961 |       0 |    0 |      0 |      0 |      0 |    0 |          0 |
|         (add_3)                |                                Fp32Add__140 |        284 |        284 |       0 |    0 |      0 |      0 |      0 |    0 |          0 |
|         add                    |                               AddRecFN__154 |        677 |        677 |       0 |    0 |      0 |      0 |      0 |    0 |          0 |
|           (add)                |                               AddRecFN__154 |          5 |          5 |       0 |    0 |      0 |      0 |      0 |    0 |          0 |
|           addRawFN             |                               AddRawFN__154 |        471 |        471 |       0 |    0 |      0 |      0 |      0 |    0 |          0 |
|           roundRawFNToRecFN    |               RoundRawFNToRecFN_e8_s24__349 |        201 |        201 |       0 |    0 |      0 |      0 |      0 |    0 |          0 |
|       add_4                    |                                Fp32Add__141 |        961 |        961 |       0 |    0 |      0 |      0 |      0 |    0 |          0 |
|         (add_4)                |                                Fp32Add__141 |        284 |        284 |       0 |    0 |      0 |      0 |      0 |    0 |          0 |
|         add                    |                               AddRecFN__155 |        677 |        677 |       0 |    0 |      0 |      0 |      0 |    0 |          0 |
|           (add)                |                               AddRecFN__155 |          5 |          5 |       0 |    0 |      0 |      0 |      0 |    0 |          0 |
|           addRawFN             |                               AddRawFN__155 |        471 |        471 |       0 |    0 |      0 |      0 |      0 |    0 |          0 |
|           roundRawFNToRecFN    |               RoundRawFNToRecFN_e8_s24__350 |        201 |        201 |       0 |    0 |      0 |      0 |      0 |    0 |          0 |
|       add_5                    |                                Fp32Add__142 |        961 |        961 |       0 |    0 |      0 |      0 |      0 |    0 |          0 |
|         (add_5)                |                                Fp32Add__142 |        284 |        284 |       0 |    0 |      0 |      0 |      0 |    0 |          0 |
|         add                    |                               AddRecFN__156 |        677 |        677 |       0 |    0 |      0 |      0 |      0 |    0 |          0 |
|           (add)                |                               AddRecFN__156 |          5 |          5 |       0 |    0 |      0 |      0 |      0 |    0 |          0 |
|           addRawFN             |                               AddRawFN__156 |        471 |        471 |       0 |    0 |      0 |      0 |      0 |    0 |          0 |
|           roundRawFNToRecFN    |               RoundRawFNToRecFN_e8_s24__351 |        201 |        201 |       0 |    0 |      0 |      0 |      0 |    0 |          0 |
|       add_6                    |                                Fp32Add__143 |        961 |        961 |       0 |    0 |      0 |      0 |      0 |    0 |          0 |
|         (add_6)                |                                Fp32Add__143 |        284 |        284 |       0 |    0 |      0 |      0 |      0 |    0 |          0 |
|         add                    |                               AddRecFN__157 |        677 |        677 |       0 |    0 |      0 |      0 |      0 |    0 |          0 |
|           (add)                |                               AddRecFN__157 |          5 |          5 |       0 |    0 |      0 |      0 |      0 |    0 |          0 |
|           addRawFN             |                               AddRawFN__157 |        471 |        471 |       0 |    0 |      0 |      0 |      0 |    0 |          0 |
|           roundRawFNToRecFN    |               RoundRawFNToRecFN_e8_s24__352 |        201 |        201 |       0 |    0 |      0 |      0 |      0 |    0 |          0 |
|       add_7                    |                                Fp32Add__144 |        961 |        961 |       0 |    0 |      0 |      0 |      0 |    0 |          0 |
|         (add_7)                |                                Fp32Add__144 |        284 |        284 |       0 |    0 |      0 |      0 |      0 |    0 |          0 |
|         add                    |                               AddRecFN__158 |        677 |        677 |       0 |    0 |      0 |      0 |      0 |    0 |          0 |
|           (add)                |                               AddRecFN__158 |          5 |          5 |       0 |    0 |      0 |      0 |      0 |    0 |          0 |
|           addRawFN             |                               AddRawFN__158 |        471 |        471 |       0 |    0 |      0 |      0 |      0 |    0 |          0 |
|           roundRawFNToRecFN    |               RoundRawFNToRecFN_e8_s24__353 |        201 |        201 |       0 |    0 |      0 |      0 |      0 |    0 |          0 |
|       add_8                    |                                Fp32Add__145 |        961 |        961 |       0 |    0 |      0 |      0 |      0 |    0 |          0 |
|         (add_8)                |                                Fp32Add__145 |        284 |        284 |       0 |    0 |      0 |      0 |      0 |    0 |          0 |
|         add                    |                               AddRecFN__159 |        677 |        677 |       0 |    0 |      0 |      0 |      0 |    0 |          0 |
|           (add)                |                               AddRecFN__159 |          5 |          5 |       0 |    0 |      0 |      0 |      0 |    0 |          0 |
|           addRawFN             |                               AddRawFN__159 |        471 |        471 |       0 |    0 |      0 |      0 |      0 |    0 |          0 |
|           roundRawFNToRecFN    |               RoundRawFNToRecFN_e8_s24__354 |        201 |        201 |       0 |    0 |      0 |      0 |      0 |    0 |          0 |
|       add_9                    |                                Fp32Add__146 |        961 |        961 |       0 |    0 |      0 |      0 |      0 |    0 |          0 |
|         (add_9)                |                                Fp32Add__146 |        284 |        284 |       0 |    0 |      0 |      0 |      0 |    0 |          0 |
|         add                    |                               AddRecFN__160 |        677 |        677 |       0 |    0 |      0 |      0 |      0 |    0 |          0 |
|           (add)                |                               AddRecFN__160 |          5 |          5 |       0 |    0 |      0 |      0 |      0 |    0 |          0 |
|           addRawFN             |                               AddRawFN__160 |        471 |        471 |       0 |    0 |      0 |      0 |      0 |    0 |          0 |
|           roundRawFNToRecFN    |               RoundRawFNToRecFN_e8_s24__355 |        201 |        201 |       0 |    0 |      0 |      0 |      0 |    0 |          0 |
|       mul                      |                                 Fp32Mul__38 |        502 |        502 |       0 |    0 |      0 |      0 |      0 |    0 |          2 |
|         (mul)                  |                                 Fp32Mul__38 |        284 |        284 |       0 |    0 |      0 |      0 |      0 |    0 |          0 |
|         mul                    |                                MulRecFN__38 |        218 |        218 |       0 |    0 |      0 |      0 |      0 |    0 |          2 |
|           (mul)                |                                MulRecFN__38 |          5 |          5 |       0 |    0 |      0 |      0 |      0 |    0 |          0 |
|           mulRawFN             |                                MulRawFN__38 |         21 |         21 |       0 |    0 |      0 |      0 |      0 |    0 |          2 |
|           roundRawFNToRecFN    |                RoundRawFNToRecFN_e8_s24__51 |        192 |        192 |       0 |    0 |      0 |      0 |      0 |    0 |          0 |
|       mul_1                    |                                 Fp32Mul__39 |        502 |        502 |       0 |    0 |      0 |      0 |      0 |    0 |          2 |
|         (mul_1)                |                                 Fp32Mul__39 |        284 |        284 |       0 |    0 |      0 |      0 |      0 |    0 |          0 |
|         mul                    |                                MulRecFN__39 |        218 |        218 |       0 |    0 |      0 |      0 |      0 |    0 |          2 |
|           (mul)                |                                MulRecFN__39 |          5 |          5 |       0 |    0 |      0 |      0 |      0 |    0 |          0 |
|           mulRawFN             |                                MulRawFN__39 |         21 |         21 |       0 |    0 |      0 |      0 |      0 |    0 |          2 |
|           roundRawFNToRecFN    |                RoundRawFNToRecFN_e8_s24__52 |        192 |        192 |       0 |    0 |      0 |      0 |      0 |    0 |          0 |
|       mul_10                   |                                 Fp32Mul__48 |        502 |        502 |       0 |    0 |      0 |      0 |      0 |    0 |          2 |
|         (mul_10)               |                                 Fp32Mul__48 |        284 |        284 |       0 |    0 |      0 |      0 |      0 |    0 |          0 |
|         mul                    |                                MulRecFN__48 |        218 |        218 |       0 |    0 |      0 |      0 |      0 |    0 |          2 |
|           (mul)                |                                MulRecFN__48 |          5 |          5 |       0 |    0 |      0 |      0 |      0 |    0 |          0 |
|           mulRawFN             |                                MulRawFN__48 |         21 |         21 |       0 |    0 |      0 |      0 |      0 |    0 |          2 |
|           roundRawFNToRecFN    |                RoundRawFNToRecFN_e8_s24__61 |        192 |        192 |       0 |    0 |      0 |      0 |      0 |    0 |          0 |
|       mul_11                   |                                 Fp32Mul__49 |        502 |        502 |       0 |    0 |      0 |      0 |      0 |    0 |          2 |
|         (mul_11)               |                                 Fp32Mul__49 |        284 |        284 |       0 |    0 |      0 |      0 |      0 |    0 |          0 |
|         mul                    |                                MulRecFN__49 |        218 |        218 |       0 |    0 |      0 |      0 |      0 |    0 |          2 |
|           (mul)                |                                MulRecFN__49 |          5 |          5 |       0 |    0 |      0 |      0 |      0 |    0 |          0 |
|           mulRawFN             |                                MulRawFN__49 |         21 |         21 |       0 |    0 |      0 |      0 |      0 |    0 |          2 |
|           roundRawFNToRecFN    |                RoundRawFNToRecFN_e8_s24__62 |        192 |        192 |       0 |    0 |      0 |      0 |      0 |    0 |          0 |
|       mul_2                    |                                 Fp32Mul__40 |        502 |        502 |       0 |    0 |      0 |      0 |      0 |    0 |          2 |
|         (mul_2)                |                                 Fp32Mul__40 |        284 |        284 |       0 |    0 |      0 |      0 |      0 |    0 |          0 |
|         mul                    |                                MulRecFN__40 |        218 |        218 |       0 |    0 |      0 |      0 |      0 |    0 |          2 |
|           (mul)                |                                MulRecFN__40 |          5 |          5 |       0 |    0 |      0 |      0 |      0 |    0 |          0 |
|           mulRawFN             |                                MulRawFN__40 |         21 |         21 |       0 |    0 |      0 |      0 |      0 |    0 |          2 |
|           roundRawFNToRecFN    |                RoundRawFNToRecFN_e8_s24__53 |        192 |        192 |       0 |    0 |      0 |      0 |      0 |    0 |          0 |
|       mul_3                    |                                 Fp32Mul__41 |        502 |        502 |       0 |    0 |      0 |      0 |      0 |    0 |          2 |
|         (mul_3)                |                                 Fp32Mul__41 |        284 |        284 |       0 |    0 |      0 |      0 |      0 |    0 |          0 |
|         mul                    |                                MulRecFN__41 |        218 |        218 |       0 |    0 |      0 |      0 |      0 |    0 |          2 |
|           (mul)                |                                MulRecFN__41 |          5 |          5 |       0 |    0 |      0 |      0 |      0 |    0 |          0 |
|           mulRawFN             |                                MulRawFN__41 |         21 |         21 |       0 |    0 |      0 |      0 |      0 |    0 |          2 |
|           roundRawFNToRecFN    |                RoundRawFNToRecFN_e8_s24__54 |        192 |        192 |       0 |    0 |      0 |      0 |      0 |    0 |          0 |
|       mul_4                    |                                 Fp32Mul__42 |        502 |        502 |       0 |    0 |      0 |      0 |      0 |    0 |          2 |
|         (mul_4)                |                                 Fp32Mul__42 |        284 |        284 |       0 |    0 |      0 |      0 |      0 |    0 |          0 |
|         mul                    |                                MulRecFN__42 |        218 |        218 |       0 |    0 |      0 |      0 |      0 |    0 |          2 |
|           (mul)                |                                MulRecFN__42 |          5 |          5 |       0 |    0 |      0 |      0 |      0 |    0 |          0 |
|           mulRawFN             |                                MulRawFN__42 |         21 |         21 |       0 |    0 |      0 |      0 |      0 |    0 |          2 |
|           roundRawFNToRecFN    |                RoundRawFNToRecFN_e8_s24__55 |        192 |        192 |       0 |    0 |      0 |      0 |      0 |    0 |          0 |
|       mul_5                    |                                 Fp32Mul__43 |        502 |        502 |       0 |    0 |      0 |      0 |      0 |    0 |          2 |
|         (mul_5)                |                                 Fp32Mul__43 |        284 |        284 |       0 |    0 |      0 |      0 |      0 |    0 |          0 |
|         mul                    |                                MulRecFN__43 |        218 |        218 |       0 |    0 |      0 |      0 |      0 |    0 |          2 |
|           (mul)                |                                MulRecFN__43 |          5 |          5 |       0 |    0 |      0 |      0 |      0 |    0 |          0 |
|           mulRawFN             |                                MulRawFN__43 |         21 |         21 |       0 |    0 |      0 |      0 |      0 |    0 |          2 |
|           roundRawFNToRecFN    |                RoundRawFNToRecFN_e8_s24__56 |        192 |        192 |       0 |    0 |      0 |      0 |      0 |    0 |          0 |
|       mul_6                    |                                 Fp32Mul__44 |        502 |        502 |       0 |    0 |      0 |      0 |      0 |    0 |          2 |
|         (mul_6)                |                                 Fp32Mul__44 |        284 |        284 |       0 |    0 |      0 |      0 |      0 |    0 |          0 |
|         mul                    |                                MulRecFN__44 |        218 |        218 |       0 |    0 |      0 |      0 |      0 |    0 |          2 |
|           (mul)                |                                MulRecFN__44 |          5 |          5 |       0 |    0 |      0 |      0 |      0 |    0 |          0 |
|           mulRawFN             |                                MulRawFN__44 |         21 |         21 |       0 |    0 |      0 |      0 |      0 |    0 |          2 |
|           roundRawFNToRecFN    |                RoundRawFNToRecFN_e8_s24__57 |        192 |        192 |       0 |    0 |      0 |      0 |      0 |    0 |          0 |
|       mul_7                    |                                 Fp32Mul__45 |        502 |        502 |       0 |    0 |      0 |      0 |      0 |    0 |          2 |
|         (mul_7)                |                                 Fp32Mul__45 |        284 |        284 |       0 |    0 |      0 |      0 |      0 |    0 |          0 |
|         mul                    |                                MulRecFN__45 |        218 |        218 |       0 |    0 |      0 |      0 |      0 |    0 |          2 |
|           (mul)                |                                MulRecFN__45 |          5 |          5 |       0 |    0 |      0 |      0 |      0 |    0 |          0 |
|           mulRawFN             |                                MulRawFN__45 |         21 |         21 |       0 |    0 |      0 |      0 |      0 |    0 |          2 |
|           roundRawFNToRecFN    |                RoundRawFNToRecFN_e8_s24__58 |        192 |        192 |       0 |    0 |      0 |      0 |      0 |    0 |          0 |
|       mul_8                    |                                 Fp32Mul__46 |        502 |        502 |       0 |    0 |      0 |      0 |      0 |    0 |          2 |
|         (mul_8)                |                                 Fp32Mul__46 |        284 |        284 |       0 |    0 |      0 |      0 |      0 |    0 |          0 |
|         mul                    |                                MulRecFN__46 |        218 |        218 |       0 |    0 |      0 |      0 |      0 |    0 |          2 |
|           (mul)                |                                MulRecFN__46 |          5 |          5 |       0 |    0 |      0 |      0 |      0 |    0 |          0 |
|           mulRawFN             |                                MulRawFN__46 |         21 |         21 |       0 |    0 |      0 |      0 |      0 |    0 |          2 |
|           roundRawFNToRecFN    |                RoundRawFNToRecFN_e8_s24__59 |        192 |        192 |       0 |    0 |      0 |      0 |      0 |    0 |          0 |
|       mul_9                    |                                 Fp32Mul__47 |        502 |        502 |       0 |    0 |      0 |      0 |      0 |    0 |          2 |
|         (mul_9)                |                                 Fp32Mul__47 |        284 |        284 |       0 |    0 |      0 |      0 |      0 |    0 |          0 |
|         mul                    |                                MulRecFN__47 |        218 |        218 |       0 |    0 |      0 |      0 |      0 |    0 |          2 |
|           (mul)                |                                MulRecFN__47 |          5 |          5 |       0 |    0 |      0 |      0 |      0 |    0 |          0 |
|           mulRawFN             |                                MulRawFN__47 |         21 |         21 |       0 |    0 |      0 |      0 |      0 |    0 |          2 |
|           roundRawFNToRecFN    |                RoundRawFNToRecFN_e8_s24__60 |        192 |        192 |       0 |    0 |      0 |      0 |      0 |    0 |          0 |
|       toInt                    |                               Fp32ToInt8__2 |        166 |        166 |       0 |    0 |      0 |      0 |      0 |    0 |          0 |
|         (toInt)                |                               Fp32ToInt8__2 |        105 |        105 |       0 |    0 |      0 |      0 |      0 |    0 |          0 |
|         cvt                    |                      RecFNToIN_e8_s24_i8__2 |         61 |         61 |       0 |    0 |      0 |      0 |      0 |    0 |          0 |
|       toInt_1                  |                               Fp32ToInt8__3 |        166 |        166 |       0 |    0 |      0 |      0 |      0 |    0 |          0 |
|         (toInt_1)              |                               Fp32ToInt8__3 |        105 |        105 |       0 |    0 |      0 |      0 |      0 |    0 |          0 |
|         cvt                    |                      RecFNToIN_e8_s24_i8__3 |         61 |         61 |       0 |    0 |      0 |      0 |      0 |    0 |          0 |
|       toInt_10                 |                              Fp32ToInt8__12 |        166 |        166 |       0 |    0 |      0 |      0 |      0 |    0 |          0 |
|         (toInt_10)             |                              Fp32ToInt8__12 |        105 |        105 |       0 |    0 |      0 |      0 |      0 |    0 |          0 |
|         cvt                    |                     RecFNToIN_e8_s24_i8__12 |         61 |         61 |       0 |    0 |      0 |      0 |      0 |    0 |          0 |
|       toInt_11                 |                              Fp32ToInt8__13 |        166 |        166 |       0 |    0 |      0 |      0 |      0 |    0 |          0 |
|         (toInt_11)             |                              Fp32ToInt8__13 |        105 |        105 |       0 |    0 |      0 |      0 |      0 |    0 |          0 |
|         cvt                    |                     RecFNToIN_e8_s24_i8__13 |         61 |         61 |       0 |    0 |      0 |      0 |      0 |    0 |          0 |
|       toInt_2                  |                               Fp32ToInt8__4 |        166 |        166 |       0 |    0 |      0 |      0 |      0 |    0 |          0 |
|         (toInt_2)              |                               Fp32ToInt8__4 |        105 |        105 |       0 |    0 |      0 |      0 |      0 |    0 |          0 |
|         cvt                    |                      RecFNToIN_e8_s24_i8__4 |         61 |         61 |       0 |    0 |      0 |      0 |      0 |    0 |          0 |
|       toInt_3                  |                               Fp32ToInt8__5 |        166 |        166 |       0 |    0 |      0 |      0 |      0 |    0 |          0 |
|         (toInt_3)              |                               Fp32ToInt8__5 |        105 |        105 |       0 |    0 |      0 |      0 |      0 |    0 |          0 |
|         cvt                    |                      RecFNToIN_e8_s24_i8__5 |         61 |         61 |       0 |    0 |      0 |      0 |      0 |    0 |          0 |
|       toInt_4                  |                               Fp32ToInt8__6 |        166 |        166 |       0 |    0 |      0 |      0 |      0 |    0 |          0 |
|         (toInt_4)              |                               Fp32ToInt8__6 |        105 |        105 |       0 |    0 |      0 |      0 |      0 |    0 |          0 |
|         cvt                    |                      RecFNToIN_e8_s24_i8__6 |         61 |         61 |       0 |    0 |      0 |      0 |      0 |    0 |          0 |
|       toInt_5                  |                               Fp32ToInt8__7 |        166 |        166 |       0 |    0 |      0 |      0 |      0 |    0 |          0 |
|         (toInt_5)              |                               Fp32ToInt8__7 |        105 |        105 |       0 |    0 |      0 |      0 |      0 |    0 |          0 |
|         cvt                    |                      RecFNToIN_e8_s24_i8__7 |         61 |         61 |       0 |    0 |      0 |      0 |      0 |    0 |          0 |
|       toInt_6                  |                               Fp32ToInt8__8 |        166 |        166 |       0 |    0 |      0 |      0 |      0 |    0 |          0 |
|         (toInt_6)              |                               Fp32ToInt8__8 |        105 |        105 |       0 |    0 |      0 |      0 |      0 |    0 |          0 |
|         cvt                    |                      RecFNToIN_e8_s24_i8__8 |         61 |         61 |       0 |    0 |      0 |      0 |      0 |    0 |          0 |
|       toInt_7                  |                               Fp32ToInt8__9 |        166 |        166 |       0 |    0 |      0 |      0 |      0 |    0 |          0 |
|         (toInt_7)              |                               Fp32ToInt8__9 |        105 |        105 |       0 |    0 |      0 |      0 |      0 |    0 |          0 |
|         cvt                    |                      RecFNToIN_e8_s24_i8__9 |         61 |         61 |       0 |    0 |      0 |      0 |      0 |    0 |          0 |
|       toInt_8                  |                              Fp32ToInt8__10 |        166 |        166 |       0 |    0 |      0 |      0 |      0 |    0 |          0 |
|         (toInt_8)              |                              Fp32ToInt8__10 |        105 |        105 |       0 |    0 |      0 |      0 |      0 |    0 |          0 |
|         cvt                    |                     RecFNToIN_e8_s24_i8__10 |         61 |         61 |       0 |    0 |      0 |      0 |      0 |    0 |          0 |
|       toInt_9                  |                              Fp32ToInt8__11 |        166 |        166 |       0 |    0 |      0 |      0 |      0 |    0 |          0 |
|         (toInt_9)              |                              Fp32ToInt8__11 |        105 |        105 |       0 |    0 |      0 |      0 |      0 |    0 |          0 |
|         cvt                    |                     RecFNToIN_e8_s24_i8__11 |         61 |         61 |       0 |    0 |      0 |      0 |      0 |    0 |          0 |
|       zpFp                     |                                  SIntToFp32 |         38 |         38 |       0 |    0 |      0 |      0 |      0 |    0 |          0 |
|         (zpFp)                 |                                  SIntToFp32 |         11 |         11 |       0 |    0 |      0 |      0 |      0 |    0 |          0 |
|         cvt                    |                      INToRecFN_i8_e8_s24__1 |         27 |         27 |       0 |    0 |      0 |      0 |      0 |    0 |          0 |
|           (cvt)                |                      INToRecFN_i8_e8_s24__1 |         24 |         24 |       0 |    0 |      0 |      0 |      0 |    0 |          0 |
|           roundAnyRawFNToRecFN |    RoundAnyRawFNToRecFN_ie4_is8_oe8_os24__1 |          3 |          3 |       0 |    0 |      0 |      0 |      0 |    0 |          0 |
|     sqAdd                      |                                Fp32Add__124 |        961 |        961 |       0 |    0 |      0 |      0 |      0 |    0 |          0 |
|       (sqAdd)                  |                                Fp32Add__124 |        284 |        284 |       0 |    0 |      0 |      0 |      0 |    0 |          0 |
|       add                      |                               AddRecFN__138 |        677 |        677 |       0 |    0 |      0 |      0 |      0 |    0 |          0 |
|         (add)                  |                               AddRecFN__138 |          5 |          5 |       0 |    0 |      0 |      0 |      0 |    0 |          0 |
|         addRawFN               |                               AddRawFN__138 |        471 |        471 |       0 |    0 |      0 |      0 |      0 |    0 |          0 |
|         roundRawFNToRecFN      |               RoundRawFNToRecFN_e8_s24__333 |        201 |        201 |       0 |    0 |      0 |      0 |      0 |    0 |          0 |
|           (roundRawFNToRecFN)  |               RoundRawFNToRecFN_e8_s24__333 |          0 |          0 |       0 |    0 |      0 |      0 |      0 |    0 |          0 |
|           roundAnyRawFNToRecFN | RoundAnyRawFNToRecFN_ie8_is26_oe8_os24__333 |        201 |        201 |       0 |    0 |      0 |      0 |      0 |    0 |          0 |
|     sqrt                       |                                 Fp32DivSqrt |        499 |        499 |       0 |    0 |     98 |      0 |      0 |    0 |          0 |
|       (sqrt)                   |                                 Fp32DivSqrt |        173 |        173 |       0 |    0 |      0 |      0 |      0 |    0 |          0 |
|       divSqrt                  |                   DivSqrtRecFM_small_e8_s24 |        326 |        326 |       0 |    0 |     98 |      0 |      0 |    0 |          0 |
|         (divSqrt)              |                   DivSqrtRecFM_small_e8_s24 |          0 |          0 |       0 |    0 |      0 |      0 |      0 |    0 |          0 |
|         divSqrtRecFNToRaw      |              DivSqrtRecFMToRaw_small_e8_s24 |        153 |        153 |       0 |    0 |     98 |      0 |      0 |    0 |          0 |
|           (divSqrtRecFNToRaw)  |              DivSqrtRecFMToRaw_small_e8_s24 |          2 |          2 |       0 |    0 |      0 |      0 |      0 |    0 |          0 |
|           divSqrtRawFN         |                   DivSqrtRawFN_small_e8_s24 |        151 |        151 |       0 |    0 |     98 |      0 |      0 |    0 |          0 |
|         roundRawFNToRecFN      |                RoundRawFNToRecFN_e8_s24__68 |        173 |        173 |       0 |    0 |      0 |      0 |      0 |    0 |          0 |
|           (roundRawFNToRecFN)  |                RoundRawFNToRecFN_e8_s24__68 |          0 |          0 |       0 |    0 |      0 |      0 |      0 |    0 |          0 |
|           roundAnyRawFNToRecFN |  RoundAnyRawFNToRecFN_ie8_is26_oe8_os24__68 |        173 |        173 |       0 |    0 |      0 |      0 |      0 |    0 |          0 |
|     sumAdd                     |                                Fp32Add__123 |        961 |        961 |       0 |    0 |      0 |      0 |      0 |    0 |          0 |
|       (sumAdd)                 |                                Fp32Add__123 |        284 |        284 |       0 |    0 |      0 |      0 |      0 |    0 |          0 |
|       add                      |                               AddRecFN__137 |        677 |        677 |       0 |    0 |      0 |      0 |      0 |    0 |          0 |
|         (add)                  |                               AddRecFN__137 |          5 |          5 |       0 |    0 |      0 |      0 |      0 |    0 |          0 |
|         addRawFN               |                               AddRawFN__137 |        471 |        471 |       0 |    0 |      0 |      0 |      0 |    0 |          0 |
|         roundRawFNToRecFN      |               RoundRawFNToRecFN_e8_s24__332 |        201 |        201 |       0 |    0 |      0 |      0 |      0 |    0 |          0 |
|           (roundRawFNToRecFN)  |               RoundRawFNToRecFN_e8_s24__332 |          0 |          0 |       0 |    0 |      0 |      0 |      0 |    0 |          0 |
|           roundAnyRawFNToRecFN | RoundAnyRawFNToRecFN_ie8_is26_oe8_os24__332 |        201 |        201 |       0 |    0 |      0 |      0 |      0 |    0 |          0 |
|     varAddEps                  |                                  Fp32Add__1 |        781 |        781 |       0 |    0 |      0 |      0 |      0 |    0 |          0 |
|       (varAddEps)              |                                  Fp32Add__1 |        194 |        194 |       0 |    0 |      0 |      0 |      0 |    0 |          0 |
|       add                      |                                AddRecFN__14 |        587 |        587 |       0 |    0 |      0 |      0 |      0 |    0 |          0 |
|         (add)                  |                                AddRecFN__14 |          2 |          2 |       0 |    0 |      0 |      0 |      0 |    0 |          0 |
|         addRawFN               |                                AddRawFN__14 |        384 |        384 |       0 |    0 |      0 |      0 |      0 |    0 |          0 |
|         roundRawFNToRecFN      |               RoundRawFNToRecFN_e8_s24__197 |        201 |        201 |       0 |    0 |      0 |      0 |      0 |    0 |          0 |
|           (roundRawFNToRecFN)  |               RoundRawFNToRecFN_e8_s24__197 |          0 |          0 |       0 |    0 |      0 |      0 |      0 |    0 |          0 |
|           roundAnyRawFNToRecFN | RoundAnyRawFNToRecFN_ie8_is26_oe8_os24__197 |        201 |        201 |       0 |    0 |      0 |      0 |      0 |    0 |          0 |
|     varSub                     |                                     Fp32Sub |        970 |        970 |       0 |    0 |      0 |      0 |      0 |    0 |          0 |
|       (varSub)                 |                                     Fp32Sub |        287 |        287 |       0 |    0 |      0 |      0 |      0 |    0 |          0 |
|       sub                      |                                    AddRecFN |        683 |        683 |       0 |    0 |      0 |      0 |      0 |    0 |          0 |
|         (sub)                  |                                    AddRecFN |          4 |          4 |       0 |    0 |      0 |      0 |      0 |    0 |          0 |
|         addRawFN               |                                    AddRawFN |        478 |        478 |       0 |    0 |      0 |      0 |      0 |    0 |          0 |
|         roundRawFNToRecFN      |                RoundRawFNToRecFN_e8_s24__64 |        201 |        201 |       0 |    0 |      0 |      0 |      0 |    0 |          0 |
|           (roundRawFNToRecFN)  |                RoundRawFNToRecFN_e8_s24__64 |          0 |          0 |       0 |    0 |      0 |      0 |      0 |    0 |          0 |
|           roundAnyRawFNToRecFN |  RoundAnyRawFNToRecFN_ie8_is26_oe8_os24__64 |        201 |        201 |       0 |    0 |      0 |      0 |      0 |    0 |          0 |
|   ln_addr_gen                  |                                   LNAddrGen |         24 |         24 |       0 |    0 |     23 |      0 |      0 |    0 |          0 |
|   outlinear                    |                               OutLinearFP32 |     189761 |     189756 |       0 |    5 | 312639 |     10 |      2 |   20 |        457 |
|     (outlinear)                |                               OutLinearFP32 |      63765 |      63765 |       0 |    0 | 221229 |      0 |      0 |    0 |          0 |
|     bias_add                   |                               Fp32VecAdd__1 |      11532 |      11532 |       0 |    0 |      0 |      0 |      0 |    0 |          0 |
|       add                      |                                 Fp32Add__77 |        961 |        961 |       0 |    0 |      0 |      0 |      0 |    0 |          0 |
|         (add)                  |                                 Fp32Add__77 |        284 |        284 |       0 |    0 |      0 |      0 |      0 |    0 |          0 |
|         add                    |                                AddRecFN__91 |        677 |        677 |       0 |    0 |      0 |      0 |      0 |    0 |          0 |
|           (add)                |                                AddRecFN__91 |          5 |          5 |       0 |    0 |      0 |      0 |      0 |    0 |          0 |
|           addRawFN             |                                AddRawFN__91 |        471 |        471 |       0 |    0 |      0 |      0 |      0 |    0 |          0 |
|           roundRawFNToRecFN    |               RoundRawFNToRecFN_e8_s24__286 |        201 |        201 |       0 |    0 |      0 |      0 |      0 |    0 |          0 |
|       add_1                    |                                 Fp32Add__78 |        961 |        961 |       0 |    0 |      0 |      0 |      0 |    0 |          0 |
|         (add_1)                |                                 Fp32Add__78 |        284 |        284 |       0 |    0 |      0 |      0 |      0 |    0 |          0 |
|         add                    |                                AddRecFN__92 |        677 |        677 |       0 |    0 |      0 |      0 |      0 |    0 |          0 |
|           (add)                |                                AddRecFN__92 |          5 |          5 |       0 |    0 |      0 |      0 |      0 |    0 |          0 |
|           addRawFN             |                                AddRawFN__92 |        471 |        471 |       0 |    0 |      0 |      0 |      0 |    0 |          0 |
|           roundRawFNToRecFN    |               RoundRawFNToRecFN_e8_s24__287 |        201 |        201 |       0 |    0 |      0 |      0 |      0 |    0 |          0 |
|       add_10                   |                                 Fp32Add__87 |        961 |        961 |       0 |    0 |      0 |      0 |      0 |    0 |          0 |
|         (add_10)               |                                 Fp32Add__87 |        284 |        284 |       0 |    0 |      0 |      0 |      0 |    0 |          0 |
|         add                    |                               AddRecFN__101 |        677 |        677 |       0 |    0 |      0 |      0 |      0 |    0 |          0 |
|           (add)                |                               AddRecFN__101 |          5 |          5 |       0 |    0 |      0 |      0 |      0 |    0 |          0 |
|           addRawFN             |                               AddRawFN__101 |        471 |        471 |       0 |    0 |      0 |      0 |      0 |    0 |          0 |
|           roundRawFNToRecFN    |               RoundRawFNToRecFN_e8_s24__296 |        201 |        201 |       0 |    0 |      0 |      0 |      0 |    0 |          0 |
|       add_11                   |                                 Fp32Add__88 |        961 |        961 |       0 |    0 |      0 |      0 |      0 |    0 |          0 |
|         (add_11)               |                                 Fp32Add__88 |        284 |        284 |       0 |    0 |      0 |      0 |      0 |    0 |          0 |
|         add                    |                               AddRecFN__102 |        677 |        677 |       0 |    0 |      0 |      0 |      0 |    0 |          0 |
|           (add)                |                               AddRecFN__102 |          5 |          5 |       0 |    0 |      0 |      0 |      0 |    0 |          0 |
|           addRawFN             |                               AddRawFN__102 |        471 |        471 |       0 |    0 |      0 |      0 |      0 |    0 |          0 |
|           roundRawFNToRecFN    |               RoundRawFNToRecFN_e8_s24__297 |        201 |        201 |       0 |    0 |      0 |      0 |      0 |    0 |          0 |
|       add_2                    |                                 Fp32Add__79 |        961 |        961 |       0 |    0 |      0 |      0 |      0 |    0 |          0 |
|         (add_2)                |                                 Fp32Add__79 |        284 |        284 |       0 |    0 |      0 |      0 |      0 |    0 |          0 |
|         add                    |                                AddRecFN__93 |        677 |        677 |       0 |    0 |      0 |      0 |      0 |    0 |          0 |
|           (add)                |                                AddRecFN__93 |          5 |          5 |       0 |    0 |      0 |      0 |      0 |    0 |          0 |
|           addRawFN             |                                AddRawFN__93 |        471 |        471 |       0 |    0 |      0 |      0 |      0 |    0 |          0 |
|           roundRawFNToRecFN    |               RoundRawFNToRecFN_e8_s24__288 |        201 |        201 |       0 |    0 |      0 |      0 |      0 |    0 |          0 |
|       add_3                    |                                 Fp32Add__80 |        961 |        961 |       0 |    0 |      0 |      0 |      0 |    0 |          0 |
|         (add_3)                |                                 Fp32Add__80 |        284 |        284 |       0 |    0 |      0 |      0 |      0 |    0 |          0 |
|         add                    |                                AddRecFN__94 |        677 |        677 |       0 |    0 |      0 |      0 |      0 |    0 |          0 |
|           (add)                |                                AddRecFN__94 |          5 |          5 |       0 |    0 |      0 |      0 |      0 |    0 |          0 |
|           addRawFN             |                                AddRawFN__94 |        471 |        471 |       0 |    0 |      0 |      0 |      0 |    0 |          0 |
|           roundRawFNToRecFN    |               RoundRawFNToRecFN_e8_s24__289 |        201 |        201 |       0 |    0 |      0 |      0 |      0 |    0 |          0 |
|       add_4                    |                                 Fp32Add__81 |        961 |        961 |       0 |    0 |      0 |      0 |      0 |    0 |          0 |
|         (add_4)                |                                 Fp32Add__81 |        284 |        284 |       0 |    0 |      0 |      0 |      0 |    0 |          0 |
|         add                    |                                AddRecFN__95 |        677 |        677 |       0 |    0 |      0 |      0 |      0 |    0 |          0 |
|           (add)                |                                AddRecFN__95 |          5 |          5 |       0 |    0 |      0 |      0 |      0 |    0 |          0 |
|           addRawFN             |                                AddRawFN__95 |        471 |        471 |       0 |    0 |      0 |      0 |      0 |    0 |          0 |
|           roundRawFNToRecFN    |               RoundRawFNToRecFN_e8_s24__290 |        201 |        201 |       0 |    0 |      0 |      0 |      0 |    0 |          0 |
|       add_5                    |                                 Fp32Add__82 |        961 |        961 |       0 |    0 |      0 |      0 |      0 |    0 |          0 |
|         (add_5)                |                                 Fp32Add__82 |        284 |        284 |       0 |    0 |      0 |      0 |      0 |    0 |          0 |
|         add                    |                                AddRecFN__96 |        677 |        677 |       0 |    0 |      0 |      0 |      0 |    0 |          0 |
|           (add)                |                                AddRecFN__96 |          5 |          5 |       0 |    0 |      0 |      0 |      0 |    0 |          0 |
|           addRawFN             |                                AddRawFN__96 |        471 |        471 |       0 |    0 |      0 |      0 |      0 |    0 |          0 |
|           roundRawFNToRecFN    |               RoundRawFNToRecFN_e8_s24__291 |        201 |        201 |       0 |    0 |      0 |      0 |      0 |    0 |          0 |
|       add_6                    |                                 Fp32Add__83 |        961 |        961 |       0 |    0 |      0 |      0 |      0 |    0 |          0 |
|         (add_6)                |                                 Fp32Add__83 |        284 |        284 |       0 |    0 |      0 |      0 |      0 |    0 |          0 |
|         add                    |                                AddRecFN__97 |        677 |        677 |       0 |    0 |      0 |      0 |      0 |    0 |          0 |
|           (add)                |                                AddRecFN__97 |          5 |          5 |       0 |    0 |      0 |      0 |      0 |    0 |          0 |
|           addRawFN             |                                AddRawFN__97 |        471 |        471 |       0 |    0 |      0 |      0 |      0 |    0 |          0 |
|           roundRawFNToRecFN    |               RoundRawFNToRecFN_e8_s24__292 |        201 |        201 |       0 |    0 |      0 |      0 |      0 |    0 |          0 |
|       add_7                    |                                 Fp32Add__84 |        961 |        961 |       0 |    0 |      0 |      0 |      0 |    0 |          0 |
|         (add_7)                |                                 Fp32Add__84 |        284 |        284 |       0 |    0 |      0 |      0 |      0 |    0 |          0 |
|         add                    |                                AddRecFN__98 |        677 |        677 |       0 |    0 |      0 |      0 |      0 |    0 |          0 |
|           (add)                |                                AddRecFN__98 |          5 |          5 |       0 |    0 |      0 |      0 |      0 |    0 |          0 |
|           addRawFN             |                                AddRawFN__98 |        471 |        471 |       0 |    0 |      0 |      0 |      0 |    0 |          0 |
|           roundRawFNToRecFN    |               RoundRawFNToRecFN_e8_s24__293 |        201 |        201 |       0 |    0 |      0 |      0 |      0 |    0 |          0 |
|       add_8                    |                                 Fp32Add__85 |        961 |        961 |       0 |    0 |      0 |      0 |      0 |    0 |          0 |
|         (add_8)                |                                 Fp32Add__85 |        284 |        284 |       0 |    0 |      0 |      0 |      0 |    0 |          0 |
|         add                    |                                AddRecFN__99 |        677 |        677 |       0 |    0 |      0 |      0 |      0 |    0 |          0 |
|           (add)                |                                AddRecFN__99 |          5 |          5 |       0 |    0 |      0 |      0 |      0 |    0 |          0 |
|           addRawFN             |                                AddRawFN__99 |        471 |        471 |       0 |    0 |      0 |      0 |      0 |    0 |          0 |
|           roundRawFNToRecFN    |               RoundRawFNToRecFN_e8_s24__294 |        201 |        201 |       0 |    0 |      0 |      0 |      0 |    0 |          0 |
|       add_9                    |                                 Fp32Add__86 |        961 |        961 |       0 |    0 |      0 |      0 |      0 |    0 |          0 |
|         (add_9)                |                                 Fp32Add__86 |        284 |        284 |       0 |    0 |      0 |      0 |      0 |    0 |          0 |
|         add                    |                               AddRecFN__100 |        677 |        677 |       0 |    0 |      0 |      0 |      0 |    0 |          0 |
|           (add)                |                               AddRecFN__100 |          5 |          5 |       0 |    0 |      0 |      0 |      0 |    0 |          0 |
|           addRawFN             |                               AddRawFN__100 |        471 |        471 |       0 |    0 |      0 |      0 |      0 |    0 |          0 |
|           roundRawFNToRecFN    |               RoundRawFNToRecFN_e8_s24__295 |        201 |        201 |       0 |    0 |      0 |      0 |      0 |    0 |          0 |
|     cu_inst                    |                                    CUFP32_1 |     113730 |     113725 |       0 |    5 |  90928 |      0 |      0 |    0 |        456 |
|       (cu_inst)                |                                    CUFP32_1 |      97531 |      97531 |       0 |    0 |  83028 |      0 |      0 |    0 |          0 |
|       addTreeList_0            |                         SignedAddTree32__52 |        184 |        184 |       0 |    0 |    213 |      0 |      0 |    0 |          0 |
|       addTreeList_1            |                         SignedAddTree32__51 |        184 |        184 |       0 |    0 |    213 |      0 |      0 |    0 |          0 |
|       addTreeList_10           |                         SignedAddTree32__54 |        184 |        184 |       0 |    0 |    213 |      0 |      0 |    0 |          0 |
|       addTreeList_11           |                         SignedAddTree32__55 |        184 |        184 |       0 |    0 |    213 |      0 |      0 |    0 |          0 |
|       addTreeList_12           |                         SignedAddTree32__56 |        184 |        184 |       0 |    0 |    213 |      0 |      0 |    0 |          0 |
|       addTreeList_13           |                         SignedAddTree32__57 |        184 |        184 |       0 |    0 |    213 |      0 |      0 |    0 |          0 |
|       addTreeList_14           |                         SignedAddTree32__64 |        184 |        184 |       0 |    0 |    213 |      0 |      0 |    0 |          0 |
|       addTreeList_15           |                         SignedAddTree32__65 |        184 |        184 |       0 |    0 |    213 |      0 |      0 |    0 |          0 |
|       addTreeList_16           |                         SignedAddTree32__45 |        184 |        184 |       0 |    0 |    213 |      0 |      0 |    0 |          0 |
|       addTreeList_17           |                         SignedAddTree32__58 |        184 |        184 |       0 |    0 |    213 |      0 |      0 |    0 |          0 |
|       addTreeList_18           |                         SignedAddTree32__44 |        184 |        184 |       0 |    0 |    213 |      0 |      0 |    0 |          0 |
|       addTreeList_19           |                         SignedAddTree32__43 |        184 |        184 |       0 |    0 |    213 |      0 |      0 |    0 |          0 |
|       addTreeList_2            |                         SignedAddTree32__72 |        184 |        184 |       0 |    0 |    213 |      0 |      0 |    0 |          0 |
|       addTreeList_20           |                         SignedAddTree32__42 |        184 |        184 |       0 |    0 |    213 |      0 |      0 |    0 |          0 |
|       addTreeList_21           |                         SignedAddTree32__66 |        184 |        184 |       0 |    0 |    213 |      0 |      0 |    0 |          0 |
|       addTreeList_22           |                         SignedAddTree32__73 |        184 |        184 |       0 |    0 |    213 |      0 |      0 |    0 |          0 |
|       addTreeList_23           |                         SignedAddTree32__67 |        184 |        184 |       0 |    0 |    213 |      0 |      0 |    0 |          0 |
|       addTreeList_24           |                         SignedAddTree32__41 |        184 |        184 |       0 |    0 |    213 |      0 |      0 |    0 |          0 |
|       addTreeList_25           |                         SignedAddTree32__40 |        184 |        184 |       0 |    0 |    213 |      0 |      0 |    0 |          0 |
|       addTreeList_26           |                         SignedAddTree32__39 |        184 |        184 |       0 |    0 |    213 |      0 |      0 |    0 |          0 |
|       addTreeList_27           |                         SignedAddTree32__38 |        184 |        184 |       0 |    0 |    213 |      0 |      0 |    0 |          0 |
|       addTreeList_28           |                         SignedAddTree32__59 |        184 |        184 |       0 |    0 |    213 |      0 |      0 |    0 |          0 |
|       addTreeList_29           |                         SignedAddTree32__60 |        184 |        184 |       0 |    0 |    213 |      0 |      0 |    0 |          0 |
|       addTreeList_3            |                         SignedAddTree32__50 |        184 |        184 |       0 |    0 |    213 |      0 |      0 |    0 |          0 |
|       addTreeList_30           |                         SignedAddTree32__61 |        184 |        184 |       0 |    0 |    213 |      0 |      0 |    0 |          0 |
|       addTreeList_31           |                         SignedAddTree32__62 |        184 |        184 |       0 |    0 |    213 |      0 |      0 |    0 |          0 |
|       addTreeList_32           |                         SignedAddTree32__68 |        184 |        184 |       0 |    0 |    213 |      0 |      0 |    0 |          0 |
|       addTreeList_33           |                         SignedAddTree32__69 |        184 |        184 |       0 |    0 |    213 |      0 |      0 |    0 |          0 |
|       addTreeList_34           |                         SignedAddTree32__70 |        184 |        184 |       0 |    0 |    213 |      0 |      0 |    0 |          0 |
|       addTreeList_35           |                         SignedAddTree32__71 |        184 |        184 |       0 |    0 |    213 |      0 |      0 |    0 |          0 |
|       addTreeList_4            |                         SignedAddTree32__49 |        184 |        184 |       0 |    0 |    213 |      0 |      0 |    0 |          0 |
|       addTreeList_5            |                         SignedAddTree32__48 |        184 |        184 |       0 |    0 |    213 |      0 |      0 |    0 |          0 |
|       addTreeList_6            |                         SignedAddTree32__63 |        184 |        184 |       0 |    0 |    213 |      0 |      0 |    0 |          0 |
|       addTreeList_7            |                         SignedAddTree32__47 |        184 |        184 |       0 |    0 |    213 |      0 |      0 |    0 |          0 |
|       addTreeList_8            |                         SignedAddTree32__46 |        184 |        184 |       0 |    0 |    213 |      0 |      0 |    0 |          0 |
|       addTreeList_9            |                         SignedAddTree32__53 |        184 |        184 |       0 |    0 |    213 |      0 |      0 |    0 |          0 |
|       batchsizelast_pipreg     |                                 PipReg_1__3 |          0 |          0 |       0 |    0 |      2 |      0 |      0 |    0 |          0 |
|       block_first_pipreg       |                                 PipReg_2__5 |          0 |          0 |       0 |    0 |      7 |      0 |      0 |    0 |          0 |
|       cnt_batchsize_pipreg     |                                 PipReg_3__3 |         10 |          5 |       0 |    5 |     16 |      0 |      0 |    0 |          0 |
|       indata_pipreg            |                                   PipReg__3 |          0 |          0 |       0 |    0 |    192 |      0 |      0 |    0 |          0 |
|       mul_list_0_0             |           SignedMultiplierInt8__xdcDup__865 |          0 |          0 |       0 |    0 |      0 |      0 |      0 |    0 |          1 |
|       mul_list_0_1             |           SignedMultiplierInt8__xdcDup__866 |          0 |          0 |       0 |    0 |      0 |      0 |      0 |    0 |          1 |
|       mul_list_0_10            |           SignedMultiplierInt8__xdcDup__867 |          0 |          0 |       0 |    0 |      0 |      0 |      0 |    0 |          1 |
|       mul_list_0_11            |           SignedMultiplierInt8__xdcDup__868 |          0 |          0 |       0 |    0 |      0 |      0 |      0 |    0 |          1 |
|       mul_list_0_12            |           SignedMultiplierInt8__xdcDup__869 |          0 |          0 |       0 |    0 |      0 |      0 |      0 |    0 |          1 |
|       mul_list_0_13            |           SignedMultiplierInt8__xdcDup__870 |          0 |          0 |       0 |    0 |      0 |      0 |      0 |    0 |          1 |
|       mul_list_0_14            |           SignedMultiplierInt8__xdcDup__871 |          0 |          0 |       0 |    0 |      0 |      0 |      0 |    0 |          1 |
|       mul_list_0_15            |           SignedMultiplierInt8__xdcDup__872 |          0 |          0 |       0 |    0 |      0 |      0 |      0 |    0 |          1 |
|       mul_list_0_16            |           SignedMultiplierInt8__xdcDup__873 |          0 |          0 |       0 |    0 |      0 |      0 |      0 |    0 |          1 |
|       mul_list_0_17            |           SignedMultiplierInt8__xdcDup__874 |          0 |          0 |       0 |    0 |      0 |      0 |      0 |    0 |          1 |
|       mul_list_0_18            |           SignedMultiplierInt8__xdcDup__875 |          0 |          0 |       0 |    0 |      0 |      0 |      0 |    0 |          1 |
|       mul_list_0_19            |           SignedMultiplierInt8__xdcDup__876 |          0 |          0 |       0 |    0 |      0 |      0 |      0 |    0 |          1 |
|       mul_list_0_2             |           SignedMultiplierInt8__xdcDup__877 |          0 |          0 |       0 |    0 |      0 |      0 |      0 |    0 |          1 |
|       mul_list_0_20            |           SignedMultiplierInt8__xdcDup__878 |          0 |          0 |       0 |    0 |      0 |      0 |      0 |    0 |          1 |
|       mul_list_0_21            |           SignedMultiplierInt8__xdcDup__879 |          0 |          0 |       0 |    0 |      0 |      0 |      0 |    0 |          1 |
|       mul_list_0_22            |           SignedMultiplierInt8__xdcDup__880 |          0 |          0 |       0 |    0 |      0 |      0 |      0 |    0 |          1 |
|       mul_list_0_23            |           SignedMultiplierInt8__xdcDup__881 |          0 |          0 |       0 |    0 |      0 |      0 |      0 |    0 |          1 |
|       mul_list_0_24            |           SignedMultiplierInt8__xdcDup__882 |          0 |          0 |       0 |    0 |      0 |      0 |      0 |    0 |          1 |
|       mul_list_0_25            |           SignedMultiplierInt8__xdcDup__883 |          0 |          0 |       0 |    0 |      0 |      0 |      0 |    0 |          1 |
|       mul_list_0_26            |           SignedMultiplierInt8__xdcDup__884 |          0 |          0 |       0 |    0 |      0 |      0 |      0 |    0 |          1 |
|       mul_list_0_27            |           SignedMultiplierInt8__xdcDup__885 |          0 |          0 |       0 |    0 |      0 |      0 |      0 |    0 |          1 |
|       mul_list_0_28            |           SignedMultiplierInt8__xdcDup__886 |          0 |          0 |       0 |    0 |      0 |      0 |      0 |    0 |          1 |
|       mul_list_0_29            |           SignedMultiplierInt8__xdcDup__887 |          0 |          0 |       0 |    0 |      0 |      0 |      0 |    0 |          1 |
|       mul_list_0_3             |           SignedMultiplierInt8__xdcDup__888 |          0 |          0 |       0 |    0 |      0 |      0 |      0 |    0 |          1 |
|       mul_list_0_30            |           SignedMultiplierInt8__xdcDup__889 |          0 |          0 |       0 |    0 |      0 |      0 |      0 |    0 |          1 |
|       mul_list_0_31            |           SignedMultiplierInt8__xdcDup__890 |          0 |          0 |       0 |    0 |      0 |      0 |      0 |    0 |          1 |
|       mul_list_0_32            |           SignedMultiplierInt8__xdcDup__891 |          0 |          0 |       0 |    0 |      0 |      0 |      0 |    0 |          1 |
|       mul_list_0_33            |           SignedMultiplierInt8__xdcDup__892 |          0 |          0 |       0 |    0 |      0 |      0 |      0 |    0 |          1 |
|       mul_list_0_34            |           SignedMultiplierInt8__xdcDup__893 |          0 |          0 |       0 |    0 |      0 |      0 |      0 |    0 |          1 |
|       mul_list_0_35            |           SignedMultiplierInt8__xdcDup__894 |          0 |          0 |       0 |    0 |      0 |      0 |      0 |    0 |          1 |
|       mul_list_0_4             |           SignedMultiplierInt8__xdcDup__895 |          0 |          0 |       0 |    0 |      0 |      0 |      0 |    0 |          1 |
|       mul_list_0_5             |           SignedMultiplierInt8__xdcDup__896 |          0 |          0 |       0 |    0 |      0 |      0 |      0 |    0 |          1 |
|       mul_list_0_6             |           SignedMultiplierInt8__xdcDup__897 |          0 |          0 |       0 |    0 |      0 |      0 |      0 |    0 |          1 |
|       mul_list_0_7             |           SignedMultiplierInt8__xdcDup__898 |          0 |          0 |       0 |    0 |      0 |      0 |      0 |    0 |          1 |
|       mul_list_0_8             |           SignedMultiplierInt8__xdcDup__899 |          0 |          0 |       0 |    0 |      0 |      0 |      0 |    0 |          1 |
|       mul_list_0_9             |           SignedMultiplierInt8__xdcDup__900 |          0 |          0 |       0 |    0 |      0 |      0 |      0 |    0 |          1 |
|       mul_list_10_0            |           SignedMultiplierInt8__xdcDup__901 |          0 |          0 |       0 |    0 |      0 |      0 |      0 |    0 |          1 |
|       mul_list_10_1            |           SignedMultiplierInt8__xdcDup__902 |          0 |          0 |       0 |    0 |      0 |      0 |      0 |    0 |          1 |
|       mul_list_10_10           |           SignedMultiplierInt8__xdcDup__903 |          0 |          0 |       0 |    0 |      0 |      0 |      0 |    0 |          1 |
|       mul_list_10_11           |           SignedMultiplierInt8__xdcDup__904 |          0 |          0 |       0 |    0 |      0 |      0 |      0 |    0 |          1 |
|       mul_list_10_12           |           SignedMultiplierInt8__xdcDup__905 |          0 |          0 |       0 |    0 |      0 |      0 |      0 |    0 |          1 |
|       mul_list_10_13           |           SignedMultiplierInt8__xdcDup__906 |          0 |          0 |       0 |    0 |      0 |      0 |      0 |    0 |          1 |
|       mul_list_10_14           |           SignedMultiplierInt8__xdcDup__907 |          0 |          0 |       0 |    0 |      0 |      0 |      0 |    0 |          1 |
|       mul_list_10_15           |           SignedMultiplierInt8__xdcDup__908 |          0 |          0 |       0 |    0 |      0 |      0 |      0 |    0 |          1 |
|       mul_list_10_16           |           SignedMultiplierInt8__xdcDup__909 |          0 |          0 |       0 |    0 |      0 |      0 |      0 |    0 |          1 |
|       mul_list_10_17           |           SignedMultiplierInt8__xdcDup__910 |          0 |          0 |       0 |    0 |      0 |      0 |      0 |    0 |          1 |
|       mul_list_10_18           |           SignedMultiplierInt8__xdcDup__911 |          0 |          0 |       0 |    0 |      0 |      0 |      0 |    0 |          1 |
|       mul_list_10_19           |           SignedMultiplierInt8__xdcDup__912 |          0 |          0 |       0 |    0 |      0 |      0 |      0 |    0 |          1 |
|       mul_list_10_2            |           SignedMultiplierInt8__xdcDup__913 |          0 |          0 |       0 |    0 |      0 |      0 |      0 |    0 |          1 |
|       mul_list_10_20           |           SignedMultiplierInt8__xdcDup__914 |          0 |          0 |       0 |    0 |      0 |      0 |      0 |    0 |          1 |
|       mul_list_10_21           |           SignedMultiplierInt8__xdcDup__915 |          0 |          0 |       0 |    0 |      0 |      0 |      0 |    0 |          1 |
|       mul_list_10_22           |           SignedMultiplierInt8__xdcDup__916 |          0 |          0 |       0 |    0 |      0 |      0 |      0 |    0 |          1 |
|       mul_list_10_23           |           SignedMultiplierInt8__xdcDup__917 |          0 |          0 |       0 |    0 |      0 |      0 |      0 |    0 |          1 |
|       mul_list_10_24           |           SignedMultiplierInt8__xdcDup__918 |          0 |          0 |       0 |    0 |      0 |      0 |      0 |    0 |          1 |
|       mul_list_10_25           |           SignedMultiplierInt8__xdcDup__919 |          0 |          0 |       0 |    0 |      0 |      0 |      0 |    0 |          1 |
|       mul_list_10_26           |           SignedMultiplierInt8__xdcDup__920 |          0 |          0 |       0 |    0 |      0 |      0 |      0 |    0 |          1 |
|       mul_list_10_27           |           SignedMultiplierInt8__xdcDup__921 |          0 |          0 |       0 |    0 |      0 |      0 |      0 |    0 |          1 |
|       mul_list_10_28           |           SignedMultiplierInt8__xdcDup__922 |          0 |          0 |       0 |    0 |      0 |      0 |      0 |    0 |          1 |
|       mul_list_10_29           |           SignedMultiplierInt8__xdcDup__923 |          0 |          0 |       0 |    0 |      0 |      0 |      0 |    0 |          1 |
|       mul_list_10_3            |           SignedMultiplierInt8__xdcDup__924 |          0 |          0 |       0 |    0 |      0 |      0 |      0 |    0 |          1 |
|       mul_list_10_30           |           SignedMultiplierInt8__xdcDup__925 |          0 |          0 |       0 |    0 |      0 |      0 |      0 |    0 |          1 |
|       mul_list_10_31           |           SignedMultiplierInt8__xdcDup__926 |          0 |          0 |       0 |    0 |      0 |      0 |      0 |    0 |          1 |
|       mul_list_10_32           |           SignedMultiplierInt8__xdcDup__927 |          0 |          0 |       0 |    0 |      0 |      0 |      0 |    0 |          1 |
|       mul_list_10_33           |           SignedMultiplierInt8__xdcDup__928 |          0 |          0 |       0 |    0 |      0 |      0 |      0 |    0 |          1 |
|       mul_list_10_34           |           SignedMultiplierInt8__xdcDup__929 |          0 |          0 |       0 |    0 |      0 |      0 |      0 |    0 |          1 |
|       mul_list_10_35           |           SignedMultiplierInt8__xdcDup__930 |          0 |          0 |       0 |    0 |      0 |      0 |      0 |    0 |          1 |
|       mul_list_10_4            |           SignedMultiplierInt8__xdcDup__931 |          0 |          0 |       0 |    0 |      0 |      0 |      0 |    0 |          1 |
|       mul_list_10_5            |           SignedMultiplierInt8__xdcDup__932 |          0 |          0 |       0 |    0 |      0 |      0 |      0 |    0 |          1 |
|       mul_list_10_6            |           SignedMultiplierInt8__xdcDup__933 |          0 |          0 |       0 |    0 |      0 |      0 |      0 |    0 |          1 |
|       mul_list_10_7            |           SignedMultiplierInt8__xdcDup__934 |          0 |          0 |       0 |    0 |      0 |      0 |      0 |    0 |          1 |
|       mul_list_10_8            |           SignedMultiplierInt8__xdcDup__935 |          0 |          0 |       0 |    0 |      0 |      0 |      0 |    0 |          1 |
|       mul_list_10_9            |           SignedMultiplierInt8__xdcDup__936 |          0 |          0 |       0 |    0 |      0 |      0 |      0 |    0 |          1 |
|       mul_list_11_0            |           SignedMultiplierInt8__xdcDup__937 |          0 |          0 |       0 |    0 |      0 |      0 |      0 |    0 |          1 |
|       mul_list_11_1            |           SignedMultiplierInt8__xdcDup__938 |          0 |          0 |       0 |    0 |      0 |      0 |      0 |    0 |          1 |
|       mul_list_11_10           |           SignedMultiplierInt8__xdcDup__939 |          0 |          0 |       0 |    0 |      0 |      0 |      0 |    0 |          1 |
|       mul_list_11_11           |           SignedMultiplierInt8__xdcDup__940 |          0 |          0 |       0 |    0 |      0 |      0 |      0 |    0 |          1 |
|       mul_list_11_12           |           SignedMultiplierInt8__xdcDup__941 |          0 |          0 |       0 |    0 |      0 |      0 |      0 |    0 |          1 |
|       mul_list_11_13           |           SignedMultiplierInt8__xdcDup__942 |          0 |          0 |       0 |    0 |      0 |      0 |      0 |    0 |          1 |
|       mul_list_11_14           |           SignedMultiplierInt8__xdcDup__943 |          0 |          0 |       0 |    0 |      0 |      0 |      0 |    0 |          1 |
|       mul_list_11_15           |           SignedMultiplierInt8__xdcDup__944 |          0 |          0 |       0 |    0 |      0 |      0 |      0 |    0 |          1 |
|       mul_list_11_16           |           SignedMultiplierInt8__xdcDup__945 |          0 |          0 |       0 |    0 |      0 |      0 |      0 |    0 |          1 |
|       mul_list_11_17           |           SignedMultiplierInt8__xdcDup__946 |          0 |          0 |       0 |    0 |      0 |      0 |      0 |    0 |          1 |
|       mul_list_11_18           |           SignedMultiplierInt8__xdcDup__947 |          0 |          0 |       0 |    0 |      0 |      0 |      0 |    0 |          1 |
|       mul_list_11_19           |           SignedMultiplierInt8__xdcDup__948 |          0 |          0 |       0 |    0 |      0 |      0 |      0 |    0 |          1 |
|       mul_list_11_2            |           SignedMultiplierInt8__xdcDup__949 |          0 |          0 |       0 |    0 |      0 |      0 |      0 |    0 |          1 |
|       mul_list_11_20           |           SignedMultiplierInt8__xdcDup__950 |          0 |          0 |       0 |    0 |      0 |      0 |      0 |    0 |          1 |
|       mul_list_11_21           |           SignedMultiplierInt8__xdcDup__951 |          0 |          0 |       0 |    0 |      0 |      0 |      0 |    0 |          1 |
|       mul_list_11_22           |           SignedMultiplierInt8__xdcDup__952 |          0 |          0 |       0 |    0 |      0 |      0 |      0 |    0 |          1 |
|       mul_list_11_23           |           SignedMultiplierInt8__xdcDup__953 |          0 |          0 |       0 |    0 |      0 |      0 |      0 |    0 |          1 |
|       mul_list_11_24           |           SignedMultiplierInt8__xdcDup__954 |          0 |          0 |       0 |    0 |      0 |      0 |      0 |    0 |          1 |
|       mul_list_11_25           |           SignedMultiplierInt8__xdcDup__955 |          0 |          0 |       0 |    0 |      0 |      0 |      0 |    0 |          1 |
|       mul_list_11_26           |           SignedMultiplierInt8__xdcDup__956 |          0 |          0 |       0 |    0 |      0 |      0 |      0 |    0 |          1 |
|       mul_list_11_27           |           SignedMultiplierInt8__xdcDup__957 |          0 |          0 |       0 |    0 |      0 |      0 |      0 |    0 |          1 |
|       mul_list_11_28           |           SignedMultiplierInt8__xdcDup__958 |          0 |          0 |       0 |    0 |      0 |      0 |      0 |    0 |          1 |
|       mul_list_11_29           |           SignedMultiplierInt8__xdcDup__959 |          0 |          0 |       0 |    0 |      0 |      0 |      0 |    0 |          1 |
|       mul_list_11_3            |           SignedMultiplierInt8__xdcDup__960 |          0 |          0 |       0 |    0 |      0 |      0 |      0 |    0 |          1 |
|       mul_list_11_30           |           SignedMultiplierInt8__xdcDup__961 |          0 |          0 |       0 |    0 |      0 |      0 |      0 |    0 |          1 |
|       mul_list_11_31           |           SignedMultiplierInt8__xdcDup__962 |          0 |          0 |       0 |    0 |      0 |      0 |      0 |    0 |          1 |
|       mul_list_11_32           |           SignedMultiplierInt8__xdcDup__963 |          0 |          0 |       0 |    0 |      0 |      0 |      0 |    0 |          1 |
|       mul_list_11_33           |           SignedMultiplierInt8__xdcDup__964 |          0 |          0 |       0 |    0 |      0 |      0 |      0 |    0 |          1 |
|       mul_list_11_34           |           SignedMultiplierInt8__xdcDup__965 |          0 |          0 |       0 |    0 |      0 |      0 |      0 |    0 |          1 |
|       mul_list_11_35           |           SignedMultiplierInt8__xdcDup__966 |          0 |          0 |       0 |    0 |      0 |      0 |      0 |    0 |          1 |
|       mul_list_11_4            |           SignedMultiplierInt8__xdcDup__967 |          0 |          0 |       0 |    0 |      0 |      0 |      0 |    0 |          1 |
|       mul_list_11_5            |           SignedMultiplierInt8__xdcDup__968 |          0 |          0 |       0 |    0 |      0 |      0 |      0 |    0 |          1 |
|       mul_list_11_6            |           SignedMultiplierInt8__xdcDup__969 |          0 |          0 |       0 |    0 |      0 |      0 |      0 |    0 |          1 |
|       mul_list_11_7            |           SignedMultiplierInt8__xdcDup__970 |          0 |          0 |       0 |    0 |      0 |      0 |      0 |    0 |          1 |
|       mul_list_11_8            |           SignedMultiplierInt8__xdcDup__971 |          0 |          0 |       0 |    0 |      0 |      0 |      0 |    0 |          1 |
|       mul_list_11_9            |           SignedMultiplierInt8__xdcDup__972 |          0 |          0 |       0 |    0 |      0 |      0 |      0 |    0 |          1 |
|       mul_list_1_0             |           SignedMultiplierInt8__xdcDup__973 |          0 |          0 |       0 |    0 |      0 |      0 |      0 |    0 |          1 |
|       mul_list_1_1             |           SignedMultiplierInt8__xdcDup__974 |          0 |          0 |       0 |    0 |      0 |      0 |      0 |    0 |          1 |
|       mul_list_1_10            |           SignedMultiplierInt8__xdcDup__975 |          0 |          0 |       0 |    0 |      0 |      0 |      0 |    0 |          1 |
|       mul_list_1_11            |           SignedMultiplierInt8__xdcDup__976 |          0 |          0 |       0 |    0 |      0 |      0 |      0 |    0 |          1 |
|       mul_list_1_12            |           SignedMultiplierInt8__xdcDup__977 |          0 |          0 |       0 |    0 |      0 |      0 |      0 |    0 |          1 |
|       mul_list_1_13            |           SignedMultiplierInt8__xdcDup__978 |          0 |          0 |       0 |    0 |      0 |      0 |      0 |    0 |          1 |
|       mul_list_1_14            |           SignedMultiplierInt8__xdcDup__979 |          0 |          0 |       0 |    0 |      0 |      0 |      0 |    0 |          1 |
|       mul_list_1_15            |           SignedMultiplierInt8__xdcDup__980 |          0 |          0 |       0 |    0 |      0 |      0 |      0 |    0 |          1 |
|       mul_list_1_16            |           SignedMultiplierInt8__xdcDup__981 |          0 |          0 |       0 |    0 |      0 |      0 |      0 |    0 |          1 |
|       mul_list_1_17            |           SignedMultiplierInt8__xdcDup__982 |          0 |          0 |       0 |    0 |      0 |      0 |      0 |    0 |          1 |
|       mul_list_1_18            |           SignedMultiplierInt8__xdcDup__983 |          0 |          0 |       0 |    0 |      0 |      0 |      0 |    0 |          1 |
|       mul_list_1_19            |           SignedMultiplierInt8__xdcDup__984 |          0 |          0 |       0 |    0 |      0 |      0 |      0 |    0 |          1 |
|       mul_list_1_2             |           SignedMultiplierInt8__xdcDup__985 |          0 |          0 |       0 |    0 |      0 |      0 |      0 |    0 |          1 |
|       mul_list_1_20            |           SignedMultiplierInt8__xdcDup__986 |          0 |          0 |       0 |    0 |      0 |      0 |      0 |    0 |          1 |
|       mul_list_1_21            |           SignedMultiplierInt8__xdcDup__987 |          0 |          0 |       0 |    0 |      0 |      0 |      0 |    0 |          1 |
|       mul_list_1_22            |           SignedMultiplierInt8__xdcDup__988 |          0 |          0 |       0 |    0 |      0 |      0 |      0 |    0 |          1 |
|       mul_list_1_23            |           SignedMultiplierInt8__xdcDup__989 |          0 |          0 |       0 |    0 |      0 |      0 |      0 |    0 |          1 |
|       mul_list_1_24            |           SignedMultiplierInt8__xdcDup__990 |          0 |          0 |       0 |    0 |      0 |      0 |      0 |    0 |          1 |
|       mul_list_1_25            |           SignedMultiplierInt8__xdcDup__991 |          0 |          0 |       0 |    0 |      0 |      0 |      0 |    0 |          1 |
|       mul_list_1_26            |           SignedMultiplierInt8__xdcDup__992 |          0 |          0 |       0 |    0 |      0 |      0 |      0 |    0 |          1 |
|       mul_list_1_27            |           SignedMultiplierInt8__xdcDup__993 |          0 |          0 |       0 |    0 |      0 |      0 |      0 |    0 |          1 |
|       mul_list_1_28            |           SignedMultiplierInt8__xdcDup__994 |          0 |          0 |       0 |    0 |      0 |      0 |      0 |    0 |          1 |
|       mul_list_1_29            |           SignedMultiplierInt8__xdcDup__995 |          0 |          0 |       0 |    0 |      0 |      0 |      0 |    0 |          1 |
|       mul_list_1_3             |           SignedMultiplierInt8__xdcDup__996 |          0 |          0 |       0 |    0 |      0 |      0 |      0 |    0 |          1 |
|       mul_list_1_30            |           SignedMultiplierInt8__xdcDup__997 |          0 |          0 |       0 |    0 |      0 |      0 |      0 |    0 |          1 |
|       mul_list_1_31            |           SignedMultiplierInt8__xdcDup__998 |          0 |          0 |       0 |    0 |      0 |      0 |      0 |    0 |          1 |
|       mul_list_1_32            |           SignedMultiplierInt8__xdcDup__999 |          0 |          0 |       0 |    0 |      0 |      0 |      0 |    0 |          1 |
|       mul_list_1_33            |          SignedMultiplierInt8__xdcDup__1000 |          0 |          0 |       0 |    0 |      0 |      0 |      0 |    0 |          1 |
|       mul_list_1_34            |          SignedMultiplierInt8__xdcDup__1001 |          0 |          0 |       0 |    0 |      0 |      0 |      0 |    0 |          1 |
|       mul_list_1_35            |          SignedMultiplierInt8__xdcDup__1002 |          0 |          0 |       0 |    0 |      0 |      0 |      0 |    0 |          1 |
|       mul_list_1_4             |          SignedMultiplierInt8__xdcDup__1003 |          0 |          0 |       0 |    0 |      0 |      0 |      0 |    0 |          1 |
|       mul_list_1_5             |          SignedMultiplierInt8__xdcDup__1004 |          0 |          0 |       0 |    0 |      0 |      0 |      0 |    0 |          1 |
|       mul_list_1_6             |          SignedMultiplierInt8__xdcDup__1005 |          0 |          0 |       0 |    0 |      0 |      0 |      0 |    0 |          1 |
|       mul_list_1_7             |          SignedMultiplierInt8__xdcDup__1006 |          0 |          0 |       0 |    0 |      0 |      0 |      0 |    0 |          1 |
|       mul_list_1_8             |          SignedMultiplierInt8__xdcDup__1007 |          0 |          0 |       0 |    0 |      0 |      0 |      0 |    0 |          1 |
|       mul_list_1_9             |          SignedMultiplierInt8__xdcDup__1008 |          0 |          0 |       0 |    0 |      0 |      0 |      0 |    0 |          1 |
|       mul_list_2_0             |          SignedMultiplierInt8__xdcDup__1009 |          0 |          0 |       0 |    0 |      0 |      0 |      0 |    0 |          1 |
|       mul_list_2_1             |          SignedMultiplierInt8__xdcDup__1010 |          0 |          0 |       0 |    0 |      0 |      0 |      0 |    0 |          1 |
|       mul_list_2_10            |          SignedMultiplierInt8__xdcDup__1011 |          0 |          0 |       0 |    0 |      0 |      0 |      0 |    0 |          1 |
|       mul_list_2_11            |          SignedMultiplierInt8__xdcDup__1012 |          0 |          0 |       0 |    0 |      0 |      0 |      0 |    0 |          1 |
|       mul_list_2_12            |          SignedMultiplierInt8__xdcDup__1013 |          0 |          0 |       0 |    0 |      0 |      0 |      0 |    0 |          1 |
|       mul_list_2_13            |          SignedMultiplierInt8__xdcDup__1014 |          0 |          0 |       0 |    0 |      0 |      0 |      0 |    0 |          1 |
|       mul_list_2_14            |          SignedMultiplierInt8__xdcDup__1015 |          0 |          0 |       0 |    0 |      0 |      0 |      0 |    0 |          1 |
|       mul_list_2_15            |          SignedMultiplierInt8__xdcDup__1016 |          0 |          0 |       0 |    0 |      0 |      0 |      0 |    0 |          1 |
|       mul_list_2_16            |          SignedMultiplierInt8__xdcDup__1017 |          0 |          0 |       0 |    0 |      0 |      0 |      0 |    0 |          1 |
|       mul_list_2_17            |          SignedMultiplierInt8__xdcDup__1018 |          0 |          0 |       0 |    0 |      0 |      0 |      0 |    0 |          1 |
|       mul_list_2_18            |          SignedMultiplierInt8__xdcDup__1019 |          0 |          0 |       0 |    0 |      0 |      0 |      0 |    0 |          1 |
|       mul_list_2_19            |          SignedMultiplierInt8__xdcDup__1020 |          0 |          0 |       0 |    0 |      0 |      0 |      0 |    0 |          1 |
|       mul_list_2_2             |          SignedMultiplierInt8__xdcDup__1021 |          0 |          0 |       0 |    0 |      0 |      0 |      0 |    0 |          1 |
|       mul_list_2_20            |          SignedMultiplierInt8__xdcDup__1022 |          0 |          0 |       0 |    0 |      0 |      0 |      0 |    0 |          1 |
|       mul_list_2_21            |          SignedMultiplierInt8__xdcDup__1023 |          0 |          0 |       0 |    0 |      0 |      0 |      0 |    0 |          1 |
|       mul_list_2_22            |          SignedMultiplierInt8__xdcDup__1024 |          0 |          0 |       0 |    0 |      0 |      0 |      0 |    0 |          1 |
|       mul_list_2_23            |          SignedMultiplierInt8__xdcDup__1025 |          0 |          0 |       0 |    0 |      0 |      0 |      0 |    0 |          1 |
|       mul_list_2_24            |          SignedMultiplierInt8__xdcDup__1026 |          0 |          0 |       0 |    0 |      0 |      0 |      0 |    0 |          1 |
|       mul_list_2_25            |          SignedMultiplierInt8__xdcDup__1027 |          0 |          0 |       0 |    0 |      0 |      0 |      0 |    0 |          1 |
|       mul_list_2_26            |          SignedMultiplierInt8__xdcDup__1028 |          0 |          0 |       0 |    0 |      0 |      0 |      0 |    0 |          1 |
|       mul_list_2_27            |          SignedMultiplierInt8__xdcDup__1029 |          0 |          0 |       0 |    0 |      0 |      0 |      0 |    0 |          1 |
|       mul_list_2_28            |          SignedMultiplierInt8__xdcDup__1030 |          0 |          0 |       0 |    0 |      0 |      0 |      0 |    0 |          1 |
|       mul_list_2_29            |          SignedMultiplierInt8__xdcDup__1031 |          0 |          0 |       0 |    0 |      0 |      0 |      0 |    0 |          1 |
|       mul_list_2_3             |          SignedMultiplierInt8__xdcDup__1032 |          0 |          0 |       0 |    0 |      0 |      0 |      0 |    0 |          1 |
|       mul_list_2_30            |          SignedMultiplierInt8__xdcDup__1033 |          0 |          0 |       0 |    0 |      0 |      0 |      0 |    0 |          1 |
|       mul_list_2_31            |          SignedMultiplierInt8__xdcDup__1034 |          0 |          0 |       0 |    0 |      0 |      0 |      0 |    0 |          1 |
|       mul_list_2_32            |          SignedMultiplierInt8__xdcDup__1035 |          0 |          0 |       0 |    0 |      0 |      0 |      0 |    0 |          1 |
|       mul_list_2_33            |          SignedMultiplierInt8__xdcDup__1036 |          0 |          0 |       0 |    0 |      0 |      0 |      0 |    0 |          1 |
|       mul_list_2_34            |          SignedMultiplierInt8__xdcDup__1037 |          0 |          0 |       0 |    0 |      0 |      0 |      0 |    0 |          1 |
|       mul_list_2_35            |          SignedMultiplierInt8__xdcDup__1038 |          0 |          0 |       0 |    0 |      0 |      0 |      0 |    0 |          1 |
|       mul_list_2_4             |          SignedMultiplierInt8__xdcDup__1039 |          0 |          0 |       0 |    0 |      0 |      0 |      0 |    0 |          1 |
|       mul_list_2_5             |          SignedMultiplierInt8__xdcDup__1040 |          0 |          0 |       0 |    0 |      0 |      0 |      0 |    0 |          1 |
|       mul_list_2_6             |          SignedMultiplierInt8__xdcDup__1041 |          0 |          0 |       0 |    0 |      0 |      0 |      0 |    0 |          1 |
|       mul_list_2_7             |          SignedMultiplierInt8__xdcDup__1042 |          0 |          0 |       0 |    0 |      0 |      0 |      0 |    0 |          1 |
|       mul_list_2_8             |          SignedMultiplierInt8__xdcDup__1043 |          0 |          0 |       0 |    0 |      0 |      0 |      0 |    0 |          1 |
|       mul_list_2_9             |          SignedMultiplierInt8__xdcDup__1044 |          0 |          0 |       0 |    0 |      0 |      0 |      0 |    0 |          1 |
|       mul_list_3_0             |          SignedMultiplierInt8__xdcDup__1045 |          0 |          0 |       0 |    0 |      0 |      0 |      0 |    0 |          1 |
|       mul_list_3_1             |          SignedMultiplierInt8__xdcDup__1046 |          0 |          0 |       0 |    0 |      0 |      0 |      0 |    0 |          1 |
|       mul_list_3_10            |          SignedMultiplierInt8__xdcDup__1047 |          0 |          0 |       0 |    0 |      0 |      0 |      0 |    0 |          1 |
|       mul_list_3_11            |          SignedMultiplierInt8__xdcDup__1048 |          0 |          0 |       0 |    0 |      0 |      0 |      0 |    0 |          1 |
|       mul_list_3_12            |          SignedMultiplierInt8__xdcDup__1049 |          0 |          0 |       0 |    0 |      0 |      0 |      0 |    0 |          1 |
|       mul_list_3_13            |          SignedMultiplierInt8__xdcDup__1050 |          0 |          0 |       0 |    0 |      0 |      0 |      0 |    0 |          1 |
|       mul_list_3_14            |          SignedMultiplierInt8__xdcDup__1051 |          0 |          0 |       0 |    0 |      0 |      0 |      0 |    0 |          1 |
|       mul_list_3_15            |          SignedMultiplierInt8__xdcDup__1052 |          0 |          0 |       0 |    0 |      0 |      0 |      0 |    0 |          1 |
|       mul_list_3_16            |          SignedMultiplierInt8__xdcDup__1053 |          0 |          0 |       0 |    0 |      0 |      0 |      0 |    0 |          1 |
|       mul_list_3_17            |          SignedMultiplierInt8__xdcDup__1054 |          0 |          0 |       0 |    0 |      0 |      0 |      0 |    0 |          1 |
|       mul_list_3_18            |          SignedMultiplierInt8__xdcDup__1055 |          0 |          0 |       0 |    0 |      0 |      0 |      0 |    0 |          1 |
|       mul_list_3_19            |          SignedMultiplierInt8__xdcDup__1056 |          0 |          0 |       0 |    0 |      0 |      0 |      0 |    0 |          1 |
|       mul_list_3_2             |          SignedMultiplierInt8__xdcDup__1057 |          0 |          0 |       0 |    0 |      0 |      0 |      0 |    0 |          1 |
|       mul_list_3_20            |          SignedMultiplierInt8__xdcDup__1058 |          0 |          0 |       0 |    0 |      0 |      0 |      0 |    0 |          1 |
|       mul_list_3_21            |          SignedMultiplierInt8__xdcDup__1059 |          0 |          0 |       0 |    0 |      0 |      0 |      0 |    0 |          1 |
|       mul_list_3_22            |          SignedMultiplierInt8__xdcDup__1060 |          0 |          0 |       0 |    0 |      0 |      0 |      0 |    0 |          1 |
|       mul_list_3_23            |          SignedMultiplierInt8__xdcDup__1061 |          0 |          0 |       0 |    0 |      0 |      0 |      0 |    0 |          1 |
|       mul_list_3_24            |          SignedMultiplierInt8__xdcDup__1062 |          0 |          0 |       0 |    0 |      0 |      0 |      0 |    0 |          1 |
|       mul_list_3_25            |          SignedMultiplierInt8__xdcDup__1063 |          0 |          0 |       0 |    0 |      0 |      0 |      0 |    0 |          1 |
|       mul_list_3_26            |          SignedMultiplierInt8__xdcDup__1064 |          0 |          0 |       0 |    0 |      0 |      0 |      0 |    0 |          1 |
|       mul_list_3_27            |          SignedMultiplierInt8__xdcDup__1065 |          0 |          0 |       0 |    0 |      0 |      0 |      0 |    0 |          1 |
|       mul_list_3_28            |          SignedMultiplierInt8__xdcDup__1066 |          0 |          0 |       0 |    0 |      0 |      0 |      0 |    0 |          1 |
|       mul_list_3_29            |          SignedMultiplierInt8__xdcDup__1067 |          0 |          0 |       0 |    0 |      0 |      0 |      0 |    0 |          1 |
|       mul_list_3_3             |          SignedMultiplierInt8__xdcDup__1068 |          0 |          0 |       0 |    0 |      0 |      0 |      0 |    0 |          1 |
|       mul_list_3_30            |          SignedMultiplierInt8__xdcDup__1069 |          0 |          0 |       0 |    0 |      0 |      0 |      0 |    0 |          1 |
|       mul_list_3_31            |          SignedMultiplierInt8__xdcDup__1070 |          0 |          0 |       0 |    0 |      0 |      0 |      0 |    0 |          1 |
|       mul_list_3_32            |          SignedMultiplierInt8__xdcDup__1071 |          0 |          0 |       0 |    0 |      0 |      0 |      0 |    0 |          1 |
|       mul_list_3_33            |          SignedMultiplierInt8__xdcDup__1072 |          0 |          0 |       0 |    0 |      0 |      0 |      0 |    0 |          1 |
|       mul_list_3_34            |          SignedMultiplierInt8__xdcDup__1073 |          0 |          0 |       0 |    0 |      0 |      0 |      0 |    0 |          1 |
|       mul_list_3_35            |          SignedMultiplierInt8__xdcDup__1074 |          0 |          0 |       0 |    0 |      0 |      0 |      0 |    0 |          1 |
|       mul_list_3_4             |          SignedMultiplierInt8__xdcDup__1075 |          0 |          0 |       0 |    0 |      0 |      0 |      0 |    0 |          1 |
|       mul_list_3_5             |          SignedMultiplierInt8__xdcDup__1076 |          0 |          0 |       0 |    0 |      0 |      0 |      0 |    0 |          1 |
|       mul_list_3_6             |          SignedMultiplierInt8__xdcDup__1077 |          0 |          0 |       0 |    0 |      0 |      0 |      0 |    0 |          1 |
|       mul_list_3_7             |          SignedMultiplierInt8__xdcDup__1078 |          0 |          0 |       0 |    0 |      0 |      0 |      0 |    0 |          1 |
|       mul_list_3_8             |          SignedMultiplierInt8__xdcDup__1079 |          0 |          0 |       0 |    0 |      0 |      0 |      0 |    0 |          1 |
|       mul_list_3_9             |          SignedMultiplierInt8__xdcDup__1080 |          0 |          0 |       0 |    0 |      0 |      0 |      0 |    0 |          1 |
|       mul_list_4_0             |          SignedMultiplierInt8__xdcDup__1081 |          0 |          0 |       0 |    0 |      0 |      0 |      0 |    0 |          1 |
|       mul_list_4_1             |          SignedMultiplierInt8__xdcDup__1082 |          0 |          0 |       0 |    0 |      0 |      0 |      0 |    0 |          1 |
|       mul_list_4_10            |          SignedMultiplierInt8__xdcDup__1083 |          0 |          0 |       0 |    0 |      0 |      0 |      0 |    0 |          1 |
|       mul_list_4_11            |          SignedMultiplierInt8__xdcDup__1084 |          0 |          0 |       0 |    0 |      0 |      0 |      0 |    0 |          1 |
|       mul_list_4_12            |          SignedMultiplierInt8__xdcDup__1085 |          0 |          0 |       0 |    0 |      0 |      0 |      0 |    0 |          1 |
|       mul_list_4_13            |          SignedMultiplierInt8__xdcDup__1086 |          0 |          0 |       0 |    0 |      0 |      0 |      0 |    0 |          1 |
|       mul_list_4_14            |          SignedMultiplierInt8__xdcDup__1087 |          0 |          0 |       0 |    0 |      0 |      0 |      0 |    0 |          1 |
|       mul_list_4_15            |          SignedMultiplierInt8__xdcDup__1088 |          0 |          0 |       0 |    0 |      0 |      0 |      0 |    0 |          1 |
|       mul_list_4_16            |          SignedMultiplierInt8__xdcDup__1089 |          0 |          0 |       0 |    0 |      0 |      0 |      0 |    0 |          1 |
|       mul_list_4_17            |          SignedMultiplierInt8__xdcDup__1090 |          0 |          0 |       0 |    0 |      0 |      0 |      0 |    0 |          1 |
|       mul_list_4_18            |          SignedMultiplierInt8__xdcDup__1091 |          0 |          0 |       0 |    0 |      0 |      0 |      0 |    0 |          1 |
|       mul_list_4_19            |          SignedMultiplierInt8__xdcDup__1092 |          0 |          0 |       0 |    0 |      0 |      0 |      0 |    0 |          1 |
|       mul_list_4_2             |          SignedMultiplierInt8__xdcDup__1093 |          0 |          0 |       0 |    0 |      0 |      0 |      0 |    0 |          1 |
|       mul_list_4_20            |          SignedMultiplierInt8__xdcDup__1094 |          0 |          0 |       0 |    0 |      0 |      0 |      0 |    0 |          1 |
|       mul_list_4_21            |          SignedMultiplierInt8__xdcDup__1095 |          0 |          0 |       0 |    0 |      0 |      0 |      0 |    0 |          1 |
|       mul_list_4_22            |          SignedMultiplierInt8__xdcDup__1096 |          0 |          0 |       0 |    0 |      0 |      0 |      0 |    0 |          1 |
|       mul_list_4_23            |          SignedMultiplierInt8__xdcDup__1097 |          0 |          0 |       0 |    0 |      0 |      0 |      0 |    0 |          1 |
|       mul_list_4_24            |          SignedMultiplierInt8__xdcDup__1098 |          0 |          0 |       0 |    0 |      0 |      0 |      0 |    0 |          1 |
|       mul_list_4_25            |          SignedMultiplierInt8__xdcDup__1099 |          0 |          0 |       0 |    0 |      0 |      0 |      0 |    0 |          1 |
|       mul_list_4_26            |          SignedMultiplierInt8__xdcDup__1100 |          0 |          0 |       0 |    0 |      0 |      0 |      0 |    0 |          1 |
|       mul_list_4_27            |          SignedMultiplierInt8__xdcDup__1101 |          0 |          0 |       0 |    0 |      0 |      0 |      0 |    0 |          1 |
|       mul_list_4_28            |          SignedMultiplierInt8__xdcDup__1102 |          0 |          0 |       0 |    0 |      0 |      0 |      0 |    0 |          1 |
|       mul_list_4_29            |          SignedMultiplierInt8__xdcDup__1103 |          0 |          0 |       0 |    0 |      0 |      0 |      0 |    0 |          1 |
|       mul_list_4_3             |          SignedMultiplierInt8__xdcDup__1104 |          0 |          0 |       0 |    0 |      0 |      0 |      0 |    0 |          1 |
|       mul_list_4_30            |          SignedMultiplierInt8__xdcDup__1105 |          0 |          0 |       0 |    0 |      0 |      0 |      0 |    0 |          1 |
|       mul_list_4_31            |          SignedMultiplierInt8__xdcDup__1106 |          0 |          0 |       0 |    0 |      0 |      0 |      0 |    0 |          1 |
|       mul_list_4_32            |          SignedMultiplierInt8__xdcDup__1107 |          0 |          0 |       0 |    0 |      0 |      0 |      0 |    0 |          1 |
|       mul_list_4_33            |          SignedMultiplierInt8__xdcDup__1108 |          0 |          0 |       0 |    0 |      0 |      0 |      0 |    0 |          1 |
|       mul_list_4_34            |          SignedMultiplierInt8__xdcDup__1109 |          0 |          0 |       0 |    0 |      0 |      0 |      0 |    0 |          1 |
|       mul_list_4_35            |          SignedMultiplierInt8__xdcDup__1110 |          0 |          0 |       0 |    0 |      0 |      0 |      0 |    0 |          1 |
|       mul_list_4_4             |          SignedMultiplierInt8__xdcDup__1111 |          0 |          0 |       0 |    0 |      0 |      0 |      0 |    0 |          1 |
|       mul_list_4_5             |          SignedMultiplierInt8__xdcDup__1112 |          0 |          0 |       0 |    0 |      0 |      0 |      0 |    0 |          1 |
|       mul_list_4_6             |          SignedMultiplierInt8__xdcDup__1113 |          0 |          0 |       0 |    0 |      0 |      0 |      0 |    0 |          1 |
|       mul_list_4_7             |          SignedMultiplierInt8__xdcDup__1114 |          0 |          0 |       0 |    0 |      0 |      0 |      0 |    0 |          1 |
|       mul_list_4_8             |          SignedMultiplierInt8__xdcDup__1115 |          0 |          0 |       0 |    0 |      0 |      0 |      0 |    0 |          1 |
|       mul_list_4_9             |          SignedMultiplierInt8__xdcDup__1116 |          0 |          0 |       0 |    0 |      0 |      0 |      0 |    0 |          1 |
|       mul_list_5_0             |          SignedMultiplierInt8__xdcDup__1117 |          0 |          0 |       0 |    0 |      0 |      0 |      0 |    0 |          1 |
|       mul_list_5_1             |          SignedMultiplierInt8__xdcDup__1118 |          0 |          0 |       0 |    0 |      0 |      0 |      0 |    0 |          1 |
|       mul_list_5_10            |          SignedMultiplierInt8__xdcDup__1119 |          0 |          0 |       0 |    0 |      0 |      0 |      0 |    0 |          1 |
|       mul_list_5_11            |          SignedMultiplierInt8__xdcDup__1120 |          0 |          0 |       0 |    0 |      0 |      0 |      0 |    0 |          1 |
|       mul_list_5_12            |          SignedMultiplierInt8__xdcDup__1121 |          0 |          0 |       0 |    0 |      0 |      0 |      0 |    0 |          1 |
|       mul_list_5_13            |          SignedMultiplierInt8__xdcDup__1122 |          0 |          0 |       0 |    0 |      0 |      0 |      0 |    0 |          1 |
|       mul_list_5_14            |          SignedMultiplierInt8__xdcDup__1123 |          0 |          0 |       0 |    0 |      0 |      0 |      0 |    0 |          1 |
|       mul_list_5_15            |          SignedMultiplierInt8__xdcDup__1124 |          0 |          0 |       0 |    0 |      0 |      0 |      0 |    0 |          1 |
|       mul_list_5_16            |          SignedMultiplierInt8__xdcDup__1125 |          0 |          0 |       0 |    0 |      0 |      0 |      0 |    0 |          1 |
|       mul_list_5_17            |          SignedMultiplierInt8__xdcDup__1126 |          0 |          0 |       0 |    0 |      0 |      0 |      0 |    0 |          1 |
|       mul_list_5_18            |          SignedMultiplierInt8__xdcDup__1127 |          0 |          0 |       0 |    0 |      0 |      0 |      0 |    0 |          1 |
|       mul_list_5_19            |          SignedMultiplierInt8__xdcDup__1128 |          0 |          0 |       0 |    0 |      0 |      0 |      0 |    0 |          1 |
|       mul_list_5_2             |          SignedMultiplierInt8__xdcDup__1129 |          0 |          0 |       0 |    0 |      0 |      0 |      0 |    0 |          1 |
|       mul_list_5_20            |          SignedMultiplierInt8__xdcDup__1130 |          0 |          0 |       0 |    0 |      0 |      0 |      0 |    0 |          1 |
|       mul_list_5_21            |          SignedMultiplierInt8__xdcDup__1131 |          0 |          0 |       0 |    0 |      0 |      0 |      0 |    0 |          1 |
|       mul_list_5_22            |          SignedMultiplierInt8__xdcDup__1132 |          0 |          0 |       0 |    0 |      0 |      0 |      0 |    0 |          1 |
|       mul_list_5_23            |          SignedMultiplierInt8__xdcDup__1133 |          0 |          0 |       0 |    0 |      0 |      0 |      0 |    0 |          1 |
|       mul_list_5_24            |          SignedMultiplierInt8__xdcDup__1134 |          0 |          0 |       0 |    0 |      0 |      0 |      0 |    0 |          1 |
|       mul_list_5_25            |          SignedMultiplierInt8__xdcDup__1135 |          0 |          0 |       0 |    0 |      0 |      0 |      0 |    0 |          1 |
|       mul_list_5_26            |          SignedMultiplierInt8__xdcDup__1136 |          0 |          0 |       0 |    0 |      0 |      0 |      0 |    0 |          1 |
|       mul_list_5_27            |          SignedMultiplierInt8__xdcDup__1137 |          0 |          0 |       0 |    0 |      0 |      0 |      0 |    0 |          1 |
|       mul_list_5_28            |          SignedMultiplierInt8__xdcDup__1138 |          0 |          0 |       0 |    0 |      0 |      0 |      0 |    0 |          1 |
|       mul_list_5_29            |          SignedMultiplierInt8__xdcDup__1139 |          0 |          0 |       0 |    0 |      0 |      0 |      0 |    0 |          1 |
|       mul_list_5_3             |          SignedMultiplierInt8__xdcDup__1140 |          0 |          0 |       0 |    0 |      0 |      0 |      0 |    0 |          1 |
|       mul_list_5_30            |          SignedMultiplierInt8__xdcDup__1141 |          0 |          0 |       0 |    0 |      0 |      0 |      0 |    0 |          1 |
|       mul_list_5_31            |          SignedMultiplierInt8__xdcDup__1142 |          0 |          0 |       0 |    0 |      0 |      0 |      0 |    0 |          1 |
|       mul_list_5_32            |          SignedMultiplierInt8__xdcDup__1143 |          0 |          0 |       0 |    0 |      0 |      0 |      0 |    0 |          1 |
|       mul_list_5_33            |          SignedMultiplierInt8__xdcDup__1144 |          0 |          0 |       0 |    0 |      0 |      0 |      0 |    0 |          1 |
|       mul_list_5_34            |          SignedMultiplierInt8__xdcDup__1145 |          0 |          0 |       0 |    0 |      0 |      0 |      0 |    0 |          1 |
|       mul_list_5_35            |          SignedMultiplierInt8__xdcDup__1146 |          0 |          0 |       0 |    0 |      0 |      0 |      0 |    0 |          1 |
|       mul_list_5_4             |          SignedMultiplierInt8__xdcDup__1147 |          0 |          0 |       0 |    0 |      0 |      0 |      0 |    0 |          1 |
|       mul_list_5_5             |          SignedMultiplierInt8__xdcDup__1148 |          0 |          0 |       0 |    0 |      0 |      0 |      0 |    0 |          1 |
|       mul_list_5_6             |          SignedMultiplierInt8__xdcDup__1149 |          0 |          0 |       0 |    0 |      0 |      0 |      0 |    0 |          1 |
|       mul_list_5_7             |          SignedMultiplierInt8__xdcDup__1150 |          0 |          0 |       0 |    0 |      0 |      0 |      0 |    0 |          1 |
|       mul_list_5_8             |          SignedMultiplierInt8__xdcDup__1151 |          0 |          0 |       0 |    0 |      0 |      0 |      0 |    0 |          1 |
|       mul_list_5_9             |          SignedMultiplierInt8__xdcDup__1152 |          0 |          0 |       0 |    0 |      0 |      0 |      0 |    0 |          1 |
|       mul_list_6_0             |          SignedMultiplierInt8__xdcDup__1153 |          0 |          0 |       0 |    0 |      0 |      0 |      0 |    0 |          1 |
|       mul_list_6_1             |          SignedMultiplierInt8__xdcDup__1154 |          0 |          0 |       0 |    0 |      0 |      0 |      0 |    0 |          1 |
|       mul_list_6_10            |          SignedMultiplierInt8__xdcDup__1155 |          0 |          0 |       0 |    0 |      0 |      0 |      0 |    0 |          1 |
|       mul_list_6_11            |          SignedMultiplierInt8__xdcDup__1156 |          0 |          0 |       0 |    0 |      0 |      0 |      0 |    0 |          1 |
|       mul_list_6_12            |          SignedMultiplierInt8__xdcDup__1157 |          0 |          0 |       0 |    0 |      0 |      0 |      0 |    0 |          1 |
|       mul_list_6_13            |          SignedMultiplierInt8__xdcDup__1158 |          0 |          0 |       0 |    0 |      0 |      0 |      0 |    0 |          1 |
|       mul_list_6_14            |          SignedMultiplierInt8__xdcDup__1159 |          0 |          0 |       0 |    0 |      0 |      0 |      0 |    0 |          1 |
|       mul_list_6_15            |          SignedMultiplierInt8__xdcDup__1160 |          0 |          0 |       0 |    0 |      0 |      0 |      0 |    0 |          1 |
|       mul_list_6_16            |          SignedMultiplierInt8__xdcDup__1161 |          0 |          0 |       0 |    0 |      0 |      0 |      0 |    0 |          1 |
|       mul_list_6_17            |          SignedMultiplierInt8__xdcDup__1162 |          0 |          0 |       0 |    0 |      0 |      0 |      0 |    0 |          1 |
|       mul_list_6_18            |          SignedMultiplierInt8__xdcDup__1163 |          0 |          0 |       0 |    0 |      0 |      0 |      0 |    0 |          1 |
|       mul_list_6_19            |          SignedMultiplierInt8__xdcDup__1164 |          0 |          0 |       0 |    0 |      0 |      0 |      0 |    0 |          1 |
|       mul_list_6_2             |          SignedMultiplierInt8__xdcDup__1165 |          0 |          0 |       0 |    0 |      0 |      0 |      0 |    0 |          1 |
|       mul_list_6_20            |          SignedMultiplierInt8__xdcDup__1166 |          0 |          0 |       0 |    0 |      0 |      0 |      0 |    0 |          1 |
|       mul_list_6_21            |          SignedMultiplierInt8__xdcDup__1167 |          0 |          0 |       0 |    0 |      0 |      0 |      0 |    0 |          1 |
|       mul_list_6_22            |          SignedMultiplierInt8__xdcDup__1168 |          0 |          0 |       0 |    0 |      0 |      0 |      0 |    0 |          1 |
|       mul_list_6_23            |          SignedMultiplierInt8__xdcDup__1169 |          0 |          0 |       0 |    0 |      0 |      0 |      0 |    0 |          1 |
|       mul_list_6_24            |          SignedMultiplierInt8__xdcDup__1170 |          0 |          0 |       0 |    0 |      0 |      0 |      0 |    0 |          1 |
|       mul_list_6_25            |          SignedMultiplierInt8__xdcDup__1171 |          0 |          0 |       0 |    0 |      0 |      0 |      0 |    0 |          1 |
|       mul_list_6_26            |          SignedMultiplierInt8__xdcDup__1172 |          0 |          0 |       0 |    0 |      0 |      0 |      0 |    0 |          1 |
|       mul_list_6_27            |          SignedMultiplierInt8__xdcDup__1173 |          0 |          0 |       0 |    0 |      0 |      0 |      0 |    0 |          1 |
|       mul_list_6_28            |          SignedMultiplierInt8__xdcDup__1174 |          0 |          0 |       0 |    0 |      0 |      0 |      0 |    0 |          1 |
|       mul_list_6_29            |          SignedMultiplierInt8__xdcDup__1175 |          0 |          0 |       0 |    0 |      0 |      0 |      0 |    0 |          1 |
|       mul_list_6_3             |          SignedMultiplierInt8__xdcDup__1176 |          0 |          0 |       0 |    0 |      0 |      0 |      0 |    0 |          1 |
|       mul_list_6_30            |          SignedMultiplierInt8__xdcDup__1177 |          0 |          0 |       0 |    0 |      0 |      0 |      0 |    0 |          1 |
|       mul_list_6_31            |          SignedMultiplierInt8__xdcDup__1178 |          0 |          0 |       0 |    0 |      0 |      0 |      0 |    0 |          1 |
|       mul_list_6_32            |          SignedMultiplierInt8__xdcDup__1179 |          0 |          0 |       0 |    0 |      0 |      0 |      0 |    0 |          1 |
|       mul_list_6_33            |          SignedMultiplierInt8__xdcDup__1180 |          0 |          0 |       0 |    0 |      0 |      0 |      0 |    0 |          1 |
|       mul_list_6_34            |          SignedMultiplierInt8__xdcDup__1181 |          0 |          0 |       0 |    0 |      0 |      0 |      0 |    0 |          1 |
|       mul_list_6_35            |          SignedMultiplierInt8__xdcDup__1182 |          0 |          0 |       0 |    0 |      0 |      0 |      0 |    0 |          1 |
|       mul_list_6_4             |          SignedMultiplierInt8__xdcDup__1183 |          0 |          0 |       0 |    0 |      0 |      0 |      0 |    0 |          1 |
|       mul_list_6_5             |          SignedMultiplierInt8__xdcDup__1184 |          0 |          0 |       0 |    0 |      0 |      0 |      0 |    0 |          1 |
|       mul_list_6_6             |          SignedMultiplierInt8__xdcDup__1185 |          0 |          0 |       0 |    0 |      0 |      0 |      0 |    0 |          1 |
|       mul_list_6_7             |          SignedMultiplierInt8__xdcDup__1186 |          0 |          0 |       0 |    0 |      0 |      0 |      0 |    0 |          1 |
|       mul_list_6_8             |          SignedMultiplierInt8__xdcDup__1187 |          0 |          0 |       0 |    0 |      0 |      0 |      0 |    0 |          1 |
|       mul_list_6_9             |          SignedMultiplierInt8__xdcDup__1188 |          0 |          0 |       0 |    0 |      0 |      0 |      0 |    0 |          1 |
|       mul_list_7_0             |          SignedMultiplierInt8__xdcDup__1189 |          0 |          0 |       0 |    0 |      0 |      0 |      0 |    0 |          1 |
|       mul_list_7_1             |          SignedMultiplierInt8__xdcDup__1190 |          0 |          0 |       0 |    0 |      0 |      0 |      0 |    0 |          1 |
|       mul_list_7_10            |          SignedMultiplierInt8__xdcDup__1191 |          0 |          0 |       0 |    0 |      0 |      0 |      0 |    0 |          1 |
|       mul_list_7_11            |          SignedMultiplierInt8__xdcDup__1192 |          0 |          0 |       0 |    0 |      0 |      0 |      0 |    0 |          1 |
|       mul_list_7_12            |          SignedMultiplierInt8__xdcDup__1193 |          0 |          0 |       0 |    0 |      0 |      0 |      0 |    0 |          1 |
|       mul_list_7_13            |          SignedMultiplierInt8__xdcDup__1194 |          0 |          0 |       0 |    0 |      0 |      0 |      0 |    0 |          1 |
|       mul_list_7_14            |          SignedMultiplierInt8__xdcDup__1195 |          0 |          0 |       0 |    0 |      0 |      0 |      0 |    0 |          1 |
|       mul_list_7_15            |          SignedMultiplierInt8__xdcDup__1196 |          0 |          0 |       0 |    0 |      0 |      0 |      0 |    0 |          1 |
|       mul_list_7_16            |          SignedMultiplierInt8__xdcDup__1197 |          0 |          0 |       0 |    0 |      0 |      0 |      0 |    0 |          1 |
|       mul_list_7_17            |          SignedMultiplierInt8__xdcDup__1198 |          0 |          0 |       0 |    0 |      0 |      0 |      0 |    0 |          1 |
|       mul_list_7_18            |          SignedMultiplierInt8__xdcDup__1199 |          0 |          0 |       0 |    0 |      0 |      0 |      0 |    0 |          1 |
|       mul_list_7_19            |          SignedMultiplierInt8__xdcDup__1200 |          0 |          0 |       0 |    0 |      0 |      0 |      0 |    0 |          1 |
|       mul_list_7_2             |          SignedMultiplierInt8__xdcDup__1201 |          0 |          0 |       0 |    0 |      0 |      0 |      0 |    0 |          1 |
|       mul_list_7_20            |          SignedMultiplierInt8__xdcDup__1202 |          0 |          0 |       0 |    0 |      0 |      0 |      0 |    0 |          1 |
|       mul_list_7_21            |          SignedMultiplierInt8__xdcDup__1203 |          0 |          0 |       0 |    0 |      0 |      0 |      0 |    0 |          1 |
|       mul_list_7_22            |          SignedMultiplierInt8__xdcDup__1204 |          0 |          0 |       0 |    0 |      0 |      0 |      0 |    0 |          1 |
|       mul_list_7_23            |          SignedMultiplierInt8__xdcDup__1205 |          0 |          0 |       0 |    0 |      0 |      0 |      0 |    0 |          1 |
|       mul_list_7_24            |          SignedMultiplierInt8__xdcDup__1206 |          0 |          0 |       0 |    0 |      0 |      0 |      0 |    0 |          1 |
|       mul_list_7_25            |          SignedMultiplierInt8__xdcDup__1207 |          0 |          0 |       0 |    0 |      0 |      0 |      0 |    0 |          1 |
|       mul_list_7_26            |          SignedMultiplierInt8__xdcDup__1208 |          0 |          0 |       0 |    0 |      0 |      0 |      0 |    0 |          1 |
|       mul_list_7_27            |          SignedMultiplierInt8__xdcDup__1209 |          0 |          0 |       0 |    0 |      0 |      0 |      0 |    0 |          1 |
|       mul_list_7_28            |          SignedMultiplierInt8__xdcDup__1210 |          0 |          0 |       0 |    0 |      0 |      0 |      0 |    0 |          1 |
|       mul_list_7_29            |          SignedMultiplierInt8__xdcDup__1211 |          0 |          0 |       0 |    0 |      0 |      0 |      0 |    0 |          1 |
|       mul_list_7_3             |          SignedMultiplierInt8__xdcDup__1212 |          0 |          0 |       0 |    0 |      0 |      0 |      0 |    0 |          1 |
|       mul_list_7_30            |          SignedMultiplierInt8__xdcDup__1213 |          0 |          0 |       0 |    0 |      0 |      0 |      0 |    0 |          1 |
|       mul_list_7_31            |          SignedMultiplierInt8__xdcDup__1214 |          0 |          0 |       0 |    0 |      0 |      0 |      0 |    0 |          1 |
|       mul_list_7_32            |          SignedMultiplierInt8__xdcDup__1215 |          0 |          0 |       0 |    0 |      0 |      0 |      0 |    0 |          1 |
|       mul_list_7_33            |          SignedMultiplierInt8__xdcDup__1216 |          0 |          0 |       0 |    0 |      0 |      0 |      0 |    0 |          1 |
|       mul_list_7_34            |          SignedMultiplierInt8__xdcDup__1217 |          0 |          0 |       0 |    0 |      0 |      0 |      0 |    0 |          1 |
|       mul_list_7_35            |          SignedMultiplierInt8__xdcDup__1218 |          0 |          0 |       0 |    0 |      0 |      0 |      0 |    0 |          1 |
|       mul_list_7_4             |          SignedMultiplierInt8__xdcDup__1219 |          0 |          0 |       0 |    0 |      0 |      0 |      0 |    0 |          1 |
|       mul_list_7_5             |          SignedMultiplierInt8__xdcDup__1220 |          0 |          0 |       0 |    0 |      0 |      0 |      0 |    0 |          1 |
|       mul_list_7_6             |          SignedMultiplierInt8__xdcDup__1221 |          0 |          0 |       0 |    0 |      0 |      0 |      0 |    0 |          1 |
|       mul_list_7_7             |          SignedMultiplierInt8__xdcDup__1222 |          0 |          0 |       0 |    0 |      0 |      0 |      0 |    0 |          1 |
|       mul_list_7_8             |          SignedMultiplierInt8__xdcDup__1223 |          0 |          0 |       0 |    0 |      0 |      0 |      0 |    0 |          1 |
|       mul_list_7_9             |          SignedMultiplierInt8__xdcDup__1224 |          0 |          0 |       0 |    0 |      0 |      0 |      0 |    0 |          1 |
|       mul_list_8_0             |          SignedMultiplierInt8__xdcDup__1225 |          0 |          0 |       0 |    0 |      0 |      0 |      0 |    0 |          1 |
|       mul_list_8_1             |          SignedMultiplierInt8__xdcDup__1226 |          0 |          0 |       0 |    0 |      0 |      0 |      0 |    0 |          1 |
|       mul_list_8_10            |          SignedMultiplierInt8__xdcDup__1227 |          0 |          0 |       0 |    0 |      0 |      0 |      0 |    0 |          1 |
|       mul_list_8_11            |          SignedMultiplierInt8__xdcDup__1228 |          0 |          0 |       0 |    0 |      0 |      0 |      0 |    0 |          1 |
|       mul_list_8_12            |          SignedMultiplierInt8__xdcDup__1229 |          0 |          0 |       0 |    0 |      0 |      0 |      0 |    0 |          1 |
|       mul_list_8_13            |          SignedMultiplierInt8__xdcDup__1230 |          0 |          0 |       0 |    0 |      0 |      0 |      0 |    0 |          1 |
|       mul_list_8_14            |          SignedMultiplierInt8__xdcDup__1231 |          0 |          0 |       0 |    0 |      0 |      0 |      0 |    0 |          1 |
|       mul_list_8_15            |          SignedMultiplierInt8__xdcDup__1232 |          0 |          0 |       0 |    0 |      0 |      0 |      0 |    0 |          1 |
|       mul_list_8_16            |          SignedMultiplierInt8__xdcDup__1233 |          0 |          0 |       0 |    0 |      0 |      0 |      0 |    0 |          1 |
|       mul_list_8_17            |          SignedMultiplierInt8__xdcDup__1234 |          0 |          0 |       0 |    0 |      0 |      0 |      0 |    0 |          1 |
|       mul_list_8_18            |          SignedMultiplierInt8__xdcDup__1235 |          0 |          0 |       0 |    0 |      0 |      0 |      0 |    0 |          1 |
|       mul_list_8_19            |          SignedMultiplierInt8__xdcDup__1236 |          0 |          0 |       0 |    0 |      0 |      0 |      0 |    0 |          1 |
|       mul_list_8_2             |          SignedMultiplierInt8__xdcDup__1237 |          0 |          0 |       0 |    0 |      0 |      0 |      0 |    0 |          1 |
|       mul_list_8_20            |          SignedMultiplierInt8__xdcDup__1238 |          0 |          0 |       0 |    0 |      0 |      0 |      0 |    0 |          1 |
|       mul_list_8_21            |          SignedMultiplierInt8__xdcDup__1239 |          0 |          0 |       0 |    0 |      0 |      0 |      0 |    0 |          1 |
|       mul_list_8_22            |          SignedMultiplierInt8__xdcDup__1240 |          0 |          0 |       0 |    0 |      0 |      0 |      0 |    0 |          1 |
|       mul_list_8_23            |          SignedMultiplierInt8__xdcDup__1241 |          0 |          0 |       0 |    0 |      0 |      0 |      0 |    0 |          1 |
|       mul_list_8_24            |          SignedMultiplierInt8__xdcDup__1242 |          0 |          0 |       0 |    0 |      0 |      0 |      0 |    0 |          1 |
|       mul_list_8_25            |          SignedMultiplierInt8__xdcDup__1243 |          0 |          0 |       0 |    0 |      0 |      0 |      0 |    0 |          1 |
|       mul_list_8_26            |          SignedMultiplierInt8__xdcDup__1244 |          0 |          0 |       0 |    0 |      0 |      0 |      0 |    0 |          1 |
|       mul_list_8_27            |          SignedMultiplierInt8__xdcDup__1245 |          0 |          0 |       0 |    0 |      0 |      0 |      0 |    0 |          1 |
|       mul_list_8_28            |          SignedMultiplierInt8__xdcDup__1246 |          0 |          0 |       0 |    0 |      0 |      0 |      0 |    0 |          1 |
|       mul_list_8_29            |          SignedMultiplierInt8__xdcDup__1247 |          0 |          0 |       0 |    0 |      0 |      0 |      0 |    0 |          1 |
|       mul_list_8_3             |          SignedMultiplierInt8__xdcDup__1248 |          0 |          0 |       0 |    0 |      0 |      0 |      0 |    0 |          1 |
|       mul_list_8_30            |          SignedMultiplierInt8__xdcDup__1249 |          0 |          0 |       0 |    0 |      0 |      0 |      0 |    0 |          1 |
|       mul_list_8_31            |          SignedMultiplierInt8__xdcDup__1250 |          0 |          0 |       0 |    0 |      0 |      0 |      0 |    0 |          1 |
|       mul_list_8_32            |          SignedMultiplierInt8__xdcDup__1251 |          0 |          0 |       0 |    0 |      0 |      0 |      0 |    0 |          1 |
|       mul_list_8_33            |          SignedMultiplierInt8__xdcDup__1252 |          0 |          0 |       0 |    0 |      0 |      0 |      0 |    0 |          1 |
|       mul_list_8_34            |          SignedMultiplierInt8__xdcDup__1253 |          0 |          0 |       0 |    0 |      0 |      0 |      0 |    0 |          1 |
|       mul_list_8_35            |          SignedMultiplierInt8__xdcDup__1254 |          0 |          0 |       0 |    0 |      0 |      0 |      0 |    0 |          1 |
|       mul_list_8_4             |          SignedMultiplierInt8__xdcDup__1255 |          0 |          0 |       0 |    0 |      0 |      0 |      0 |    0 |          1 |
|       mul_list_8_5             |          SignedMultiplierInt8__xdcDup__1256 |          0 |          0 |       0 |    0 |      0 |      0 |      0 |    0 |          1 |
|       mul_list_8_6             |          SignedMultiplierInt8__xdcDup__1257 |          0 |          0 |       0 |    0 |      0 |      0 |      0 |    0 |          1 |
|       mul_list_8_7             |          SignedMultiplierInt8__xdcDup__1258 |          0 |          0 |       0 |    0 |      0 |      0 |      0 |    0 |          1 |
|       mul_list_8_8             |          SignedMultiplierInt8__xdcDup__1259 |          0 |          0 |       0 |    0 |      0 |      0 |      0 |    0 |          1 |
|       mul_list_8_9             |          SignedMultiplierInt8__xdcDup__1260 |          0 |          0 |       0 |    0 |      0 |      0 |      0 |    0 |          1 |
|       mul_list_9_0             |          SignedMultiplierInt8__xdcDup__1261 |          0 |          0 |       0 |    0 |      0 |      0 |      0 |    0 |          1 |
|       mul_list_9_1             |          SignedMultiplierInt8__xdcDup__1262 |          0 |          0 |       0 |    0 |      0 |      0 |      0 |    0 |          1 |
|       mul_list_9_10            |          SignedMultiplierInt8__xdcDup__1263 |          0 |          0 |       0 |    0 |      0 |      0 |      0 |    0 |          1 |
|       mul_list_9_11            |          SignedMultiplierInt8__xdcDup__1264 |          0 |          0 |       0 |    0 |      0 |      0 |      0 |    0 |          1 |
|       mul_list_9_12            |          SignedMultiplierInt8__xdcDup__1265 |          0 |          0 |       0 |    0 |      0 |      0 |      0 |    0 |          1 |
|       mul_list_9_13            |          SignedMultiplierInt8__xdcDup__1266 |          0 |          0 |       0 |    0 |      0 |      0 |      0 |    0 |          1 |
|       mul_list_9_14            |          SignedMultiplierInt8__xdcDup__1267 |          0 |          0 |       0 |    0 |      0 |      0 |      0 |    0 |          1 |
|       mul_list_9_15            |          SignedMultiplierInt8__xdcDup__1268 |          0 |          0 |       0 |    0 |      0 |      0 |      0 |    0 |          1 |
|       mul_list_9_16            |          SignedMultiplierInt8__xdcDup__1269 |          0 |          0 |       0 |    0 |      0 |      0 |      0 |    0 |          1 |
|       mul_list_9_17            |          SignedMultiplierInt8__xdcDup__1270 |          0 |          0 |       0 |    0 |      0 |      0 |      0 |    0 |          1 |
|       mul_list_9_18            |          SignedMultiplierInt8__xdcDup__1271 |          0 |          0 |       0 |    0 |      0 |      0 |      0 |    0 |          1 |
|       mul_list_9_19            |          SignedMultiplierInt8__xdcDup__1272 |          0 |          0 |       0 |    0 |      0 |      0 |      0 |    0 |          1 |
|       mul_list_9_2             |          SignedMultiplierInt8__xdcDup__1273 |          0 |          0 |       0 |    0 |      0 |      0 |      0 |    0 |          1 |
|       mul_list_9_20            |          SignedMultiplierInt8__xdcDup__1274 |          0 |          0 |       0 |    0 |      0 |      0 |      0 |    0 |          1 |
|       mul_list_9_21            |          SignedMultiplierInt8__xdcDup__1275 |          0 |          0 |       0 |    0 |      0 |      0 |      0 |    0 |          1 |
|       mul_list_9_22            |          SignedMultiplierInt8__xdcDup__1276 |          0 |          0 |       0 |    0 |      0 |      0 |      0 |    0 |          1 |
|       mul_list_9_23            |          SignedMultiplierInt8__xdcDup__1277 |          0 |          0 |       0 |    0 |      0 |      0 |      0 |    0 |          1 |
|       mul_list_9_24            |          SignedMultiplierInt8__xdcDup__1278 |          0 |          0 |       0 |    0 |      0 |      0 |      0 |    0 |          1 |
|       mul_list_9_25            |          SignedMultiplierInt8__xdcDup__1279 |          0 |          0 |       0 |    0 |      0 |      0 |      0 |    0 |          1 |
|       mul_list_9_26            |          SignedMultiplierInt8__xdcDup__1280 |          0 |          0 |       0 |    0 |      0 |      0 |      0 |    0 |          1 |
|       mul_list_9_27            |          SignedMultiplierInt8__xdcDup__1281 |          0 |          0 |       0 |    0 |      0 |      0 |      0 |    0 |          1 |
|       mul_list_9_28            |          SignedMultiplierInt8__xdcDup__1282 |          0 |          0 |       0 |    0 |      0 |      0 |      0 |    0 |          1 |
|       mul_list_9_29            |          SignedMultiplierInt8__xdcDup__1283 |          0 |          0 |       0 |    0 |      0 |      0 |      0 |    0 |          1 |
|       mul_list_9_3             |          SignedMultiplierInt8__xdcDup__1284 |          0 |          0 |       0 |    0 |      0 |      0 |      0 |    0 |          1 |
|       mul_list_9_30            |          SignedMultiplierInt8__xdcDup__1285 |          0 |          0 |       0 |    0 |      0 |      0 |      0 |    0 |          1 |
|       mul_list_9_31            |          SignedMultiplierInt8__xdcDup__1286 |          0 |          0 |       0 |    0 |      0 |      0 |      0 |    0 |          1 |
|       mul_list_9_32            |          SignedMultiplierInt8__xdcDup__1287 |          0 |          0 |       0 |    0 |      0 |      0 |      0 |    0 |          1 |
|       mul_list_9_33            |          SignedMultiplierInt8__xdcDup__1288 |          0 |          0 |       0 |    0 |      0 |      0 |      0 |    0 |          1 |
|       mul_list_9_34            |          SignedMultiplierInt8__xdcDup__1289 |          0 |          0 |       0 |    0 |      0 |      0 |      0 |    0 |          1 |
|       mul_list_9_35            |          SignedMultiplierInt8__xdcDup__1290 |          0 |          0 |       0 |    0 |      0 |      0 |      0 |    0 |          1 |
|       mul_list_9_4             |          SignedMultiplierInt8__xdcDup__1291 |          0 |          0 |       0 |    0 |      0 |      0 |      0 |    0 |          1 |
|       mul_list_9_5             |          SignedMultiplierInt8__xdcDup__1292 |          0 |          0 |       0 |    0 |      0 |      0 |      0 |    0 |          1 |
|       mul_list_9_6             |          SignedMultiplierInt8__xdcDup__1293 |          0 |          0 |       0 |    0 |      0 |      0 |      0 |    0 |          1 |
|       mul_list_9_7             |          SignedMultiplierInt8__xdcDup__1294 |          0 |          0 |       0 |    0 |      0 |      0 |      0 |    0 |          1 |
|       mul_list_9_8             |          SignedMultiplierInt8__xdcDup__1295 |          0 |          0 |       0 |    0 |      0 |      0 |      0 |    0 |          1 |
|       mul_list_9_9             |          SignedMultiplierInt8__xdcDup__1296 |          0 |          0 |       0 |    0 |      0 |      0 |      0 |    0 |          1 |
|       psum_last_pipreg         |                                 PipReg_2__7 |          0 |          0 |       0 |    0 |      7 |      0 |      0 |    0 |          0 |
|       psum_valid_pipreg        |                                 PipReg_2__6 |          0 |          0 |       0 |    0 |      7 |      0 |      0 |    0 |          0 |
|       res_valid_pipreg         |                                 PipReg_6__3 |          1 |          1 |       0 |    0 |      1 |      0 |      0 |    0 |          0 |
|       toFp                     |                         Int32VecToFp32_1__1 |       9564 |       9564 |       0 |    0 |      0 |      0 |      0 |    0 |         24 |
|         mul                    |                                Fp32Mul__189 |        466 |        466 |       0 |    0 |      0 |      0 |      0 |    0 |          2 |
|           (mul)                |                                Fp32Mul__189 |        264 |        264 |       0 |    0 |      0 |      0 |      0 |    0 |          0 |
|           mul                  |                               MulRecFN__189 |        202 |        202 |       0 |    0 |      0 |      0 |      0 |    0 |          2 |
|         mul_1                  |                                Fp32Mul__190 |        466 |        466 |       0 |    0 |      0 |      0 |      0 |    0 |          2 |
|           (mul_1)              |                                Fp32Mul__190 |        264 |        264 |       0 |    0 |      0 |      0 |      0 |    0 |          0 |
|           mul                  |                               MulRecFN__190 |        202 |        202 |       0 |    0 |      0 |      0 |      0 |    0 |          2 |
|         mul_10                 |                                Fp32Mul__188 |        466 |        466 |       0 |    0 |      0 |      0 |      0 |    0 |          2 |
|           (mul_10)             |                                Fp32Mul__188 |        264 |        264 |       0 |    0 |      0 |      0 |      0 |    0 |          0 |
|           mul                  |                               MulRecFN__188 |        202 |        202 |       0 |    0 |      0 |      0 |      0 |    0 |          2 |
|         mul_11                 |                                Fp32Mul__187 |        466 |        466 |       0 |    0 |      0 |      0 |      0 |    0 |          2 |
|           (mul_11)             |                                Fp32Mul__187 |        264 |        264 |       0 |    0 |      0 |      0 |      0 |    0 |          0 |
|           mul                  |                               MulRecFN__187 |        202 |        202 |       0 |    0 |      0 |      0 |      0 |    0 |          2 |
|         mul_2                  |                                Fp32Mul__253 |        502 |        502 |       0 |    0 |      0 |      0 |      0 |    0 |          2 |
|           (mul_2)              |                                Fp32Mul__253 |        284 |        284 |       0 |    0 |      0 |      0 |      0 |    0 |          0 |
|           mul                  |                               MulRecFN__253 |        218 |        218 |       0 |    0 |      0 |      0 |      0 |    0 |          2 |
|         mul_3                  |                                Fp32Mul__252 |        502 |        502 |       0 |    0 |      0 |      0 |      0 |    0 |          2 |
|           (mul_3)              |                                Fp32Mul__252 |        284 |        284 |       0 |    0 |      0 |      0 |      0 |    0 |          0 |
|           mul                  |                               MulRecFN__252 |        218 |        218 |       0 |    0 |      0 |      0 |      0 |    0 |          2 |
|         mul_4                  |                                Fp32Mul__251 |        502 |        502 |       0 |    0 |      0 |      0 |      0 |    0 |          2 |
|           (mul_4)              |                                Fp32Mul__251 |        284 |        284 |       0 |    0 |      0 |      0 |      0 |    0 |          0 |
|           mul                  |                               MulRecFN__251 |        218 |        218 |       0 |    0 |      0 |      0 |      0 |    0 |          2 |
|         mul_5                  |                                Fp32Mul__250 |        502 |        502 |       0 |    0 |      0 |      0 |      0 |    0 |          2 |
|           (mul_5)              |                                Fp32Mul__250 |        284 |        284 |       0 |    0 |      0 |      0 |      0 |    0 |          0 |
|           mul                  |                               MulRecFN__250 |        218 |        218 |       0 |    0 |      0 |      0 |      0 |    0 |          2 |
|         mul_6                  |                                Fp32Mul__249 |        502 |        502 |       0 |    0 |      0 |      0 |      0 |    0 |          2 |
|           (mul_6)              |                                Fp32Mul__249 |        284 |        284 |       0 |    0 |      0 |      0 |      0 |    0 |          0 |
|           mul                  |                               MulRecFN__249 |        218 |        218 |       0 |    0 |      0 |      0 |      0 |    0 |          2 |
|         mul_7                  |                                Fp32Mul__248 |        502 |        502 |       0 |    0 |      0 |      0 |      0 |    0 |          2 |
|           (mul_7)              |                                Fp32Mul__248 |        284 |        284 |       0 |    0 |      0 |      0 |      0 |    0 |          0 |
|           mul                  |                               MulRecFN__248 |        218 |        218 |       0 |    0 |      0 |      0 |      0 |    0 |          2 |
|         mul_8                  |                                Fp32Mul__254 |        502 |        502 |       0 |    0 |      0 |      0 |      0 |    0 |          2 |
|           (mul_8)              |                                Fp32Mul__254 |        284 |        284 |       0 |    0 |      0 |      0 |      0 |    0 |          0 |
|           mul                  |                               MulRecFN__254 |        218 |        218 |       0 |    0 |      0 |      0 |      0 |    0 |          2 |
|         mul_9                  |                                Fp32Mul__255 |        502 |        502 |       0 |    0 |      0 |      0 |      0 |    0 |          2 |
|           (mul_9)              |                                Fp32Mul__255 |        284 |        284 |       0 |    0 |      0 |      0 |      0 |    0 |          0 |
|           mul                  |                               MulRecFN__255 |        218 |        218 |       0 |    0 |      0 |      0 |      0 |    0 |          2 |
|         toFp                   |                             Int32ToFp32__57 |        279 |        279 |       0 |    0 |      0 |      0 |      0 |    0 |          0 |
|           (toFp)               |                             Int32ToFp32__57 |         72 |         72 |       0 |    0 |      0 |      0 |      0 |    0 |          0 |
|           cvt                  |                    INToRecFN_i32_e8_s24__57 |        207 |        207 |       0 |    0 |      0 |      0 |      0 |    0 |          0 |
|         toFp_1                 |                             Int32ToFp32__58 |        279 |        279 |       0 |    0 |      0 |      0 |      0 |    0 |          0 |
|           (toFp_1)             |                             Int32ToFp32__58 |         72 |         72 |       0 |    0 |      0 |      0 |      0 |    0 |          0 |
|           cvt                  |                    INToRecFN_i32_e8_s24__58 |        207 |        207 |       0 |    0 |      0 |      0 |      0 |    0 |          0 |
|         toFp_10                |                             Int32ToFp32__56 |        279 |        279 |       0 |    0 |      0 |      0 |      0 |    0 |          0 |
|           (toFp_10)            |                             Int32ToFp32__56 |         72 |         72 |       0 |    0 |      0 |      0 |      0 |    0 |          0 |
|           cvt                  |                    INToRecFN_i32_e8_s24__56 |        207 |        207 |       0 |    0 |      0 |      0 |      0 |    0 |          0 |
|         toFp_11                |                             Int32ToFp32__55 |        279 |        279 |       0 |    0 |      0 |      0 |      0 |    0 |          0 |
|           (toFp_11)            |                             Int32ToFp32__55 |         72 |         72 |       0 |    0 |      0 |      0 |      0 |    0 |          0 |
|           cvt                  |                    INToRecFN_i32_e8_s24__55 |        207 |        207 |       0 |    0 |      0 |      0 |      0 |    0 |          0 |
|         toFp_2                 |                             Int32ToFp32__73 |        321 |        321 |       0 |    0 |      0 |      0 |      0 |    0 |          0 |
|           (toFp_2)             |                             Int32ToFp32__73 |         86 |         86 |       0 |    0 |      0 |      0 |      0 |    0 |          0 |
|           cvt                  |                    INToRecFN_i32_e8_s24__73 |        235 |        235 |       0 |    0 |      0 |      0 |      0 |    0 |          0 |
|         toFp_3                 |                             Int32ToFp32__72 |        321 |        321 |       0 |    0 |      0 |      0 |      0 |    0 |          0 |
|           (toFp_3)             |                             Int32ToFp32__72 |         86 |         86 |       0 |    0 |      0 |      0 |      0 |    0 |          0 |
|           cvt                  |                    INToRecFN_i32_e8_s24__72 |        235 |        235 |       0 |    0 |      0 |      0 |      0 |    0 |          0 |
|         toFp_4                 |                             Int32ToFp32__71 |        321 |        321 |       0 |    0 |      0 |      0 |      0 |    0 |          0 |
|           (toFp_4)             |                             Int32ToFp32__71 |         86 |         86 |       0 |    0 |      0 |      0 |      0 |    0 |          0 |
|           cvt                  |                    INToRecFN_i32_e8_s24__71 |        235 |        235 |       0 |    0 |      0 |      0 |      0 |    0 |          0 |
|         toFp_5                 |                             Int32ToFp32__70 |        321 |        321 |       0 |    0 |      0 |      0 |      0 |    0 |          0 |
|           (toFp_5)             |                             Int32ToFp32__70 |         86 |         86 |       0 |    0 |      0 |      0 |      0 |    0 |          0 |
|           cvt                  |                    INToRecFN_i32_e8_s24__70 |        235 |        235 |       0 |    0 |      0 |      0 |      0 |    0 |          0 |
|         toFp_6                 |                             Int32ToFp32__69 |        321 |        321 |       0 |    0 |      0 |      0 |      0 |    0 |          0 |
|           (toFp_6)             |                             Int32ToFp32__69 |         86 |         86 |       0 |    0 |      0 |      0 |      0 |    0 |          0 |
|           cvt                  |                    INToRecFN_i32_e8_s24__69 |        235 |        235 |       0 |    0 |      0 |      0 |      0 |    0 |          0 |
|         toFp_7                 |                             Int32ToFp32__68 |        321 |        321 |       0 |    0 |      0 |      0 |      0 |    0 |          0 |
|           (toFp_7)             |                             Int32ToFp32__68 |         86 |         86 |       0 |    0 |      0 |      0 |      0 |    0 |          0 |
|           cvt                  |                    INToRecFN_i32_e8_s24__68 |        235 |        235 |       0 |    0 |      0 |      0 |      0 |    0 |          0 |
|         toFp_8                 |                             Int32ToFp32__74 |        321 |        321 |       0 |    0 |      0 |      0 |      0 |    0 |          0 |
|           (toFp_8)             |                             Int32ToFp32__74 |         86 |         86 |       0 |    0 |      0 |      0 |      0 |    0 |          0 |
|           cvt                  |                    INToRecFN_i32_e8_s24__74 |        235 |        235 |       0 |    0 |      0 |      0 |      0 |    0 |          0 |
|         toFp_9                 |                             Int32ToFp32__75 |        321 |        321 |       0 |    0 |      0 |      0 |      0 |    0 |          0 |
|           (toFp_9)             |                             Int32ToFp32__75 |         86 |         86 |       0 |    0 |      0 |      0 |      0 |    0 |          0 |
|           cvt                  |                    INToRecFN_i32_e8_s24__75 |        235 |        235 |       0 |    0 |      0 |      0 |      0 |    0 |          0 |
|     lu_inst                    |                                  LoadUnit_3 |         22 |         22 |       0 |    0 |     25 |      0 |      0 |    0 |          0 |
|     lw_inst                    |                                LoadWeight_2 |        627 |        627 |       0 |    0 |     33 |      0 |      0 |   20 |          1 |
|       (lw_inst)                |                                LoadWeight_2 |         28 |         28 |       0 |    0 |     20 |      0 |      0 |    0 |          1 |
|       weight_mem               |                                 WeightMem_1 |        599 |        599 |       0 |    0 |     13 |      0 |      0 |   20 |          0 |
|         (weight_mem)           |                                 WeightMem_1 |        579 |        579 |       0 |    0 |     13 |      0 |      0 |    0 |          0 |
|         weight_banks_0_0_ext   |           weight_banks_4096x72__xdcDup__137 |          1 |          1 |       0 |    0 |      0 |      0 |      0 |    1 |          0 |
|         weight_banks_0_1_ext   |           weight_banks_4096x72__xdcDup__138 |          1 |          1 |       0 |    0 |      0 |      0 |      0 |    1 |          0 |
|         weight_banks_0_2_ext   |           weight_banks_4096x72__xdcDup__139 |          1 |          1 |       0 |    0 |      0 |      0 |      0 |    1 |          0 |
|         weight_banks_0_3_ext   |           weight_banks_4096x72__xdcDup__140 |          1 |          1 |       0 |    0 |      0 |      0 |      0 |    1 |          0 |
|         weight_banks_1_0_ext   |           weight_banks_4096x72__xdcDup__141 |          1 |          1 |       0 |    0 |      0 |      0 |      0 |    1 |          0 |
|         weight_banks_1_1_ext   |           weight_banks_4096x72__xdcDup__142 |          1 |          1 |       0 |    0 |      0 |      0 |      0 |    1 |          0 |
|         weight_banks_1_2_ext   |           weight_banks_4096x72__xdcDup__143 |          1 |          1 |       0 |    0 |      0 |      0 |      0 |    1 |          0 |
|         weight_banks_1_3_ext   |           weight_banks_4096x72__xdcDup__144 |          1 |          1 |       0 |    0 |      0 |      0 |      0 |    1 |          0 |
|         weight_banks_2_0_ext   |           weight_banks_4096x72__xdcDup__145 |          1 |          1 |       0 |    0 |      0 |      0 |      0 |    1 |          0 |
|         weight_banks_2_1_ext   |           weight_banks_4096x72__xdcDup__146 |          1 |          1 |       0 |    0 |      0 |      0 |      0 |    1 |          0 |
|         weight_banks_2_2_ext   |           weight_banks_4096x72__xdcDup__147 |          1 |          1 |       0 |    0 |      0 |      0 |      0 |    1 |          0 |
|         weight_banks_2_3_ext   |           weight_banks_4096x72__xdcDup__148 |          1 |          1 |       0 |    0 |      0 |      0 |      0 |    1 |          0 |
|         weight_banks_3_0_ext   |           weight_banks_4096x72__xdcDup__149 |          1 |          1 |       0 |    0 |      0 |      0 |      0 |    1 |          0 |
|         weight_banks_3_1_ext   |           weight_banks_4096x72__xdcDup__150 |          1 |          1 |       0 |    0 |      0 |      0 |      0 |    1 |          0 |
|         weight_banks_3_2_ext   |           weight_banks_4096x72__xdcDup__151 |          1 |          1 |       0 |    0 |      0 |      0 |      0 |    1 |          0 |
|         weight_banks_3_3_ext   |           weight_banks_4096x72__xdcDup__152 |          1 |          1 |       0 |    0 |      0 |      0 |      0 |    1 |          0 |
|         weight_banks_4_0_ext   |           weight_banks_4096x72__xdcDup__153 |          1 |          1 |       0 |    0 |      0 |      0 |      0 |    1 |          0 |
|         weight_banks_4_1_ext   |           weight_banks_4096x72__xdcDup__154 |          1 |          1 |       0 |    0 |      0 |      0 |      0 |    1 |          0 |
|         weight_banks_4_2_ext   |           weight_banks_4096x72__xdcDup__155 |          1 |          1 |       0 |    0 |      0 |      0 |      0 |    1 |          0 |
|         weight_banks_4_3_ext   |           weight_banks_4096x72__xdcDup__156 |          1 |          1 |       0 |    0 |      0 |      0 |      0 |    1 |          0 |
|     mem_inst                   |                          DataMem__xdcDup__3 |         64 |         64 |       0 |    0 |      8 |     10 |      2 |    0 |          0 |
|       (mem_inst)               |                          DataMem__xdcDup__3 |         58 |         58 |       0 |    0 |      8 |      0 |      0 |    0 |          0 |
|       mem0_ext                 |                      mem_2048x96__xdcDup__5 |          3 |          3 |       0 |    0 |      0 |      5 |      1 |    0 |          0 |
|       mem1_ext                 |                      mem_2048x96__xdcDup__6 |          3 |          3 |       0 |    0 |      0 |      5 |      1 |    0 |          0 |
|     su_inst                    |                          StoreUnitFP32_2__1 |         21 |         21 |       0 |    0 |    416 |      0 |      0 |    0 |          0 |
|   qkvlinear                    |                                   QKVLinear |     130697 |     130692 |       0 |    5 | 128166 |     10 |      2 |   48 |        456 |
|     (qkvlinear)                |                                   QKVLinear |      12885 |      12885 |       0 |    0 |  37031 |      0 |      0 |    0 |          0 |
|     cu_inst                    |                                     CUQuant |     116394 |     116389 |       0 |    5 |  90927 |      0 |      0 |    0 |        456 |
|       (cu_inst)                |                                     CUQuant |      97867 |      97867 |       0 |    0 |  83027 |      0 |      0 |    0 |          0 |
|       addTreeList_0            |                         SignedAddTree32__15 |        184 |        184 |       0 |    0 |    213 |      0 |      0 |    0 |          0 |
|       addTreeList_1            |                         SignedAddTree32__14 |        184 |        184 |       0 |    0 |    213 |      0 |      0 |    0 |          0 |
|       addTreeList_10           |                         SignedAddTree32__27 |        184 |        184 |       0 |    0 |    213 |      0 |      0 |    0 |          0 |
|       addTreeList_11           |                         SignedAddTree32__28 |        184 |        184 |       0 |    0 |    213 |      0 |      0 |    0 |          0 |
|       addTreeList_12           |                         SignedAddTree32__24 |        184 |        184 |       0 |    0 |    213 |      0 |      0 |    0 |          0 |
|       addTreeList_13           |                         SignedAddTree32__16 |        184 |        184 |       0 |    0 |    213 |      0 |      0 |    0 |          0 |
|       addTreeList_14           |                          SignedAddTree32__8 |        184 |        184 |       0 |    0 |    213 |      0 |      0 |    0 |          0 |
|       addTreeList_15           |                          SignedAddTree32__7 |        184 |        184 |       0 |    0 |    213 |      0 |      0 |    0 |          0 |
|       addTreeList_16           |                         SignedAddTree32__25 |        184 |        184 |       0 |    0 |    213 |      0 |      0 |    0 |          0 |
|       addTreeList_17           |                         SignedAddTree32__29 |        184 |        184 |       0 |    0 |    213 |      0 |      0 |    0 |          0 |
|       addTreeList_18           |                          SignedAddTree32__6 |        184 |        184 |       0 |    0 |    213 |      0 |      0 |    0 |          0 |
|       addTreeList_19           |                         SignedAddTree32__17 |        184 |        184 |       0 |    0 |    213 |      0 |      0 |    0 |          0 |
|       addTreeList_2            |                         SignedAddTree32__21 |        184 |        184 |       0 |    0 |    213 |      0 |      0 |    0 |          0 |
|       addTreeList_20           |                          SignedAddTree32__5 |        184 |        184 |       0 |    0 |    213 |      0 |      0 |    0 |          0 |
|       addTreeList_21           |                         SignedAddTree32__30 |        184 |        184 |       0 |    0 |    213 |      0 |      0 |    0 |          0 |
|       addTreeList_22           |                          SignedAddTree32__4 |        184 |        184 |       0 |    0 |    213 |      0 |      0 |    0 |          0 |
|       addTreeList_23           |                         SignedAddTree32__35 |        184 |        184 |       0 |    0 |    213 |      0 |      0 |    0 |          0 |
|       addTreeList_24           |                         SignedAddTree32__31 |        184 |        184 |       0 |    0 |    213 |      0 |      0 |    0 |          0 |
|       addTreeList_25           |                          SignedAddTree32__3 |        184 |        184 |       0 |    0 |    213 |      0 |      0 |    0 |          0 |
|       addTreeList_26           |                         SignedAddTree32__36 |        184 |        184 |       0 |    0 |    213 |      0 |      0 |    0 |          0 |
|       addTreeList_27           |                         SignedAddTree32__18 |        184 |        184 |       0 |    0 |    213 |      0 |      0 |    0 |          0 |
|       addTreeList_28           |                          SignedAddTree32__2 |        184 |        184 |       0 |    0 |    213 |      0 |      0 |    0 |          0 |
|       addTreeList_29           |                         SignedAddTree32__19 |        184 |        184 |       0 |    0 |    213 |      0 |      0 |    0 |          0 |
|       addTreeList_3            |                         SignedAddTree32__13 |        184 |        184 |       0 |    0 |    213 |      0 |      0 |    0 |          0 |
|       addTreeList_30           |                         SignedAddTree32__26 |        184 |        184 |       0 |    0 |    213 |      0 |      0 |    0 |          0 |
|       addTreeList_31           |                         SignedAddTree32__32 |        184 |        184 |       0 |    0 |    213 |      0 |      0 |    0 |          0 |
|       addTreeList_32           |                         SignedAddTree32__33 |        184 |        184 |       0 |    0 |    213 |      0 |      0 |    0 |          0 |
|       addTreeList_33           |                         SignedAddTree32__20 |        184 |        184 |       0 |    0 |    213 |      0 |      0 |    0 |          0 |
|       addTreeList_34           |                         SignedAddTree32__37 |        184 |        184 |       0 |    0 |    213 |      0 |      0 |    0 |          0 |
|       addTreeList_35           |                         SignedAddTree32__34 |        184 |        184 |       0 |    0 |    213 |      0 |      0 |    0 |          0 |
|       addTreeList_4            |                         SignedAddTree32__12 |        184 |        184 |       0 |    0 |    213 |      0 |      0 |    0 |          0 |
|       addTreeList_5            |                         SignedAddTree32__22 |        184 |        184 |       0 |    0 |    213 |      0 |      0 |    0 |          0 |
|       addTreeList_6            |                         SignedAddTree32__11 |        184 |        184 |       0 |    0 |    213 |      0 |      0 |    0 |          0 |
|       addTreeList_7            |                         SignedAddTree32__10 |        184 |        184 |       0 |    0 |    213 |      0 |      0 |    0 |          0 |
|       addTreeList_8            |                         SignedAddTree32__23 |        184 |        184 |       0 |    0 |    213 |      0 |      0 |    0 |          0 |
|       addTreeList_9            |                          SignedAddTree32__9 |        184 |        184 |       0 |    0 |    213 |      0 |      0 |    0 |          0 |
|       batchsizelast_pipreg     |                                 PipReg_1__2 |          0 |          0 |       0 |    0 |      2 |      0 |      0 |    0 |          0 |
|       block_first_pipreg       |                                 PipReg_2__4 |          0 |          0 |       0 |    0 |      7 |      0 |      0 |    0 |          0 |
|       cnt_batchsize_pipreg     |                                 PipReg_3__2 |         10 |          5 |       0 |    5 |     16 |      0 |      0 |    0 |          0 |
|       indata_pipreg            |                                   PipReg__2 |          0 |          0 |       0 |    0 |    192 |      0 |      0 |    0 |          0 |
|       mul_list_0_0             |          SignedMultiplierInt8__xdcDup__1297 |          0 |          0 |       0 |    0 |      0 |      0 |      0 |    0 |          1 |
|       mul_list_0_1             |          SignedMultiplierInt8__xdcDup__1298 |          0 |          0 |       0 |    0 |      0 |      0 |      0 |    0 |          1 |
|       mul_list_0_10            |          SignedMultiplierInt8__xdcDup__1299 |          0 |          0 |       0 |    0 |      0 |      0 |      0 |    0 |          1 |
|       mul_list_0_11            |          SignedMultiplierInt8__xdcDup__1300 |          0 |          0 |       0 |    0 |      0 |      0 |      0 |    0 |          1 |
|       mul_list_0_12            |          SignedMultiplierInt8__xdcDup__1301 |          0 |          0 |       0 |    0 |      0 |      0 |      0 |    0 |          1 |
|       mul_list_0_13            |          SignedMultiplierInt8__xdcDup__1302 |          0 |          0 |       0 |    0 |      0 |      0 |      0 |    0 |          1 |
|       mul_list_0_14            |          SignedMultiplierInt8__xdcDup__1303 |          0 |          0 |       0 |    0 |      0 |      0 |      0 |    0 |          1 |
|       mul_list_0_15            |          SignedMultiplierInt8__xdcDup__1304 |          0 |          0 |       0 |    0 |      0 |      0 |      0 |    0 |          1 |
|       mul_list_0_16            |          SignedMultiplierInt8__xdcDup__1305 |          0 |          0 |       0 |    0 |      0 |      0 |      0 |    0 |          1 |
|       mul_list_0_17            |          SignedMultiplierInt8__xdcDup__1306 |          0 |          0 |       0 |    0 |      0 |      0 |      0 |    0 |          1 |
|       mul_list_0_18            |          SignedMultiplierInt8__xdcDup__1307 |          0 |          0 |       0 |    0 |      0 |      0 |      0 |    0 |          1 |
|       mul_list_0_19            |          SignedMultiplierInt8__xdcDup__1308 |          0 |          0 |       0 |    0 |      0 |      0 |      0 |    0 |          1 |
|       mul_list_0_2             |          SignedMultiplierInt8__xdcDup__1309 |          0 |          0 |       0 |    0 |      0 |      0 |      0 |    0 |          1 |
|       mul_list_0_20            |          SignedMultiplierInt8__xdcDup__1310 |          0 |          0 |       0 |    0 |      0 |      0 |      0 |    0 |          1 |
|       mul_list_0_21            |          SignedMultiplierInt8__xdcDup__1311 |          0 |          0 |       0 |    0 |      0 |      0 |      0 |    0 |          1 |
|       mul_list_0_22            |          SignedMultiplierInt8__xdcDup__1312 |          0 |          0 |       0 |    0 |      0 |      0 |      0 |    0 |          1 |
|       mul_list_0_23            |          SignedMultiplierInt8__xdcDup__1313 |          0 |          0 |       0 |    0 |      0 |      0 |      0 |    0 |          1 |
|       mul_list_0_24            |          SignedMultiplierInt8__xdcDup__1314 |          0 |          0 |       0 |    0 |      0 |      0 |      0 |    0 |          1 |
|       mul_list_0_25            |          SignedMultiplierInt8__xdcDup__1315 |          0 |          0 |       0 |    0 |      0 |      0 |      0 |    0 |          1 |
|       mul_list_0_26            |          SignedMultiplierInt8__xdcDup__1316 |          0 |          0 |       0 |    0 |      0 |      0 |      0 |    0 |          1 |
|       mul_list_0_27            |          SignedMultiplierInt8__xdcDup__1317 |          0 |          0 |       0 |    0 |      0 |      0 |      0 |    0 |          1 |
|       mul_list_0_28            |          SignedMultiplierInt8__xdcDup__1318 |          0 |          0 |       0 |    0 |      0 |      0 |      0 |    0 |          1 |
|       mul_list_0_29            |          SignedMultiplierInt8__xdcDup__1319 |          0 |          0 |       0 |    0 |      0 |      0 |      0 |    0 |          1 |
|       mul_list_0_3             |          SignedMultiplierInt8__xdcDup__1320 |          0 |          0 |       0 |    0 |      0 |      0 |      0 |    0 |          1 |
|       mul_list_0_30            |          SignedMultiplierInt8__xdcDup__1321 |          0 |          0 |       0 |    0 |      0 |      0 |      0 |    0 |          1 |
|       mul_list_0_31            |          SignedMultiplierInt8__xdcDup__1322 |          0 |          0 |       0 |    0 |      0 |      0 |      0 |    0 |          1 |
|       mul_list_0_32            |          SignedMultiplierInt8__xdcDup__1323 |          0 |          0 |       0 |    0 |      0 |      0 |      0 |    0 |          1 |
|       mul_list_0_33            |          SignedMultiplierInt8__xdcDup__1324 |          0 |          0 |       0 |    0 |      0 |      0 |      0 |    0 |          1 |
|       mul_list_0_34            |          SignedMultiplierInt8__xdcDup__1325 |          0 |          0 |       0 |    0 |      0 |      0 |      0 |    0 |          1 |
|       mul_list_0_35            |          SignedMultiplierInt8__xdcDup__1326 |          0 |          0 |       0 |    0 |      0 |      0 |      0 |    0 |          1 |
|       mul_list_0_4             |          SignedMultiplierInt8__xdcDup__1327 |          0 |          0 |       0 |    0 |      0 |      0 |      0 |    0 |          1 |
|       mul_list_0_5             |          SignedMultiplierInt8__xdcDup__1328 |          0 |          0 |       0 |    0 |      0 |      0 |      0 |    0 |          1 |
|       mul_list_0_6             |          SignedMultiplierInt8__xdcDup__1329 |          0 |          0 |       0 |    0 |      0 |      0 |      0 |    0 |          1 |
|       mul_list_0_7             |          SignedMultiplierInt8__xdcDup__1330 |          0 |          0 |       0 |    0 |      0 |      0 |      0 |    0 |          1 |
|       mul_list_0_8             |          SignedMultiplierInt8__xdcDup__1331 |          0 |          0 |       0 |    0 |      0 |      0 |      0 |    0 |          1 |
|       mul_list_0_9             |          SignedMultiplierInt8__xdcDup__1332 |          0 |          0 |       0 |    0 |      0 |      0 |      0 |    0 |          1 |
|       mul_list_10_0            |          SignedMultiplierInt8__xdcDup__1333 |          0 |          0 |       0 |    0 |      0 |      0 |      0 |    0 |          1 |
|       mul_list_10_1            |          SignedMultiplierInt8__xdcDup__1334 |          0 |          0 |       0 |    0 |      0 |      0 |      0 |    0 |          1 |
|       mul_list_10_10           |          SignedMultiplierInt8__xdcDup__1335 |          0 |          0 |       0 |    0 |      0 |      0 |      0 |    0 |          1 |
|       mul_list_10_11           |          SignedMultiplierInt8__xdcDup__1336 |          0 |          0 |       0 |    0 |      0 |      0 |      0 |    0 |          1 |
|       mul_list_10_12           |          SignedMultiplierInt8__xdcDup__1337 |          0 |          0 |       0 |    0 |      0 |      0 |      0 |    0 |          1 |
|       mul_list_10_13           |          SignedMultiplierInt8__xdcDup__1338 |          0 |          0 |       0 |    0 |      0 |      0 |      0 |    0 |          1 |
|       mul_list_10_14           |          SignedMultiplierInt8__xdcDup__1339 |          0 |          0 |       0 |    0 |      0 |      0 |      0 |    0 |          1 |
|       mul_list_10_15           |          SignedMultiplierInt8__xdcDup__1340 |          0 |          0 |       0 |    0 |      0 |      0 |      0 |    0 |          1 |
|       mul_list_10_16           |          SignedMultiplierInt8__xdcDup__1341 |          0 |          0 |       0 |    0 |      0 |      0 |      0 |    0 |          1 |
|       mul_list_10_17           |          SignedMultiplierInt8__xdcDup__1342 |          0 |          0 |       0 |    0 |      0 |      0 |      0 |    0 |          1 |
|       mul_list_10_18           |          SignedMultiplierInt8__xdcDup__1343 |          0 |          0 |       0 |    0 |      0 |      0 |      0 |    0 |          1 |
|       mul_list_10_19           |          SignedMultiplierInt8__xdcDup__1344 |          0 |          0 |       0 |    0 |      0 |      0 |      0 |    0 |          1 |
|       mul_list_10_2            |          SignedMultiplierInt8__xdcDup__1345 |          0 |          0 |       0 |    0 |      0 |      0 |      0 |    0 |          1 |
|       mul_list_10_20           |          SignedMultiplierInt8__xdcDup__1346 |          0 |          0 |       0 |    0 |      0 |      0 |      0 |    0 |          1 |
|       mul_list_10_21           |          SignedMultiplierInt8__xdcDup__1347 |          0 |          0 |       0 |    0 |      0 |      0 |      0 |    0 |          1 |
|       mul_list_10_22           |          SignedMultiplierInt8__xdcDup__1348 |          0 |          0 |       0 |    0 |      0 |      0 |      0 |    0 |          1 |
|       mul_list_10_23           |          SignedMultiplierInt8__xdcDup__1349 |          0 |          0 |       0 |    0 |      0 |      0 |      0 |    0 |          1 |
|       mul_list_10_24           |          SignedMultiplierInt8__xdcDup__1350 |          0 |          0 |       0 |    0 |      0 |      0 |      0 |    0 |          1 |
|       mul_list_10_25           |          SignedMultiplierInt8__xdcDup__1351 |          0 |          0 |       0 |    0 |      0 |      0 |      0 |    0 |          1 |
|       mul_list_10_26           |          SignedMultiplierInt8__xdcDup__1352 |          0 |          0 |       0 |    0 |      0 |      0 |      0 |    0 |          1 |
|       mul_list_10_27           |          SignedMultiplierInt8__xdcDup__1353 |          0 |          0 |       0 |    0 |      0 |      0 |      0 |    0 |          1 |
|       mul_list_10_28           |          SignedMultiplierInt8__xdcDup__1354 |          0 |          0 |       0 |    0 |      0 |      0 |      0 |    0 |          1 |
|       mul_list_10_29           |          SignedMultiplierInt8__xdcDup__1355 |          0 |          0 |       0 |    0 |      0 |      0 |      0 |    0 |          1 |
|       mul_list_10_3            |          SignedMultiplierInt8__xdcDup__1356 |          0 |          0 |       0 |    0 |      0 |      0 |      0 |    0 |          1 |
|       mul_list_10_30           |          SignedMultiplierInt8__xdcDup__1357 |          0 |          0 |       0 |    0 |      0 |      0 |      0 |    0 |          1 |
|       mul_list_10_31           |          SignedMultiplierInt8__xdcDup__1358 |          0 |          0 |       0 |    0 |      0 |      0 |      0 |    0 |          1 |
|       mul_list_10_32           |          SignedMultiplierInt8__xdcDup__1359 |          0 |          0 |       0 |    0 |      0 |      0 |      0 |    0 |          1 |
|       mul_list_10_33           |          SignedMultiplierInt8__xdcDup__1360 |          0 |          0 |       0 |    0 |      0 |      0 |      0 |    0 |          1 |
|       mul_list_10_34           |          SignedMultiplierInt8__xdcDup__1361 |          0 |          0 |       0 |    0 |      0 |      0 |      0 |    0 |          1 |
|       mul_list_10_35           |          SignedMultiplierInt8__xdcDup__1362 |          0 |          0 |       0 |    0 |      0 |      0 |      0 |    0 |          1 |
|       mul_list_10_4            |          SignedMultiplierInt8__xdcDup__1363 |          0 |          0 |       0 |    0 |      0 |      0 |      0 |    0 |          1 |
|       mul_list_10_5            |          SignedMultiplierInt8__xdcDup__1364 |          0 |          0 |       0 |    0 |      0 |      0 |      0 |    0 |          1 |
|       mul_list_10_6            |          SignedMultiplierInt8__xdcDup__1365 |          0 |          0 |       0 |    0 |      0 |      0 |      0 |    0 |          1 |
|       mul_list_10_7            |          SignedMultiplierInt8__xdcDup__1366 |          0 |          0 |       0 |    0 |      0 |      0 |      0 |    0 |          1 |
|       mul_list_10_8            |          SignedMultiplierInt8__xdcDup__1367 |          0 |          0 |       0 |    0 |      0 |      0 |      0 |    0 |          1 |
|       mul_list_10_9            |          SignedMultiplierInt8__xdcDup__1368 |          0 |          0 |       0 |    0 |      0 |      0 |      0 |    0 |          1 |
|       mul_list_11_0            |          SignedMultiplierInt8__xdcDup__1369 |          0 |          0 |       0 |    0 |      0 |      0 |      0 |    0 |          1 |
|       mul_list_11_1            |          SignedMultiplierInt8__xdcDup__1370 |          0 |          0 |       0 |    0 |      0 |      0 |      0 |    0 |          1 |
|       mul_list_11_10           |          SignedMultiplierInt8__xdcDup__1371 |          0 |          0 |       0 |    0 |      0 |      0 |      0 |    0 |          1 |
|       mul_list_11_11           |          SignedMultiplierInt8__xdcDup__1372 |          0 |          0 |       0 |    0 |      0 |      0 |      0 |    0 |          1 |
|       mul_list_11_12           |          SignedMultiplierInt8__xdcDup__1373 |          0 |          0 |       0 |    0 |      0 |      0 |      0 |    0 |          1 |
|       mul_list_11_13           |          SignedMultiplierInt8__xdcDup__1374 |          0 |          0 |       0 |    0 |      0 |      0 |      0 |    0 |          1 |
|       mul_list_11_14           |          SignedMultiplierInt8__xdcDup__1375 |          0 |          0 |       0 |    0 |      0 |      0 |      0 |    0 |          1 |
|       mul_list_11_15           |          SignedMultiplierInt8__xdcDup__1376 |          0 |          0 |       0 |    0 |      0 |      0 |      0 |    0 |          1 |
|       mul_list_11_16           |          SignedMultiplierInt8__xdcDup__1377 |          0 |          0 |       0 |    0 |      0 |      0 |      0 |    0 |          1 |
|       mul_list_11_17           |          SignedMultiplierInt8__xdcDup__1378 |          0 |          0 |       0 |    0 |      0 |      0 |      0 |    0 |          1 |
|       mul_list_11_18           |          SignedMultiplierInt8__xdcDup__1379 |          0 |          0 |       0 |    0 |      0 |      0 |      0 |    0 |          1 |
|       mul_list_11_19           |          SignedMultiplierInt8__xdcDup__1380 |          0 |          0 |       0 |    0 |      0 |      0 |      0 |    0 |          1 |
|       mul_list_11_2            |          SignedMultiplierInt8__xdcDup__1381 |          0 |          0 |       0 |    0 |      0 |      0 |      0 |    0 |          1 |
|       mul_list_11_20           |          SignedMultiplierInt8__xdcDup__1382 |          0 |          0 |       0 |    0 |      0 |      0 |      0 |    0 |          1 |
|       mul_list_11_21           |          SignedMultiplierInt8__xdcDup__1383 |          0 |          0 |       0 |    0 |      0 |      0 |      0 |    0 |          1 |
|       mul_list_11_22           |          SignedMultiplierInt8__xdcDup__1384 |          0 |          0 |       0 |    0 |      0 |      0 |      0 |    0 |          1 |
|       mul_list_11_23           |          SignedMultiplierInt8__xdcDup__1385 |          0 |          0 |       0 |    0 |      0 |      0 |      0 |    0 |          1 |
|       mul_list_11_24           |          SignedMultiplierInt8__xdcDup__1386 |          0 |          0 |       0 |    0 |      0 |      0 |      0 |    0 |          1 |
|       mul_list_11_25           |          SignedMultiplierInt8__xdcDup__1387 |          0 |          0 |       0 |    0 |      0 |      0 |      0 |    0 |          1 |
|       mul_list_11_26           |          SignedMultiplierInt8__xdcDup__1388 |          0 |          0 |       0 |    0 |      0 |      0 |      0 |    0 |          1 |
|       mul_list_11_27           |          SignedMultiplierInt8__xdcDup__1389 |          0 |          0 |       0 |    0 |      0 |      0 |      0 |    0 |          1 |
|       mul_list_11_28           |          SignedMultiplierInt8__xdcDup__1390 |          0 |          0 |       0 |    0 |      0 |      0 |      0 |    0 |          1 |
|       mul_list_11_29           |          SignedMultiplierInt8__xdcDup__1391 |          0 |          0 |       0 |    0 |      0 |      0 |      0 |    0 |          1 |
|       mul_list_11_3            |          SignedMultiplierInt8__xdcDup__1392 |          0 |          0 |       0 |    0 |      0 |      0 |      0 |    0 |          1 |
|       mul_list_11_30           |          SignedMultiplierInt8__xdcDup__1393 |          0 |          0 |       0 |    0 |      0 |      0 |      0 |    0 |          1 |
|       mul_list_11_31           |          SignedMultiplierInt8__xdcDup__1394 |          0 |          0 |       0 |    0 |      0 |      0 |      0 |    0 |          1 |
|       mul_list_11_32           |          SignedMultiplierInt8__xdcDup__1395 |          0 |          0 |       0 |    0 |      0 |      0 |      0 |    0 |          1 |
|       mul_list_11_33           |          SignedMultiplierInt8__xdcDup__1396 |          0 |          0 |       0 |    0 |      0 |      0 |      0 |    0 |          1 |
|       mul_list_11_34           |          SignedMultiplierInt8__xdcDup__1397 |          0 |          0 |       0 |    0 |      0 |      0 |      0 |    0 |          1 |
|       mul_list_11_35           |          SignedMultiplierInt8__xdcDup__1398 |          0 |          0 |       0 |    0 |      0 |      0 |      0 |    0 |          1 |
|       mul_list_11_4            |          SignedMultiplierInt8__xdcDup__1399 |          0 |          0 |       0 |    0 |      0 |      0 |      0 |    0 |          1 |
|       mul_list_11_5            |          SignedMultiplierInt8__xdcDup__1400 |          0 |          0 |       0 |    0 |      0 |      0 |      0 |    0 |          1 |
|       mul_list_11_6            |          SignedMultiplierInt8__xdcDup__1401 |          0 |          0 |       0 |    0 |      0 |      0 |      0 |    0 |          1 |
|       mul_list_11_7            |          SignedMultiplierInt8__xdcDup__1402 |          0 |          0 |       0 |    0 |      0 |      0 |      0 |    0 |          1 |
|       mul_list_11_8            |          SignedMultiplierInt8__xdcDup__1403 |          0 |          0 |       0 |    0 |      0 |      0 |      0 |    0 |          1 |
|       mul_list_11_9            |          SignedMultiplierInt8__xdcDup__1404 |          0 |          0 |       0 |    0 |      0 |      0 |      0 |    0 |          1 |
|       mul_list_1_0             |          SignedMultiplierInt8__xdcDup__1405 |          0 |          0 |       0 |    0 |      0 |      0 |      0 |    0 |          1 |
|       mul_list_1_1             |          SignedMultiplierInt8__xdcDup__1406 |          0 |          0 |       0 |    0 |      0 |      0 |      0 |    0 |          1 |
|       mul_list_1_10            |          SignedMultiplierInt8__xdcDup__1407 |          0 |          0 |       0 |    0 |      0 |      0 |      0 |    0 |          1 |
|       mul_list_1_11            |          SignedMultiplierInt8__xdcDup__1408 |          0 |          0 |       0 |    0 |      0 |      0 |      0 |    0 |          1 |
|       mul_list_1_12            |          SignedMultiplierInt8__xdcDup__1409 |          0 |          0 |       0 |    0 |      0 |      0 |      0 |    0 |          1 |
|       mul_list_1_13            |          SignedMultiplierInt8__xdcDup__1410 |          0 |          0 |       0 |    0 |      0 |      0 |      0 |    0 |          1 |
|       mul_list_1_14            |          SignedMultiplierInt8__xdcDup__1411 |          0 |          0 |       0 |    0 |      0 |      0 |      0 |    0 |          1 |
|       mul_list_1_15            |          SignedMultiplierInt8__xdcDup__1412 |          0 |          0 |       0 |    0 |      0 |      0 |      0 |    0 |          1 |
|       mul_list_1_16            |          SignedMultiplierInt8__xdcDup__1413 |          0 |          0 |       0 |    0 |      0 |      0 |      0 |    0 |          1 |
|       mul_list_1_17            |          SignedMultiplierInt8__xdcDup__1414 |          0 |          0 |       0 |    0 |      0 |      0 |      0 |    0 |          1 |
|       mul_list_1_18            |          SignedMultiplierInt8__xdcDup__1415 |          0 |          0 |       0 |    0 |      0 |      0 |      0 |    0 |          1 |
|       mul_list_1_19            |          SignedMultiplierInt8__xdcDup__1416 |          0 |          0 |       0 |    0 |      0 |      0 |      0 |    0 |          1 |
|       mul_list_1_2             |          SignedMultiplierInt8__xdcDup__1417 |          0 |          0 |       0 |    0 |      0 |      0 |      0 |    0 |          1 |
|       mul_list_1_20            |          SignedMultiplierInt8__xdcDup__1418 |          0 |          0 |       0 |    0 |      0 |      0 |      0 |    0 |          1 |
|       mul_list_1_21            |          SignedMultiplierInt8__xdcDup__1419 |          0 |          0 |       0 |    0 |      0 |      0 |      0 |    0 |          1 |
|       mul_list_1_22            |          SignedMultiplierInt8__xdcDup__1420 |          0 |          0 |       0 |    0 |      0 |      0 |      0 |    0 |          1 |
|       mul_list_1_23            |          SignedMultiplierInt8__xdcDup__1421 |          0 |          0 |       0 |    0 |      0 |      0 |      0 |    0 |          1 |
|       mul_list_1_24            |          SignedMultiplierInt8__xdcDup__1422 |          0 |          0 |       0 |    0 |      0 |      0 |      0 |    0 |          1 |
|       mul_list_1_25            |          SignedMultiplierInt8__xdcDup__1423 |          0 |          0 |       0 |    0 |      0 |      0 |      0 |    0 |          1 |
|       mul_list_1_26            |          SignedMultiplierInt8__xdcDup__1424 |          0 |          0 |       0 |    0 |      0 |      0 |      0 |    0 |          1 |
|       mul_list_1_27            |          SignedMultiplierInt8__xdcDup__1425 |          0 |          0 |       0 |    0 |      0 |      0 |      0 |    0 |          1 |
|       mul_list_1_28            |          SignedMultiplierInt8__xdcDup__1426 |          0 |          0 |       0 |    0 |      0 |      0 |      0 |    0 |          1 |
|       mul_list_1_29            |          SignedMultiplierInt8__xdcDup__1427 |          0 |          0 |       0 |    0 |      0 |      0 |      0 |    0 |          1 |
|       mul_list_1_3             |          SignedMultiplierInt8__xdcDup__1428 |          0 |          0 |       0 |    0 |      0 |      0 |      0 |    0 |          1 |
|       mul_list_1_30            |          SignedMultiplierInt8__xdcDup__1429 |          0 |          0 |       0 |    0 |      0 |      0 |      0 |    0 |          1 |
|       mul_list_1_31            |          SignedMultiplierInt8__xdcDup__1430 |          0 |          0 |       0 |    0 |      0 |      0 |      0 |    0 |          1 |
|       mul_list_1_32            |          SignedMultiplierInt8__xdcDup__1431 |          0 |          0 |       0 |    0 |      0 |      0 |      0 |    0 |          1 |
|       mul_list_1_33            |          SignedMultiplierInt8__xdcDup__1432 |          0 |          0 |       0 |    0 |      0 |      0 |      0 |    0 |          1 |
|       mul_list_1_34            |          SignedMultiplierInt8__xdcDup__1433 |          0 |          0 |       0 |    0 |      0 |      0 |      0 |    0 |          1 |
|       mul_list_1_35            |          SignedMultiplierInt8__xdcDup__1434 |          0 |          0 |       0 |    0 |      0 |      0 |      0 |    0 |          1 |
|       mul_list_1_4             |          SignedMultiplierInt8__xdcDup__1435 |          0 |          0 |       0 |    0 |      0 |      0 |      0 |    0 |          1 |
|       mul_list_1_5             |          SignedMultiplierInt8__xdcDup__1436 |          0 |          0 |       0 |    0 |      0 |      0 |      0 |    0 |          1 |
|       mul_list_1_6             |          SignedMultiplierInt8__xdcDup__1437 |          0 |          0 |       0 |    0 |      0 |      0 |      0 |    0 |          1 |
|       mul_list_1_7             |          SignedMultiplierInt8__xdcDup__1438 |          0 |          0 |       0 |    0 |      0 |      0 |      0 |    0 |          1 |
|       mul_list_1_8             |          SignedMultiplierInt8__xdcDup__1439 |          0 |          0 |       0 |    0 |      0 |      0 |      0 |    0 |          1 |
|       mul_list_1_9             |          SignedMultiplierInt8__xdcDup__1440 |          0 |          0 |       0 |    0 |      0 |      0 |      0 |    0 |          1 |
|       mul_list_2_0             |          SignedMultiplierInt8__xdcDup__1441 |          0 |          0 |       0 |    0 |      0 |      0 |      0 |    0 |          1 |
|       mul_list_2_1             |          SignedMultiplierInt8__xdcDup__1442 |          0 |          0 |       0 |    0 |      0 |      0 |      0 |    0 |          1 |
|       mul_list_2_10            |          SignedMultiplierInt8__xdcDup__1443 |          0 |          0 |       0 |    0 |      0 |      0 |      0 |    0 |          1 |
|       mul_list_2_11            |          SignedMultiplierInt8__xdcDup__1444 |          0 |          0 |       0 |    0 |      0 |      0 |      0 |    0 |          1 |
|       mul_list_2_12            |          SignedMultiplierInt8__xdcDup__1445 |          0 |          0 |       0 |    0 |      0 |      0 |      0 |    0 |          1 |
|       mul_list_2_13            |          SignedMultiplierInt8__xdcDup__1446 |          0 |          0 |       0 |    0 |      0 |      0 |      0 |    0 |          1 |
|       mul_list_2_14            |          SignedMultiplierInt8__xdcDup__1447 |          0 |          0 |       0 |    0 |      0 |      0 |      0 |    0 |          1 |
|       mul_list_2_15            |          SignedMultiplierInt8__xdcDup__1448 |          0 |          0 |       0 |    0 |      0 |      0 |      0 |    0 |          1 |
|       mul_list_2_16            |          SignedMultiplierInt8__xdcDup__1449 |          0 |          0 |       0 |    0 |      0 |      0 |      0 |    0 |          1 |
|       mul_list_2_17            |          SignedMultiplierInt8__xdcDup__1450 |          0 |          0 |       0 |    0 |      0 |      0 |      0 |    0 |          1 |
|       mul_list_2_18            |          SignedMultiplierInt8__xdcDup__1451 |          0 |          0 |       0 |    0 |      0 |      0 |      0 |    0 |          1 |
|       mul_list_2_19            |          SignedMultiplierInt8__xdcDup__1452 |          0 |          0 |       0 |    0 |      0 |      0 |      0 |    0 |          1 |
|       mul_list_2_2             |          SignedMultiplierInt8__xdcDup__1453 |          0 |          0 |       0 |    0 |      0 |      0 |      0 |    0 |          1 |
|       mul_list_2_20            |          SignedMultiplierInt8__xdcDup__1454 |          0 |          0 |       0 |    0 |      0 |      0 |      0 |    0 |          1 |
|       mul_list_2_21            |          SignedMultiplierInt8__xdcDup__1455 |          0 |          0 |       0 |    0 |      0 |      0 |      0 |    0 |          1 |
|       mul_list_2_22            |          SignedMultiplierInt8__xdcDup__1456 |          0 |          0 |       0 |    0 |      0 |      0 |      0 |    0 |          1 |
|       mul_list_2_23            |          SignedMultiplierInt8__xdcDup__1457 |          0 |          0 |       0 |    0 |      0 |      0 |      0 |    0 |          1 |
|       mul_list_2_24            |          SignedMultiplierInt8__xdcDup__1458 |          0 |          0 |       0 |    0 |      0 |      0 |      0 |    0 |          1 |
|       mul_list_2_25            |          SignedMultiplierInt8__xdcDup__1459 |          0 |          0 |       0 |    0 |      0 |      0 |      0 |    0 |          1 |
|       mul_list_2_26            |          SignedMultiplierInt8__xdcDup__1460 |          0 |          0 |       0 |    0 |      0 |      0 |      0 |    0 |          1 |
|       mul_list_2_27            |          SignedMultiplierInt8__xdcDup__1461 |          0 |          0 |       0 |    0 |      0 |      0 |      0 |    0 |          1 |
|       mul_list_2_28            |          SignedMultiplierInt8__xdcDup__1462 |          0 |          0 |       0 |    0 |      0 |      0 |      0 |    0 |          1 |
|       mul_list_2_29            |          SignedMultiplierInt8__xdcDup__1463 |          0 |          0 |       0 |    0 |      0 |      0 |      0 |    0 |          1 |
|       mul_list_2_3             |          SignedMultiplierInt8__xdcDup__1464 |          0 |          0 |       0 |    0 |      0 |      0 |      0 |    0 |          1 |
|       mul_list_2_30            |          SignedMultiplierInt8__xdcDup__1465 |          0 |          0 |       0 |    0 |      0 |      0 |      0 |    0 |          1 |
|       mul_list_2_31            |          SignedMultiplierInt8__xdcDup__1466 |          0 |          0 |       0 |    0 |      0 |      0 |      0 |    0 |          1 |
|       mul_list_2_32            |          SignedMultiplierInt8__xdcDup__1467 |          0 |          0 |       0 |    0 |      0 |      0 |      0 |    0 |          1 |
|       mul_list_2_33            |          SignedMultiplierInt8__xdcDup__1468 |          0 |          0 |       0 |    0 |      0 |      0 |      0 |    0 |          1 |
|       mul_list_2_34            |          SignedMultiplierInt8__xdcDup__1469 |          0 |          0 |       0 |    0 |      0 |      0 |      0 |    0 |          1 |
|       mul_list_2_35            |          SignedMultiplierInt8__xdcDup__1470 |          0 |          0 |       0 |    0 |      0 |      0 |      0 |    0 |          1 |
|       mul_list_2_4             |          SignedMultiplierInt8__xdcDup__1471 |          0 |          0 |       0 |    0 |      0 |      0 |      0 |    0 |          1 |
|       mul_list_2_5             |          SignedMultiplierInt8__xdcDup__1472 |          0 |          0 |       0 |    0 |      0 |      0 |      0 |    0 |          1 |
|       mul_list_2_6             |          SignedMultiplierInt8__xdcDup__1473 |          0 |          0 |       0 |    0 |      0 |      0 |      0 |    0 |          1 |
|       mul_list_2_7             |          SignedMultiplierInt8__xdcDup__1474 |          0 |          0 |       0 |    0 |      0 |      0 |      0 |    0 |          1 |
|       mul_list_2_8             |          SignedMultiplierInt8__xdcDup__1475 |          0 |          0 |       0 |    0 |      0 |      0 |      0 |    0 |          1 |
|       mul_list_2_9             |          SignedMultiplierInt8__xdcDup__1476 |          0 |          0 |       0 |    0 |      0 |      0 |      0 |    0 |          1 |
|       mul_list_3_0             |          SignedMultiplierInt8__xdcDup__1477 |          0 |          0 |       0 |    0 |      0 |      0 |      0 |    0 |          1 |
|       mul_list_3_1             |          SignedMultiplierInt8__xdcDup__1478 |          0 |          0 |       0 |    0 |      0 |      0 |      0 |    0 |          1 |
|       mul_list_3_10            |          SignedMultiplierInt8__xdcDup__1479 |          0 |          0 |       0 |    0 |      0 |      0 |      0 |    0 |          1 |
|       mul_list_3_11            |          SignedMultiplierInt8__xdcDup__1480 |          0 |          0 |       0 |    0 |      0 |      0 |      0 |    0 |          1 |
|       mul_list_3_12            |          SignedMultiplierInt8__xdcDup__1481 |          0 |          0 |       0 |    0 |      0 |      0 |      0 |    0 |          1 |
|       mul_list_3_13            |          SignedMultiplierInt8__xdcDup__1482 |          0 |          0 |       0 |    0 |      0 |      0 |      0 |    0 |          1 |
|       mul_list_3_14            |          SignedMultiplierInt8__xdcDup__1483 |          0 |          0 |       0 |    0 |      0 |      0 |      0 |    0 |          1 |
|       mul_list_3_15            |          SignedMultiplierInt8__xdcDup__1484 |          0 |          0 |       0 |    0 |      0 |      0 |      0 |    0 |          1 |
|       mul_list_3_16            |          SignedMultiplierInt8__xdcDup__1485 |          0 |          0 |       0 |    0 |      0 |      0 |      0 |    0 |          1 |
|       mul_list_3_17            |          SignedMultiplierInt8__xdcDup__1486 |          0 |          0 |       0 |    0 |      0 |      0 |      0 |    0 |          1 |
|       mul_list_3_18            |          SignedMultiplierInt8__xdcDup__1487 |          0 |          0 |       0 |    0 |      0 |      0 |      0 |    0 |          1 |
|       mul_list_3_19            |          SignedMultiplierInt8__xdcDup__1488 |          0 |          0 |       0 |    0 |      0 |      0 |      0 |    0 |          1 |
|       mul_list_3_2             |          SignedMultiplierInt8__xdcDup__1489 |          0 |          0 |       0 |    0 |      0 |      0 |      0 |    0 |          1 |
|       mul_list_3_20            |          SignedMultiplierInt8__xdcDup__1490 |          0 |          0 |       0 |    0 |      0 |      0 |      0 |    0 |          1 |
|       mul_list_3_21            |          SignedMultiplierInt8__xdcDup__1491 |          0 |          0 |       0 |    0 |      0 |      0 |      0 |    0 |          1 |
|       mul_list_3_22            |          SignedMultiplierInt8__xdcDup__1492 |          0 |          0 |       0 |    0 |      0 |      0 |      0 |    0 |          1 |
|       mul_list_3_23            |          SignedMultiplierInt8__xdcDup__1493 |          0 |          0 |       0 |    0 |      0 |      0 |      0 |    0 |          1 |
|       mul_list_3_24            |          SignedMultiplierInt8__xdcDup__1494 |          0 |          0 |       0 |    0 |      0 |      0 |      0 |    0 |          1 |
|       mul_list_3_25            |          SignedMultiplierInt8__xdcDup__1495 |          0 |          0 |       0 |    0 |      0 |      0 |      0 |    0 |          1 |
|       mul_list_3_26            |          SignedMultiplierInt8__xdcDup__1496 |          0 |          0 |       0 |    0 |      0 |      0 |      0 |    0 |          1 |
|       mul_list_3_27            |          SignedMultiplierInt8__xdcDup__1497 |          0 |          0 |       0 |    0 |      0 |      0 |      0 |    0 |          1 |
|       mul_list_3_28            |          SignedMultiplierInt8__xdcDup__1498 |          0 |          0 |       0 |    0 |      0 |      0 |      0 |    0 |          1 |
|       mul_list_3_29            |          SignedMultiplierInt8__xdcDup__1499 |          0 |          0 |       0 |    0 |      0 |      0 |      0 |    0 |          1 |
|       mul_list_3_3             |          SignedMultiplierInt8__xdcDup__1500 |          0 |          0 |       0 |    0 |      0 |      0 |      0 |    0 |          1 |
|       mul_list_3_30            |          SignedMultiplierInt8__xdcDup__1501 |          0 |          0 |       0 |    0 |      0 |      0 |      0 |    0 |          1 |
|       mul_list_3_31            |          SignedMultiplierInt8__xdcDup__1502 |          0 |          0 |       0 |    0 |      0 |      0 |      0 |    0 |          1 |
|       mul_list_3_32            |          SignedMultiplierInt8__xdcDup__1503 |          0 |          0 |       0 |    0 |      0 |      0 |      0 |    0 |          1 |
|       mul_list_3_33            |          SignedMultiplierInt8__xdcDup__1504 |          0 |          0 |       0 |    0 |      0 |      0 |      0 |    0 |          1 |
|       mul_list_3_34            |          SignedMultiplierInt8__xdcDup__1505 |          0 |          0 |       0 |    0 |      0 |      0 |      0 |    0 |          1 |
|       mul_list_3_35            |          SignedMultiplierInt8__xdcDup__1506 |          0 |          0 |       0 |    0 |      0 |      0 |      0 |    0 |          1 |
|       mul_list_3_4             |          SignedMultiplierInt8__xdcDup__1507 |          0 |          0 |       0 |    0 |      0 |      0 |      0 |    0 |          1 |
|       mul_list_3_5             |          SignedMultiplierInt8__xdcDup__1508 |          0 |          0 |       0 |    0 |      0 |      0 |      0 |    0 |          1 |
|       mul_list_3_6             |          SignedMultiplierInt8__xdcDup__1509 |          0 |          0 |       0 |    0 |      0 |      0 |      0 |    0 |          1 |
|       mul_list_3_7             |          SignedMultiplierInt8__xdcDup__1510 |          0 |          0 |       0 |    0 |      0 |      0 |      0 |    0 |          1 |
|       mul_list_3_8             |          SignedMultiplierInt8__xdcDup__1511 |          0 |          0 |       0 |    0 |      0 |      0 |      0 |    0 |          1 |
|       mul_list_3_9             |          SignedMultiplierInt8__xdcDup__1512 |          0 |          0 |       0 |    0 |      0 |      0 |      0 |    0 |          1 |
|       mul_list_4_0             |          SignedMultiplierInt8__xdcDup__1513 |          0 |          0 |       0 |    0 |      0 |      0 |      0 |    0 |          1 |
|       mul_list_4_1             |          SignedMultiplierInt8__xdcDup__1514 |          0 |          0 |       0 |    0 |      0 |      0 |      0 |    0 |          1 |
|       mul_list_4_10            |          SignedMultiplierInt8__xdcDup__1515 |          0 |          0 |       0 |    0 |      0 |      0 |      0 |    0 |          1 |
|       mul_list_4_11            |          SignedMultiplierInt8__xdcDup__1516 |          0 |          0 |       0 |    0 |      0 |      0 |      0 |    0 |          1 |
|       mul_list_4_12            |          SignedMultiplierInt8__xdcDup__1517 |          0 |          0 |       0 |    0 |      0 |      0 |      0 |    0 |          1 |
|       mul_list_4_13            |          SignedMultiplierInt8__xdcDup__1518 |          0 |          0 |       0 |    0 |      0 |      0 |      0 |    0 |          1 |
|       mul_list_4_14            |          SignedMultiplierInt8__xdcDup__1519 |          0 |          0 |       0 |    0 |      0 |      0 |      0 |    0 |          1 |
|       mul_list_4_15            |          SignedMultiplierInt8__xdcDup__1520 |          0 |          0 |       0 |    0 |      0 |      0 |      0 |    0 |          1 |
|       mul_list_4_16            |          SignedMultiplierInt8__xdcDup__1521 |          0 |          0 |       0 |    0 |      0 |      0 |      0 |    0 |          1 |
|       mul_list_4_17            |          SignedMultiplierInt8__xdcDup__1522 |          0 |          0 |       0 |    0 |      0 |      0 |      0 |    0 |          1 |
|       mul_list_4_18            |          SignedMultiplierInt8__xdcDup__1523 |          0 |          0 |       0 |    0 |      0 |      0 |      0 |    0 |          1 |
|       mul_list_4_19            |          SignedMultiplierInt8__xdcDup__1524 |          0 |          0 |       0 |    0 |      0 |      0 |      0 |    0 |          1 |
|       mul_list_4_2             |          SignedMultiplierInt8__xdcDup__1525 |          0 |          0 |       0 |    0 |      0 |      0 |      0 |    0 |          1 |
|       mul_list_4_20            |          SignedMultiplierInt8__xdcDup__1526 |          0 |          0 |       0 |    0 |      0 |      0 |      0 |    0 |          1 |
|       mul_list_4_21            |          SignedMultiplierInt8__xdcDup__1527 |          0 |          0 |       0 |    0 |      0 |      0 |      0 |    0 |          1 |
|       mul_list_4_22            |          SignedMultiplierInt8__xdcDup__1528 |          0 |          0 |       0 |    0 |      0 |      0 |      0 |    0 |          1 |
|       mul_list_4_23            |          SignedMultiplierInt8__xdcDup__1529 |          0 |          0 |       0 |    0 |      0 |      0 |      0 |    0 |          1 |
|       mul_list_4_24            |          SignedMultiplierInt8__xdcDup__1530 |          0 |          0 |       0 |    0 |      0 |      0 |      0 |    0 |          1 |
|       mul_list_4_25            |          SignedMultiplierInt8__xdcDup__1531 |          0 |          0 |       0 |    0 |      0 |      0 |      0 |    0 |          1 |
|       mul_list_4_26            |          SignedMultiplierInt8__xdcDup__1532 |          0 |          0 |       0 |    0 |      0 |      0 |      0 |    0 |          1 |
|       mul_list_4_27            |          SignedMultiplierInt8__xdcDup__1533 |          0 |          0 |       0 |    0 |      0 |      0 |      0 |    0 |          1 |
|       mul_list_4_28            |          SignedMultiplierInt8__xdcDup__1534 |          0 |          0 |       0 |    0 |      0 |      0 |      0 |    0 |          1 |
|       mul_list_4_29            |          SignedMultiplierInt8__xdcDup__1535 |          0 |          0 |       0 |    0 |      0 |      0 |      0 |    0 |          1 |
|       mul_list_4_3             |          SignedMultiplierInt8__xdcDup__1536 |          0 |          0 |       0 |    0 |      0 |      0 |      0 |    0 |          1 |
|       mul_list_4_30            |          SignedMultiplierInt8__xdcDup__1537 |          0 |          0 |       0 |    0 |      0 |      0 |      0 |    0 |          1 |
|       mul_list_4_31            |          SignedMultiplierInt8__xdcDup__1538 |          0 |          0 |       0 |    0 |      0 |      0 |      0 |    0 |          1 |
|       mul_list_4_32            |          SignedMultiplierInt8__xdcDup__1539 |          0 |          0 |       0 |    0 |      0 |      0 |      0 |    0 |          1 |
|       mul_list_4_33            |          SignedMultiplierInt8__xdcDup__1540 |          0 |          0 |       0 |    0 |      0 |      0 |      0 |    0 |          1 |
|       mul_list_4_34            |          SignedMultiplierInt8__xdcDup__1541 |          0 |          0 |       0 |    0 |      0 |      0 |      0 |    0 |          1 |
|       mul_list_4_35            |          SignedMultiplierInt8__xdcDup__1542 |          0 |          0 |       0 |    0 |      0 |      0 |      0 |    0 |          1 |
|       mul_list_4_4             |          SignedMultiplierInt8__xdcDup__1543 |          0 |          0 |       0 |    0 |      0 |      0 |      0 |    0 |          1 |
|       mul_list_4_5             |          SignedMultiplierInt8__xdcDup__1544 |          0 |          0 |       0 |    0 |      0 |      0 |      0 |    0 |          1 |
|       mul_list_4_6             |          SignedMultiplierInt8__xdcDup__1545 |          0 |          0 |       0 |    0 |      0 |      0 |      0 |    0 |          1 |
|       mul_list_4_7             |          SignedMultiplierInt8__xdcDup__1546 |          0 |          0 |       0 |    0 |      0 |      0 |      0 |    0 |          1 |
|       mul_list_4_8             |          SignedMultiplierInt8__xdcDup__1547 |          0 |          0 |       0 |    0 |      0 |      0 |      0 |    0 |          1 |
|       mul_list_4_9             |          SignedMultiplierInt8__xdcDup__1548 |          0 |          0 |       0 |    0 |      0 |      0 |      0 |    0 |          1 |
|       mul_list_5_0             |          SignedMultiplierInt8__xdcDup__1549 |          0 |          0 |       0 |    0 |      0 |      0 |      0 |    0 |          1 |
|       mul_list_5_1             |          SignedMultiplierInt8__xdcDup__1550 |          0 |          0 |       0 |    0 |      0 |      0 |      0 |    0 |          1 |
|       mul_list_5_10            |          SignedMultiplierInt8__xdcDup__1551 |          0 |          0 |       0 |    0 |      0 |      0 |      0 |    0 |          1 |
|       mul_list_5_11            |          SignedMultiplierInt8__xdcDup__1552 |          0 |          0 |       0 |    0 |      0 |      0 |      0 |    0 |          1 |
|       mul_list_5_12            |          SignedMultiplierInt8__xdcDup__1553 |          0 |          0 |       0 |    0 |      0 |      0 |      0 |    0 |          1 |
|       mul_list_5_13            |          SignedMultiplierInt8__xdcDup__1554 |          0 |          0 |       0 |    0 |      0 |      0 |      0 |    0 |          1 |
|       mul_list_5_14            |          SignedMultiplierInt8__xdcDup__1555 |          0 |          0 |       0 |    0 |      0 |      0 |      0 |    0 |          1 |
|       mul_list_5_15            |          SignedMultiplierInt8__xdcDup__1556 |          0 |          0 |       0 |    0 |      0 |      0 |      0 |    0 |          1 |
|       mul_list_5_16            |          SignedMultiplierInt8__xdcDup__1557 |          0 |          0 |       0 |    0 |      0 |      0 |      0 |    0 |          1 |
|       mul_list_5_17            |          SignedMultiplierInt8__xdcDup__1558 |          0 |          0 |       0 |    0 |      0 |      0 |      0 |    0 |          1 |
|       mul_list_5_18            |          SignedMultiplierInt8__xdcDup__1559 |          0 |          0 |       0 |    0 |      0 |      0 |      0 |    0 |          1 |
|       mul_list_5_19            |          SignedMultiplierInt8__xdcDup__1560 |          0 |          0 |       0 |    0 |      0 |      0 |      0 |    0 |          1 |
|       mul_list_5_2             |          SignedMultiplierInt8__xdcDup__1561 |          0 |          0 |       0 |    0 |      0 |      0 |      0 |    0 |          1 |
|       mul_list_5_20            |          SignedMultiplierInt8__xdcDup__1562 |          0 |          0 |       0 |    0 |      0 |      0 |      0 |    0 |          1 |
|       mul_list_5_21            |          SignedMultiplierInt8__xdcDup__1563 |          0 |          0 |       0 |    0 |      0 |      0 |      0 |    0 |          1 |
|       mul_list_5_22            |          SignedMultiplierInt8__xdcDup__1564 |          0 |          0 |       0 |    0 |      0 |      0 |      0 |    0 |          1 |
|       mul_list_5_23            |          SignedMultiplierInt8__xdcDup__1565 |          0 |          0 |       0 |    0 |      0 |      0 |      0 |    0 |          1 |
|       mul_list_5_24            |          SignedMultiplierInt8__xdcDup__1566 |          0 |          0 |       0 |    0 |      0 |      0 |      0 |    0 |          1 |
|       mul_list_5_25            |          SignedMultiplierInt8__xdcDup__1567 |          0 |          0 |       0 |    0 |      0 |      0 |      0 |    0 |          1 |
|       mul_list_5_26            |          SignedMultiplierInt8__xdcDup__1568 |          0 |          0 |       0 |    0 |      0 |      0 |      0 |    0 |          1 |
|       mul_list_5_27            |          SignedMultiplierInt8__xdcDup__1569 |          0 |          0 |       0 |    0 |      0 |      0 |      0 |    0 |          1 |
|       mul_list_5_28            |          SignedMultiplierInt8__xdcDup__1570 |          0 |          0 |       0 |    0 |      0 |      0 |      0 |    0 |          1 |
|       mul_list_5_29            |          SignedMultiplierInt8__xdcDup__1571 |          0 |          0 |       0 |    0 |      0 |      0 |      0 |    0 |          1 |
|       mul_list_5_3             |          SignedMultiplierInt8__xdcDup__1572 |          0 |          0 |       0 |    0 |      0 |      0 |      0 |    0 |          1 |
|       mul_list_5_30            |          SignedMultiplierInt8__xdcDup__1573 |          0 |          0 |       0 |    0 |      0 |      0 |      0 |    0 |          1 |
|       mul_list_5_31            |          SignedMultiplierInt8__xdcDup__1574 |          0 |          0 |       0 |    0 |      0 |      0 |      0 |    0 |          1 |
|       mul_list_5_32            |          SignedMultiplierInt8__xdcDup__1575 |          0 |          0 |       0 |    0 |      0 |      0 |      0 |    0 |          1 |
|       mul_list_5_33            |          SignedMultiplierInt8__xdcDup__1576 |          0 |          0 |       0 |    0 |      0 |      0 |      0 |    0 |          1 |
|       mul_list_5_34            |          SignedMultiplierInt8__xdcDup__1577 |          0 |          0 |       0 |    0 |      0 |      0 |      0 |    0 |          1 |
|       mul_list_5_35            |          SignedMultiplierInt8__xdcDup__1578 |          0 |          0 |       0 |    0 |      0 |      0 |      0 |    0 |          1 |
|       mul_list_5_4             |          SignedMultiplierInt8__xdcDup__1579 |          0 |          0 |       0 |    0 |      0 |      0 |      0 |    0 |          1 |
|       mul_list_5_5             |          SignedMultiplierInt8__xdcDup__1580 |          0 |          0 |       0 |    0 |      0 |      0 |      0 |    0 |          1 |
|       mul_list_5_6             |          SignedMultiplierInt8__xdcDup__1581 |          0 |          0 |       0 |    0 |      0 |      0 |      0 |    0 |          1 |
|       mul_list_5_7             |          SignedMultiplierInt8__xdcDup__1582 |          0 |          0 |       0 |    0 |      0 |      0 |      0 |    0 |          1 |
|       mul_list_5_8             |          SignedMultiplierInt8__xdcDup__1583 |          0 |          0 |       0 |    0 |      0 |      0 |      0 |    0 |          1 |
|       mul_list_5_9             |          SignedMultiplierInt8__xdcDup__1584 |          0 |          0 |       0 |    0 |      0 |      0 |      0 |    0 |          1 |
|       mul_list_6_0             |          SignedMultiplierInt8__xdcDup__1585 |          0 |          0 |       0 |    0 |      0 |      0 |      0 |    0 |          1 |
|       mul_list_6_1             |          SignedMultiplierInt8__xdcDup__1586 |          0 |          0 |       0 |    0 |      0 |      0 |      0 |    0 |          1 |
|       mul_list_6_10            |          SignedMultiplierInt8__xdcDup__1587 |          0 |          0 |       0 |    0 |      0 |      0 |      0 |    0 |          1 |
|       mul_list_6_11            |          SignedMultiplierInt8__xdcDup__1588 |          0 |          0 |       0 |    0 |      0 |      0 |      0 |    0 |          1 |
|       mul_list_6_12            |          SignedMultiplierInt8__xdcDup__1589 |          0 |          0 |       0 |    0 |      0 |      0 |      0 |    0 |          1 |
|       mul_list_6_13            |          SignedMultiplierInt8__xdcDup__1590 |          0 |          0 |       0 |    0 |      0 |      0 |      0 |    0 |          1 |
|       mul_list_6_14            |          SignedMultiplierInt8__xdcDup__1591 |          0 |          0 |       0 |    0 |      0 |      0 |      0 |    0 |          1 |
|       mul_list_6_15            |          SignedMultiplierInt8__xdcDup__1592 |          0 |          0 |       0 |    0 |      0 |      0 |      0 |    0 |          1 |
|       mul_list_6_16            |          SignedMultiplierInt8__xdcDup__1593 |          0 |          0 |       0 |    0 |      0 |      0 |      0 |    0 |          1 |
|       mul_list_6_17            |          SignedMultiplierInt8__xdcDup__1594 |          0 |          0 |       0 |    0 |      0 |      0 |      0 |    0 |          1 |
|       mul_list_6_18            |          SignedMultiplierInt8__xdcDup__1595 |          0 |          0 |       0 |    0 |      0 |      0 |      0 |    0 |          1 |
|       mul_list_6_19            |          SignedMultiplierInt8__xdcDup__1596 |          0 |          0 |       0 |    0 |      0 |      0 |      0 |    0 |          1 |
|       mul_list_6_2             |          SignedMultiplierInt8__xdcDup__1597 |          0 |          0 |       0 |    0 |      0 |      0 |      0 |    0 |          1 |
|       mul_list_6_20            |          SignedMultiplierInt8__xdcDup__1598 |          0 |          0 |       0 |    0 |      0 |      0 |      0 |    0 |          1 |
|       mul_list_6_21            |          SignedMultiplierInt8__xdcDup__1599 |          0 |          0 |       0 |    0 |      0 |      0 |      0 |    0 |          1 |
|       mul_list_6_22            |          SignedMultiplierInt8__xdcDup__1600 |          0 |          0 |       0 |    0 |      0 |      0 |      0 |    0 |          1 |
|       mul_list_6_23            |          SignedMultiplierInt8__xdcDup__1601 |          0 |          0 |       0 |    0 |      0 |      0 |      0 |    0 |          1 |
|       mul_list_6_24            |          SignedMultiplierInt8__xdcDup__1602 |          0 |          0 |       0 |    0 |      0 |      0 |      0 |    0 |          1 |
|       mul_list_6_25            |          SignedMultiplierInt8__xdcDup__1603 |          0 |          0 |       0 |    0 |      0 |      0 |      0 |    0 |          1 |
|       mul_list_6_26            |          SignedMultiplierInt8__xdcDup__1604 |          0 |          0 |       0 |    0 |      0 |      0 |      0 |    0 |          1 |
|       mul_list_6_27            |          SignedMultiplierInt8__xdcDup__1605 |          0 |          0 |       0 |    0 |      0 |      0 |      0 |    0 |          1 |
|       mul_list_6_28            |          SignedMultiplierInt8__xdcDup__1606 |          0 |          0 |       0 |    0 |      0 |      0 |      0 |    0 |          1 |
|       mul_list_6_29            |          SignedMultiplierInt8__xdcDup__1607 |          0 |          0 |       0 |    0 |      0 |      0 |      0 |    0 |          1 |
|       mul_list_6_3             |          SignedMultiplierInt8__xdcDup__1608 |          0 |          0 |       0 |    0 |      0 |      0 |      0 |    0 |          1 |
|       mul_list_6_30            |          SignedMultiplierInt8__xdcDup__1609 |          0 |          0 |       0 |    0 |      0 |      0 |      0 |    0 |          1 |
|       mul_list_6_31            |          SignedMultiplierInt8__xdcDup__1610 |          0 |          0 |       0 |    0 |      0 |      0 |      0 |    0 |          1 |
|       mul_list_6_32            |          SignedMultiplierInt8__xdcDup__1611 |          0 |          0 |       0 |    0 |      0 |      0 |      0 |    0 |          1 |
|       mul_list_6_33            |          SignedMultiplierInt8__xdcDup__1612 |          0 |          0 |       0 |    0 |      0 |      0 |      0 |    0 |          1 |
|       mul_list_6_34            |          SignedMultiplierInt8__xdcDup__1613 |          0 |          0 |       0 |    0 |      0 |      0 |      0 |    0 |          1 |
|       mul_list_6_35            |          SignedMultiplierInt8__xdcDup__1614 |          0 |          0 |       0 |    0 |      0 |      0 |      0 |    0 |          1 |
|       mul_list_6_4             |          SignedMultiplierInt8__xdcDup__1615 |          0 |          0 |       0 |    0 |      0 |      0 |      0 |    0 |          1 |
|       mul_list_6_5             |          SignedMultiplierInt8__xdcDup__1616 |          0 |          0 |       0 |    0 |      0 |      0 |      0 |    0 |          1 |
|       mul_list_6_6             |          SignedMultiplierInt8__xdcDup__1617 |          0 |          0 |       0 |    0 |      0 |      0 |      0 |    0 |          1 |
|       mul_list_6_7             |          SignedMultiplierInt8__xdcDup__1618 |          0 |          0 |       0 |    0 |      0 |      0 |      0 |    0 |          1 |
|       mul_list_6_8             |          SignedMultiplierInt8__xdcDup__1619 |          0 |          0 |       0 |    0 |      0 |      0 |      0 |    0 |          1 |
|       mul_list_6_9             |          SignedMultiplierInt8__xdcDup__1620 |          0 |          0 |       0 |    0 |      0 |      0 |      0 |    0 |          1 |
|       mul_list_7_0             |          SignedMultiplierInt8__xdcDup__1621 |          0 |          0 |       0 |    0 |      0 |      0 |      0 |    0 |          1 |
|       mul_list_7_1             |          SignedMultiplierInt8__xdcDup__1622 |          0 |          0 |       0 |    0 |      0 |      0 |      0 |    0 |          1 |
|       mul_list_7_10            |          SignedMultiplierInt8__xdcDup__1623 |          0 |          0 |       0 |    0 |      0 |      0 |      0 |    0 |          1 |
|       mul_list_7_11            |          SignedMultiplierInt8__xdcDup__1624 |          0 |          0 |       0 |    0 |      0 |      0 |      0 |    0 |          1 |
|       mul_list_7_12            |          SignedMultiplierInt8__xdcDup__1625 |          0 |          0 |       0 |    0 |      0 |      0 |      0 |    0 |          1 |
|       mul_list_7_13            |          SignedMultiplierInt8__xdcDup__1626 |          0 |          0 |       0 |    0 |      0 |      0 |      0 |    0 |          1 |
|       mul_list_7_14            |          SignedMultiplierInt8__xdcDup__1627 |          0 |          0 |       0 |    0 |      0 |      0 |      0 |    0 |          1 |
|       mul_list_7_15            |          SignedMultiplierInt8__xdcDup__1628 |          0 |          0 |       0 |    0 |      0 |      0 |      0 |    0 |          1 |
|       mul_list_7_16            |          SignedMultiplierInt8__xdcDup__1629 |          0 |          0 |       0 |    0 |      0 |      0 |      0 |    0 |          1 |
|       mul_list_7_17            |          SignedMultiplierInt8__xdcDup__1630 |          0 |          0 |       0 |    0 |      0 |      0 |      0 |    0 |          1 |
|       mul_list_7_18            |          SignedMultiplierInt8__xdcDup__1631 |          0 |          0 |       0 |    0 |      0 |      0 |      0 |    0 |          1 |
|       mul_list_7_19            |          SignedMultiplierInt8__xdcDup__1632 |          0 |          0 |       0 |    0 |      0 |      0 |      0 |    0 |          1 |
|       mul_list_7_2             |          SignedMultiplierInt8__xdcDup__1633 |          0 |          0 |       0 |    0 |      0 |      0 |      0 |    0 |          1 |
|       mul_list_7_20            |          SignedMultiplierInt8__xdcDup__1634 |          0 |          0 |       0 |    0 |      0 |      0 |      0 |    0 |          1 |
|       mul_list_7_21            |          SignedMultiplierInt8__xdcDup__1635 |          0 |          0 |       0 |    0 |      0 |      0 |      0 |    0 |          1 |
|       mul_list_7_22            |          SignedMultiplierInt8__xdcDup__1636 |          0 |          0 |       0 |    0 |      0 |      0 |      0 |    0 |          1 |
|       mul_list_7_23            |          SignedMultiplierInt8__xdcDup__1637 |          0 |          0 |       0 |    0 |      0 |      0 |      0 |    0 |          1 |
|       mul_list_7_24            |          SignedMultiplierInt8__xdcDup__1638 |          0 |          0 |       0 |    0 |      0 |      0 |      0 |    0 |          1 |
|       mul_list_7_25            |          SignedMultiplierInt8__xdcDup__1639 |          0 |          0 |       0 |    0 |      0 |      0 |      0 |    0 |          1 |
|       mul_list_7_26            |          SignedMultiplierInt8__xdcDup__1640 |          0 |          0 |       0 |    0 |      0 |      0 |      0 |    0 |          1 |
|       mul_list_7_27            |          SignedMultiplierInt8__xdcDup__1641 |          0 |          0 |       0 |    0 |      0 |      0 |      0 |    0 |          1 |
|       mul_list_7_28            |          SignedMultiplierInt8__xdcDup__1642 |          0 |          0 |       0 |    0 |      0 |      0 |      0 |    0 |          1 |
|       mul_list_7_29            |          SignedMultiplierInt8__xdcDup__1643 |          0 |          0 |       0 |    0 |      0 |      0 |      0 |    0 |          1 |
|       mul_list_7_3             |          SignedMultiplierInt8__xdcDup__1644 |          0 |          0 |       0 |    0 |      0 |      0 |      0 |    0 |          1 |
|       mul_list_7_30            |          SignedMultiplierInt8__xdcDup__1645 |          0 |          0 |       0 |    0 |      0 |      0 |      0 |    0 |          1 |
|       mul_list_7_31            |          SignedMultiplierInt8__xdcDup__1646 |          0 |          0 |       0 |    0 |      0 |      0 |      0 |    0 |          1 |
|       mul_list_7_32            |          SignedMultiplierInt8__xdcDup__1647 |          0 |          0 |       0 |    0 |      0 |      0 |      0 |    0 |          1 |
|       mul_list_7_33            |          SignedMultiplierInt8__xdcDup__1648 |          0 |          0 |       0 |    0 |      0 |      0 |      0 |    0 |          1 |
|       mul_list_7_34            |          SignedMultiplierInt8__xdcDup__1649 |          0 |          0 |       0 |    0 |      0 |      0 |      0 |    0 |          1 |
|       mul_list_7_35            |          SignedMultiplierInt8__xdcDup__1650 |          0 |          0 |       0 |    0 |      0 |      0 |      0 |    0 |          1 |
|       mul_list_7_4             |          SignedMultiplierInt8__xdcDup__1651 |          0 |          0 |       0 |    0 |      0 |      0 |      0 |    0 |          1 |
|       mul_list_7_5             |          SignedMultiplierInt8__xdcDup__1652 |          0 |          0 |       0 |    0 |      0 |      0 |      0 |    0 |          1 |
|       mul_list_7_6             |          SignedMultiplierInt8__xdcDup__1653 |          0 |          0 |       0 |    0 |      0 |      0 |      0 |    0 |          1 |
|       mul_list_7_7             |          SignedMultiplierInt8__xdcDup__1654 |          0 |          0 |       0 |    0 |      0 |      0 |      0 |    0 |          1 |
|       mul_list_7_8             |          SignedMultiplierInt8__xdcDup__1655 |          0 |          0 |       0 |    0 |      0 |      0 |      0 |    0 |          1 |
|       mul_list_7_9             |          SignedMultiplierInt8__xdcDup__1656 |          0 |          0 |       0 |    0 |      0 |      0 |      0 |    0 |          1 |
|       mul_list_8_0             |          SignedMultiplierInt8__xdcDup__1657 |          0 |          0 |       0 |    0 |      0 |      0 |      0 |    0 |          1 |
|       mul_list_8_1             |          SignedMultiplierInt8__xdcDup__1658 |          0 |          0 |       0 |    0 |      0 |      0 |      0 |    0 |          1 |
|       mul_list_8_10            |          SignedMultiplierInt8__xdcDup__1659 |          0 |          0 |       0 |    0 |      0 |      0 |      0 |    0 |          1 |
|       mul_list_8_11            |          SignedMultiplierInt8__xdcDup__1660 |          0 |          0 |       0 |    0 |      0 |      0 |      0 |    0 |          1 |
|       mul_list_8_12            |          SignedMultiplierInt8__xdcDup__1661 |          0 |          0 |       0 |    0 |      0 |      0 |      0 |    0 |          1 |
|       mul_list_8_13            |          SignedMultiplierInt8__xdcDup__1662 |          0 |          0 |       0 |    0 |      0 |      0 |      0 |    0 |          1 |
|       mul_list_8_14            |          SignedMultiplierInt8__xdcDup__1663 |          0 |          0 |       0 |    0 |      0 |      0 |      0 |    0 |          1 |
|       mul_list_8_15            |          SignedMultiplierInt8__xdcDup__1664 |          0 |          0 |       0 |    0 |      0 |      0 |      0 |    0 |          1 |
|       mul_list_8_16            |          SignedMultiplierInt8__xdcDup__1665 |          0 |          0 |       0 |    0 |      0 |      0 |      0 |    0 |          1 |
|       mul_list_8_17            |          SignedMultiplierInt8__xdcDup__1666 |          0 |          0 |       0 |    0 |      0 |      0 |      0 |    0 |          1 |
|       mul_list_8_18            |          SignedMultiplierInt8__xdcDup__1667 |          0 |          0 |       0 |    0 |      0 |      0 |      0 |    0 |          1 |
|       mul_list_8_19            |          SignedMultiplierInt8__xdcDup__1668 |          0 |          0 |       0 |    0 |      0 |      0 |      0 |    0 |          1 |
|       mul_list_8_2             |          SignedMultiplierInt8__xdcDup__1669 |          0 |          0 |       0 |    0 |      0 |      0 |      0 |    0 |          1 |
|       mul_list_8_20            |          SignedMultiplierInt8__xdcDup__1670 |          0 |          0 |       0 |    0 |      0 |      0 |      0 |    0 |          1 |
|       mul_list_8_21            |          SignedMultiplierInt8__xdcDup__1671 |          0 |          0 |       0 |    0 |      0 |      0 |      0 |    0 |          1 |
|       mul_list_8_22            |          SignedMultiplierInt8__xdcDup__1672 |          0 |          0 |       0 |    0 |      0 |      0 |      0 |    0 |          1 |
|       mul_list_8_23            |          SignedMultiplierInt8__xdcDup__1673 |          0 |          0 |       0 |    0 |      0 |      0 |      0 |    0 |          1 |
|       mul_list_8_24            |          SignedMultiplierInt8__xdcDup__1674 |          0 |          0 |       0 |    0 |      0 |      0 |      0 |    0 |          1 |
|       mul_list_8_25            |          SignedMultiplierInt8__xdcDup__1675 |          0 |          0 |       0 |    0 |      0 |      0 |      0 |    0 |          1 |
|       mul_list_8_26            |          SignedMultiplierInt8__xdcDup__1676 |          0 |          0 |       0 |    0 |      0 |      0 |      0 |    0 |          1 |
|       mul_list_8_27            |          SignedMultiplierInt8__xdcDup__1677 |          0 |          0 |       0 |    0 |      0 |      0 |      0 |    0 |          1 |
|       mul_list_8_28            |          SignedMultiplierInt8__xdcDup__1678 |          0 |          0 |       0 |    0 |      0 |      0 |      0 |    0 |          1 |
|       mul_list_8_29            |          SignedMultiplierInt8__xdcDup__1679 |          0 |          0 |       0 |    0 |      0 |      0 |      0 |    0 |          1 |
|       mul_list_8_3             |          SignedMultiplierInt8__xdcDup__1680 |          0 |          0 |       0 |    0 |      0 |      0 |      0 |    0 |          1 |
|       mul_list_8_30            |          SignedMultiplierInt8__xdcDup__1681 |          0 |          0 |       0 |    0 |      0 |      0 |      0 |    0 |          1 |
|       mul_list_8_31            |          SignedMultiplierInt8__xdcDup__1682 |          0 |          0 |       0 |    0 |      0 |      0 |      0 |    0 |          1 |
|       mul_list_8_32            |          SignedMultiplierInt8__xdcDup__1683 |          0 |          0 |       0 |    0 |      0 |      0 |      0 |    0 |          1 |
|       mul_list_8_33            |          SignedMultiplierInt8__xdcDup__1684 |          0 |          0 |       0 |    0 |      0 |      0 |      0 |    0 |          1 |
|       mul_list_8_34            |          SignedMultiplierInt8__xdcDup__1685 |          0 |          0 |       0 |    0 |      0 |      0 |      0 |    0 |          1 |
|       mul_list_8_35            |          SignedMultiplierInt8__xdcDup__1686 |          0 |          0 |       0 |    0 |      0 |      0 |      0 |    0 |          1 |
|       mul_list_8_4             |          SignedMultiplierInt8__xdcDup__1687 |          0 |          0 |       0 |    0 |      0 |      0 |      0 |    0 |          1 |
|       mul_list_8_5             |          SignedMultiplierInt8__xdcDup__1688 |          0 |          0 |       0 |    0 |      0 |      0 |      0 |    0 |          1 |
|       mul_list_8_6             |          SignedMultiplierInt8__xdcDup__1689 |          0 |          0 |       0 |    0 |      0 |      0 |      0 |    0 |          1 |
|       mul_list_8_7             |          SignedMultiplierInt8__xdcDup__1690 |          0 |          0 |       0 |    0 |      0 |      0 |      0 |    0 |          1 |
|       mul_list_8_8             |          SignedMultiplierInt8__xdcDup__1691 |          0 |          0 |       0 |    0 |      0 |      0 |      0 |    0 |          1 |
|       mul_list_8_9             |          SignedMultiplierInt8__xdcDup__1692 |          0 |          0 |       0 |    0 |      0 |      0 |      0 |    0 |          1 |
|       mul_list_9_0             |          SignedMultiplierInt8__xdcDup__1693 |          0 |          0 |       0 |    0 |      0 |      0 |      0 |    0 |          1 |
|       mul_list_9_1             |          SignedMultiplierInt8__xdcDup__1694 |          0 |          0 |       0 |    0 |      0 |      0 |      0 |    0 |          1 |
|       mul_list_9_10            |          SignedMultiplierInt8__xdcDup__1695 |          0 |          0 |       0 |    0 |      0 |      0 |      0 |    0 |          1 |
|       mul_list_9_11            |          SignedMultiplierInt8__xdcDup__1696 |          0 |          0 |       0 |    0 |      0 |      0 |      0 |    0 |          1 |
|       mul_list_9_12            |          SignedMultiplierInt8__xdcDup__1697 |          0 |          0 |       0 |    0 |      0 |      0 |      0 |    0 |          1 |
|       mul_list_9_13            |          SignedMultiplierInt8__xdcDup__1698 |          0 |          0 |       0 |    0 |      0 |      0 |      0 |    0 |          1 |
|       mul_list_9_14            |          SignedMultiplierInt8__xdcDup__1699 |          0 |          0 |       0 |    0 |      0 |      0 |      0 |    0 |          1 |
|       mul_list_9_15            |          SignedMultiplierInt8__xdcDup__1700 |          0 |          0 |       0 |    0 |      0 |      0 |      0 |    0 |          1 |
|       mul_list_9_16            |          SignedMultiplierInt8__xdcDup__1701 |          0 |          0 |       0 |    0 |      0 |      0 |      0 |    0 |          1 |
|       mul_list_9_17            |          SignedMultiplierInt8__xdcDup__1702 |          0 |          0 |       0 |    0 |      0 |      0 |      0 |    0 |          1 |
|       mul_list_9_18            |          SignedMultiplierInt8__xdcDup__1703 |          0 |          0 |       0 |    0 |      0 |      0 |      0 |    0 |          1 |
|       mul_list_9_19            |          SignedMultiplierInt8__xdcDup__1704 |          0 |          0 |       0 |    0 |      0 |      0 |      0 |    0 |          1 |
|       mul_list_9_2             |          SignedMultiplierInt8__xdcDup__1705 |          0 |          0 |       0 |    0 |      0 |      0 |      0 |    0 |          1 |
|       mul_list_9_20            |          SignedMultiplierInt8__xdcDup__1706 |          0 |          0 |       0 |    0 |      0 |      0 |      0 |    0 |          1 |
|       mul_list_9_21            |          SignedMultiplierInt8__xdcDup__1707 |          0 |          0 |       0 |    0 |      0 |      0 |      0 |    0 |          1 |
|       mul_list_9_22            |          SignedMultiplierInt8__xdcDup__1708 |          0 |          0 |       0 |    0 |      0 |      0 |      0 |    0 |          1 |
|       mul_list_9_23            |          SignedMultiplierInt8__xdcDup__1709 |          0 |          0 |       0 |    0 |      0 |      0 |      0 |    0 |          1 |
|       mul_list_9_24            |          SignedMultiplierInt8__xdcDup__1710 |          0 |          0 |       0 |    0 |      0 |      0 |      0 |    0 |          1 |
|       mul_list_9_25            |          SignedMultiplierInt8__xdcDup__1711 |          0 |          0 |       0 |    0 |      0 |      0 |      0 |    0 |          1 |
|       mul_list_9_26            |          SignedMultiplierInt8__xdcDup__1712 |          0 |          0 |       0 |    0 |      0 |      0 |      0 |    0 |          1 |
|       mul_list_9_27            |          SignedMultiplierInt8__xdcDup__1713 |          0 |          0 |       0 |    0 |      0 |      0 |      0 |    0 |          1 |
|       mul_list_9_28            |          SignedMultiplierInt8__xdcDup__1714 |          0 |          0 |       0 |    0 |      0 |      0 |      0 |    0 |          1 |
|       mul_list_9_29            |          SignedMultiplierInt8__xdcDup__1715 |          0 |          0 |       0 |    0 |      0 |      0 |      0 |    0 |          1 |
|       mul_list_9_3             |          SignedMultiplierInt8__xdcDup__1716 |          0 |          0 |       0 |    0 |      0 |      0 |      0 |    0 |          1 |
|       mul_list_9_30            |          SignedMultiplierInt8__xdcDup__1717 |          0 |          0 |       0 |    0 |      0 |      0 |      0 |    0 |          1 |
|       mul_list_9_31            |          SignedMultiplierInt8__xdcDup__1718 |          0 |          0 |       0 |    0 |      0 |      0 |      0 |    0 |          1 |
|       mul_list_9_32            |          SignedMultiplierInt8__xdcDup__1719 |          0 |          0 |       0 |    0 |      0 |      0 |      0 |    0 |          1 |
|       mul_list_9_33            |          SignedMultiplierInt8__xdcDup__1720 |          0 |          0 |       0 |    0 |      0 |      0 |      0 |    0 |          1 |
|       mul_list_9_34            |          SignedMultiplierInt8__xdcDup__1721 |          0 |          0 |       0 |    0 |      0 |      0 |      0 |    0 |          1 |
|       mul_list_9_35            |          SignedMultiplierInt8__xdcDup__1722 |          0 |          0 |       0 |    0 |      0 |      0 |      0 |    0 |          1 |
|       mul_list_9_4             |          SignedMultiplierInt8__xdcDup__1723 |          0 |          0 |       0 |    0 |      0 |      0 |      0 |    0 |          1 |
|       mul_list_9_5             |          SignedMultiplierInt8__xdcDup__1724 |          0 |          0 |       0 |    0 |      0 |      0 |      0 |    0 |          1 |
|       mul_list_9_6             |          SignedMultiplierInt8__xdcDup__1725 |          0 |          0 |       0 |    0 |      0 |      0 |      0 |    0 |          1 |
|       mul_list_9_7             |          SignedMultiplierInt8__xdcDup__1726 |          0 |          0 |       0 |    0 |      0 |      0 |      0 |    0 |          1 |
|       mul_list_9_8             |          SignedMultiplierInt8__xdcDup__1727 |          0 |          0 |       0 |    0 |      0 |      0 |      0 |    0 |          1 |
|       mul_list_9_9             |                        SignedMultiplierInt8 |          0 |          0 |       0 |    0 |      0 |      0 |      0 |    0 |          1 |
|       psum_last_pipreg         |                                 PipReg_2__2 |          0 |          0 |       0 |    0 |      7 |      0 |      0 |    0 |          0 |
|       psum_valid_pipreg        |                                 PipReg_2__3 |          0 |          0 |       0 |    0 |      7 |      0 |      0 |    0 |          0 |
|       requant                  |                 Int32VecRequantizeToInt8__2 |      11892 |      11892 |       0 |    0 |      0 |      0 |      0 |    0 |         24 |
|         mul                    |                                Fp32Mul__247 |        504 |        504 |       0 |    0 |      0 |      0 |      0 |    0 |          2 |
|           (mul)                |                                Fp32Mul__247 |        286 |        286 |       0 |    0 |      0 |      0 |      0 |    0 |          0 |
|           mul                  |                               MulRecFN__247 |        218 |        218 |       0 |    0 |      0 |      0 |      0 |    0 |          2 |
|         mul_1                  |                                Fp32Mul__246 |        504 |        504 |       0 |    0 |      0 |      0 |      0 |    0 |          2 |
|           (mul_1)              |                                Fp32Mul__246 |        286 |        286 |       0 |    0 |      0 |      0 |      0 |    0 |          0 |
|           mul                  |                               MulRecFN__246 |        218 |        218 |       0 |    0 |      0 |      0 |      0 |    0 |          2 |
|         mul_10                 |                                Fp32Mul__185 |        504 |        504 |       0 |    0 |      0 |      0 |      0 |    0 |          2 |
|           (mul_10)             |                                Fp32Mul__185 |        286 |        286 |       0 |    0 |      0 |      0 |      0 |    0 |          0 |
|           mul                  |                               MulRecFN__185 |        218 |        218 |       0 |    0 |      0 |      0 |      0 |    0 |          2 |
|         mul_11                 |                                Fp32Mul__184 |        504 |        504 |       0 |    0 |      0 |      0 |      0 |    0 |          2 |
|           (mul_11)             |                                Fp32Mul__184 |        286 |        286 |       0 |    0 |      0 |      0 |      0 |    0 |          0 |
|           mul                  |                               MulRecFN__184 |        218 |        218 |       0 |    0 |      0 |      0 |      0 |    0 |          2 |
|         mul_2                  |                                Fp32Mul__245 |        504 |        504 |       0 |    0 |      0 |      0 |      0 |    0 |          2 |
|           (mul_2)              |                                Fp32Mul__245 |        286 |        286 |       0 |    0 |      0 |      0 |      0 |    0 |          0 |
|           mul                  |                               MulRecFN__245 |        218 |        218 |       0 |    0 |      0 |      0 |      0 |    0 |          2 |
|         mul_3                  |                                Fp32Mul__244 |        504 |        504 |       0 |    0 |      0 |      0 |      0 |    0 |          2 |
|           (mul_3)              |                                Fp32Mul__244 |        286 |        286 |       0 |    0 |      0 |      0 |      0 |    0 |          0 |
|           mul                  |                               MulRecFN__244 |        218 |        218 |       0 |    0 |      0 |      0 |      0 |    0 |          2 |
|         mul_4                  |                                Fp32Mul__243 |        504 |        504 |       0 |    0 |      0 |      0 |      0 |    0 |          2 |
|           (mul_4)              |                                Fp32Mul__243 |        286 |        286 |       0 |    0 |      0 |      0 |      0 |    0 |          0 |
|           mul                  |                               MulRecFN__243 |        218 |        218 |       0 |    0 |      0 |      0 |      0 |    0 |          2 |
|         mul_5                  |                                Fp32Mul__242 |        504 |        504 |       0 |    0 |      0 |      0 |      0 |    0 |          2 |
|           (mul_5)              |                                Fp32Mul__242 |        286 |        286 |       0 |    0 |      0 |      0 |      0 |    0 |          0 |
|           mul                  |                               MulRecFN__242 |        218 |        218 |       0 |    0 |      0 |      0 |      0 |    0 |          2 |
|         mul_6                  |                                Fp32Mul__241 |        504 |        504 |       0 |    0 |      0 |      0 |      0 |    0 |          2 |
|           (mul_6)              |                                Fp32Mul__241 |        286 |        286 |       0 |    0 |      0 |      0 |      0 |    0 |          0 |
|           mul                  |                               MulRecFN__241 |        218 |        218 |       0 |    0 |      0 |      0 |      0 |    0 |          2 |
|         mul_7                  |                                Fp32Mul__240 |        504 |        504 |       0 |    0 |      0 |      0 |      0 |    0 |          2 |
|           (mul_7)              |                                Fp32Mul__240 |        286 |        286 |       0 |    0 |      0 |      0 |      0 |    0 |          0 |
|           mul                  |                               MulRecFN__240 |        218 |        218 |       0 |    0 |      0 |      0 |      0 |    0 |          2 |
|         mul_8                  |                                Fp32Mul__239 |        504 |        504 |       0 |    0 |      0 |      0 |      0 |    0 |          2 |
|           (mul_8)              |                                Fp32Mul__239 |        286 |        286 |       0 |    0 |      0 |      0 |      0 |    0 |          0 |
|           mul                  |                               MulRecFN__239 |        218 |        218 |       0 |    0 |      0 |      0 |      0 |    0 |          2 |
|         mul_9                  |                                Fp32Mul__186 |        504 |        504 |       0 |    0 |      0 |      0 |      0 |    0 |          2 |
|           (mul_9)              |                                Fp32Mul__186 |        286 |        286 |       0 |    0 |      0 |      0 |      0 |    0 |          0 |
|           mul                  |                               MulRecFN__186 |        218 |        218 |       0 |    0 |      0 |      0 |      0 |    0 |          2 |
|         toFp                   |                             Int32ToFp32__67 |        321 |        321 |       0 |    0 |      0 |      0 |      0 |    0 |          0 |
|           (toFp)               |                             Int32ToFp32__67 |         86 |         86 |       0 |    0 |      0 |      0 |      0 |    0 |          0 |
|           cvt                  |                    INToRecFN_i32_e8_s24__67 |        235 |        235 |       0 |    0 |      0 |      0 |      0 |    0 |          0 |
|         toFp_1                 |                             Int32ToFp32__66 |        321 |        321 |       0 |    0 |      0 |      0 |      0 |    0 |          0 |
|           (toFp_1)             |                             Int32ToFp32__66 |         86 |         86 |       0 |    0 |      0 |      0 |      0 |    0 |          0 |
|           cvt                  |                    INToRecFN_i32_e8_s24__66 |        235 |        235 |       0 |    0 |      0 |      0 |      0 |    0 |          0 |
|         toFp_10                |                             Int32ToFp32__53 |        321 |        321 |       0 |    0 |      0 |      0 |      0 |    0 |          0 |
|           (toFp_10)            |                             Int32ToFp32__53 |         86 |         86 |       0 |    0 |      0 |      0 |      0 |    0 |          0 |
|           cvt                  |                    INToRecFN_i32_e8_s24__53 |        235 |        235 |       0 |    0 |      0 |      0 |      0 |    0 |          0 |
|         toFp_11                |                             Int32ToFp32__52 |        321 |        321 |       0 |    0 |      0 |      0 |      0 |    0 |          0 |
|           (toFp_11)            |                             Int32ToFp32__52 |         86 |         86 |       0 |    0 |      0 |      0 |      0 |    0 |          0 |
|           cvt                  |                    INToRecFN_i32_e8_s24__52 |        235 |        235 |       0 |    0 |      0 |      0 |      0 |    0 |          0 |
|         toFp_2                 |                             Int32ToFp32__65 |        321 |        321 |       0 |    0 |      0 |      0 |      0 |    0 |          0 |
|           (toFp_2)             |                             Int32ToFp32__65 |         86 |         86 |       0 |    0 |      0 |      0 |      0 |    0 |          0 |
|           cvt                  |                    INToRecFN_i32_e8_s24__65 |        235 |        235 |       0 |    0 |      0 |      0 |      0 |    0 |          0 |
|         toFp_3                 |                             Int32ToFp32__64 |        321 |        321 |       0 |    0 |      0 |      0 |      0 |    0 |          0 |
|           (toFp_3)             |                             Int32ToFp32__64 |         86 |         86 |       0 |    0 |      0 |      0 |      0 |    0 |          0 |
|           cvt                  |                    INToRecFN_i32_e8_s24__64 |        235 |        235 |       0 |    0 |      0 |      0 |      0 |    0 |          0 |
|         toFp_4                 |                             Int32ToFp32__63 |        321 |        321 |       0 |    0 |      0 |      0 |      0 |    0 |          0 |
|           (toFp_4)             |                             Int32ToFp32__63 |         86 |         86 |       0 |    0 |      0 |      0 |      0 |    0 |          0 |
|           cvt                  |                    INToRecFN_i32_e8_s24__63 |        235 |        235 |       0 |    0 |      0 |      0 |      0 |    0 |          0 |
|         toFp_5                 |                             Int32ToFp32__62 |        321 |        321 |       0 |    0 |      0 |      0 |      0 |    0 |          0 |
|           (toFp_5)             |                             Int32ToFp32__62 |         86 |         86 |       0 |    0 |      0 |      0 |      0 |    0 |          0 |
|           cvt                  |                    INToRecFN_i32_e8_s24__62 |        235 |        235 |       0 |    0 |      0 |      0 |      0 |    0 |          0 |
|         toFp_6                 |                             Int32ToFp32__61 |        321 |        321 |       0 |    0 |      0 |      0 |      0 |    0 |          0 |
|           (toFp_6)             |                             Int32ToFp32__61 |         86 |         86 |       0 |    0 |      0 |      0 |      0 |    0 |          0 |
|           cvt                  |                    INToRecFN_i32_e8_s24__61 |        235 |        235 |       0 |    0 |      0 |      0 |      0 |    0 |          0 |
|         toFp_7                 |                             Int32ToFp32__60 |        321 |        321 |       0 |    0 |      0 |      0 |      0 |    0 |          0 |
|           (toFp_7)             |                             Int32ToFp32__60 |         86 |         86 |       0 |    0 |      0 |      0 |      0 |    0 |          0 |
|           cvt                  |                    INToRecFN_i32_e8_s24__60 |        235 |        235 |       0 |    0 |      0 |      0 |      0 |    0 |          0 |
|         toFp_8                 |                             Int32ToFp32__59 |        321 |        321 |       0 |    0 |      0 |      0 |      0 |    0 |          0 |
|           (toFp_8)             |                             Int32ToFp32__59 |         86 |         86 |       0 |    0 |      0 |      0 |      0 |    0 |          0 |
|           cvt                  |                    INToRecFN_i32_e8_s24__59 |        235 |        235 |       0 |    0 |      0 |      0 |      0 |    0 |          0 |
|         toFp_9                 |                             Int32ToFp32__54 |        321 |        321 |       0 |    0 |      0 |      0 |      0 |    0 |          0 |
|           (toFp_9)             |                             Int32ToFp32__54 |         86 |         86 |       0 |    0 |      0 |      0 |      0 |    0 |          0 |
|           cvt                  |                    INToRecFN_i32_e8_s24__54 |        235 |        235 |       0 |    0 |      0 |      0 |      0 |    0 |          0 |
|         toInt                  |                              Fp32ToInt8__49 |        166 |        166 |       0 |    0 |      0 |      0 |      0 |    0 |          0 |
|           (toInt)              |                              Fp32ToInt8__49 |        105 |        105 |       0 |    0 |      0 |      0 |      0 |    0 |          0 |
|           cvt                  |                     RecFNToIN_e8_s24_i8__75 |         61 |         61 |       0 |    0 |      0 |      0 |      0 |    0 |          0 |
|         toInt_1                |                              Fp32ToInt8__48 |        166 |        166 |       0 |    0 |      0 |      0 |      0 |    0 |          0 |
|           (toInt_1)            |                              Fp32ToInt8__48 |        105 |        105 |       0 |    0 |      0 |      0 |      0 |    0 |          0 |
|           cvt                  |                     RecFNToIN_e8_s24_i8__74 |         61 |         61 |       0 |    0 |      0 |      0 |      0 |    0 |          0 |
|         toInt_10               |                              Fp32ToInt8__27 |        166 |        166 |       0 |    0 |      0 |      0 |      0 |    0 |          0 |
|           (toInt_10)           |                              Fp32ToInt8__27 |        105 |        105 |       0 |    0 |      0 |      0 |      0 |    0 |          0 |
|           cvt                  |                     RecFNToIN_e8_s24_i8__53 |         61 |         61 |       0 |    0 |      0 |      0 |      0 |    0 |          0 |
|         toInt_11               |                              Fp32ToInt8__26 |        166 |        166 |       0 |    0 |      0 |      0 |      0 |    0 |          0 |
|           (toInt_11)           |                              Fp32ToInt8__26 |        105 |        105 |       0 |    0 |      0 |      0 |      0 |    0 |          0 |
|           cvt                  |                     RecFNToIN_e8_s24_i8__52 |         61 |         61 |       0 |    0 |      0 |      0 |      0 |    0 |          0 |
|         toInt_2                |                              Fp32ToInt8__47 |        166 |        166 |       0 |    0 |      0 |      0 |      0 |    0 |          0 |
|           (toInt_2)            |                              Fp32ToInt8__47 |        105 |        105 |       0 |    0 |      0 |      0 |      0 |    0 |          0 |
|           cvt                  |                     RecFNToIN_e8_s24_i8__73 |         61 |         61 |       0 |    0 |      0 |      0 |      0 |    0 |          0 |
|         toInt_3                |                              Fp32ToInt8__46 |        166 |        166 |       0 |    0 |      0 |      0 |      0 |    0 |          0 |
|           (toInt_3)            |                              Fp32ToInt8__46 |        105 |        105 |       0 |    0 |      0 |      0 |      0 |    0 |          0 |
|           cvt                  |                     RecFNToIN_e8_s24_i8__72 |         61 |         61 |       0 |    0 |      0 |      0 |      0 |    0 |          0 |
|         toInt_4                |                              Fp32ToInt8__45 |        166 |        166 |       0 |    0 |      0 |      0 |      0 |    0 |          0 |
|           (toInt_4)            |                              Fp32ToInt8__45 |        105 |        105 |       0 |    0 |      0 |      0 |      0 |    0 |          0 |
|           cvt                  |                     RecFNToIN_e8_s24_i8__71 |         61 |         61 |       0 |    0 |      0 |      0 |      0 |    0 |          0 |
|         toInt_5                |                              Fp32ToInt8__44 |        166 |        166 |       0 |    0 |      0 |      0 |      0 |    0 |          0 |
|           (toInt_5)            |                              Fp32ToInt8__44 |        105 |        105 |       0 |    0 |      0 |      0 |      0 |    0 |          0 |
|           cvt                  |                     RecFNToIN_e8_s24_i8__70 |         61 |         61 |       0 |    0 |      0 |      0 |      0 |    0 |          0 |
|         toInt_6                |                              Fp32ToInt8__43 |        166 |        166 |       0 |    0 |      0 |      0 |      0 |    0 |          0 |
|           (toInt_6)            |                              Fp32ToInt8__43 |        105 |        105 |       0 |    0 |      0 |      0 |      0 |    0 |          0 |
|           cvt                  |                     RecFNToIN_e8_s24_i8__69 |         61 |         61 |       0 |    0 |      0 |      0 |      0 |    0 |          0 |
|         toInt_7                |                              Fp32ToInt8__42 |        166 |        166 |       0 |    0 |      0 |      0 |      0 |    0 |          0 |
|           (toInt_7)            |                              Fp32ToInt8__42 |        105 |        105 |       0 |    0 |      0 |      0 |      0 |    0 |          0 |
|           cvt                  |                     RecFNToIN_e8_s24_i8__68 |         61 |         61 |       0 |    0 |      0 |      0 |      0 |    0 |          0 |
|         toInt_8                |                              Fp32ToInt8__41 |        166 |        166 |       0 |    0 |      0 |      0 |      0 |    0 |          0 |
|           (toInt_8)            |                              Fp32ToInt8__41 |        105 |        105 |       0 |    0 |      0 |      0 |      0 |    0 |          0 |
|           cvt                  |                     RecFNToIN_e8_s24_i8__67 |         61 |         61 |       0 |    0 |      0 |      0 |      0 |    0 |          0 |
|         toInt_9                |                              Fp32ToInt8__28 |        166 |        166 |       0 |    0 |      0 |      0 |      0 |    0 |          0 |
|           (toInt_9)            |                              Fp32ToInt8__28 |        105 |        105 |       0 |    0 |      0 |      0 |      0 |    0 |          0 |
|           cvt                  |                     RecFNToIN_e8_s24_i8__54 |         61 |         61 |       0 |    0 |      0 |      0 |      0 |    0 |          0 |
|       res_valid_pipreg         |                                 PipReg_6__2 |          1 |          1 |       0 |    0 |      1 |      0 |      0 |    0 |          0 |
|     lu_inst                    |                                    LoadUnit |         26 |         26 |       0 |    0 |     27 |      0 |      0 |    0 |          0 |
|     lw_inst                    |                                  LoadWeight |       1318 |       1318 |       0 |    0 |     60 |      0 |      0 |   48 |          0 |
|       (lw_inst)                |                                  LoadWeight |         28 |         28 |       0 |    0 |     52 |      0 |      0 |    0 |          0 |
|       weight_mem               |                                   WeightMem |       1290 |       1290 |       0 |    0 |      8 |      0 |      0 |   48 |          0 |
|         (weight_mem)           |                                   WeightMem |       1242 |       1242 |       0 |    0 |      8 |      0 |      0 |    0 |          0 |
|         weight_banks_0_0_ext   |           weight_banks_4096x72__xdcDup__157 |          1 |          1 |       0 |    0 |      0 |      0 |      0 |    1 |          0 |
|         weight_banks_0_1_ext   |           weight_banks_4096x72__xdcDup__158 |          1 |          1 |       0 |    0 |      0 |      0 |      0 |    1 |          0 |
|         weight_banks_0_2_ext   |           weight_banks_4096x72__xdcDup__159 |          1 |          1 |       0 |    0 |      0 |      0 |      0 |    1 |          0 |
|         weight_banks_0_3_ext   |           weight_banks_4096x72__xdcDup__160 |          1 |          1 |       0 |    0 |      0 |      0 |      0 |    1 |          0 |
|         weight_banks_10_0_ext  |           weight_banks_4096x72__xdcDup__161 |          1 |          1 |       0 |    0 |      0 |      0 |      0 |    1 |          0 |
|         weight_banks_10_1_ext  |           weight_banks_4096x72__xdcDup__162 |          1 |          1 |       0 |    0 |      0 |      0 |      0 |    1 |          0 |
|         weight_banks_10_2_ext  |           weight_banks_4096x72__xdcDup__163 |          1 |          1 |       0 |    0 |      0 |      0 |      0 |    1 |          0 |
|         weight_banks_10_3_ext  |           weight_banks_4096x72__xdcDup__164 |          1 |          1 |       0 |    0 |      0 |      0 |      0 |    1 |          0 |
|         weight_banks_11_0_ext  |           weight_banks_4096x72__xdcDup__165 |          1 |          1 |       0 |    0 |      0 |      0 |      0 |    1 |          0 |
|         weight_banks_11_1_ext  |           weight_banks_4096x72__xdcDup__166 |          1 |          1 |       0 |    0 |      0 |      0 |      0 |    1 |          0 |
|         weight_banks_11_2_ext  |           weight_banks_4096x72__xdcDup__167 |          1 |          1 |       0 |    0 |      0 |      0 |      0 |    1 |          0 |
|         weight_banks_11_3_ext  |           weight_banks_4096x72__xdcDup__168 |          1 |          1 |       0 |    0 |      0 |      0 |      0 |    1 |          0 |
|         weight_banks_1_0_ext   |           weight_banks_4096x72__xdcDup__169 |          1 |          1 |       0 |    0 |      0 |      0 |      0 |    1 |          0 |
|         weight_banks_1_1_ext   |           weight_banks_4096x72__xdcDup__170 |          1 |          1 |       0 |    0 |      0 |      0 |      0 |    1 |          0 |
|         weight_banks_1_2_ext   |           weight_banks_4096x72__xdcDup__171 |          1 |          1 |       0 |    0 |      0 |      0 |      0 |    1 |          0 |
|         weight_banks_1_3_ext   |           weight_banks_4096x72__xdcDup__172 |          1 |          1 |       0 |    0 |      0 |      0 |      0 |    1 |          0 |
|         weight_banks_2_0_ext   |           weight_banks_4096x72__xdcDup__173 |          1 |          1 |       0 |    0 |      0 |      0 |      0 |    1 |          0 |
|         weight_banks_2_1_ext   |           weight_banks_4096x72__xdcDup__174 |          1 |          1 |       0 |    0 |      0 |      0 |      0 |    1 |          0 |
|         weight_banks_2_2_ext   |           weight_banks_4096x72__xdcDup__175 |          1 |          1 |       0 |    0 |      0 |      0 |      0 |    1 |          0 |
|         weight_banks_2_3_ext   |           weight_banks_4096x72__xdcDup__176 |          1 |          1 |       0 |    0 |      0 |      0 |      0 |    1 |          0 |
|         weight_banks_3_0_ext   |           weight_banks_4096x72__xdcDup__177 |          1 |          1 |       0 |    0 |      0 |      0 |      0 |    1 |          0 |
|         weight_banks_3_1_ext   |           weight_banks_4096x72__xdcDup__178 |          1 |          1 |       0 |    0 |      0 |      0 |      0 |    1 |          0 |
|         weight_banks_3_2_ext   |           weight_banks_4096x72__xdcDup__179 |          1 |          1 |       0 |    0 |      0 |      0 |      0 |    1 |          0 |
|         weight_banks_3_3_ext   |           weight_banks_4096x72__xdcDup__180 |          1 |          1 |       0 |    0 |      0 |      0 |      0 |    1 |          0 |
|         weight_banks_4_0_ext   |           weight_banks_4096x72__xdcDup__181 |          1 |          1 |       0 |    0 |      0 |      0 |      0 |    1 |          0 |
|         weight_banks_4_1_ext   |           weight_banks_4096x72__xdcDup__182 |          1 |          1 |       0 |    0 |      0 |      0 |      0 |    1 |          0 |
|         weight_banks_4_2_ext   |           weight_banks_4096x72__xdcDup__183 |          1 |          1 |       0 |    0 |      0 |      0 |      0 |    1 |          0 |
|         weight_banks_4_3_ext   |           weight_banks_4096x72__xdcDup__184 |          1 |          1 |       0 |    0 |      0 |      0 |      0 |    1 |          0 |
|         weight_banks_5_0_ext   |           weight_banks_4096x72__xdcDup__185 |          1 |          1 |       0 |    0 |      0 |      0 |      0 |    1 |          0 |
|         weight_banks_5_1_ext   |           weight_banks_4096x72__xdcDup__186 |          1 |          1 |       0 |    0 |      0 |      0 |      0 |    1 |          0 |
|         weight_banks_5_2_ext   |           weight_banks_4096x72__xdcDup__187 |          1 |          1 |       0 |    0 |      0 |      0 |      0 |    1 |          0 |
|         weight_banks_5_3_ext   |           weight_banks_4096x72__xdcDup__188 |          1 |          1 |       0 |    0 |      0 |      0 |      0 |    1 |          0 |
|         weight_banks_6_0_ext   |           weight_banks_4096x72__xdcDup__189 |          1 |          1 |       0 |    0 |      0 |      0 |      0 |    1 |          0 |
|         weight_banks_6_1_ext   |           weight_banks_4096x72__xdcDup__190 |          1 |          1 |       0 |    0 |      0 |      0 |      0 |    1 |          0 |
|         weight_banks_6_2_ext   |           weight_banks_4096x72__xdcDup__191 |          1 |          1 |       0 |    0 |      0 |      0 |      0 |    1 |          0 |
|         weight_banks_6_3_ext   |           weight_banks_4096x72__xdcDup__192 |          1 |          1 |       0 |    0 |      0 |      0 |      0 |    1 |          0 |
|         weight_banks_7_0_ext   |           weight_banks_4096x72__xdcDup__193 |          1 |          1 |       0 |    0 |      0 |      0 |      0 |    1 |          0 |
|         weight_banks_7_1_ext   |           weight_banks_4096x72__xdcDup__194 |          1 |          1 |       0 |    0 |      0 |      0 |      0 |    1 |          0 |
|         weight_banks_7_2_ext   |           weight_banks_4096x72__xdcDup__195 |          1 |          1 |       0 |    0 |      0 |      0 |      0 |    1 |          0 |
|         weight_banks_7_3_ext   |           weight_banks_4096x72__xdcDup__196 |          1 |          1 |       0 |    0 |      0 |      0 |      0 |    1 |          0 |
|         weight_banks_8_0_ext   |           weight_banks_4096x72__xdcDup__197 |          1 |          1 |       0 |    0 |      0 |      0 |      0 |    1 |          0 |
|         weight_banks_8_1_ext   |           weight_banks_4096x72__xdcDup__198 |          1 |          1 |       0 |    0 |      0 |      0 |      0 |    1 |          0 |
|         weight_banks_8_2_ext   |           weight_banks_4096x72__xdcDup__199 |          1 |          1 |       0 |    0 |      0 |      0 |      0 |    1 |          0 |
|         weight_banks_8_3_ext   |           weight_banks_4096x72__xdcDup__200 |          1 |          1 |       0 |    0 |      0 |      0 |      0 |    1 |          0 |
|         weight_banks_9_0_ext   |           weight_banks_4096x72__xdcDup__201 |          1 |          1 |       0 |    0 |      0 |      0 |      0 |    1 |          0 |
|         weight_banks_9_1_ext   |           weight_banks_4096x72__xdcDup__202 |          1 |          1 |       0 |    0 |      0 |      0 |      0 |    1 |          0 |
|         weight_banks_9_2_ext   |           weight_banks_4096x72__xdcDup__203 |          1 |          1 |       0 |    0 |      0 |      0 |      0 |    1 |          0 |
|         weight_banks_9_3_ext   |                        weight_banks_4096x72 |          1 |          1 |       0 |    0 |      0 |      0 |      0 |    1 |          0 |
|     mem_inst                   |                                     DataMem |         60 |         60 |       0 |    0 |      5 |     10 |      2 |    0 |          0 |
|       (mem_inst)               |                                     DataMem |         54 |         54 |       0 |    0 |      5 |      0 |      0 |    0 |          0 |
|       mem0_ext                 |                      mem_2048x96__xdcDup__7 |          3 |          3 |       0 |    0 |      0 |      5 |      1 |    0 |          0 |
|       mem1_ext                 |                                 mem_2048x96 |          3 |          3 |       0 |    0 |      0 |      5 |      1 |    0 |          0 |
|     su_inst                    |                                   StoreUnit |         14 |         14 |       0 |    0 |    116 |      0 |      0 |    0 |          0 |
|   resadd                       |                                  ResAddFP32 |      11928 |      11928 |       0 |    0 |    411 |      0 |      0 |   18 |          0 |
|     (resadd)                   |                                  ResAddFP32 |          3 |          3 |       0 |    0 |    399 |      0 |      0 |    0 |          0 |
|     add                        |                               Fp32VecAdd__2 |      11532 |      11532 |       0 |    0 |      0 |      0 |      0 |    0 |          0 |
|       add                      |                                 Fp32Add__89 |        961 |        961 |       0 |    0 |      0 |      0 |      0 |    0 |          0 |
|         (add)                  |                                 Fp32Add__89 |        284 |        284 |       0 |    0 |      0 |      0 |      0 |    0 |          0 |
|         add                    |                               AddRecFN__103 |        677 |        677 |       0 |    0 |      0 |      0 |      0 |    0 |          0 |
|           (add)                |                               AddRecFN__103 |          5 |          5 |       0 |    0 |      0 |      0 |      0 |    0 |          0 |
|           addRawFN             |                               AddRawFN__103 |        471 |        471 |       0 |    0 |      0 |      0 |      0 |    0 |          0 |
|           roundRawFNToRecFN    |               RoundRawFNToRecFN_e8_s24__298 |        201 |        201 |       0 |    0 |      0 |      0 |      0 |    0 |          0 |
|       add_1                    |                                 Fp32Add__90 |        961 |        961 |       0 |    0 |      0 |      0 |      0 |    0 |          0 |
|         (add_1)                |                                 Fp32Add__90 |        284 |        284 |       0 |    0 |      0 |      0 |      0 |    0 |          0 |
|         add                    |                               AddRecFN__104 |        677 |        677 |       0 |    0 |      0 |      0 |      0 |    0 |          0 |
|           (add)                |                               AddRecFN__104 |          5 |          5 |       0 |    0 |      0 |      0 |      0 |    0 |          0 |
|           addRawFN             |                               AddRawFN__104 |        471 |        471 |       0 |    0 |      0 |      0 |      0 |    0 |          0 |
|           roundRawFNToRecFN    |               RoundRawFNToRecFN_e8_s24__299 |        201 |        201 |       0 |    0 |      0 |      0 |      0 |    0 |          0 |
|       add_10                   |                                 Fp32Add__99 |        961 |        961 |       0 |    0 |      0 |      0 |      0 |    0 |          0 |
|         (add_10)               |                                 Fp32Add__99 |        284 |        284 |       0 |    0 |      0 |      0 |      0 |    0 |          0 |
|         add                    |                               AddRecFN__113 |        677 |        677 |       0 |    0 |      0 |      0 |      0 |    0 |          0 |
|           (add)                |                               AddRecFN__113 |          5 |          5 |       0 |    0 |      0 |      0 |      0 |    0 |          0 |
|           addRawFN             |                               AddRawFN__113 |        471 |        471 |       0 |    0 |      0 |      0 |      0 |    0 |          0 |
|           roundRawFNToRecFN    |               RoundRawFNToRecFN_e8_s24__308 |        201 |        201 |       0 |    0 |      0 |      0 |      0 |    0 |          0 |
|       add_11                   |                                Fp32Add__100 |        961 |        961 |       0 |    0 |      0 |      0 |      0 |    0 |          0 |
|         (add_11)               |                                Fp32Add__100 |        284 |        284 |       0 |    0 |      0 |      0 |      0 |    0 |          0 |
|         add                    |                               AddRecFN__114 |        677 |        677 |       0 |    0 |      0 |      0 |      0 |    0 |          0 |
|           (add)                |                               AddRecFN__114 |          5 |          5 |       0 |    0 |      0 |      0 |      0 |    0 |          0 |
|           addRawFN             |                               AddRawFN__114 |        471 |        471 |       0 |    0 |      0 |      0 |      0 |    0 |          0 |
|           roundRawFNToRecFN    |               RoundRawFNToRecFN_e8_s24__309 |        201 |        201 |       0 |    0 |      0 |      0 |      0 |    0 |          0 |
|       add_2                    |                                 Fp32Add__91 |        961 |        961 |       0 |    0 |      0 |      0 |      0 |    0 |          0 |
|         (add_2)                |                                 Fp32Add__91 |        284 |        284 |       0 |    0 |      0 |      0 |      0 |    0 |          0 |
|         add                    |                               AddRecFN__105 |        677 |        677 |       0 |    0 |      0 |      0 |      0 |    0 |          0 |
|           (add)                |                               AddRecFN__105 |          5 |          5 |       0 |    0 |      0 |      0 |      0 |    0 |          0 |
|           addRawFN             |                               AddRawFN__105 |        471 |        471 |       0 |    0 |      0 |      0 |      0 |    0 |          0 |
|           roundRawFNToRecFN    |               RoundRawFNToRecFN_e8_s24__300 |        201 |        201 |       0 |    0 |      0 |      0 |      0 |    0 |          0 |
|       add_3                    |                                 Fp32Add__92 |        961 |        961 |       0 |    0 |      0 |      0 |      0 |    0 |          0 |
|         (add_3)                |                                 Fp32Add__92 |        284 |        284 |       0 |    0 |      0 |      0 |      0 |    0 |          0 |
|         add                    |                               AddRecFN__106 |        677 |        677 |       0 |    0 |      0 |      0 |      0 |    0 |          0 |
|           (add)                |                               AddRecFN__106 |          5 |          5 |       0 |    0 |      0 |      0 |      0 |    0 |          0 |
|           addRawFN             |                               AddRawFN__106 |        471 |        471 |       0 |    0 |      0 |      0 |      0 |    0 |          0 |
|           roundRawFNToRecFN    |               RoundRawFNToRecFN_e8_s24__301 |        201 |        201 |       0 |    0 |      0 |      0 |      0 |    0 |          0 |
|       add_4                    |                                 Fp32Add__93 |        961 |        961 |       0 |    0 |      0 |      0 |      0 |    0 |          0 |
|         (add_4)                |                                 Fp32Add__93 |        284 |        284 |       0 |    0 |      0 |      0 |      0 |    0 |          0 |
|         add                    |                               AddRecFN__107 |        677 |        677 |       0 |    0 |      0 |      0 |      0 |    0 |          0 |
|           (add)                |                               AddRecFN__107 |          5 |          5 |       0 |    0 |      0 |      0 |      0 |    0 |          0 |
|           addRawFN             |                               AddRawFN__107 |        471 |        471 |       0 |    0 |      0 |      0 |      0 |    0 |          0 |
|           roundRawFNToRecFN    |               RoundRawFNToRecFN_e8_s24__302 |        201 |        201 |       0 |    0 |      0 |      0 |      0 |    0 |          0 |
|       add_5                    |                                 Fp32Add__94 |        961 |        961 |       0 |    0 |      0 |      0 |      0 |    0 |          0 |
|         (add_5)                |                                 Fp32Add__94 |        284 |        284 |       0 |    0 |      0 |      0 |      0 |    0 |          0 |
|         add                    |                               AddRecFN__108 |        677 |        677 |       0 |    0 |      0 |      0 |      0 |    0 |          0 |
|           (add)                |                               AddRecFN__108 |          5 |          5 |       0 |    0 |      0 |      0 |      0 |    0 |          0 |
|           addRawFN             |                               AddRawFN__108 |        471 |        471 |       0 |    0 |      0 |      0 |      0 |    0 |          0 |
|           roundRawFNToRecFN    |               RoundRawFNToRecFN_e8_s24__303 |        201 |        201 |       0 |    0 |      0 |      0 |      0 |    0 |          0 |
|       add_6                    |                                 Fp32Add__95 |        961 |        961 |       0 |    0 |      0 |      0 |      0 |    0 |          0 |
|         (add_6)                |                                 Fp32Add__95 |        284 |        284 |       0 |    0 |      0 |      0 |      0 |    0 |          0 |
|         add                    |                               AddRecFN__109 |        677 |        677 |       0 |    0 |      0 |      0 |      0 |    0 |          0 |
|           (add)                |                               AddRecFN__109 |          5 |          5 |       0 |    0 |      0 |      0 |      0 |    0 |          0 |
|           addRawFN             |                               AddRawFN__109 |        471 |        471 |       0 |    0 |      0 |      0 |      0 |    0 |          0 |
|           roundRawFNToRecFN    |               RoundRawFNToRecFN_e8_s24__304 |        201 |        201 |       0 |    0 |      0 |      0 |      0 |    0 |          0 |
|       add_7                    |                                 Fp32Add__96 |        961 |        961 |       0 |    0 |      0 |      0 |      0 |    0 |          0 |
|         (add_7)                |                                 Fp32Add__96 |        284 |        284 |       0 |    0 |      0 |      0 |      0 |    0 |          0 |
|         add                    |                               AddRecFN__110 |        677 |        677 |       0 |    0 |      0 |      0 |      0 |    0 |          0 |
|           (add)                |                               AddRecFN__110 |          5 |          5 |       0 |    0 |      0 |      0 |      0 |    0 |          0 |
|           addRawFN             |                               AddRawFN__110 |        471 |        471 |       0 |    0 |      0 |      0 |      0 |    0 |          0 |
|           roundRawFNToRecFN    |               RoundRawFNToRecFN_e8_s24__305 |        201 |        201 |       0 |    0 |      0 |      0 |      0 |    0 |          0 |
|       add_8                    |                                 Fp32Add__97 |        961 |        961 |       0 |    0 |      0 |      0 |      0 |    0 |          0 |
|         (add_8)                |                                 Fp32Add__97 |        284 |        284 |       0 |    0 |      0 |      0 |      0 |    0 |          0 |
|         add                    |                               AddRecFN__111 |        677 |        677 |       0 |    0 |      0 |      0 |      0 |    0 |          0 |
|           (add)                |                               AddRecFN__111 |          5 |          5 |       0 |    0 |      0 |      0 |      0 |    0 |          0 |
|           addRawFN             |                               AddRawFN__111 |        471 |        471 |       0 |    0 |      0 |      0 |      0 |    0 |          0 |
|           roundRawFNToRecFN    |               RoundRawFNToRecFN_e8_s24__306 |        201 |        201 |       0 |    0 |      0 |      0 |      0 |    0 |          0 |
|       add_9                    |                                 Fp32Add__98 |        961 |        961 |       0 |    0 |      0 |      0 |      0 |    0 |          0 |
|         (add_9)                |                                 Fp32Add__98 |        284 |        284 |       0 |    0 |      0 |      0 |      0 |    0 |          0 |
|         add                    |                               AddRecFN__112 |        677 |        677 |       0 |    0 |      0 |      0 |      0 |    0 |          0 |
|           (add)                |                               AddRecFN__112 |          5 |          5 |       0 |    0 |      0 |      0 |      0 |    0 |          0 |
|           addRawFN             |                               AddRawFN__112 |        471 |        471 |       0 |    0 |      0 |      0 |      0 |    0 |          0 |
|           roundRawFNToRecFN    |               RoundRawFNToRecFN_e8_s24__307 |        201 |        201 |       0 |    0 |      0 |      0 |      0 |    0 |          0 |
|     mem                        |                                   DataMem_7 |        393 |        393 |       0 |    0 |     12 |      0 |      0 |   18 |          0 |
|       (mem)                    |                                   DataMem_7 |        393 |        393 |       0 |    0 |     12 |      0 |      0 |    0 |          0 |
|       mem_list_0               |                               R1W1Mem_10__1 |          0 |          0 |       0 |    0 |      0 |      0 |      0 |    6 |          0 |
|         (mem_list_0)           |                               R1W1Mem_10__1 |          0 |          0 |       0 |    0 |      0 |      0 |      0 |    0 |          0 |
|         mem_ext                |                             mem_2048x384__1 |          0 |          0 |       0 |    0 |      0 |      0 |      0 |    6 |          0 |
|       mem_list_1               |                               R1W1Mem_10__2 |          0 |          0 |       0 |    0 |      0 |      0 |      0 |    6 |          0 |
|         (mem_list_1)           |                               R1W1Mem_10__2 |          0 |          0 |       0 |    0 |      0 |      0 |      0 |    0 |          0 |
|         mem_ext                |                             mem_2048x384__2 |          0 |          0 |       0 |    0 |      0 |      0 |      0 |    6 |          0 |
|       mem_list_2               |                                  R1W1Mem_10 |          0 |          0 |       0 |    0 |      0 |      0 |      0 |    6 |          0 |
|         (mem_list_2)           |                                  R1W1Mem_10 |          0 |          0 |       0 |    0 |      0 |      0 |      0 |    0 |          0 |
|         mem_ext                |                             mem_2048x384__3 |          0 |          0 |       0 |    0 |      0 |      0 |      0 |    6 |          0 |
|   resadd2                      |                                 ResAdd2FP32 |      11737 |      11737 |       0 |    0 |    407 |      0 |      0 |   12 |          0 |
|     (resadd2)                  |                                 ResAdd2FP32 |          3 |          3 |       0 |    0 |    399 |      0 |      0 |    0 |          0 |
|     add                        |                                  Fp32VecAdd |      11532 |      11532 |       0 |    0 |      0 |      0 |      0 |    0 |          0 |
|       add                      |                                Fp32Add__161 |        961 |        961 |       0 |    0 |      0 |      0 |      0 |    0 |          0 |
|         (add)                  |                                Fp32Add__161 |        284 |        284 |       0 |    0 |      0 |      0 |      0 |    0 |          0 |
|         add                    |                               AddRecFN__175 |        677 |        677 |       0 |    0 |      0 |      0 |      0 |    0 |          0 |
|           (add)                |                               AddRecFN__175 |          5 |          5 |       0 |    0 |      0 |      0 |      0 |    0 |          0 |
|           addRawFN             |                               AddRawFN__175 |        471 |        471 |       0 |    0 |      0 |      0 |      0 |    0 |          0 |
|           roundRawFNToRecFN    |               RoundRawFNToRecFN_e8_s24__370 |        201 |        201 |       0 |    0 |      0 |      0 |      0 |    0 |          0 |
|       add_1                    |                                Fp32Add__162 |        961 |        961 |       0 |    0 |      0 |      0 |      0 |    0 |          0 |
|         (add_1)                |                                Fp32Add__162 |        284 |        284 |       0 |    0 |      0 |      0 |      0 |    0 |          0 |
|         add                    |                               AddRecFN__176 |        677 |        677 |       0 |    0 |      0 |      0 |      0 |    0 |          0 |
|           (add)                |                               AddRecFN__176 |          5 |          5 |       0 |    0 |      0 |      0 |      0 |    0 |          0 |
|           addRawFN             |                               AddRawFN__176 |        471 |        471 |       0 |    0 |      0 |      0 |      0 |    0 |          0 |
|           roundRawFNToRecFN    |               RoundRawFNToRecFN_e8_s24__371 |        201 |        201 |       0 |    0 |      0 |      0 |      0 |    0 |          0 |
|       add_10                   |                                Fp32Add__171 |        961 |        961 |       0 |    0 |      0 |      0 |      0 |    0 |          0 |
|         (add_10)               |                                Fp32Add__171 |        284 |        284 |       0 |    0 |      0 |      0 |      0 |    0 |          0 |
|         add                    |                               AddRecFN__185 |        677 |        677 |       0 |    0 |      0 |      0 |      0 |    0 |          0 |
|           (add)                |                               AddRecFN__185 |          5 |          5 |       0 |    0 |      0 |      0 |      0 |    0 |          0 |
|           addRawFN             |                               AddRawFN__185 |        471 |        471 |       0 |    0 |      0 |      0 |      0 |    0 |          0 |
|           roundRawFNToRecFN    |               RoundRawFNToRecFN_e8_s24__380 |        201 |        201 |       0 |    0 |      0 |      0 |      0 |    0 |          0 |
|       add_11                   |                                     Fp32Add |        961 |        961 |       0 |    0 |      0 |      0 |      0 |    0 |          0 |
|         (add_11)               |                                     Fp32Add |        284 |        284 |       0 |    0 |      0 |      0 |      0 |    0 |          0 |
|         add                    |                                 AddRecFN__1 |        677 |        677 |       0 |    0 |      0 |      0 |      0 |    0 |          0 |
|           (add)                |                                 AddRecFN__1 |          5 |          5 |       0 |    0 |      0 |      0 |      0 |    0 |          0 |
|           addRawFN             |                                 AddRawFN__1 |        471 |        471 |       0 |    0 |      0 |      0 |      0 |    0 |          0 |
|           roundRawFNToRecFN    |                 RoundRawFNToRecFN_e8_s24__2 |        201 |        201 |       0 |    0 |      0 |      0 |      0 |    0 |          0 |
|       add_2                    |                                Fp32Add__163 |        961 |        961 |       0 |    0 |      0 |      0 |      0 |    0 |          0 |
|         (add_2)                |                                Fp32Add__163 |        284 |        284 |       0 |    0 |      0 |      0 |      0 |    0 |          0 |
|         add                    |                               AddRecFN__177 |        677 |        677 |       0 |    0 |      0 |      0 |      0 |    0 |          0 |
|           (add)                |                               AddRecFN__177 |          5 |          5 |       0 |    0 |      0 |      0 |      0 |    0 |          0 |
|           addRawFN             |                               AddRawFN__177 |        471 |        471 |       0 |    0 |      0 |      0 |      0 |    0 |          0 |
|           roundRawFNToRecFN    |               RoundRawFNToRecFN_e8_s24__372 |        201 |        201 |       0 |    0 |      0 |      0 |      0 |    0 |          0 |
|       add_3                    |                                Fp32Add__164 |        961 |        961 |       0 |    0 |      0 |      0 |      0 |    0 |          0 |
|         (add_3)                |                                Fp32Add__164 |        284 |        284 |       0 |    0 |      0 |      0 |      0 |    0 |          0 |
|         add                    |                               AddRecFN__178 |        677 |        677 |       0 |    0 |      0 |      0 |      0 |    0 |          0 |
|           (add)                |                               AddRecFN__178 |          5 |          5 |       0 |    0 |      0 |      0 |      0 |    0 |          0 |
|           addRawFN             |                               AddRawFN__178 |        471 |        471 |       0 |    0 |      0 |      0 |      0 |    0 |          0 |
|           roundRawFNToRecFN    |               RoundRawFNToRecFN_e8_s24__373 |        201 |        201 |       0 |    0 |      0 |      0 |      0 |    0 |          0 |
|       add_4                    |                                Fp32Add__165 |        961 |        961 |       0 |    0 |      0 |      0 |      0 |    0 |          0 |
|         (add_4)                |                                Fp32Add__165 |        284 |        284 |       0 |    0 |      0 |      0 |      0 |    0 |          0 |
|         add                    |                               AddRecFN__179 |        677 |        677 |       0 |    0 |      0 |      0 |      0 |    0 |          0 |
|           (add)                |                               AddRecFN__179 |          5 |          5 |       0 |    0 |      0 |      0 |      0 |    0 |          0 |
|           addRawFN             |                               AddRawFN__179 |        471 |        471 |       0 |    0 |      0 |      0 |      0 |    0 |          0 |
|           roundRawFNToRecFN    |               RoundRawFNToRecFN_e8_s24__374 |        201 |        201 |       0 |    0 |      0 |      0 |      0 |    0 |          0 |
|       add_5                    |                                Fp32Add__166 |        961 |        961 |       0 |    0 |      0 |      0 |      0 |    0 |          0 |
|         (add_5)                |                                Fp32Add__166 |        284 |        284 |       0 |    0 |      0 |      0 |      0 |    0 |          0 |
|         add                    |                               AddRecFN__180 |        677 |        677 |       0 |    0 |      0 |      0 |      0 |    0 |          0 |
|           (add)                |                               AddRecFN__180 |          5 |          5 |       0 |    0 |      0 |      0 |      0 |    0 |          0 |
|           addRawFN             |                               AddRawFN__180 |        471 |        471 |       0 |    0 |      0 |      0 |      0 |    0 |          0 |
|           roundRawFNToRecFN    |               RoundRawFNToRecFN_e8_s24__375 |        201 |        201 |       0 |    0 |      0 |      0 |      0 |    0 |          0 |
|       add_6                    |                                Fp32Add__167 |        961 |        961 |       0 |    0 |      0 |      0 |      0 |    0 |          0 |
|         (add_6)                |                                Fp32Add__167 |        284 |        284 |       0 |    0 |      0 |      0 |      0 |    0 |          0 |
|         add                    |                               AddRecFN__181 |        677 |        677 |       0 |    0 |      0 |      0 |      0 |    0 |          0 |
|           (add)                |                               AddRecFN__181 |          5 |          5 |       0 |    0 |      0 |      0 |      0 |    0 |          0 |
|           addRawFN             |                               AddRawFN__181 |        471 |        471 |       0 |    0 |      0 |      0 |      0 |    0 |          0 |
|           roundRawFNToRecFN    |               RoundRawFNToRecFN_e8_s24__376 |        201 |        201 |       0 |    0 |      0 |      0 |      0 |    0 |          0 |
|       add_7                    |                                Fp32Add__168 |        961 |        961 |       0 |    0 |      0 |      0 |      0 |    0 |          0 |
|         (add_7)                |                                Fp32Add__168 |        284 |        284 |       0 |    0 |      0 |      0 |      0 |    0 |          0 |
|         add                    |                               AddRecFN__182 |        677 |        677 |       0 |    0 |      0 |      0 |      0 |    0 |          0 |
|           (add)                |                               AddRecFN__182 |          5 |          5 |       0 |    0 |      0 |      0 |      0 |    0 |          0 |
|           addRawFN             |                               AddRawFN__182 |        471 |        471 |       0 |    0 |      0 |      0 |      0 |    0 |          0 |
|           roundRawFNToRecFN    |               RoundRawFNToRecFN_e8_s24__377 |        201 |        201 |       0 |    0 |      0 |      0 |      0 |    0 |          0 |
|       add_8                    |                                Fp32Add__169 |        961 |        961 |       0 |    0 |      0 |      0 |      0 |    0 |          0 |
|         (add_8)                |                                Fp32Add__169 |        284 |        284 |       0 |    0 |      0 |      0 |      0 |    0 |          0 |
|         add                    |                               AddRecFN__183 |        677 |        677 |       0 |    0 |      0 |      0 |      0 |    0 |          0 |
|           (add)                |                               AddRecFN__183 |          5 |          5 |       0 |    0 |      0 |      0 |      0 |    0 |          0 |
|           addRawFN             |                               AddRawFN__183 |        471 |        471 |       0 |    0 |      0 |      0 |      0 |    0 |          0 |
|           roundRawFNToRecFN    |               RoundRawFNToRecFN_e8_s24__378 |        201 |        201 |       0 |    0 |      0 |      0 |      0 |    0 |          0 |
|       add_9                    |                                Fp32Add__170 |        961 |        961 |       0 |    0 |      0 |      0 |      0 |    0 |          0 |
|         (add_9)                |                                Fp32Add__170 |        284 |        284 |       0 |    0 |      0 |      0 |      0 |    0 |          0 |
|         add                    |                               AddRecFN__184 |        677 |        677 |       0 |    0 |      0 |      0 |      0 |    0 |          0 |
|           (add)                |                               AddRecFN__184 |          5 |          5 |       0 |    0 |      0 |      0 |      0 |    0 |          0 |
|           addRawFN             |                               AddRawFN__184 |        471 |        471 |       0 |    0 |      0 |      0 |      0 |    0 |          0 |
|           roundRawFNToRecFN    |               RoundRawFNToRecFN_e8_s24__379 |        201 |        201 |       0 |    0 |      0 |      0 |      0 |    0 |          0 |
|     mem                        |                                  DataMem_10 |        202 |        202 |       0 |    0 |      8 |      0 |      0 |   12 |          0 |
|       (mem)                    |                                  DataMem_10 |        202 |        202 |       0 |    0 |      8 |      0 |      0 |    0 |          0 |
|       mem0_ext                 |                             mem_2048x384__4 |          0 |          0 |       0 |    0 |      0 |      0 |      0 |    6 |          0 |
|       mem1_ext                 |                                mem_2048x384 |          0 |          0 |       0 |    0 |      0 |      0 |      0 |    6 |          0 |
+--------------------------------+---------------------------------------------+------------+------------+---------+------+--------+--------+--------+------+------------+


