Copyright 1986-2021 Xilinx, Inc. All Rights Reserved.
--------------------------------------------------------------------------------------------------------
| Tool Version : Vivado v.2021.1 (lin64) Build 3247384 Thu Jun 10 19:36:07 MDT 2021
| Date         : Mon Mar 23 08:50:40 2026
| Host         : dsic-h3c-server03 running 64-bit CentOS Linux release 7.9.2009 (Core)
| Command      : report_utilization -file utilization_optimized.rpt -hierarchical -hierarchical_depth 5
| Design       : Top
| Device       : xcvu9pflga2104-2
| Design State : Synthesized
--------------------------------------------------------------------------------------------------------

Utilization Design Information

Table of Contents
-----------------
1. Utilization by Hierarchy

1. Utilization by Hierarchy
---------------------------

+----------------------------+-------------------------+------------+------------+---------+------+--------+--------+--------+------+------------+
|          Instance          |          Module         | Total LUTs | Logic LUTs | LUTRAMs | SRLs |   FFs  | RAMB36 | RAMB18 | URAM | DSP Blocks |
+----------------------------+-------------------------+------------+------------+---------+------+--------+--------+--------+------+------------+
| Top                        |                   (top) |     145503 |     144934 |     296 |  273 | 194117 |     87 |     19 |   26 |       1946 |
|   (Top)                    |                   (top) |        147 |        147 |       0 |    0 |    138 |      0 |      0 |    0 |          0 |
|   acc_mem_ext              |        acc_mem_2048x192 |        336 |        336 |       0 |    0 |      0 |      0 |      0 |    3 |          0 |
|   atten                    |                   Atten |       9449 |       9138 |     296 |   15 |  16256 |     12 |      4 |   19 |        103 |
|     (atten)                |                   Atten |        104 |        104 |       0 |    0 |      0 |      0 |      3 |    0 |          1 |
|     dm1                    |                     DM1 |        730 |        426 |     296 |    8 |   1313 |      2 |      0 |    8 |         48 |
|       cu_inst              |                DMCUPlus |        696 |        392 |     296 |    8 |   1287 |      0 |      0 |    8 |         48 |
|         (cu_inst)          |                DMCUPlus |        354 |        354 |       0 |    0 |   1276 |      0 |      0 |    0 |          1 |
|         KCache             |    R1W1Mem_2__xdcDup__1 |          0 |          0 |       0 |    0 |      0 |      0 |      0 |    8 |          0 |
|           mem_ext          | mem_3328x512__xdcDup__1 |          0 |          0 |       0 |    0 |      0 |      0 |      0 |    8 |          0 |
|         QCache             |               R1W1Mem_1 |        296 |          0 |     296 |    0 |      3 |      0 |      0 |    0 |          0 |
|           mem_ext          |               mem_8x512 |        296 |          0 |     296 |    0 |      3 |      0 |      0 |    0 |          0 |
|         acc_first_pipreg   |          PipReg_22_1444 |          2 |          1 |       0 |    1 |      1 |      0 |      0 |    0 |          0 |
|         acc_update_pipreg  |          PipReg_22_1445 |          1 |          0 |       0 |    1 |      1 |      0 |      0 |    0 |          0 |
|         acc_valid_pipreg   |               PipReg_33 |          2 |          1 |       0 |    1 |      1 |      0 |      0 |    0 |          0 |
|         addtree            |              AddTree_38 |          8 |          8 |       0 |    0 |      0 |      0 |      0 |    0 |         31 |
|         mullist_0          |              Muler_1446 |          0 |          0 |       0 |    0 |      0 |      0 |      0 |    0 |          1 |
|         mullist_10         |              Muler_1447 |          0 |          0 |       0 |    0 |      0 |      0 |      0 |    0 |          1 |
|         mullist_12         |              Muler_1448 |          0 |          0 |       0 |    0 |      0 |      0 |      0 |    0 |          1 |
|         mullist_14         |              Muler_1449 |          0 |          0 |       0 |    0 |      0 |      0 |      0 |    0 |          1 |
|         mullist_16         |              Muler_1450 |          0 |          0 |       0 |    0 |      0 |      0 |      0 |    0 |          1 |
|         mullist_18         |              Muler_1451 |          0 |          0 |       0 |    0 |      0 |      0 |      0 |    0 |          1 |
|         mullist_2          |              Muler_1452 |          0 |          0 |       0 |    0 |      0 |      0 |      0 |    0 |          1 |
|         mullist_20         |              Muler_1453 |          0 |          0 |       0 |    0 |      0 |      0 |      0 |    0 |          1 |
|         mullist_22         |              Muler_1454 |          0 |          0 |       0 |    0 |      0 |      0 |      0 |    0 |          1 |
|         mullist_24         |              Muler_1455 |          0 |          0 |       0 |    0 |      0 |      0 |      0 |    0 |          1 |
|         mullist_26         |              Muler_1456 |          0 |          0 |       0 |    0 |      0 |      0 |      0 |    0 |          1 |
|         mullist_28         |              Muler_1457 |          0 |          0 |       0 |    0 |      0 |      0 |      0 |    0 |          1 |
|         mullist_30         |              Muler_1458 |          0 |          0 |       0 |    0 |      0 |      0 |      0 |    0 |          1 |
|         mullist_4          |              Muler_1459 |          0 |          0 |       0 |    0 |      0 |      0 |      0 |    0 |          1 |
|         mullist_6          |              Muler_1460 |          0 |          0 |       0 |    0 |      0 |      0 |      0 |    0 |          1 |
|         mullist_8          |              Muler_1461 |          0 |          0 |       0 |    0 |      0 |      0 |      0 |    0 |          1 |
|         res_ksel_pipreg    |               PipReg_34 |         33 |         28 |       0 |    5 |      5 |      0 |      0 |    0 |          0 |
|       lu_inst              |                 LoadU_2 |         20 |         20 |       0 |    0 |     13 |      0 |      0 |    0 |          0 |
|       mem_inst             |               DataMen_2 |          9 |          9 |       0 |    0 |      8 |      2 |      0 |    0 |          0 |
|         (mem_inst)         |               DataMen_2 |          9 |          9 |       0 |    0 |      8 |      0 |      0 |    0 |          0 |
|         mem                |               R1W1Mem_3 |          0 |          0 |       0 |    0 |      0 |      2 |      0 |    0 |          0 |
|           mem_ext          |             mem_2048x32 |          0 |          0 |       0 |    0 |      0 |      2 |      0 |    0 |          0 |
|       su_inst              |                StoreU_2 |          5 |          5 |       0 |    0 |      5 |      0 |      0 |    0 |          0 |
|     dm2                    |                     DM2 |       4250 |       4243 |       0 |    7 |  14297 |     10 |      1 |    8 |         28 |
|       ctxmem_inst          |               DataMen_6 |          9 |          9 |       0 |    0 |      8 |      3 |      0 |    0 |          0 |
|         (ctxmem_inst)      |               DataMen_6 |          9 |          9 |       0 |    0 |      8 |      0 |      0 |    0 |          0 |
|         mem                |              R1W1Mem_10 |          0 |          0 |       0 |    0 |      0 |      3 |      0 |    0 |          0 |
|           mem_ext          |              mem_64x208 |          0 |          0 |       0 |    0 |      0 |      3 |      0 |    0 |          0 |
|       dm_inst              |                   DM2CU |       3919 |       3912 |       0 |    7 |  14252 |      0 |      0 |    8 |         28 |
|         (dm_inst)          |                   DM2CU |        141 |        141 |       0 |    0 |  14029 |      0 |      0 |    0 |          2 |
|         VCache             |               R1W1Mem_2 |          0 |          0 |       0 |    0 |      0 |      0 |      0 |    8 |          0 |
|           mem_ext          |            mem_3328x512 |          0 |          0 |       0 |    0 |      0 |      0 |      0 |    8 |          0 |
|         addrescnt_pipreg   |               PipReg_36 |         40 |         34 |       0 |    6 |      6 |      0 |      0 |    0 |          0 |
|         addresvalid_pipreg |               PipReg_35 |          2 |          1 |       0 |    1 |      1 |      0 |      0 |    0 |          0 |
|         addrtree           |              AddTree_39 |        200 |        200 |       0 |    0 |    216 |      0 |      0 |    0 |          0 |
|         mul_list_0         |              Muler_1418 |        136 |        136 |       0 |    0 |      0 |      0 |      0 |    0 |          1 |
|         mul_list_1         |              Muler_1419 |        136 |        136 |       0 |    0 |      0 |      0 |      0 |    0 |          1 |
|         mul_list_10        |              Muler_1420 |        136 |        136 |       0 |    0 |      0 |      0 |      0 |    0 |          1 |
|         mul_list_11        |              Muler_1421 |        136 |        136 |       0 |    0 |      0 |      0 |      0 |    0 |          1 |
|         mul_list_12        |              Muler_1422 |        136 |        136 |       0 |    0 |      0 |      0 |      0 |    0 |          1 |
|         mul_list_13        |              Muler_1423 |        136 |        136 |       0 |    0 |      0 |      0 |      0 |    0 |          1 |
|         mul_list_14        |              Muler_1424 |        136 |        136 |       0 |    0 |      0 |      0 |      0 |    0 |          1 |
|         mul_list_15        |              Muler_1425 |        136 |        136 |       0 |    0 |      0 |      0 |      0 |    0 |          1 |
|         mul_list_16        |              Muler_1426 |        136 |        136 |       0 |    0 |      0 |      0 |      0 |    0 |          1 |
|         mul_list_17        |              Muler_1427 |        136 |        136 |       0 |    0 |      0 |      0 |      0 |    0 |          1 |
|         mul_list_18        |              Muler_1428 |        136 |        136 |       0 |    0 |      0 |      0 |      0 |    0 |          1 |
|         mul_list_19        |              Muler_1429 |        136 |        136 |       0 |    0 |      0 |      0 |      0 |    0 |          1 |
|         mul_list_2         |              Muler_1430 |        136 |        136 |       0 |    0 |      0 |      0 |      0 |    0 |          1 |
|         mul_list_20        |              Muler_1431 |        136 |        136 |       0 |    0 |      0 |      0 |      0 |    0 |          1 |
|         mul_list_21        |              Muler_1432 |        136 |        136 |       0 |    0 |      0 |      0 |      0 |    0 |          1 |
|         mul_list_22        |              Muler_1433 |        136 |        136 |       0 |    0 |      0 |      0 |      0 |    0 |          1 |
|         mul_list_23        |              Muler_1434 |        136 |        136 |       0 |    0 |      0 |      0 |      0 |    0 |          1 |
|         mul_list_24        |              Muler_1435 |        136 |        136 |       0 |    0 |      0 |      0 |      0 |    0 |          1 |
|         mul_list_25        |              Muler_1436 |        136 |        136 |       0 |    0 |      0 |      0 |      0 |    0 |          1 |
|         mul_list_3         |              Muler_1437 |        136 |        136 |       0 |    0 |      0 |      0 |      0 |    0 |          1 |
|         mul_list_4         |              Muler_1438 |        136 |        136 |       0 |    0 |      0 |      0 |      0 |    0 |          1 |
|         mul_list_5         |              Muler_1439 |        136 |        136 |       0 |    0 |      0 |      0 |      0 |    0 |          1 |
|         mul_list_6         |              Muler_1440 |        136 |        136 |       0 |    0 |      0 |      0 |      0 |    0 |          1 |
|         mul_list_7         |              Muler_1441 |        136 |        136 |       0 |    0 |      0 |      0 |      0 |    0 |          1 |
|         mul_list_8         |              Muler_1442 |        136 |        136 |       0 |    0 |      0 |      0 |      0 |    0 |          1 |
|         mul_list_9         |              Muler_1443 |        136 |        136 |       0 |    0 |      0 |      0 |      0 |    0 |          1 |
|       loadu_inst           |                 LoadU_4 |         56 |         56 |       0 |    0 |     29 |      0 |      0 |    0 |          0 |
|       vmem_inst            |               DataMen_5 |        266 |        266 |       0 |    0 |      8 |      7 |      1 |    0 |          0 |
|         (vmem_inst)        |               DataMen_5 |          8 |          8 |       0 |    0 |      8 |      0 |      0 |    0 |          0 |
|         mem                |               R1W1Mem_9 |        258 |        258 |       0 |    0 |      0 |      7 |      1 |    0 |          0 |
|           mem_ext          |              mem_64x512 |        258 |        258 |       0 |    0 |      0 |      7 |      1 |    0 |          0 |
|     softmax                |              SoftmaxPip |       4113 |       4113 |       0 |    0 |     53 |      0 |      0 |    3 |         26 |
|       (softmax)            |              SoftmaxPip |        916 |        916 |       0 |    0 |      0 |      0 |      0 |    0 |          0 |
|       cu_inst              |                    CU_1 |       2521 |       2521 |       0 |    0 |      0 |      0 |      0 |    0 |         26 |
|         softmax            |                 Softmax |       2521 |       2521 |       0 |    0 |      0 |      0 |      0 |    0 |         26 |
|           (softmax)        |                 Softmax |        185 |        185 |       0 |    0 |      0 |      0 |      0 |    0 |         26 |
|           sum              |                     Sum |       2336 |       2336 |       0 |    0 |      0 |      0 |      0 |    0 |          0 |
|       lu_inst              |                 LoadU_3 |         19 |         19 |       0 |    0 |     17 |      0 |      0 |    0 |          0 |
|       lw_inst              |                 LoadW_1 |        636 |        636 |       0 |    0 |     12 |      0 |      0 |    0 |          0 |
|       mem_inst             |               DataMen_3 |          7 |          7 |       0 |    0 |      8 |      0 |      0 |    3 |          0 |
|         (mem_inst)         |               DataMen_3 |          7 |          7 |       0 |    0 |      8 |      0 |      0 |    0 |          0 |
|         mem                |               R1W1Mem_4 |          0 |          0 |       0 |    0 |      0 |      0 |      0 |    3 |          0 |
|           mem_ext          |            mem_4096x208 |          0 |          0 |       0 |    0 |      0 |      0 |      0 |    3 |          0 |
|       su_inst              |                StoreU_3 |         14 |         14 |       0 |    0 |     16 |      0 |      0 |    0 |          0 |
|     vcache                 |                  VCache |        252 |        252 |       0 |    0 |    593 |      0 |      0 |    0 |          0 |
|       lsu_inst             |                     LSU |        227 |        227 |       0 |    0 |    583 |      0 |      0 |    0 |          0 |
|       mem_inst             |               DataMen_4 |         25 |         25 |       0 |    0 |     10 |      0 |      0 |    0 |          0 |
|   ffndown                  |                 FFNDown |      28710 |      28702 |       0 |    8 |  29329 |     10 |      2 |    0 |        453 |
|     cu_inst                |                    CU_5 |      28569 |      28561 |       0 |    8 |  29151 |      0 |      0 |    0 |        452 |
|       (cu_inst)            |                    CU_5 |       5501 |       5501 |       0 |    0 |  26070 |      0 |      0 |    0 |          0 |
|       addTreeList_0        |               AddTree_2 |        600 |        600 |       0 |    0 |     96 |      0 |      0 |    0 |          0 |
|       addTreeList_1        |             AddTree_2_7 |        597 |        597 |       0 |    0 |     96 |      0 |      0 |    0 |          0 |
|       addTreeList_10       |             AddTree_2_8 |        600 |        600 |       0 |    0 |     96 |      0 |      0 |    0 |          0 |
|       addTreeList_11       |             AddTree_2_9 |        598 |        598 |       0 |    0 |     96 |      0 |      0 |    0 |          0 |
|       addTreeList_12       |            AddTree_2_10 |        598 |        598 |       0 |    0 |     96 |      0 |      0 |    0 |          0 |
|       addTreeList_13       |            AddTree_2_11 |        541 |        541 |       0 |    0 |     16 |      0 |      0 |    0 |         10 |
|       addTreeList_14       |            AddTree_2_12 |        542 |        542 |       0 |    0 |     16 |      0 |      0 |    0 |         10 |
|       addTreeList_15       |            AddTree_2_13 |        600 |        600 |       0 |    0 |     96 |      0 |      0 |    0 |          0 |
|       addTreeList_16       |            AddTree_2_14 |        543 |        543 |       0 |    0 |     16 |      0 |      0 |    0 |         10 |
|       addTreeList_17       |            AddTree_2_15 |        600 |        600 |       0 |    0 |     96 |      0 |      0 |    0 |          0 |
|       addTreeList_18       |            AddTree_2_16 |        544 |        544 |       0 |    0 |     16 |      0 |      0 |    0 |         10 |
|       addTreeList_19       |            AddTree_2_17 |        600 |        600 |       0 |    0 |     96 |      0 |      0 |    0 |          0 |
|       addTreeList_2        |            AddTree_2_18 |        598 |        598 |       0 |    0 |     96 |      0 |      0 |    0 |          0 |
|       addTreeList_20       |            AddTree_2_19 |        600 |        600 |       0 |    0 |     96 |      0 |      0 |    0 |          0 |
|       addTreeList_21       |            AddTree_2_20 |        600 |        600 |       0 |    0 |     96 |      0 |      0 |    0 |          0 |
|       addTreeList_22       |            AddTree_2_21 |        600 |        600 |       0 |    0 |     96 |      0 |      0 |    0 |          0 |
|       addTreeList_23       |            AddTree_2_22 |        597 |        597 |       0 |    0 |     96 |      0 |      0 |    0 |          0 |
|       addTreeList_24       |            AddTree_2_23 |        600 |        600 |       0 |    0 |     96 |      0 |      0 |    0 |          0 |
|       addTreeList_25       |            AddTree_2_24 |        598 |        598 |       0 |    0 |     96 |      0 |      0 |    0 |          0 |
|       addTreeList_26       |            AddTree_2_25 |        597 |        597 |       0 |    0 |     96 |      0 |      0 |    0 |          0 |
|       addTreeList_27       |            AddTree_2_26 |        597 |        597 |       0 |    0 |     96 |      0 |      0 |    0 |          0 |
|       addTreeList_28       |            AddTree_2_27 |        600 |        600 |       0 |    0 |     96 |      0 |      0 |    0 |          0 |
|       addTreeList_29       |            AddTree_2_28 |        600 |        600 |       0 |    0 |     96 |      0 |      0 |    0 |          0 |
|       addTreeList_3        |            AddTree_2_29 |        597 |        597 |       0 |    0 |     96 |      0 |      0 |    0 |          0 |
|       addTreeList_30       |            AddTree_2_30 |        597 |        597 |       0 |    0 |     96 |      0 |      0 |    0 |          0 |
|       addTreeList_31       |            AddTree_2_31 |        598 |        598 |       0 |    0 |     96 |      0 |      0 |    0 |          0 |
|       addTreeList_32       |            AddTree_2_32 |        600 |        600 |       0 |    0 |     96 |      0 |      0 |    0 |          0 |
|       addTreeList_33       |            AddTree_2_33 |        600 |        600 |       0 |    0 |     96 |      0 |      0 |    0 |          0 |
|       addTreeList_34       |            AddTree_2_34 |        597 |        597 |       0 |    0 |     96 |      0 |      0 |    0 |          0 |
|       addTreeList_35       |            AddTree_2_35 |        600 |        600 |       0 |    0 |     96 |      0 |      0 |    0 |          0 |
|       addTreeList_4        |            AddTree_2_36 |        544 |        544 |       0 |    0 |     16 |      0 |      0 |    0 |         10 |
|       addTreeList_5        |            AddTree_2_37 |        600 |        600 |       0 |    0 |     96 |      0 |      0 |    0 |          0 |
|       addTreeList_6        |            AddTree_2_38 |        600 |        600 |       0 |    0 |     96 |      0 |      0 |    0 |          0 |
|       addTreeList_7        |            AddTree_2_39 |        600 |        600 |       0 |    0 |     96 |      0 |      0 |    0 |          0 |
|       addTreeList_8        |            AddTree_2_40 |        600 |        600 |       0 |    0 |     96 |      0 |      0 |    0 |          0 |
|       addTreeList_9        |            AddTree_2_41 |        600 |        600 |       0 |    0 |     96 |      0 |      0 |    0 |          0 |
|       batchsizelast_pipreg |               PipReg_24 |         27 |         27 |       0 |    0 |      2 |      0 |      0 |    0 |          0 |
|       block_first_pipreg   |               PipReg_26 |         41 |         40 |       0 |    1 |      2 |      0 |      0 |    0 |          0 |
|       cnt_batchsize_pipreg |               PipReg_27 |        100 |         95 |       0 |    5 |     16 |      0 |      0 |    0 |          0 |
|       mul_list_0_0         |                Muler_15 |          4 |          4 |       0 |    0 |      0 |      0 |      0 |    0 |          1 |
|       mul_list_0_1         |             Muler_15_42 |          4 |          4 |       0 |    0 |      0 |      0 |      0 |    0 |          1 |
|       mul_list_0_10        |             Muler_15_43 |          4 |          4 |       0 |    0 |      0 |      0 |      0 |    0 |          1 |
|       mul_list_0_11        |             Muler_15_44 |          4 |          4 |       0 |    0 |      0 |      0 |      0 |    0 |          1 |
|       mul_list_0_12        |             Muler_15_45 |          4 |          4 |       0 |    0 |      0 |      0 |      0 |    0 |          1 |
|       mul_list_0_13        |             Muler_15_46 |          4 |          4 |       0 |    0 |      0 |      0 |      0 |    0 |          1 |
|       mul_list_0_14        |             Muler_15_47 |          4 |          4 |       0 |    0 |      0 |      0 |      0 |    0 |          1 |
|       mul_list_0_15        |             Muler_15_48 |          4 |          4 |       0 |    0 |      0 |      0 |      0 |    0 |          1 |
|       mul_list_0_16        |             Muler_15_49 |          4 |          4 |       0 |    0 |      0 |      0 |      0 |    0 |          1 |
|       mul_list_0_17        |             Muler_15_50 |          4 |          4 |       0 |    0 |      0 |      0 |      0 |    0 |          1 |
|       mul_list_0_18        |             Muler_15_51 |          4 |          4 |       0 |    0 |      0 |      0 |      0 |    0 |          1 |
|       mul_list_0_19        |             Muler_15_52 |          4 |          4 |       0 |    0 |      0 |      0 |      0 |    0 |          1 |
|       mul_list_0_2         |             Muler_15_53 |          4 |          4 |       0 |    0 |      0 |      0 |      0 |    0 |          1 |
|       mul_list_0_20        |             Muler_15_54 |          4 |          4 |       0 |    0 |      0 |      0 |      0 |    0 |          1 |
|       mul_list_0_21        |             Muler_15_55 |          4 |          4 |       0 |    0 |      0 |      0 |      0 |    0 |          1 |
|       mul_list_0_22        |             Muler_15_56 |          4 |          4 |       0 |    0 |      0 |      0 |      0 |    0 |          1 |
|       mul_list_0_23        |             Muler_15_57 |          4 |          4 |       0 |    0 |      0 |      0 |      0 |    0 |          1 |
|       mul_list_0_24        |             Muler_15_58 |          4 |          4 |       0 |    0 |      0 |      0 |      0 |    0 |          1 |
|       mul_list_0_25        |             Muler_15_59 |          4 |          4 |       0 |    0 |      0 |      0 |      0 |    0 |          1 |
|       mul_list_0_26        |             Muler_15_60 |          4 |          4 |       0 |    0 |      0 |      0 |      0 |    0 |          1 |
|       mul_list_0_27        |             Muler_15_61 |          4 |          4 |       0 |    0 |      0 |      0 |      0 |    0 |          1 |
|       mul_list_0_28        |             Muler_15_62 |          4 |          4 |       0 |    0 |      0 |      0 |      0 |    0 |          1 |
|       mul_list_0_29        |             Muler_15_63 |          4 |          4 |       0 |    0 |      0 |      0 |      0 |    0 |          1 |
|       mul_list_0_3         |             Muler_15_64 |          4 |          4 |       0 |    0 |      0 |      0 |      0 |    0 |          1 |
|       mul_list_0_30        |             Muler_15_65 |          4 |          4 |       0 |    0 |      0 |      0 |      0 |    0 |          1 |
|       mul_list_0_31        |             Muler_15_66 |          4 |          4 |       0 |    0 |      0 |      0 |      0 |    0 |          1 |
|       mul_list_0_32        |             Muler_15_67 |          4 |          4 |       0 |    0 |      0 |      0 |      0 |    0 |          1 |
|       mul_list_0_33        |             Muler_15_68 |          4 |          4 |       0 |    0 |      0 |      0 |      0 |    0 |          1 |
|       mul_list_0_34        |             Muler_15_69 |          4 |          4 |       0 |    0 |      0 |      0 |      0 |    0 |          1 |
|       mul_list_0_35        |             Muler_15_70 |          4 |          4 |       0 |    0 |      0 |      0 |      0 |    0 |          1 |
|       mul_list_0_4         |             Muler_15_71 |          4 |          4 |       0 |    0 |      0 |      0 |      0 |    0 |          1 |
|       mul_list_0_5         |             Muler_15_72 |          4 |          4 |       0 |    0 |      0 |      0 |      0 |    0 |          1 |
|       mul_list_0_6         |             Muler_15_73 |          4 |          4 |       0 |    0 |      0 |      0 |      0 |    0 |          1 |
|       mul_list_0_7         |             Muler_15_74 |          4 |          4 |       0 |    0 |      0 |      0 |      0 |    0 |          1 |
|       mul_list_0_8         |             Muler_15_75 |          4 |          4 |       0 |    0 |      0 |      0 |      0 |    0 |          1 |
|       mul_list_0_9         |             Muler_15_76 |          4 |          4 |       0 |    0 |      0 |      0 |      0 |    0 |          1 |
|       mul_list_10_0        |             Muler_15_77 |          4 |          4 |       0 |    0 |      0 |      0 |      0 |    0 |          1 |
|       mul_list_10_1        |             Muler_15_78 |          4 |          4 |       0 |    0 |      0 |      0 |      0 |    0 |          1 |
|       mul_list_10_10       |             Muler_15_79 |          4 |          4 |       0 |    0 |      0 |      0 |      0 |    0 |          1 |
|       mul_list_10_11       |             Muler_15_80 |          4 |          4 |       0 |    0 |      0 |      0 |      0 |    0 |          1 |
|       mul_list_10_12       |             Muler_15_81 |          4 |          4 |       0 |    0 |      0 |      0 |      0 |    0 |          1 |
|       mul_list_10_13       |             Muler_15_82 |          4 |          4 |       0 |    0 |      0 |      0 |      0 |    0 |          1 |
|       mul_list_10_14       |             Muler_15_83 |          4 |          4 |       0 |    0 |      0 |      0 |      0 |    0 |          1 |
|       mul_list_10_15       |             Muler_15_84 |          4 |          4 |       0 |    0 |      0 |      0 |      0 |    0 |          1 |
|       mul_list_10_16       |             Muler_15_85 |          4 |          4 |       0 |    0 |      0 |      0 |      0 |    0 |          1 |
|       mul_list_10_17       |             Muler_15_86 |          4 |          4 |       0 |    0 |      0 |      0 |      0 |    0 |          1 |
|       mul_list_10_18       |             Muler_15_87 |          4 |          4 |       0 |    0 |      0 |      0 |      0 |    0 |          1 |
|       mul_list_10_19       |             Muler_15_88 |          4 |          4 |       0 |    0 |      0 |      0 |      0 |    0 |          1 |
|       mul_list_10_2        |             Muler_15_89 |          4 |          4 |       0 |    0 |      0 |      0 |      0 |    0 |          1 |
|       mul_list_10_20       |             Muler_15_90 |          4 |          4 |       0 |    0 |      0 |      0 |      0 |    0 |          1 |
|       mul_list_10_21       |             Muler_15_91 |          4 |          4 |       0 |    0 |      0 |      0 |      0 |    0 |          1 |
|       mul_list_10_22       |             Muler_15_92 |          4 |          4 |       0 |    0 |      0 |      0 |      0 |    0 |          1 |
|       mul_list_10_23       |             Muler_15_93 |          4 |          4 |       0 |    0 |      0 |      0 |      0 |    0 |          1 |
|       mul_list_10_24       |             Muler_15_94 |          4 |          4 |       0 |    0 |      0 |      0 |      0 |    0 |          1 |
|       mul_list_10_25       |             Muler_15_95 |          4 |          4 |       0 |    0 |      0 |      0 |      0 |    0 |          1 |
|       mul_list_10_26       |             Muler_15_96 |          4 |          4 |       0 |    0 |      0 |      0 |      0 |    0 |          1 |
|       mul_list_10_27       |             Muler_15_97 |          4 |          4 |       0 |    0 |      0 |      0 |      0 |    0 |          1 |
|       mul_list_10_28       |             Muler_15_98 |          4 |          4 |       0 |    0 |      0 |      0 |      0 |    0 |          1 |
|       mul_list_10_29       |             Muler_15_99 |          4 |          4 |       0 |    0 |      0 |      0 |      0 |    0 |          1 |
|       mul_list_10_3        |            Muler_15_100 |          4 |          4 |       0 |    0 |      0 |      0 |      0 |    0 |          1 |
|       mul_list_10_30       |            Muler_15_101 |          4 |          4 |       0 |    0 |      0 |      0 |      0 |    0 |          1 |
|       mul_list_10_31       |            Muler_15_102 |          4 |          4 |       0 |    0 |      0 |      0 |      0 |    0 |          1 |
|       mul_list_10_32       |            Muler_15_103 |          4 |          4 |       0 |    0 |      0 |      0 |      0 |    0 |          1 |
|       mul_list_10_33       |            Muler_15_104 |          4 |          4 |       0 |    0 |      0 |      0 |      0 |    0 |          1 |
|       mul_list_10_34       |            Muler_15_105 |          4 |          4 |       0 |    0 |      0 |      0 |      0 |    0 |          1 |
|       mul_list_10_35       |            Muler_15_106 |          4 |          4 |       0 |    0 |      0 |      0 |      0 |    0 |          1 |
|       mul_list_10_4        |            Muler_15_107 |          4 |          4 |       0 |    0 |      0 |      0 |      0 |    0 |          1 |
|       mul_list_10_5        |            Muler_15_108 |          4 |          4 |       0 |    0 |      0 |      0 |      0 |    0 |          1 |
|       mul_list_10_6        |            Muler_15_109 |          4 |          4 |       0 |    0 |      0 |      0 |      0 |    0 |          1 |
|       mul_list_10_7        |            Muler_15_110 |          4 |          4 |       0 |    0 |      0 |      0 |      0 |    0 |          1 |
|       mul_list_10_8        |            Muler_15_111 |          4 |          4 |       0 |    0 |      0 |      0 |      0 |    0 |          1 |
|       mul_list_10_9        |            Muler_15_112 |          4 |          4 |       0 |    0 |      0 |      0 |      0 |    0 |          1 |
|       mul_list_11_0        |            Muler_15_113 |          4 |          4 |       0 |    0 |      0 |      0 |      0 |    0 |          1 |
|       mul_list_11_1        |            Muler_15_114 |          4 |          4 |       0 |    0 |      0 |      0 |      0 |    0 |          1 |
|       mul_list_11_10       |            Muler_15_115 |          4 |          4 |       0 |    0 |      0 |      0 |      0 |    0 |          1 |
|       mul_list_11_11       |            Muler_15_116 |          4 |          4 |       0 |    0 |      0 |      0 |      0 |    0 |          1 |
|       mul_list_11_12       |            Muler_15_117 |          4 |          4 |       0 |    0 |      0 |      0 |      0 |    0 |          1 |
|       mul_list_11_15       |            Muler_15_118 |          4 |          4 |       0 |    0 |      0 |      0 |      0 |    0 |          1 |
|       mul_list_11_17       |            Muler_15_119 |          4 |          4 |       0 |    0 |      0 |      0 |      0 |    0 |          1 |
|       mul_list_11_19       |            Muler_15_120 |          4 |          4 |       0 |    0 |      0 |      0 |      0 |    0 |          1 |
|       mul_list_11_2        |            Muler_15_121 |          4 |          4 |       0 |    0 |      0 |      0 |      0 |    0 |          1 |
|       mul_list_11_20       |            Muler_15_122 |          4 |          4 |       0 |    0 |      0 |      0 |      0 |    0 |          1 |
|       mul_list_11_21       |            Muler_15_123 |          4 |          4 |       0 |    0 |      0 |      0 |      0 |    0 |          1 |
|       mul_list_11_22       |            Muler_15_124 |          4 |          4 |       0 |    0 |      0 |      0 |      0 |    0 |          1 |
|       mul_list_11_23       |            Muler_15_125 |          4 |          4 |       0 |    0 |      0 |      0 |      0 |    0 |          1 |
|       mul_list_11_24       |            Muler_15_126 |          4 |          4 |       0 |    0 |      0 |      0 |      0 |    0 |          1 |
|       mul_list_11_25       |            Muler_15_127 |          4 |          4 |       0 |    0 |      0 |      0 |      0 |    0 |          1 |
|       mul_list_11_26       |            Muler_15_128 |          4 |          4 |       0 |    0 |      0 |      0 |      0 |    0 |          1 |
|       mul_list_11_27       |            Muler_15_129 |          4 |          4 |       0 |    0 |      0 |      0 |      0 |    0 |          1 |
|       mul_list_11_28       |            Muler_15_130 |          4 |          4 |       0 |    0 |      0 |      0 |      0 |    0 |          1 |
|       mul_list_11_29       |            Muler_15_131 |          4 |          4 |       0 |    0 |      0 |      0 |      0 |    0 |          1 |
|       mul_list_11_3        |            Muler_15_132 |          4 |          4 |       0 |    0 |      0 |      0 |      0 |    0 |          1 |
|       mul_list_11_30       |            Muler_15_133 |          4 |          4 |       0 |    0 |      0 |      0 |      0 |    0 |          1 |
|       mul_list_11_31       |            Muler_15_134 |          4 |          4 |       0 |    0 |      0 |      0 |      0 |    0 |          1 |
|       mul_list_11_32       |            Muler_15_135 |          4 |          4 |       0 |    0 |      0 |      0 |      0 |    0 |          1 |
|       mul_list_11_33       |            Muler_15_136 |          4 |          4 |       0 |    0 |      0 |      0 |      0 |    0 |          1 |
|       mul_list_11_34       |            Muler_15_137 |          4 |          4 |       0 |    0 |      0 |      0 |      0 |    0 |          1 |
|       mul_list_11_35       |            Muler_15_138 |          4 |          4 |       0 |    0 |      0 |      0 |      0 |    0 |          1 |
|       mul_list_11_5        |            Muler_15_139 |          4 |          4 |       0 |    0 |      0 |      0 |      0 |    0 |          1 |
|       mul_list_11_6        |            Muler_15_140 |          4 |          4 |       0 |    0 |      0 |      0 |      0 |    0 |          1 |
|       mul_list_11_7        |            Muler_15_141 |          4 |          4 |       0 |    0 |      0 |      0 |      0 |    0 |          1 |
|       mul_list_11_8        |            Muler_15_142 |          4 |          4 |       0 |    0 |      0 |      0 |      0 |    0 |          1 |
|       mul_list_11_9        |            Muler_15_143 |          4 |          4 |       0 |    0 |      0 |      0 |      0 |    0 |          1 |
|       mul_list_1_0         |            Muler_15_144 |          4 |          4 |       0 |    0 |      0 |      0 |      0 |    0 |          1 |
|       mul_list_1_1         |            Muler_15_145 |          4 |          4 |       0 |    0 |      0 |      0 |      0 |    0 |          1 |
|       mul_list_1_10        |            Muler_15_146 |          4 |          4 |       0 |    0 |      0 |      0 |      0 |    0 |          1 |
|       mul_list_1_11        |            Muler_15_147 |          4 |          4 |       0 |    0 |      0 |      0 |      0 |    0 |          1 |
|       mul_list_1_12        |            Muler_15_148 |          4 |          4 |       0 |    0 |      0 |      0 |      0 |    0 |          1 |
|       mul_list_1_15        |            Muler_15_149 |          4 |          4 |       0 |    0 |      0 |      0 |      0 |    0 |          1 |
|       mul_list_1_17        |            Muler_15_150 |          4 |          4 |       0 |    0 |      0 |      0 |      0 |    0 |          1 |
|       mul_list_1_19        |            Muler_15_151 |          4 |          4 |       0 |    0 |      0 |      0 |      0 |    0 |          1 |
|       mul_list_1_2         |            Muler_15_152 |          4 |          4 |       0 |    0 |      0 |      0 |      0 |    0 |          1 |
|       mul_list_1_20        |            Muler_15_153 |          4 |          4 |       0 |    0 |      0 |      0 |      0 |    0 |          1 |
|       mul_list_1_21        |            Muler_15_154 |          4 |          4 |       0 |    0 |      0 |      0 |      0 |    0 |          1 |
|       mul_list_1_22        |            Muler_15_155 |          4 |          4 |       0 |    0 |      0 |      0 |      0 |    0 |          1 |
|       mul_list_1_23        |            Muler_15_156 |          4 |          4 |       0 |    0 |      0 |      0 |      0 |    0 |          1 |
|       mul_list_1_24        |            Muler_15_157 |          4 |          4 |       0 |    0 |      0 |      0 |      0 |    0 |          1 |
|       mul_list_1_25        |            Muler_15_158 |          4 |          4 |       0 |    0 |      0 |      0 |      0 |    0 |          1 |
|       mul_list_1_26        |            Muler_15_159 |          4 |          4 |       0 |    0 |      0 |      0 |      0 |    0 |          1 |
|       mul_list_1_27        |            Muler_15_160 |          4 |          4 |       0 |    0 |      0 |      0 |      0 |    0 |          1 |
|       mul_list_1_28        |            Muler_15_161 |          4 |          4 |       0 |    0 |      0 |      0 |      0 |    0 |          1 |
|       mul_list_1_29        |            Muler_15_162 |          4 |          4 |       0 |    0 |      0 |      0 |      0 |    0 |          1 |
|       mul_list_1_3         |            Muler_15_163 |          4 |          4 |       0 |    0 |      0 |      0 |      0 |    0 |          1 |
|       mul_list_1_30        |            Muler_15_164 |          4 |          4 |       0 |    0 |      0 |      0 |      0 |    0 |          1 |
|       mul_list_1_31        |            Muler_15_165 |          4 |          4 |       0 |    0 |      0 |      0 |      0 |    0 |          1 |
|       mul_list_1_32        |            Muler_15_166 |          4 |          4 |       0 |    0 |      0 |      0 |      0 |    0 |          1 |
|       mul_list_1_33        |            Muler_15_167 |          4 |          4 |       0 |    0 |      0 |      0 |      0 |    0 |          1 |
|       mul_list_1_34        |            Muler_15_168 |          4 |          4 |       0 |    0 |      0 |      0 |      0 |    0 |          1 |
|       mul_list_1_35        |            Muler_15_169 |          4 |          4 |       0 |    0 |      0 |      0 |      0 |    0 |          1 |
|       mul_list_1_5         |            Muler_15_170 |          4 |          4 |       0 |    0 |      0 |      0 |      0 |    0 |          1 |
|       mul_list_1_6         |            Muler_15_171 |          4 |          4 |       0 |    0 |      0 |      0 |      0 |    0 |          1 |
|       mul_list_1_7         |            Muler_15_172 |          4 |          4 |       0 |    0 |      0 |      0 |      0 |    0 |          1 |
|       mul_list_1_8         |            Muler_15_173 |          4 |          4 |       0 |    0 |      0 |      0 |      0 |    0 |          1 |
|       mul_list_1_9         |            Muler_15_174 |          4 |          4 |       0 |    0 |      0 |      0 |      0 |    0 |          1 |
|       mul_list_2_0         |            Muler_15_175 |          4 |          4 |       0 |    0 |      0 |      0 |      0 |    0 |          1 |
|       mul_list_2_1         |            Muler_15_176 |          4 |          4 |       0 |    0 |      0 |      0 |      0 |    0 |          1 |
|       mul_list_2_10        |            Muler_15_177 |          4 |          4 |       0 |    0 |      0 |      0 |      0 |    0 |          1 |
|       mul_list_2_11        |            Muler_15_178 |          4 |          4 |       0 |    0 |      0 |      0 |      0 |    0 |          1 |
|       mul_list_2_12        |            Muler_15_179 |          4 |          4 |       0 |    0 |      0 |      0 |      0 |    0 |          1 |
|       mul_list_2_13        |            Muler_15_180 |          4 |          4 |       0 |    0 |      0 |      0 |      0 |    0 |          1 |
|       mul_list_2_14        |            Muler_15_181 |          4 |          4 |       0 |    0 |      0 |      0 |      0 |    0 |          1 |
|       mul_list_2_15        |            Muler_15_182 |          4 |          4 |       0 |    0 |      0 |      0 |      0 |    0 |          1 |
|       mul_list_2_16        |            Muler_15_183 |          4 |          4 |       0 |    0 |      0 |      0 |      0 |    0 |          1 |
|       mul_list_2_17        |            Muler_15_184 |          4 |          4 |       0 |    0 |      0 |      0 |      0 |    0 |          1 |
|       mul_list_2_18        |            Muler_15_185 |          4 |          4 |       0 |    0 |      0 |      0 |      0 |    0 |          1 |
|       mul_list_2_19        |            Muler_15_186 |          4 |          4 |       0 |    0 |      0 |      0 |      0 |    0 |          1 |
|       mul_list_2_2         |            Muler_15_187 |          4 |          4 |       0 |    0 |      0 |      0 |      0 |    0 |          1 |
|       mul_list_2_20        |            Muler_15_188 |          4 |          4 |       0 |    0 |      0 |      0 |      0 |    0 |          1 |
|       mul_list_2_21        |            Muler_15_189 |          4 |          4 |       0 |    0 |      0 |      0 |      0 |    0 |          1 |
|       mul_list_2_22        |            Muler_15_190 |          4 |          4 |       0 |    0 |      0 |      0 |      0 |    0 |          1 |
|       mul_list_2_23        |            Muler_15_191 |          4 |          4 |       0 |    0 |      0 |      0 |      0 |    0 |          1 |
|       mul_list_2_24        |            Muler_15_192 |          4 |          4 |       0 |    0 |      0 |      0 |      0 |    0 |          1 |
|       mul_list_2_25        |            Muler_15_193 |          4 |          4 |       0 |    0 |      0 |      0 |      0 |    0 |          1 |
|       mul_list_2_26        |            Muler_15_194 |          4 |          4 |       0 |    0 |      0 |      0 |      0 |    0 |          1 |
|       mul_list_2_27        |            Muler_15_195 |          4 |          4 |       0 |    0 |      0 |      0 |      0 |    0 |          1 |
|       mul_list_2_28        |            Muler_15_196 |          4 |          4 |       0 |    0 |      0 |      0 |      0 |    0 |          1 |
|       mul_list_2_29        |            Muler_15_197 |          4 |          4 |       0 |    0 |      0 |      0 |      0 |    0 |          1 |
|       mul_list_2_3         |            Muler_15_198 |          4 |          4 |       0 |    0 |      0 |      0 |      0 |    0 |          1 |
|       mul_list_2_30        |            Muler_15_199 |          4 |          4 |       0 |    0 |      0 |      0 |      0 |    0 |          1 |
|       mul_list_2_31        |            Muler_15_200 |          4 |          4 |       0 |    0 |      0 |      0 |      0 |    0 |          1 |
|       mul_list_2_32        |            Muler_15_201 |          4 |          4 |       0 |    0 |      0 |      0 |      0 |    0 |          1 |
|       mul_list_2_33        |            Muler_15_202 |          4 |          4 |       0 |    0 |      0 |      0 |      0 |    0 |          1 |
|       mul_list_2_34        |            Muler_15_203 |          4 |          4 |       0 |    0 |      0 |      0 |      0 |    0 |          1 |
|       mul_list_2_35        |            Muler_15_204 |          4 |          4 |       0 |    0 |      0 |      0 |      0 |    0 |          1 |
|       mul_list_2_4         |            Muler_15_205 |          4 |          4 |       0 |    0 |      0 |      0 |      0 |    0 |          1 |
|       mul_list_2_5         |            Muler_15_206 |          4 |          4 |       0 |    0 |      0 |      0 |      0 |    0 |          1 |
|       mul_list_2_6         |            Muler_15_207 |          4 |          4 |       0 |    0 |      0 |      0 |      0 |    0 |          1 |
|       mul_list_2_7         |            Muler_15_208 |          4 |          4 |       0 |    0 |      0 |      0 |      0 |    0 |          1 |
|       mul_list_2_8         |            Muler_15_209 |          4 |          4 |       0 |    0 |      0 |      0 |      0 |    0 |          1 |
|       mul_list_2_9         |            Muler_15_210 |          4 |          4 |       0 |    0 |      0 |      0 |      0 |    0 |          1 |
|       mul_list_3_0         |            Muler_15_211 |          4 |          4 |       0 |    0 |      0 |      0 |      0 |    0 |          1 |
|       mul_list_3_1         |            Muler_15_212 |          4 |          4 |       0 |    0 |      0 |      0 |      0 |    0 |          1 |
|       mul_list_3_10        |            Muler_15_213 |          4 |          4 |       0 |    0 |      0 |      0 |      0 |    0 |          1 |
|       mul_list_3_11        |            Muler_15_214 |          4 |          4 |       0 |    0 |      0 |      0 |      0 |    0 |          1 |
|       mul_list_3_12        |            Muler_15_215 |          4 |          4 |       0 |    0 |      0 |      0 |      0 |    0 |          1 |
|       mul_list_3_15        |            Muler_15_216 |          4 |          4 |       0 |    0 |      0 |      0 |      0 |    0 |          1 |
|       mul_list_3_17        |            Muler_15_217 |          4 |          4 |       0 |    0 |      0 |      0 |      0 |    0 |          1 |
|       mul_list_3_19        |            Muler_15_218 |          4 |          4 |       0 |    0 |      0 |      0 |      0 |    0 |          1 |
|       mul_list_3_2         |            Muler_15_219 |          4 |          4 |       0 |    0 |      0 |      0 |      0 |    0 |          1 |
|       mul_list_3_20        |            Muler_15_220 |          4 |          4 |       0 |    0 |      0 |      0 |      0 |    0 |          1 |
|       mul_list_3_21        |            Muler_15_221 |          4 |          4 |       0 |    0 |      0 |      0 |      0 |    0 |          1 |
|       mul_list_3_22        |            Muler_15_222 |          4 |          4 |       0 |    0 |      0 |      0 |      0 |    0 |          1 |
|       mul_list_3_23        |            Muler_15_223 |          4 |          4 |       0 |    0 |      0 |      0 |      0 |    0 |          1 |
|       mul_list_3_24        |            Muler_15_224 |          4 |          4 |       0 |    0 |      0 |      0 |      0 |    0 |          1 |
|       mul_list_3_25        |            Muler_15_225 |          4 |          4 |       0 |    0 |      0 |      0 |      0 |    0 |          1 |
|       mul_list_3_26        |            Muler_15_226 |          4 |          4 |       0 |    0 |      0 |      0 |      0 |    0 |          1 |
|       mul_list_3_27        |            Muler_15_227 |          4 |          4 |       0 |    0 |      0 |      0 |      0 |    0 |          1 |
|       mul_list_3_28        |            Muler_15_228 |          4 |          4 |       0 |    0 |      0 |      0 |      0 |    0 |          1 |
|       mul_list_3_29        |            Muler_15_229 |          4 |          4 |       0 |    0 |      0 |      0 |      0 |    0 |          1 |
|       mul_list_3_3         |            Muler_15_230 |          4 |          4 |       0 |    0 |      0 |      0 |      0 |    0 |          1 |
|       mul_list_3_30        |            Muler_15_231 |          4 |          4 |       0 |    0 |      0 |      0 |      0 |    0 |          1 |
|       mul_list_3_31        |            Muler_15_232 |          4 |          4 |       0 |    0 |      0 |      0 |      0 |    0 |          1 |
|       mul_list_3_32        |            Muler_15_233 |          4 |          4 |       0 |    0 |      0 |      0 |      0 |    0 |          1 |
|       mul_list_3_33        |            Muler_15_234 |          4 |          4 |       0 |    0 |      0 |      0 |      0 |    0 |          1 |
|       mul_list_3_34        |            Muler_15_235 |          4 |          4 |       0 |    0 |      0 |      0 |      0 |    0 |          1 |
|       mul_list_3_35        |            Muler_15_236 |          4 |          4 |       0 |    0 |      0 |      0 |      0 |    0 |          1 |
|       mul_list_3_5         |            Muler_15_237 |          4 |          4 |       0 |    0 |      0 |      0 |      0 |    0 |          1 |
|       mul_list_3_6         |            Muler_15_238 |          4 |          4 |       0 |    0 |      0 |      0 |      0 |    0 |          1 |
|       mul_list_3_7         |            Muler_15_239 |          4 |          4 |       0 |    0 |      0 |      0 |      0 |    0 |          1 |
|       mul_list_3_8         |            Muler_15_240 |          4 |          4 |       0 |    0 |      0 |      0 |      0 |    0 |          1 |
|       mul_list_3_9         |            Muler_15_241 |          4 |          4 |       0 |    0 |      0 |      0 |      0 |    0 |          1 |
|       mul_list_4_0         |            Muler_15_242 |          4 |          4 |       0 |    0 |      0 |      0 |      0 |    0 |          1 |
|       mul_list_4_1         |            Muler_15_243 |          4 |          4 |       0 |    0 |      0 |      0 |      0 |    0 |          1 |
|       mul_list_4_10        |            Muler_15_244 |          4 |          4 |       0 |    0 |      0 |      0 |      0 |    0 |          1 |
|       mul_list_4_11        |            Muler_15_245 |          4 |          4 |       0 |    0 |      0 |      0 |      0 |    0 |          1 |
|       mul_list_4_12        |            Muler_15_246 |          4 |          4 |       0 |    0 |      0 |      0 |      0 |    0 |          1 |
|       mul_list_4_13        |            Muler_15_247 |          4 |          4 |       0 |    0 |      0 |      0 |      0 |    0 |          1 |
|       mul_list_4_14        |            Muler_15_248 |          4 |          4 |       0 |    0 |      0 |      0 |      0 |    0 |          1 |
|       mul_list_4_15        |            Muler_15_249 |          4 |          4 |       0 |    0 |      0 |      0 |      0 |    0 |          1 |
|       mul_list_4_16        |            Muler_15_250 |          4 |          4 |       0 |    0 |      0 |      0 |      0 |    0 |          1 |
|       mul_list_4_17        |            Muler_15_251 |          4 |          4 |       0 |    0 |      0 |      0 |      0 |    0 |          1 |
|       mul_list_4_18        |            Muler_15_252 |          4 |          4 |       0 |    0 |      0 |      0 |      0 |    0 |          1 |
|       mul_list_4_19        |            Muler_15_253 |          4 |          4 |       0 |    0 |      0 |      0 |      0 |    0 |          1 |
|       mul_list_4_2         |            Muler_15_254 |          4 |          4 |       0 |    0 |      0 |      0 |      0 |    0 |          1 |
|       mul_list_4_20        |            Muler_15_255 |          4 |          4 |       0 |    0 |      0 |      0 |      0 |    0 |          1 |
|       mul_list_4_21        |            Muler_15_256 |          4 |          4 |       0 |    0 |      0 |      0 |      0 |    0 |          1 |
|       mul_list_4_22        |            Muler_15_257 |          4 |          4 |       0 |    0 |      0 |      0 |      0 |    0 |          1 |
|       mul_list_4_23        |            Muler_15_258 |          4 |          4 |       0 |    0 |      0 |      0 |      0 |    0 |          1 |
|       mul_list_4_24        |            Muler_15_259 |          4 |          4 |       0 |    0 |      0 |      0 |      0 |    0 |          1 |
|       mul_list_4_25        |            Muler_15_260 |          4 |          4 |       0 |    0 |      0 |      0 |      0 |    0 |          1 |
|       mul_list_4_26        |            Muler_15_261 |          4 |          4 |       0 |    0 |      0 |      0 |      0 |    0 |          1 |
|       mul_list_4_27        |            Muler_15_262 |          4 |          4 |       0 |    0 |      0 |      0 |      0 |    0 |          1 |
|       mul_list_4_28        |            Muler_15_263 |          4 |          4 |       0 |    0 |      0 |      0 |      0 |    0 |          1 |
|       mul_list_4_29        |            Muler_15_264 |          4 |          4 |       0 |    0 |      0 |      0 |      0 |    0 |          1 |
|       mul_list_4_3         |            Muler_15_265 |          4 |          4 |       0 |    0 |      0 |      0 |      0 |    0 |          1 |
|       mul_list_4_30        |            Muler_15_266 |          4 |          4 |       0 |    0 |      0 |      0 |      0 |    0 |          1 |
|       mul_list_4_31        |            Muler_15_267 |          4 |          4 |       0 |    0 |      0 |      0 |      0 |    0 |          1 |
|       mul_list_4_32        |            Muler_15_268 |          4 |          4 |       0 |    0 |      0 |      0 |      0 |    0 |          1 |
|       mul_list_4_33        |            Muler_15_269 |          4 |          4 |       0 |    0 |      0 |      0 |      0 |    0 |          1 |
|       mul_list_4_34        |            Muler_15_270 |          4 |          4 |       0 |    0 |      0 |      0 |      0 |    0 |          1 |
|       mul_list_4_35        |            Muler_15_271 |          4 |          4 |       0 |    0 |      0 |      0 |      0 |    0 |          1 |
|       mul_list_4_4         |            Muler_15_272 |          4 |          4 |       0 |    0 |      0 |      0 |      0 |    0 |          1 |
|       mul_list_4_5         |            Muler_15_273 |          4 |          4 |       0 |    0 |      0 |      0 |      0 |    0 |          1 |
|       mul_list_4_6         |            Muler_15_274 |          4 |          4 |       0 |    0 |      0 |      0 |      0 |    0 |          1 |
|       mul_list_4_7         |            Muler_15_275 |          4 |          4 |       0 |    0 |      0 |      0 |      0 |    0 |          1 |
|       mul_list_4_8         |            Muler_15_276 |          4 |          4 |       0 |    0 |      0 |      0 |      0 |    0 |          1 |
|       mul_list_4_9         |            Muler_15_277 |          4 |          4 |       0 |    0 |      0 |      0 |      0 |    0 |          1 |
|       mul_list_5_0         |            Muler_15_278 |          4 |          4 |       0 |    0 |      0 |      0 |      0 |    0 |          1 |
|       mul_list_5_1         |            Muler_15_279 |          4 |          4 |       0 |    0 |      0 |      0 |      0 |    0 |          1 |
|       mul_list_5_10        |            Muler_15_280 |          4 |          4 |       0 |    0 |      0 |      0 |      0 |    0 |          1 |
|       mul_list_5_11        |            Muler_15_281 |          4 |          4 |       0 |    0 |      0 |      0 |      0 |    0 |          1 |
|       mul_list_5_12        |            Muler_15_282 |          4 |          4 |       0 |    0 |      0 |      0 |      0 |    0 |          1 |
|       mul_list_5_15        |            Muler_15_283 |          4 |          4 |       0 |    0 |      0 |      0 |      0 |    0 |          1 |
|       mul_list_5_17        |            Muler_15_284 |          4 |          4 |       0 |    0 |      0 |      0 |      0 |    0 |          1 |
|       mul_list_5_19        |            Muler_15_285 |          4 |          4 |       0 |    0 |      0 |      0 |      0 |    0 |          1 |
|       mul_list_5_2         |            Muler_15_286 |          4 |          4 |       0 |    0 |      0 |      0 |      0 |    0 |          1 |
|       mul_list_5_20        |            Muler_15_287 |          4 |          4 |       0 |    0 |      0 |      0 |      0 |    0 |          1 |
|       mul_list_5_21        |            Muler_15_288 |          4 |          4 |       0 |    0 |      0 |      0 |      0 |    0 |          1 |
|       mul_list_5_22        |            Muler_15_289 |          4 |          4 |       0 |    0 |      0 |      0 |      0 |    0 |          1 |
|       mul_list_5_23        |            Muler_15_290 |          4 |          4 |       0 |    0 |      0 |      0 |      0 |    0 |          1 |
|       mul_list_5_24        |            Muler_15_291 |          4 |          4 |       0 |    0 |      0 |      0 |      0 |    0 |          1 |
|       mul_list_5_25        |            Muler_15_292 |          4 |          4 |       0 |    0 |      0 |      0 |      0 |    0 |          1 |
|       mul_list_5_26        |            Muler_15_293 |          4 |          4 |       0 |    0 |      0 |      0 |      0 |    0 |          1 |
|       mul_list_5_27        |            Muler_15_294 |          4 |          4 |       0 |    0 |      0 |      0 |      0 |    0 |          1 |
|       mul_list_5_28        |            Muler_15_295 |          4 |          4 |       0 |    0 |      0 |      0 |      0 |    0 |          1 |
|       mul_list_5_29        |            Muler_15_296 |          4 |          4 |       0 |    0 |      0 |      0 |      0 |    0 |          1 |
|       mul_list_5_3         |            Muler_15_297 |          4 |          4 |       0 |    0 |      0 |      0 |      0 |    0 |          1 |
|       mul_list_5_30        |            Muler_15_298 |          4 |          4 |       0 |    0 |      0 |      0 |      0 |    0 |          1 |
|       mul_list_5_31        |            Muler_15_299 |          4 |          4 |       0 |    0 |      0 |      0 |      0 |    0 |          1 |
|       mul_list_5_32        |            Muler_15_300 |          4 |          4 |       0 |    0 |      0 |      0 |      0 |    0 |          1 |
|       mul_list_5_33        |            Muler_15_301 |          4 |          4 |       0 |    0 |      0 |      0 |      0 |    0 |          1 |
|       mul_list_5_34        |            Muler_15_302 |          4 |          4 |       0 |    0 |      0 |      0 |      0 |    0 |          1 |
|       mul_list_5_35        |            Muler_15_303 |          4 |          4 |       0 |    0 |      0 |      0 |      0 |    0 |          1 |
|       mul_list_5_5         |            Muler_15_304 |          4 |          4 |       0 |    0 |      0 |      0 |      0 |    0 |          1 |
|       mul_list_5_6         |            Muler_15_305 |          4 |          4 |       0 |    0 |      0 |      0 |      0 |    0 |          1 |
|       mul_list_5_7         |            Muler_15_306 |          4 |          4 |       0 |    0 |      0 |      0 |      0 |    0 |          1 |
|       mul_list_5_8         |            Muler_15_307 |          4 |          4 |       0 |    0 |      0 |      0 |      0 |    0 |          1 |
|       mul_list_5_9         |            Muler_15_308 |          4 |          4 |       0 |    0 |      0 |      0 |      0 |    0 |          1 |
|       mul_list_6_0         |            Muler_15_309 |          4 |          4 |       0 |    0 |      0 |      0 |      0 |    0 |          1 |
|       mul_list_6_1         |            Muler_15_310 |          4 |          4 |       0 |    0 |      0 |      0 |      0 |    0 |          1 |
|       mul_list_6_10        |            Muler_15_311 |          4 |          4 |       0 |    0 |      0 |      0 |      0 |    0 |          1 |
|       mul_list_6_11        |            Muler_15_312 |          4 |          4 |       0 |    0 |      0 |      0 |      0 |    0 |          1 |
|       mul_list_6_12        |            Muler_15_313 |          4 |          4 |       0 |    0 |      0 |      0 |      0 |    0 |          1 |
|       mul_list_6_13        |            Muler_15_314 |          4 |          4 |       0 |    0 |      0 |      0 |      0 |    0 |          1 |
|       mul_list_6_14        |            Muler_15_315 |          4 |          4 |       0 |    0 |      0 |      0 |      0 |    0 |          1 |
|       mul_list_6_15        |            Muler_15_316 |          4 |          4 |       0 |    0 |      0 |      0 |      0 |    0 |          1 |
|       mul_list_6_16        |            Muler_15_317 |          4 |          4 |       0 |    0 |      0 |      0 |      0 |    0 |          1 |
|       mul_list_6_17        |            Muler_15_318 |          4 |          4 |       0 |    0 |      0 |      0 |      0 |    0 |          1 |
|       mul_list_6_18        |            Muler_15_319 |          4 |          4 |       0 |    0 |      0 |      0 |      0 |    0 |          1 |
|       mul_list_6_19        |            Muler_15_320 |          4 |          4 |       0 |    0 |      0 |      0 |      0 |    0 |          1 |
|       mul_list_6_2         |            Muler_15_321 |          4 |          4 |       0 |    0 |      0 |      0 |      0 |    0 |          1 |
|       mul_list_6_20        |            Muler_15_322 |          4 |          4 |       0 |    0 |      0 |      0 |      0 |    0 |          1 |
|       mul_list_6_21        |            Muler_15_323 |          4 |          4 |       0 |    0 |      0 |      0 |      0 |    0 |          1 |
|       mul_list_6_22        |            Muler_15_324 |          4 |          4 |       0 |    0 |      0 |      0 |      0 |    0 |          1 |
|       mul_list_6_23        |            Muler_15_325 |          4 |          4 |       0 |    0 |      0 |      0 |      0 |    0 |          1 |
|       mul_list_6_24        |            Muler_15_326 |          4 |          4 |       0 |    0 |      0 |      0 |      0 |    0 |          1 |
|       mul_list_6_25        |            Muler_15_327 |          4 |          4 |       0 |    0 |      0 |      0 |      0 |    0 |          1 |
|       mul_list_6_26        |            Muler_15_328 |          4 |          4 |       0 |    0 |      0 |      0 |      0 |    0 |          1 |
|       mul_list_6_27        |            Muler_15_329 |          4 |          4 |       0 |    0 |      0 |      0 |      0 |    0 |          1 |
|       mul_list_6_28        |            Muler_15_330 |          4 |          4 |       0 |    0 |      0 |      0 |      0 |    0 |          1 |
|       mul_list_6_29        |            Muler_15_331 |          4 |          4 |       0 |    0 |      0 |      0 |      0 |    0 |          1 |
|       mul_list_6_3         |            Muler_15_332 |          4 |          4 |       0 |    0 |      0 |      0 |      0 |    0 |          1 |
|       mul_list_6_30        |            Muler_15_333 |          4 |          4 |       0 |    0 |      0 |      0 |      0 |    0 |          1 |
|       mul_list_6_31        |            Muler_15_334 |          4 |          4 |       0 |    0 |      0 |      0 |      0 |    0 |          1 |
|       mul_list_6_32        |            Muler_15_335 |          4 |          4 |       0 |    0 |      0 |      0 |      0 |    0 |          1 |
|       mul_list_6_33        |            Muler_15_336 |          4 |          4 |       0 |    0 |      0 |      0 |      0 |    0 |          1 |
|       mul_list_6_34        |            Muler_15_337 |          4 |          4 |       0 |    0 |      0 |      0 |      0 |    0 |          1 |
|       mul_list_6_35        |            Muler_15_338 |          4 |          4 |       0 |    0 |      0 |      0 |      0 |    0 |          1 |
|       mul_list_6_4         |            Muler_15_339 |          4 |          4 |       0 |    0 |      0 |      0 |      0 |    0 |          1 |
|       mul_list_6_5         |            Muler_15_340 |          4 |          4 |       0 |    0 |      0 |      0 |      0 |    0 |          1 |
|       mul_list_6_6         |            Muler_15_341 |          4 |          4 |       0 |    0 |      0 |      0 |      0 |    0 |          1 |
|       mul_list_6_7         |            Muler_15_342 |          4 |          4 |       0 |    0 |      0 |      0 |      0 |    0 |          1 |
|       mul_list_6_8         |            Muler_15_343 |          4 |          4 |       0 |    0 |      0 |      0 |      0 |    0 |          1 |
|       mul_list_6_9         |            Muler_15_344 |          4 |          4 |       0 |    0 |      0 |      0 |      0 |    0 |          1 |
|       mul_list_7_0         |            Muler_15_345 |          4 |          4 |       0 |    0 |      0 |      0 |      0 |    0 |          1 |
|       mul_list_7_1         |            Muler_15_346 |          4 |          4 |       0 |    0 |      0 |      0 |      0 |    0 |          1 |
|       mul_list_7_10        |            Muler_15_347 |          4 |          4 |       0 |    0 |      0 |      0 |      0 |    0 |          1 |
|       mul_list_7_11        |            Muler_15_348 |          4 |          4 |       0 |    0 |      0 |      0 |      0 |    0 |          1 |
|       mul_list_7_12        |            Muler_15_349 |          4 |          4 |       0 |    0 |      0 |      0 |      0 |    0 |          1 |
|       mul_list_7_15        |            Muler_15_350 |          4 |          4 |       0 |    0 |      0 |      0 |      0 |    0 |          1 |
|       mul_list_7_17        |            Muler_15_351 |          4 |          4 |       0 |    0 |      0 |      0 |      0 |    0 |          1 |
|       mul_list_7_19        |            Muler_15_352 |          4 |          4 |       0 |    0 |      0 |      0 |      0 |    0 |          1 |
|       mul_list_7_2         |            Muler_15_353 |          4 |          4 |       0 |    0 |      0 |      0 |      0 |    0 |          1 |
|       mul_list_7_20        |            Muler_15_354 |          4 |          4 |       0 |    0 |      0 |      0 |      0 |    0 |          1 |
|       mul_list_7_21        |            Muler_15_355 |          4 |          4 |       0 |    0 |      0 |      0 |      0 |    0 |          1 |
|       mul_list_7_22        |            Muler_15_356 |          4 |          4 |       0 |    0 |      0 |      0 |      0 |    0 |          1 |
|       mul_list_7_23        |            Muler_15_357 |          4 |          4 |       0 |    0 |      0 |      0 |      0 |    0 |          1 |
|       mul_list_7_24        |            Muler_15_358 |          4 |          4 |       0 |    0 |      0 |      0 |      0 |    0 |          1 |
|       mul_list_7_25        |            Muler_15_359 |          4 |          4 |       0 |    0 |      0 |      0 |      0 |    0 |          1 |
|       mul_list_7_26        |            Muler_15_360 |          4 |          4 |       0 |    0 |      0 |      0 |      0 |    0 |          1 |
|       mul_list_7_27        |            Muler_15_361 |          4 |          4 |       0 |    0 |      0 |      0 |      0 |    0 |          1 |
|       mul_list_7_28        |            Muler_15_362 |          4 |          4 |       0 |    0 |      0 |      0 |      0 |    0 |          1 |
|       mul_list_7_29        |            Muler_15_363 |          4 |          4 |       0 |    0 |      0 |      0 |      0 |    0 |          1 |
|       mul_list_7_3         |            Muler_15_364 |          4 |          4 |       0 |    0 |      0 |      0 |      0 |    0 |          1 |
|       mul_list_7_30        |            Muler_15_365 |          4 |          4 |       0 |    0 |      0 |      0 |      0 |    0 |          1 |
|       mul_list_7_31        |            Muler_15_366 |          4 |          4 |       0 |    0 |      0 |      0 |      0 |    0 |          1 |
|       mul_list_7_32        |            Muler_15_367 |          4 |          4 |       0 |    0 |      0 |      0 |      0 |    0 |          1 |
|       mul_list_7_33        |            Muler_15_368 |          4 |          4 |       0 |    0 |      0 |      0 |      0 |    0 |          1 |
|       mul_list_7_34        |            Muler_15_369 |          4 |          4 |       0 |    0 |      0 |      0 |      0 |    0 |          1 |
|       mul_list_7_35        |            Muler_15_370 |          4 |          4 |       0 |    0 |      0 |      0 |      0 |    0 |          1 |
|       mul_list_7_5         |            Muler_15_371 |          4 |          4 |       0 |    0 |      0 |      0 |      0 |    0 |          1 |
|       mul_list_7_6         |            Muler_15_372 |          4 |          4 |       0 |    0 |      0 |      0 |      0 |    0 |          1 |
|       mul_list_7_7         |            Muler_15_373 |          4 |          4 |       0 |    0 |      0 |      0 |      0 |    0 |          1 |
|       mul_list_7_8         |            Muler_15_374 |          4 |          4 |       0 |    0 |      0 |      0 |      0 |    0 |          1 |
|       mul_list_7_9         |            Muler_15_375 |          4 |          4 |       0 |    0 |      0 |      0 |      0 |    0 |          1 |
|       mul_list_8_0         |            Muler_15_376 |          4 |          4 |       0 |    0 |      0 |      0 |      0 |    0 |          1 |
|       mul_list_8_1         |            Muler_15_377 |          4 |          4 |       0 |    0 |      0 |      0 |      0 |    0 |          1 |
|       mul_list_8_10        |            Muler_15_378 |          4 |          4 |       0 |    0 |      0 |      0 |      0 |    0 |          1 |
|       mul_list_8_11        |            Muler_15_379 |          4 |          4 |       0 |    0 |      0 |      0 |      0 |    0 |          1 |
|       mul_list_8_12        |            Muler_15_380 |          4 |          4 |       0 |    0 |      0 |      0 |      0 |    0 |          1 |
|       mul_list_8_13        |            Muler_15_381 |          4 |          4 |       0 |    0 |      0 |      0 |      0 |    0 |          1 |
|       mul_list_8_14        |            Muler_15_382 |          4 |          4 |       0 |    0 |      0 |      0 |      0 |    0 |          1 |
|       mul_list_8_15        |            Muler_15_383 |          4 |          4 |       0 |    0 |      0 |      0 |      0 |    0 |          1 |
|       mul_list_8_16        |            Muler_15_384 |          4 |          4 |       0 |    0 |      0 |      0 |      0 |    0 |          1 |
|       mul_list_8_17        |            Muler_15_385 |          4 |          4 |       0 |    0 |      0 |      0 |      0 |    0 |          1 |
|       mul_list_8_18        |            Muler_15_386 |          4 |          4 |       0 |    0 |      0 |      0 |      0 |    0 |          1 |
|       mul_list_8_19        |            Muler_15_387 |          4 |          4 |       0 |    0 |      0 |      0 |      0 |    0 |          1 |
|       mul_list_8_2         |            Muler_15_388 |          4 |          4 |       0 |    0 |      0 |      0 |      0 |    0 |          1 |
|       mul_list_8_20        |            Muler_15_389 |          4 |          4 |       0 |    0 |      0 |      0 |      0 |    0 |          1 |
|       mul_list_8_21        |            Muler_15_390 |          4 |          4 |       0 |    0 |      0 |      0 |      0 |    0 |          1 |
|       mul_list_8_22        |            Muler_15_391 |          4 |          4 |       0 |    0 |      0 |      0 |      0 |    0 |          1 |
|       mul_list_8_23        |            Muler_15_392 |          4 |          4 |       0 |    0 |      0 |      0 |      0 |    0 |          1 |
|       mul_list_8_24        |            Muler_15_393 |          4 |          4 |       0 |    0 |      0 |      0 |      0 |    0 |          1 |
|       mul_list_8_25        |            Muler_15_394 |          4 |          4 |       0 |    0 |      0 |      0 |      0 |    0 |          1 |
|       mul_list_8_26        |            Muler_15_395 |          4 |          4 |       0 |    0 |      0 |      0 |      0 |    0 |          1 |
|       mul_list_8_27        |            Muler_15_396 |          4 |          4 |       0 |    0 |      0 |      0 |      0 |    0 |          1 |
|       mul_list_8_28        |            Muler_15_397 |          4 |          4 |       0 |    0 |      0 |      0 |      0 |    0 |          1 |
|       mul_list_8_29        |            Muler_15_398 |          4 |          4 |       0 |    0 |      0 |      0 |      0 |    0 |          1 |
|       mul_list_8_3         |            Muler_15_399 |          4 |          4 |       0 |    0 |      0 |      0 |      0 |    0 |          1 |
|       mul_list_8_30        |            Muler_15_400 |          4 |          4 |       0 |    0 |      0 |      0 |      0 |    0 |          1 |
|       mul_list_8_31        |            Muler_15_401 |          4 |          4 |       0 |    0 |      0 |      0 |      0 |    0 |          1 |
|       mul_list_8_32        |            Muler_15_402 |          4 |          4 |       0 |    0 |      0 |      0 |      0 |    0 |          1 |
|       mul_list_8_33        |            Muler_15_403 |          4 |          4 |       0 |    0 |      0 |      0 |      0 |    0 |          1 |
|       mul_list_8_34        |            Muler_15_404 |          4 |          4 |       0 |    0 |      0 |      0 |      0 |    0 |          1 |
|       mul_list_8_35        |            Muler_15_405 |          4 |          4 |       0 |    0 |      0 |      0 |      0 |    0 |          1 |
|       mul_list_8_4         |            Muler_15_406 |          4 |          4 |       0 |    0 |      0 |      0 |      0 |    0 |          1 |
|       mul_list_8_5         |            Muler_15_407 |          4 |          4 |       0 |    0 |      0 |      0 |      0 |    0 |          1 |
|       mul_list_8_6         |            Muler_15_408 |          4 |          4 |       0 |    0 |      0 |      0 |      0 |    0 |          1 |
|       mul_list_8_7         |            Muler_15_409 |          4 |          4 |       0 |    0 |      0 |      0 |      0 |    0 |          1 |
|       mul_list_8_8         |            Muler_15_410 |          4 |          4 |       0 |    0 |      0 |      0 |      0 |    0 |          1 |
|       mul_list_8_9         |            Muler_15_411 |          4 |          4 |       0 |    0 |      0 |      0 |      0 |    0 |          1 |
|       mul_list_9_0         |            Muler_15_412 |          4 |          4 |       0 |    0 |      0 |      0 |      0 |    0 |          1 |
|       mul_list_9_1         |            Muler_15_413 |          4 |          4 |       0 |    0 |      0 |      0 |      0 |    0 |          1 |
|       mul_list_9_10        |            Muler_15_414 |          4 |          4 |       0 |    0 |      0 |      0 |      0 |    0 |          1 |
|       mul_list_9_11        |            Muler_15_415 |          4 |          4 |       0 |    0 |      0 |      0 |      0 |    0 |          1 |
|       mul_list_9_12        |            Muler_15_416 |          4 |          4 |       0 |    0 |      0 |      0 |      0 |    0 |          1 |
|       mul_list_9_15        |            Muler_15_417 |          4 |          4 |       0 |    0 |      0 |      0 |      0 |    0 |          1 |
|       mul_list_9_17        |            Muler_15_418 |          4 |          4 |       0 |    0 |      0 |      0 |      0 |    0 |          1 |
|       mul_list_9_19        |            Muler_15_419 |          4 |          4 |       0 |    0 |      0 |      0 |      0 |    0 |          1 |
|       mul_list_9_2         |            Muler_15_420 |          4 |          4 |       0 |    0 |      0 |      0 |      0 |    0 |          1 |
|       mul_list_9_20        |            Muler_15_421 |          4 |          4 |       0 |    0 |      0 |      0 |      0 |    0 |          1 |
|       mul_list_9_21        |            Muler_15_422 |          4 |          4 |       0 |    0 |      0 |      0 |      0 |    0 |          1 |
|       mul_list_9_22        |            Muler_15_423 |          4 |          4 |       0 |    0 |      0 |      0 |      0 |    0 |          1 |
|       mul_list_9_23        |            Muler_15_424 |          4 |          4 |       0 |    0 |      0 |      0 |      0 |    0 |          1 |
|       mul_list_9_24        |            Muler_15_425 |          4 |          4 |       0 |    0 |      0 |      0 |      0 |    0 |          1 |
|       mul_list_9_25        |            Muler_15_426 |          4 |          4 |       0 |    0 |      0 |      0 |      0 |    0 |          1 |
|       mul_list_9_26        |            Muler_15_427 |          4 |          4 |       0 |    0 |      0 |      0 |      0 |    0 |          1 |
|       mul_list_9_27        |            Muler_15_428 |          4 |          4 |       0 |    0 |      0 |      0 |      0 |    0 |          1 |
|       mul_list_9_28        |            Muler_15_429 |          4 |          4 |       0 |    0 |      0 |      0 |      0 |    0 |          1 |
|       mul_list_9_29        |            Muler_15_430 |          4 |          4 |       0 |    0 |      0 |      0 |      0 |    0 |          1 |
|       mul_list_9_3         |            Muler_15_431 |          4 |          4 |       0 |    0 |      0 |      0 |      0 |    0 |          1 |
|       mul_list_9_30        |            Muler_15_432 |          4 |          4 |       0 |    0 |      0 |      0 |      0 |    0 |          1 |
|       mul_list_9_31        |            Muler_15_433 |          4 |          4 |       0 |    0 |      0 |      0 |      0 |    0 |          1 |
|       mul_list_9_32        |            Muler_15_434 |          4 |          4 |       0 |    0 |      0 |      0 |      0 |    0 |          1 |
|       mul_list_9_33        |            Muler_15_435 |          4 |          4 |       0 |    0 |      0 |      0 |      0 |    0 |          1 |
|       mul_list_9_34        |            Muler_15_436 |          4 |          4 |       0 |    0 |      0 |      0 |      0 |    0 |          1 |
|       mul_list_9_35        |            Muler_15_437 |          4 |          4 |       0 |    0 |      0 |      0 |      0 |    0 |          1 |
|       mul_list_9_5         |            Muler_15_438 |          4 |          4 |       0 |    0 |      0 |      0 |      0 |    0 |          1 |
|       mul_list_9_6         |            Muler_15_439 |          4 |          4 |       0 |    0 |      0 |      0 |      0 |    0 |          1 |
|       mul_list_9_7         |            Muler_15_440 |          4 |          4 |       0 |    0 |      0 |      0 |      0 |    0 |          1 |
|       mul_list_9_8         |            Muler_15_441 |          4 |          4 |       0 |    0 |      0 |      0 |      0 |    0 |          1 |
|       mul_list_9_9         |            Muler_15_442 |          4 |          4 |       0 |    0 |      0 |      0 |      0 |    0 |          1 |
|       psum_last_pipreg     |           PipReg_26_443 |          6 |          5 |       0 |    1 |      2 |      0 |      0 |    0 |          0 |
|       psum_valid_pipreg    |           PipReg_26_444 |          2 |          1 |       0 |    1 |      2 |      0 |      0 |    0 |          0 |
|       res_valid_pipreg     |               PipReg_30 |          1 |          1 |       0 |    0 |      1 |      0 |      0 |    0 |          0 |
|     lu_inst                |                 LoadU_8 |         35 |         35 |       0 |    0 |     27 |      0 |      0 |    0 |          0 |
|     lw_inst                |                 LoadW_4 |         29 |         29 |       0 |    0 |     21 |      0 |      0 |    0 |          1 |
|     mem_inst               |               DataMen_1 |         62 |         62 |       0 |    0 |      8 |     10 |      2 |    0 |          0 |
|       (mem_inst)           |               DataMen_1 |          9 |          9 |       0 |    0 |      8 |      0 |      0 |    0 |          0 |
|       mem0_ext             |           mem_2048x96_5 |         50 |         50 |       0 |    0 |      0 |      5 |      1 |    0 |          0 |
|       mem1_ext             |           mem_2048x96_6 |          3 |          3 |       0 |    0 |      0 |      5 |      1 |    0 |          0 |
|     su_inst                |                StoreU_5 |         15 |         15 |       0 |    0 |    122 |      0 |      0 |    0 |          0 |
|   ffnup                    |                   FFNUp |      28999 |      28991 |       0 |    8 |  29644 |     10 |      2 |    0 |        437 |
|     cu_inst                |                      CU |      28854 |      28846 |       0 |    8 |  29464 |      0 |      0 |    0 |        436 |
|       (cu_inst)            |                      CU |       5494 |       5494 |       0 |    0 |  26063 |      0 |      0 |    0 |          0 |
|       addTreeList_0        |           AddTree_2_448 |        600 |        600 |       0 |    0 |     96 |      0 |      0 |    0 |          0 |
|       addTreeList_1        |           AddTree_2_449 |        600 |        600 |       0 |    0 |     96 |      0 |      0 |    0 |          0 |
|       addTreeList_10       |           AddTree_2_450 |        600 |        600 |       0 |    0 |     96 |      0 |      0 |    0 |          0 |
|       addTreeList_11       |           AddTree_2_451 |        600 |        600 |       0 |    0 |     96 |      0 |      0 |    0 |          0 |
|       addTreeList_12       |           AddTree_2_452 |        600 |        600 |       0 |    0 |     96 |      0 |      0 |    0 |          0 |
|       addTreeList_13       |           AddTree_2_453 |        600 |        600 |       0 |    0 |     96 |      0 |      0 |    0 |          0 |
|       addTreeList_14       |           AddTree_2_454 |        600 |        600 |       0 |    0 |     96 |      0 |      0 |    0 |          0 |
|       addTreeList_15       |           AddTree_2_455 |        600 |        600 |       0 |    0 |     96 |      0 |      0 |    0 |          0 |
|       addTreeList_16       |           AddTree_2_456 |        600 |        600 |       0 |    0 |     96 |      0 |      0 |    0 |          0 |
|       addTreeList_17       |           AddTree_2_457 |        600 |        600 |       0 |    0 |     96 |      0 |      0 |    0 |          0 |
|       addTreeList_18       |           AddTree_2_458 |        600 |        600 |       0 |    0 |     96 |      0 |      0 |    0 |          0 |
|       addTreeList_19       |           AddTree_2_459 |        600 |        600 |       0 |    0 |     96 |      0 |      0 |    0 |          0 |
|       addTreeList_2        |           AddTree_2_460 |        600 |        600 |       0 |    0 |     96 |      0 |      0 |    0 |          0 |
|       addTreeList_20       |           AddTree_2_461 |        600 |        600 |       0 |    0 |     96 |      0 |      0 |    0 |          0 |
|       addTreeList_21       |           AddTree_2_462 |        600 |        600 |       0 |    0 |     96 |      0 |      0 |    0 |          0 |
|       addTreeList_22       |           AddTree_2_463 |        600 |        600 |       0 |    0 |     96 |      0 |      0 |    0 |          0 |
|       addTreeList_23       |           AddTree_2_464 |        600 |        600 |       0 |    0 |     96 |      0 |      0 |    0 |          0 |
|       addTreeList_24       |           AddTree_2_465 |        600 |        600 |       0 |    0 |     96 |      0 |      0 |    0 |          0 |
|       addTreeList_25       |           AddTree_2_466 |        600 |        600 |       0 |    0 |     96 |      0 |      0 |    0 |          0 |
|       addTreeList_26       |           AddTree_2_467 |        600 |        600 |       0 |    0 |     96 |      0 |      0 |    0 |          0 |
|       addTreeList_27       |           AddTree_2_468 |        600 |        600 |       0 |    0 |     96 |      0 |      0 |    0 |          0 |
|       addTreeList_28       |           AddTree_2_469 |        600 |        600 |       0 |    0 |     96 |      0 |      0 |    0 |          0 |
|       addTreeList_29       |           AddTree_2_470 |        544 |        544 |       0 |    0 |     16 |      0 |      0 |    0 |         10 |
|       addTreeList_3        |           AddTree_2_471 |        600 |        600 |       0 |    0 |     96 |      0 |      0 |    0 |          0 |
|       addTreeList_30       |           AddTree_2_472 |        600 |        600 |       0 |    0 |     96 |      0 |      0 |    0 |          0 |
|       addTreeList_31       |           AddTree_2_473 |        600 |        600 |       0 |    0 |     96 |      0 |      0 |    0 |          0 |
|       addTreeList_32       |           AddTree_2_474 |        600 |        600 |       0 |    0 |     96 |      0 |      0 |    0 |          0 |
|       addTreeList_33       |           AddTree_2_475 |        600 |        600 |       0 |    0 |     96 |      0 |      0 |    0 |          0 |
|       addTreeList_34       |           AddTree_2_476 |        600 |        600 |       0 |    0 |     96 |      0 |      0 |    0 |          0 |
|       addTreeList_35       |           AddTree_2_477 |        600 |        600 |       0 |    0 |     96 |      0 |      0 |    0 |          0 |
|       addTreeList_4        |           AddTree_2_478 |        600 |        600 |       0 |    0 |     96 |      0 |      0 |    0 |          0 |
|       addTreeList_5        |           AddTree_2_479 |        600 |        600 |       0 |    0 |     96 |      0 |      0 |    0 |          0 |
|       addTreeList_6        |           AddTree_2_480 |        600 |        600 |       0 |    0 |     96 |      0 |      0 |    0 |          0 |
|       addTreeList_7        |           AddTree_2_481 |        600 |        600 |       0 |    0 |     96 |      0 |      0 |    0 |          0 |
|       addTreeList_8        |           AddTree_2_482 |        600 |        600 |       0 |    0 |     96 |      0 |      0 |    0 |          0 |
|       addTreeList_9        |           AddTree_2_483 |        600 |        600 |       0 |    0 |     96 |      0 |      0 |    0 |          0 |
|       batchsizelast_pipreg |           PipReg_24_484 |         27 |         27 |       0 |    0 |      2 |      0 |      0 |    0 |          0 |
|       block_first_pipreg   |           PipReg_26_485 |          3 |          2 |       0 |    1 |      2 |      0 |      0 |    0 |          0 |
|       cnt_batchsize_pipreg |           PipReg_27_486 |         74 |         69 |       0 |    5 |     16 |      0 |      0 |    0 |          0 |
|       mul_list_0_0         |            Muler_15_487 |          4 |          4 |       0 |    0 |      0 |      0 |      0 |    0 |          1 |
|       mul_list_0_1         |            Muler_15_488 |          4 |          4 |       0 |    0 |      0 |      0 |      0 |    0 |          1 |
|       mul_list_0_10        |            Muler_15_489 |          4 |          4 |       0 |    0 |      0 |      0 |      0 |    0 |          1 |
|       mul_list_0_11        |            Muler_15_490 |          4 |          4 |       0 |    0 |      0 |      0 |      0 |    0 |          1 |
|       mul_list_0_12        |            Muler_15_491 |          4 |          4 |       0 |    0 |      0 |      0 |      0 |    0 |          1 |
|       mul_list_0_13        |            Muler_15_492 |          4 |          4 |       0 |    0 |      0 |      0 |      0 |    0 |          1 |
|       mul_list_0_14        |            Muler_15_493 |          4 |          4 |       0 |    0 |      0 |      0 |      0 |    0 |          1 |
|       mul_list_0_15        |            Muler_15_494 |          4 |          4 |       0 |    0 |      0 |      0 |      0 |    0 |          1 |
|       mul_list_0_16        |            Muler_15_495 |          4 |          4 |       0 |    0 |      0 |      0 |      0 |    0 |          1 |
|       mul_list_0_17        |            Muler_15_496 |          4 |          4 |       0 |    0 |      0 |      0 |      0 |    0 |          1 |
|       mul_list_0_18        |            Muler_15_497 |          4 |          4 |       0 |    0 |      0 |      0 |      0 |    0 |          1 |
|       mul_list_0_19        |            Muler_15_498 |          4 |          4 |       0 |    0 |      0 |      0 |      0 |    0 |          1 |
|       mul_list_0_2         |            Muler_15_499 |          4 |          4 |       0 |    0 |      0 |      0 |      0 |    0 |          1 |
|       mul_list_0_20        |            Muler_15_500 |          4 |          4 |       0 |    0 |      0 |      0 |      0 |    0 |          1 |
|       mul_list_0_21        |            Muler_15_501 |          4 |          4 |       0 |    0 |      0 |      0 |      0 |    0 |          1 |
|       mul_list_0_22        |            Muler_15_502 |          4 |          4 |       0 |    0 |      0 |      0 |      0 |    0 |          1 |
|       mul_list_0_23        |            Muler_15_503 |          4 |          4 |       0 |    0 |      0 |      0 |      0 |    0 |          1 |
|       mul_list_0_24        |            Muler_15_504 |          4 |          4 |       0 |    0 |      0 |      0 |      0 |    0 |          1 |
|       mul_list_0_25        |            Muler_15_505 |          4 |          4 |       0 |    0 |      0 |      0 |      0 |    0 |          1 |
|       mul_list_0_26        |            Muler_15_506 |          4 |          4 |       0 |    0 |      0 |      0 |      0 |    0 |          1 |
|       mul_list_0_27        |            Muler_15_507 |          4 |          4 |       0 |    0 |      0 |      0 |      0 |    0 |          1 |
|       mul_list_0_28        |            Muler_15_508 |          4 |          4 |       0 |    0 |      0 |      0 |      0 |    0 |          1 |
|       mul_list_0_29        |            Muler_15_509 |          4 |          4 |       0 |    0 |      0 |      0 |      0 |    0 |          1 |
|       mul_list_0_3         |            Muler_15_510 |          4 |          4 |       0 |    0 |      0 |      0 |      0 |    0 |          1 |
|       mul_list_0_30        |            Muler_15_511 |          4 |          4 |       0 |    0 |      0 |      0 |      0 |    0 |          1 |
|       mul_list_0_31        |            Muler_15_512 |          4 |          4 |       0 |    0 |      0 |      0 |      0 |    0 |          1 |
|       mul_list_0_32        |            Muler_15_513 |          4 |          4 |       0 |    0 |      0 |      0 |      0 |    0 |          1 |
|       mul_list_0_33        |            Muler_15_514 |          4 |          4 |       0 |    0 |      0 |      0 |      0 |    0 |          1 |
|       mul_list_0_34        |            Muler_15_515 |          4 |          4 |       0 |    0 |      0 |      0 |      0 |    0 |          1 |
|       mul_list_0_35        |            Muler_15_516 |          4 |          4 |       0 |    0 |      0 |      0 |      0 |    0 |          1 |
|       mul_list_0_4         |            Muler_15_517 |          4 |          4 |       0 |    0 |      0 |      0 |      0 |    0 |          1 |
|       mul_list_0_5         |            Muler_15_518 |          4 |          4 |       0 |    0 |      0 |      0 |      0 |    0 |          1 |
|       mul_list_0_6         |            Muler_15_519 |          4 |          4 |       0 |    0 |      0 |      0 |      0 |    0 |          1 |
|       mul_list_0_7         |            Muler_15_520 |          4 |          4 |       0 |    0 |      0 |      0 |      0 |    0 |          1 |
|       mul_list_0_8         |            Muler_15_521 |          4 |          4 |       0 |    0 |      0 |      0 |      0 |    0 |          1 |
|       mul_list_0_9         |            Muler_15_522 |          4 |          4 |       0 |    0 |      0 |      0 |      0 |    0 |          1 |
|       mul_list_10_0        |            Muler_15_523 |          4 |          4 |       0 |    0 |      0 |      0 |      0 |    0 |          1 |
|       mul_list_10_1        |            Muler_15_524 |          4 |          4 |       0 |    0 |      0 |      0 |      0 |    0 |          1 |
|       mul_list_10_10       |            Muler_15_525 |          4 |          4 |       0 |    0 |      0 |      0 |      0 |    0 |          1 |
|       mul_list_10_11       |            Muler_15_526 |          4 |          4 |       0 |    0 |      0 |      0 |      0 |    0 |          1 |
|       mul_list_10_12       |            Muler_15_527 |          4 |          4 |       0 |    0 |      0 |      0 |      0 |    0 |          1 |
|       mul_list_10_13       |            Muler_15_528 |          4 |          4 |       0 |    0 |      0 |      0 |      0 |    0 |          1 |
|       mul_list_10_14       |            Muler_15_529 |          4 |          4 |       0 |    0 |      0 |      0 |      0 |    0 |          1 |
|       mul_list_10_15       |            Muler_15_530 |          4 |          4 |       0 |    0 |      0 |      0 |      0 |    0 |          1 |
|       mul_list_10_16       |            Muler_15_531 |          4 |          4 |       0 |    0 |      0 |      0 |      0 |    0 |          1 |
|       mul_list_10_17       |            Muler_15_532 |          4 |          4 |       0 |    0 |      0 |      0 |      0 |    0 |          1 |
|       mul_list_10_18       |            Muler_15_533 |          4 |          4 |       0 |    0 |      0 |      0 |      0 |    0 |          1 |
|       mul_list_10_19       |            Muler_15_534 |          4 |          4 |       0 |    0 |      0 |      0 |      0 |    0 |          1 |
|       mul_list_10_2        |            Muler_15_535 |          4 |          4 |       0 |    0 |      0 |      0 |      0 |    0 |          1 |
|       mul_list_10_20       |            Muler_15_536 |          4 |          4 |       0 |    0 |      0 |      0 |      0 |    0 |          1 |
|       mul_list_10_21       |            Muler_15_537 |          4 |          4 |       0 |    0 |      0 |      0 |      0 |    0 |          1 |
|       mul_list_10_22       |            Muler_15_538 |          4 |          4 |       0 |    0 |      0 |      0 |      0 |    0 |          1 |
|       mul_list_10_23       |            Muler_15_539 |          4 |          4 |       0 |    0 |      0 |      0 |      0 |    0 |          1 |
|       mul_list_10_24       |            Muler_15_540 |          4 |          4 |       0 |    0 |      0 |      0 |      0 |    0 |          1 |
|       mul_list_10_25       |            Muler_15_541 |          4 |          4 |       0 |    0 |      0 |      0 |      0 |    0 |          1 |
|       mul_list_10_26       |            Muler_15_542 |          4 |          4 |       0 |    0 |      0 |      0 |      0 |    0 |          1 |
|       mul_list_10_27       |            Muler_15_543 |          4 |          4 |       0 |    0 |      0 |      0 |      0 |    0 |          1 |
|       mul_list_10_28       |            Muler_15_544 |          4 |          4 |       0 |    0 |      0 |      0 |      0 |    0 |          1 |
|       mul_list_10_29       |            Muler_15_545 |          4 |          4 |       0 |    0 |      0 |      0 |      0 |    0 |          1 |
|       mul_list_10_3        |            Muler_15_546 |          4 |          4 |       0 |    0 |      0 |      0 |      0 |    0 |          1 |
|       mul_list_10_30       |            Muler_15_547 |          4 |          4 |       0 |    0 |      0 |      0 |      0 |    0 |          1 |
|       mul_list_10_31       |            Muler_15_548 |          4 |          4 |       0 |    0 |      0 |      0 |      0 |    0 |          1 |
|       mul_list_10_32       |            Muler_15_549 |          4 |          4 |       0 |    0 |      0 |      0 |      0 |    0 |          1 |
|       mul_list_10_33       |            Muler_15_550 |          4 |          4 |       0 |    0 |      0 |      0 |      0 |    0 |          1 |
|       mul_list_10_34       |            Muler_15_551 |          4 |          4 |       0 |    0 |      0 |      0 |      0 |    0 |          1 |
|       mul_list_10_35       |            Muler_15_552 |          4 |          4 |       0 |    0 |      0 |      0 |      0 |    0 |          1 |
|       mul_list_10_4        |            Muler_15_553 |          4 |          4 |       0 |    0 |      0 |      0 |      0 |    0 |          1 |
|       mul_list_10_5        |            Muler_15_554 |          4 |          4 |       0 |    0 |      0 |      0 |      0 |    0 |          1 |
|       mul_list_10_6        |            Muler_15_555 |          4 |          4 |       0 |    0 |      0 |      0 |      0 |    0 |          1 |
|       mul_list_10_7        |            Muler_15_556 |          4 |          4 |       0 |    0 |      0 |      0 |      0 |    0 |          1 |
|       mul_list_10_8        |            Muler_15_557 |          4 |          4 |       0 |    0 |      0 |      0 |      0 |    0 |          1 |
|       mul_list_10_9        |            Muler_15_558 |          4 |          4 |       0 |    0 |      0 |      0 |      0 |    0 |          1 |
|       mul_list_11_0        |            Muler_15_559 |          4 |          4 |       0 |    0 |      0 |      0 |      0 |    0 |          1 |
|       mul_list_11_1        |            Muler_15_560 |          4 |          4 |       0 |    0 |      0 |      0 |      0 |    0 |          1 |
|       mul_list_11_10       |            Muler_15_561 |          4 |          4 |       0 |    0 |      0 |      0 |      0 |    0 |          1 |
|       mul_list_11_11       |            Muler_15_562 |          4 |          4 |       0 |    0 |      0 |      0 |      0 |    0 |          1 |
|       mul_list_11_12       |            Muler_15_563 |          4 |          4 |       0 |    0 |      0 |      0 |      0 |    0 |          1 |
|       mul_list_11_13       |            Muler_15_564 |          4 |          4 |       0 |    0 |      0 |      0 |      0 |    0 |          1 |
|       mul_list_11_14       |            Muler_15_565 |          4 |          4 |       0 |    0 |      0 |      0 |      0 |    0 |          1 |
|       mul_list_11_15       |            Muler_15_566 |          4 |          4 |       0 |    0 |      0 |      0 |      0 |    0 |          1 |
|       mul_list_11_16       |            Muler_15_567 |          4 |          4 |       0 |    0 |      0 |      0 |      0 |    0 |          1 |
|       mul_list_11_17       |            Muler_15_568 |          4 |          4 |       0 |    0 |      0 |      0 |      0 |    0 |          1 |
|       mul_list_11_18       |            Muler_15_569 |          4 |          4 |       0 |    0 |      0 |      0 |      0 |    0 |          1 |
|       mul_list_11_19       |            Muler_15_570 |          4 |          4 |       0 |    0 |      0 |      0 |      0 |    0 |          1 |
|       mul_list_11_2        |            Muler_15_571 |          4 |          4 |       0 |    0 |      0 |      0 |      0 |    0 |          1 |
|       mul_list_11_20       |            Muler_15_572 |          4 |          4 |       0 |    0 |      0 |      0 |      0 |    0 |          1 |
|       mul_list_11_21       |            Muler_15_573 |          4 |          4 |       0 |    0 |      0 |      0 |      0 |    0 |          1 |
|       mul_list_11_22       |            Muler_15_574 |          4 |          4 |       0 |    0 |      0 |      0 |      0 |    0 |          1 |
|       mul_list_11_23       |            Muler_15_575 |          4 |          4 |       0 |    0 |      0 |      0 |      0 |    0 |          1 |
|       mul_list_11_24       |            Muler_15_576 |          4 |          4 |       0 |    0 |      0 |      0 |      0 |    0 |          1 |
|       mul_list_11_25       |            Muler_15_577 |          4 |          4 |       0 |    0 |      0 |      0 |      0 |    0 |          1 |
|       mul_list_11_26       |            Muler_15_578 |          4 |          4 |       0 |    0 |      0 |      0 |      0 |    0 |          1 |
|       mul_list_11_27       |            Muler_15_579 |          4 |          4 |       0 |    0 |      0 |      0 |      0 |    0 |          1 |
|       mul_list_11_28       |            Muler_15_580 |          4 |          4 |       0 |    0 |      0 |      0 |      0 |    0 |          1 |
|       mul_list_11_3        |            Muler_15_581 |          4 |          4 |       0 |    0 |      0 |      0 |      0 |    0 |          1 |
|       mul_list_11_30       |            Muler_15_582 |          4 |          4 |       0 |    0 |      0 |      0 |      0 |    0 |          1 |
|       mul_list_11_31       |            Muler_15_583 |          4 |          4 |       0 |    0 |      0 |      0 |      0 |    0 |          1 |
|       mul_list_11_32       |            Muler_15_584 |          4 |          4 |       0 |    0 |      0 |      0 |      0 |    0 |          1 |
|       mul_list_11_33       |            Muler_15_585 |          4 |          4 |       0 |    0 |      0 |      0 |      0 |    0 |          1 |
|       mul_list_11_34       |            Muler_15_586 |          4 |          4 |       0 |    0 |      0 |      0 |      0 |    0 |          1 |
|       mul_list_11_35       |            Muler_15_587 |          4 |          4 |       0 |    0 |      0 |      0 |      0 |    0 |          1 |
|       mul_list_11_4        |            Muler_15_588 |          4 |          4 |       0 |    0 |      0 |      0 |      0 |    0 |          1 |
|       mul_list_11_5        |            Muler_15_589 |          4 |          4 |       0 |    0 |      0 |      0 |      0 |    0 |          1 |
|       mul_list_11_6        |            Muler_15_590 |          4 |          4 |       0 |    0 |      0 |      0 |      0 |    0 |          1 |
|       mul_list_11_7        |            Muler_15_591 |          4 |          4 |       0 |    0 |      0 |      0 |      0 |    0 |          1 |
|       mul_list_11_8        |            Muler_15_592 |          4 |          4 |       0 |    0 |      0 |      0 |      0 |    0 |          1 |
|       mul_list_11_9        |            Muler_15_593 |          4 |          4 |       0 |    0 |      0 |      0 |      0 |    0 |          1 |
|       mul_list_1_0         |            Muler_15_594 |          4 |          4 |       0 |    0 |      0 |      0 |      0 |    0 |          1 |
|       mul_list_1_1         |            Muler_15_595 |          4 |          4 |       0 |    0 |      0 |      0 |      0 |    0 |          1 |
|       mul_list_1_10        |            Muler_15_596 |          4 |          4 |       0 |    0 |      0 |      0 |      0 |    0 |          1 |
|       mul_list_1_11        |            Muler_15_597 |          4 |          4 |       0 |    0 |      0 |      0 |      0 |    0 |          1 |
|       mul_list_1_12        |            Muler_15_598 |          4 |          4 |       0 |    0 |      0 |      0 |      0 |    0 |          1 |
|       mul_list_1_13        |            Muler_15_599 |          4 |          4 |       0 |    0 |      0 |      0 |      0 |    0 |          1 |
|       mul_list_1_14        |            Muler_15_600 |          4 |          4 |       0 |    0 |      0 |      0 |      0 |    0 |          1 |
|       mul_list_1_15        |            Muler_15_601 |          4 |          4 |       0 |    0 |      0 |      0 |      0 |    0 |          1 |
|       mul_list_1_16        |            Muler_15_602 |          4 |          4 |       0 |    0 |      0 |      0 |      0 |    0 |          1 |
|       mul_list_1_17        |            Muler_15_603 |          4 |          4 |       0 |    0 |      0 |      0 |      0 |    0 |          1 |
|       mul_list_1_18        |            Muler_15_604 |          4 |          4 |       0 |    0 |      0 |      0 |      0 |    0 |          1 |
|       mul_list_1_19        |            Muler_15_605 |          4 |          4 |       0 |    0 |      0 |      0 |      0 |    0 |          1 |
|       mul_list_1_2         |            Muler_15_606 |          4 |          4 |       0 |    0 |      0 |      0 |      0 |    0 |          1 |
|       mul_list_1_20        |            Muler_15_607 |          4 |          4 |       0 |    0 |      0 |      0 |      0 |    0 |          1 |
|       mul_list_1_21        |            Muler_15_608 |          4 |          4 |       0 |    0 |      0 |      0 |      0 |    0 |          1 |
|       mul_list_1_22        |            Muler_15_609 |          4 |          4 |       0 |    0 |      0 |      0 |      0 |    0 |          1 |
|       mul_list_1_23        |            Muler_15_610 |          4 |          4 |       0 |    0 |      0 |      0 |      0 |    0 |          1 |
|       mul_list_1_24        |            Muler_15_611 |          4 |          4 |       0 |    0 |      0 |      0 |      0 |    0 |          1 |
|       mul_list_1_25        |            Muler_15_612 |          4 |          4 |       0 |    0 |      0 |      0 |      0 |    0 |          1 |
|       mul_list_1_26        |            Muler_15_613 |          4 |          4 |       0 |    0 |      0 |      0 |      0 |    0 |          1 |
|       mul_list_1_27        |            Muler_15_614 |          4 |          4 |       0 |    0 |      0 |      0 |      0 |    0 |          1 |
|       mul_list_1_28        |            Muler_15_615 |          4 |          4 |       0 |    0 |      0 |      0 |      0 |    0 |          1 |
|       mul_list_1_3         |            Muler_15_616 |          4 |          4 |       0 |    0 |      0 |      0 |      0 |    0 |          1 |
|       mul_list_1_30        |            Muler_15_617 |          4 |          4 |       0 |    0 |      0 |      0 |      0 |    0 |          1 |
|       mul_list_1_31        |            Muler_15_618 |          4 |          4 |       0 |    0 |      0 |      0 |      0 |    0 |          1 |
|       mul_list_1_32        |            Muler_15_619 |          4 |          4 |       0 |    0 |      0 |      0 |      0 |    0 |          1 |
|       mul_list_1_33        |            Muler_15_620 |          4 |          4 |       0 |    0 |      0 |      0 |      0 |    0 |          1 |
|       mul_list_1_34        |            Muler_15_621 |          4 |          4 |       0 |    0 |      0 |      0 |      0 |    0 |          1 |
|       mul_list_1_35        |            Muler_15_622 |          4 |          4 |       0 |    0 |      0 |      0 |      0 |    0 |          1 |
|       mul_list_1_4         |            Muler_15_623 |          4 |          4 |       0 |    0 |      0 |      0 |      0 |    0 |          1 |
|       mul_list_1_5         |            Muler_15_624 |          4 |          4 |       0 |    0 |      0 |      0 |      0 |    0 |          1 |
|       mul_list_1_6         |            Muler_15_625 |          4 |          4 |       0 |    0 |      0 |      0 |      0 |    0 |          1 |
|       mul_list_1_7         |            Muler_15_626 |          4 |          4 |       0 |    0 |      0 |      0 |      0 |    0 |          1 |
|       mul_list_1_8         |            Muler_15_627 |          4 |          4 |       0 |    0 |      0 |      0 |      0 |    0 |          1 |
|       mul_list_1_9         |            Muler_15_628 |          4 |          4 |       0 |    0 |      0 |      0 |      0 |    0 |          1 |
|       mul_list_2_0         |            Muler_15_629 |          4 |          4 |       0 |    0 |      0 |      0 |      0 |    0 |          1 |
|       mul_list_2_1         |            Muler_15_630 |          4 |          4 |       0 |    0 |      0 |      0 |      0 |    0 |          1 |
|       mul_list_2_10        |            Muler_15_631 |          4 |          4 |       0 |    0 |      0 |      0 |      0 |    0 |          1 |
|       mul_list_2_11        |            Muler_15_632 |          4 |          4 |       0 |    0 |      0 |      0 |      0 |    0 |          1 |
|       mul_list_2_12        |            Muler_15_633 |          4 |          4 |       0 |    0 |      0 |      0 |      0 |    0 |          1 |
|       mul_list_2_13        |            Muler_15_634 |          4 |          4 |       0 |    0 |      0 |      0 |      0 |    0 |          1 |
|       mul_list_2_14        |            Muler_15_635 |          4 |          4 |       0 |    0 |      0 |      0 |      0 |    0 |          1 |
|       mul_list_2_15        |            Muler_15_636 |          4 |          4 |       0 |    0 |      0 |      0 |      0 |    0 |          1 |
|       mul_list_2_16        |            Muler_15_637 |          4 |          4 |       0 |    0 |      0 |      0 |      0 |    0 |          1 |
|       mul_list_2_17        |            Muler_15_638 |          4 |          4 |       0 |    0 |      0 |      0 |      0 |    0 |          1 |
|       mul_list_2_18        |            Muler_15_639 |          4 |          4 |       0 |    0 |      0 |      0 |      0 |    0 |          1 |
|       mul_list_2_19        |            Muler_15_640 |          4 |          4 |       0 |    0 |      0 |      0 |      0 |    0 |          1 |
|       mul_list_2_2         |            Muler_15_641 |          4 |          4 |       0 |    0 |      0 |      0 |      0 |    0 |          1 |
|       mul_list_2_20        |            Muler_15_642 |          4 |          4 |       0 |    0 |      0 |      0 |      0 |    0 |          1 |
|       mul_list_2_21        |            Muler_15_643 |          4 |          4 |       0 |    0 |      0 |      0 |      0 |    0 |          1 |
|       mul_list_2_22        |            Muler_15_644 |          4 |          4 |       0 |    0 |      0 |      0 |      0 |    0 |          1 |
|       mul_list_2_23        |            Muler_15_645 |          4 |          4 |       0 |    0 |      0 |      0 |      0 |    0 |          1 |
|       mul_list_2_24        |            Muler_15_646 |          4 |          4 |       0 |    0 |      0 |      0 |      0 |    0 |          1 |
|       mul_list_2_25        |            Muler_15_647 |          4 |          4 |       0 |    0 |      0 |      0 |      0 |    0 |          1 |
|       mul_list_2_26        |            Muler_15_648 |          4 |          4 |       0 |    0 |      0 |      0 |      0 |    0 |          1 |
|       mul_list_2_27        |            Muler_15_649 |          4 |          4 |       0 |    0 |      0 |      0 |      0 |    0 |          1 |
|       mul_list_2_28        |            Muler_15_650 |          4 |          4 |       0 |    0 |      0 |      0 |      0 |    0 |          1 |
|       mul_list_2_29        |            Muler_15_651 |          4 |          4 |       0 |    0 |      0 |      0 |      0 |    0 |          1 |
|       mul_list_2_3         |            Muler_15_652 |          4 |          4 |       0 |    0 |      0 |      0 |      0 |    0 |          1 |
|       mul_list_2_30        |            Muler_15_653 |          4 |          4 |       0 |    0 |      0 |      0 |      0 |    0 |          1 |
|       mul_list_2_31        |            Muler_15_654 |          4 |          4 |       0 |    0 |      0 |      0 |      0 |    0 |          1 |
|       mul_list_2_32        |            Muler_15_655 |          4 |          4 |       0 |    0 |      0 |      0 |      0 |    0 |          1 |
|       mul_list_2_33        |            Muler_15_656 |          4 |          4 |       0 |    0 |      0 |      0 |      0 |    0 |          1 |
|       mul_list_2_34        |            Muler_15_657 |          4 |          4 |       0 |    0 |      0 |      0 |      0 |    0 |          1 |
|       mul_list_2_35        |            Muler_15_658 |          4 |          4 |       0 |    0 |      0 |      0 |      0 |    0 |          1 |
|       mul_list_2_4         |            Muler_15_659 |          4 |          4 |       0 |    0 |      0 |      0 |      0 |    0 |          1 |
|       mul_list_2_5         |            Muler_15_660 |          4 |          4 |       0 |    0 |      0 |      0 |      0 |    0 |          1 |
|       mul_list_2_6         |            Muler_15_661 |          4 |          4 |       0 |    0 |      0 |      0 |      0 |    0 |          1 |
|       mul_list_2_7         |            Muler_15_662 |          4 |          4 |       0 |    0 |      0 |      0 |      0 |    0 |          1 |
|       mul_list_2_8         |            Muler_15_663 |          4 |          4 |       0 |    0 |      0 |      0 |      0 |    0 |          1 |
|       mul_list_2_9         |            Muler_15_664 |          4 |          4 |       0 |    0 |      0 |      0 |      0 |    0 |          1 |
|       mul_list_3_0         |            Muler_15_665 |          4 |          4 |       0 |    0 |      0 |      0 |      0 |    0 |          1 |
|       mul_list_3_1         |            Muler_15_666 |          4 |          4 |       0 |    0 |      0 |      0 |      0 |    0 |          1 |
|       mul_list_3_10        |            Muler_15_667 |          4 |          4 |       0 |    0 |      0 |      0 |      0 |    0 |          1 |
|       mul_list_3_11        |            Muler_15_668 |          4 |          4 |       0 |    0 |      0 |      0 |      0 |    0 |          1 |
|       mul_list_3_12        |            Muler_15_669 |          4 |          4 |       0 |    0 |      0 |      0 |      0 |    0 |          1 |
|       mul_list_3_13        |            Muler_15_670 |          4 |          4 |       0 |    0 |      0 |      0 |      0 |    0 |          1 |
|       mul_list_3_14        |            Muler_15_671 |          4 |          4 |       0 |    0 |      0 |      0 |      0 |    0 |          1 |
|       mul_list_3_15        |            Muler_15_672 |          4 |          4 |       0 |    0 |      0 |      0 |      0 |    0 |          1 |
|       mul_list_3_16        |            Muler_15_673 |          4 |          4 |       0 |    0 |      0 |      0 |      0 |    0 |          1 |
|       mul_list_3_17        |            Muler_15_674 |          4 |          4 |       0 |    0 |      0 |      0 |      0 |    0 |          1 |
|       mul_list_3_18        |            Muler_15_675 |          4 |          4 |       0 |    0 |      0 |      0 |      0 |    0 |          1 |
|       mul_list_3_19        |            Muler_15_676 |          4 |          4 |       0 |    0 |      0 |      0 |      0 |    0 |          1 |
|       mul_list_3_2         |            Muler_15_677 |          4 |          4 |       0 |    0 |      0 |      0 |      0 |    0 |          1 |
|       mul_list_3_20        |            Muler_15_678 |          4 |          4 |       0 |    0 |      0 |      0 |      0 |    0 |          1 |
|       mul_list_3_21        |            Muler_15_679 |          4 |          4 |       0 |    0 |      0 |      0 |      0 |    0 |          1 |
|       mul_list_3_22        |            Muler_15_680 |          4 |          4 |       0 |    0 |      0 |      0 |      0 |    0 |          1 |
|       mul_list_3_23        |            Muler_15_681 |          4 |          4 |       0 |    0 |      0 |      0 |      0 |    0 |          1 |
|       mul_list_3_24        |            Muler_15_682 |          4 |          4 |       0 |    0 |      0 |      0 |      0 |    0 |          1 |
|       mul_list_3_25        |            Muler_15_683 |          4 |          4 |       0 |    0 |      0 |      0 |      0 |    0 |          1 |
|       mul_list_3_26        |            Muler_15_684 |          4 |          4 |       0 |    0 |      0 |      0 |      0 |    0 |          1 |
|       mul_list_3_27        |            Muler_15_685 |          4 |          4 |       0 |    0 |      0 |      0 |      0 |    0 |          1 |
|       mul_list_3_28        |            Muler_15_686 |          4 |          4 |       0 |    0 |      0 |      0 |      0 |    0 |          1 |
|       mul_list_3_3         |            Muler_15_687 |          4 |          4 |       0 |    0 |      0 |      0 |      0 |    0 |          1 |
|       mul_list_3_30        |            Muler_15_688 |          4 |          4 |       0 |    0 |      0 |      0 |      0 |    0 |          1 |
|       mul_list_3_31        |            Muler_15_689 |          4 |          4 |       0 |    0 |      0 |      0 |      0 |    0 |          1 |
|       mul_list_3_32        |            Muler_15_690 |          4 |          4 |       0 |    0 |      0 |      0 |      0 |    0 |          1 |
|       mul_list_3_33        |            Muler_15_691 |          4 |          4 |       0 |    0 |      0 |      0 |      0 |    0 |          1 |
|       mul_list_3_34        |            Muler_15_692 |          4 |          4 |       0 |    0 |      0 |      0 |      0 |    0 |          1 |
|       mul_list_3_35        |            Muler_15_693 |          4 |          4 |       0 |    0 |      0 |      0 |      0 |    0 |          1 |
|       mul_list_3_4         |            Muler_15_694 |          4 |          4 |       0 |    0 |      0 |      0 |      0 |    0 |          1 |
|       mul_list_3_5         |            Muler_15_695 |          4 |          4 |       0 |    0 |      0 |      0 |      0 |    0 |          1 |
|       mul_list_3_6         |            Muler_15_696 |          4 |          4 |       0 |    0 |      0 |      0 |      0 |    0 |          1 |
|       mul_list_3_7         |            Muler_15_697 |          4 |          4 |       0 |    0 |      0 |      0 |      0 |    0 |          1 |
|       mul_list_3_8         |            Muler_15_698 |          4 |          4 |       0 |    0 |      0 |      0 |      0 |    0 |          1 |
|       mul_list_3_9         |            Muler_15_699 |          4 |          4 |       0 |    0 |      0 |      0 |      0 |    0 |          1 |
|       mul_list_4_0         |            Muler_15_700 |          4 |          4 |       0 |    0 |      0 |      0 |      0 |    0 |          1 |
|       mul_list_4_1         |            Muler_15_701 |          4 |          4 |       0 |    0 |      0 |      0 |      0 |    0 |          1 |
|       mul_list_4_10        |            Muler_15_702 |          4 |          4 |       0 |    0 |      0 |      0 |      0 |    0 |          1 |
|       mul_list_4_11        |            Muler_15_703 |          4 |          4 |       0 |    0 |      0 |      0 |      0 |    0 |          1 |
|       mul_list_4_12        |            Muler_15_704 |          4 |          4 |       0 |    0 |      0 |      0 |      0 |    0 |          1 |
|       mul_list_4_13        |            Muler_15_705 |          4 |          4 |       0 |    0 |      0 |      0 |      0 |    0 |          1 |
|       mul_list_4_14        |            Muler_15_706 |          4 |          4 |       0 |    0 |      0 |      0 |      0 |    0 |          1 |
|       mul_list_4_15        |            Muler_15_707 |          4 |          4 |       0 |    0 |      0 |      0 |      0 |    0 |          1 |
|       mul_list_4_16        |            Muler_15_708 |          4 |          4 |       0 |    0 |      0 |      0 |      0 |    0 |          1 |
|       mul_list_4_17        |            Muler_15_709 |          4 |          4 |       0 |    0 |      0 |      0 |      0 |    0 |          1 |
|       mul_list_4_18        |            Muler_15_710 |          4 |          4 |       0 |    0 |      0 |      0 |      0 |    0 |          1 |
|       mul_list_4_19        |            Muler_15_711 |          4 |          4 |       0 |    0 |      0 |      0 |      0 |    0 |          1 |
|       mul_list_4_2         |            Muler_15_712 |          4 |          4 |       0 |    0 |      0 |      0 |      0 |    0 |          1 |
|       mul_list_4_20        |            Muler_15_713 |          4 |          4 |       0 |    0 |      0 |      0 |      0 |    0 |          1 |
|       mul_list_4_21        |            Muler_15_714 |          4 |          4 |       0 |    0 |      0 |      0 |      0 |    0 |          1 |
|       mul_list_4_22        |            Muler_15_715 |          4 |          4 |       0 |    0 |      0 |      0 |      0 |    0 |          1 |
|       mul_list_4_23        |            Muler_15_716 |          4 |          4 |       0 |    0 |      0 |      0 |      0 |    0 |          1 |
|       mul_list_4_24        |            Muler_15_717 |          4 |          4 |       0 |    0 |      0 |      0 |      0 |    0 |          1 |
|       mul_list_4_25        |            Muler_15_718 |          4 |          4 |       0 |    0 |      0 |      0 |      0 |    0 |          1 |
|       mul_list_4_26        |            Muler_15_719 |          4 |          4 |       0 |    0 |      0 |      0 |      0 |    0 |          1 |
|       mul_list_4_27        |            Muler_15_720 |          4 |          4 |       0 |    0 |      0 |      0 |      0 |    0 |          1 |
|       mul_list_4_28        |            Muler_15_721 |          4 |          4 |       0 |    0 |      0 |      0 |      0 |    0 |          1 |
|       mul_list_4_29        |            Muler_15_722 |          4 |          4 |       0 |    0 |      0 |      0 |      0 |    0 |          1 |
|       mul_list_4_3         |            Muler_15_723 |          4 |          4 |       0 |    0 |      0 |      0 |      0 |    0 |          1 |
|       mul_list_4_30        |            Muler_15_724 |          4 |          4 |       0 |    0 |      0 |      0 |      0 |    0 |          1 |
|       mul_list_4_31        |            Muler_15_725 |          4 |          4 |       0 |    0 |      0 |      0 |      0 |    0 |          1 |
|       mul_list_4_32        |            Muler_15_726 |          4 |          4 |       0 |    0 |      0 |      0 |      0 |    0 |          1 |
|       mul_list_4_33        |            Muler_15_727 |          4 |          4 |       0 |    0 |      0 |      0 |      0 |    0 |          1 |
|       mul_list_4_34        |            Muler_15_728 |          4 |          4 |       0 |    0 |      0 |      0 |      0 |    0 |          1 |
|       mul_list_4_35        |            Muler_15_729 |          4 |          4 |       0 |    0 |      0 |      0 |      0 |    0 |          1 |
|       mul_list_4_4         |            Muler_15_730 |          4 |          4 |       0 |    0 |      0 |      0 |      0 |    0 |          1 |
|       mul_list_4_5         |            Muler_15_731 |          4 |          4 |       0 |    0 |      0 |      0 |      0 |    0 |          1 |
|       mul_list_4_6         |            Muler_15_732 |          4 |          4 |       0 |    0 |      0 |      0 |      0 |    0 |          1 |
|       mul_list_4_7         |            Muler_15_733 |          4 |          4 |       0 |    0 |      0 |      0 |      0 |    0 |          1 |
|       mul_list_4_8         |            Muler_15_734 |          4 |          4 |       0 |    0 |      0 |      0 |      0 |    0 |          1 |
|       mul_list_4_9         |            Muler_15_735 |          4 |          4 |       0 |    0 |      0 |      0 |      0 |    0 |          1 |
|       mul_list_5_0         |            Muler_15_736 |          4 |          4 |       0 |    0 |      0 |      0 |      0 |    0 |          1 |
|       mul_list_5_1         |            Muler_15_737 |          4 |          4 |       0 |    0 |      0 |      0 |      0 |    0 |          1 |
|       mul_list_5_10        |            Muler_15_738 |          4 |          4 |       0 |    0 |      0 |      0 |      0 |    0 |          1 |
|       mul_list_5_11        |            Muler_15_739 |          4 |          4 |       0 |    0 |      0 |      0 |      0 |    0 |          1 |
|       mul_list_5_12        |            Muler_15_740 |          4 |          4 |       0 |    0 |      0 |      0 |      0 |    0 |          1 |
|       mul_list_5_13        |            Muler_15_741 |          4 |          4 |       0 |    0 |      0 |      0 |      0 |    0 |          1 |
|       mul_list_5_14        |            Muler_15_742 |          4 |          4 |       0 |    0 |      0 |      0 |      0 |    0 |          1 |
|       mul_list_5_15        |            Muler_15_743 |          4 |          4 |       0 |    0 |      0 |      0 |      0 |    0 |          1 |
|       mul_list_5_16        |            Muler_15_744 |          4 |          4 |       0 |    0 |      0 |      0 |      0 |    0 |          1 |
|       mul_list_5_17        |            Muler_15_745 |          4 |          4 |       0 |    0 |      0 |      0 |      0 |    0 |          1 |
|       mul_list_5_18        |            Muler_15_746 |          4 |          4 |       0 |    0 |      0 |      0 |      0 |    0 |          1 |
|       mul_list_5_19        |            Muler_15_747 |          4 |          4 |       0 |    0 |      0 |      0 |      0 |    0 |          1 |
|       mul_list_5_2         |            Muler_15_748 |          4 |          4 |       0 |    0 |      0 |      0 |      0 |    0 |          1 |
|       mul_list_5_20        |            Muler_15_749 |          4 |          4 |       0 |    0 |      0 |      0 |      0 |    0 |          1 |
|       mul_list_5_21        |            Muler_15_750 |          4 |          4 |       0 |    0 |      0 |      0 |      0 |    0 |          1 |
|       mul_list_5_22        |            Muler_15_751 |          4 |          4 |       0 |    0 |      0 |      0 |      0 |    0 |          1 |
|       mul_list_5_23        |            Muler_15_752 |          4 |          4 |       0 |    0 |      0 |      0 |      0 |    0 |          1 |
|       mul_list_5_24        |            Muler_15_753 |          4 |          4 |       0 |    0 |      0 |      0 |      0 |    0 |          1 |
|       mul_list_5_25        |            Muler_15_754 |          4 |          4 |       0 |    0 |      0 |      0 |      0 |    0 |          1 |
|       mul_list_5_26        |            Muler_15_755 |          4 |          4 |       0 |    0 |      0 |      0 |      0 |    0 |          1 |
|       mul_list_5_27        |            Muler_15_756 |          4 |          4 |       0 |    0 |      0 |      0 |      0 |    0 |          1 |
|       mul_list_5_28        |            Muler_15_757 |          4 |          4 |       0 |    0 |      0 |      0 |      0 |    0 |          1 |
|       mul_list_5_3         |            Muler_15_758 |          4 |          4 |       0 |    0 |      0 |      0 |      0 |    0 |          1 |
|       mul_list_5_30        |            Muler_15_759 |          4 |          4 |       0 |    0 |      0 |      0 |      0 |    0 |          1 |
|       mul_list_5_31        |            Muler_15_760 |          4 |          4 |       0 |    0 |      0 |      0 |      0 |    0 |          1 |
|       mul_list_5_32        |            Muler_15_761 |          4 |          4 |       0 |    0 |      0 |      0 |      0 |    0 |          1 |
|       mul_list_5_33        |            Muler_15_762 |          4 |          4 |       0 |    0 |      0 |      0 |      0 |    0 |          1 |
|       mul_list_5_34        |            Muler_15_763 |          4 |          4 |       0 |    0 |      0 |      0 |      0 |    0 |          1 |
|       mul_list_5_35        |            Muler_15_764 |          4 |          4 |       0 |    0 |      0 |      0 |      0 |    0 |          1 |
|       mul_list_5_4         |            Muler_15_765 |          4 |          4 |       0 |    0 |      0 |      0 |      0 |    0 |          1 |
|       mul_list_5_5         |            Muler_15_766 |          4 |          4 |       0 |    0 |      0 |      0 |      0 |    0 |          1 |
|       mul_list_5_6         |            Muler_15_767 |          4 |          4 |       0 |    0 |      0 |      0 |      0 |    0 |          1 |
|       mul_list_5_7         |            Muler_15_768 |          4 |          4 |       0 |    0 |      0 |      0 |      0 |    0 |          1 |
|       mul_list_5_8         |            Muler_15_769 |          4 |          4 |       0 |    0 |      0 |      0 |      0 |    0 |          1 |
|       mul_list_5_9         |            Muler_15_770 |          4 |          4 |       0 |    0 |      0 |      0 |      0 |    0 |          1 |
|       mul_list_6_0         |            Muler_15_771 |          4 |          4 |       0 |    0 |      0 |      0 |      0 |    0 |          1 |
|       mul_list_6_1         |            Muler_15_772 |          4 |          4 |       0 |    0 |      0 |      0 |      0 |    0 |          1 |
|       mul_list_6_10        |            Muler_15_773 |          4 |          4 |       0 |    0 |      0 |      0 |      0 |    0 |          1 |
|       mul_list_6_11        |            Muler_15_774 |          4 |          4 |       0 |    0 |      0 |      0 |      0 |    0 |          1 |
|       mul_list_6_12        |            Muler_15_775 |          4 |          4 |       0 |    0 |      0 |      0 |      0 |    0 |          1 |
|       mul_list_6_13        |            Muler_15_776 |          4 |          4 |       0 |    0 |      0 |      0 |      0 |    0 |          1 |
|       mul_list_6_14        |            Muler_15_777 |          4 |          4 |       0 |    0 |      0 |      0 |      0 |    0 |          1 |
|       mul_list_6_15        |            Muler_15_778 |          4 |          4 |       0 |    0 |      0 |      0 |      0 |    0 |          1 |
|       mul_list_6_16        |            Muler_15_779 |          4 |          4 |       0 |    0 |      0 |      0 |      0 |    0 |          1 |
|       mul_list_6_17        |            Muler_15_780 |          4 |          4 |       0 |    0 |      0 |      0 |      0 |    0 |          1 |
|       mul_list_6_18        |            Muler_15_781 |          4 |          4 |       0 |    0 |      0 |      0 |      0 |    0 |          1 |
|       mul_list_6_19        |            Muler_15_782 |          4 |          4 |       0 |    0 |      0 |      0 |      0 |    0 |          1 |
|       mul_list_6_2         |            Muler_15_783 |          4 |          4 |       0 |    0 |      0 |      0 |      0 |    0 |          1 |
|       mul_list_6_20        |            Muler_15_784 |          4 |          4 |       0 |    0 |      0 |      0 |      0 |    0 |          1 |
|       mul_list_6_21        |            Muler_15_785 |          4 |          4 |       0 |    0 |      0 |      0 |      0 |    0 |          1 |
|       mul_list_6_22        |            Muler_15_786 |          4 |          4 |       0 |    0 |      0 |      0 |      0 |    0 |          1 |
|       mul_list_6_23        |            Muler_15_787 |          4 |          4 |       0 |    0 |      0 |      0 |      0 |    0 |          1 |
|       mul_list_6_24        |            Muler_15_788 |          4 |          4 |       0 |    0 |      0 |      0 |      0 |    0 |          1 |
|       mul_list_6_25        |            Muler_15_789 |          4 |          4 |       0 |    0 |      0 |      0 |      0 |    0 |          1 |
|       mul_list_6_26        |            Muler_15_790 |          4 |          4 |       0 |    0 |      0 |      0 |      0 |    0 |          1 |
|       mul_list_6_27        |            Muler_15_791 |          4 |          4 |       0 |    0 |      0 |      0 |      0 |    0 |          1 |
|       mul_list_6_28        |            Muler_15_792 |          4 |          4 |       0 |    0 |      0 |      0 |      0 |    0 |          1 |
|       mul_list_6_29        |            Muler_15_793 |          4 |          4 |       0 |    0 |      0 |      0 |      0 |    0 |          1 |
|       mul_list_6_3         |            Muler_15_794 |          4 |          4 |       0 |    0 |      0 |      0 |      0 |    0 |          1 |
|       mul_list_6_30        |            Muler_15_795 |          4 |          4 |       0 |    0 |      0 |      0 |      0 |    0 |          1 |
|       mul_list_6_31        |            Muler_15_796 |          4 |          4 |       0 |    0 |      0 |      0 |      0 |    0 |          1 |
|       mul_list_6_32        |            Muler_15_797 |          4 |          4 |       0 |    0 |      0 |      0 |      0 |    0 |          1 |
|       mul_list_6_33        |            Muler_15_798 |          4 |          4 |       0 |    0 |      0 |      0 |      0 |    0 |          1 |
|       mul_list_6_34        |            Muler_15_799 |          4 |          4 |       0 |    0 |      0 |      0 |      0 |    0 |          1 |
|       mul_list_6_35        |            Muler_15_800 |          4 |          4 |       0 |    0 |      0 |      0 |      0 |    0 |          1 |
|       mul_list_6_4         |            Muler_15_801 |          4 |          4 |       0 |    0 |      0 |      0 |      0 |    0 |          1 |
|       mul_list_6_5         |            Muler_15_802 |          4 |          4 |       0 |    0 |      0 |      0 |      0 |    0 |          1 |
|       mul_list_6_6         |            Muler_15_803 |          4 |          4 |       0 |    0 |      0 |      0 |      0 |    0 |          1 |
|       mul_list_6_7         |            Muler_15_804 |          4 |          4 |       0 |    0 |      0 |      0 |      0 |    0 |          1 |
|       mul_list_6_8         |            Muler_15_805 |          4 |          4 |       0 |    0 |      0 |      0 |      0 |    0 |          1 |
|       mul_list_6_9         |            Muler_15_806 |          4 |          4 |       0 |    0 |      0 |      0 |      0 |    0 |          1 |
|       mul_list_7_0         |            Muler_15_807 |          4 |          4 |       0 |    0 |      0 |      0 |      0 |    0 |          1 |
|       mul_list_7_1         |            Muler_15_808 |          4 |          4 |       0 |    0 |      0 |      0 |      0 |    0 |          1 |
|       mul_list_7_10        |            Muler_15_809 |          4 |          4 |       0 |    0 |      0 |      0 |      0 |    0 |          1 |
|       mul_list_7_11        |            Muler_15_810 |          4 |          4 |       0 |    0 |      0 |      0 |      0 |    0 |          1 |
|       mul_list_7_12        |            Muler_15_811 |          4 |          4 |       0 |    0 |      0 |      0 |      0 |    0 |          1 |
|       mul_list_7_13        |            Muler_15_812 |          4 |          4 |       0 |    0 |      0 |      0 |      0 |    0 |          1 |
|       mul_list_7_14        |            Muler_15_813 |          4 |          4 |       0 |    0 |      0 |      0 |      0 |    0 |          1 |
|       mul_list_7_15        |            Muler_15_814 |          4 |          4 |       0 |    0 |      0 |      0 |      0 |    0 |          1 |
|       mul_list_7_16        |            Muler_15_815 |          4 |          4 |       0 |    0 |      0 |      0 |      0 |    0 |          1 |
|       mul_list_7_17        |            Muler_15_816 |          4 |          4 |       0 |    0 |      0 |      0 |      0 |    0 |          1 |
|       mul_list_7_18        |            Muler_15_817 |          4 |          4 |       0 |    0 |      0 |      0 |      0 |    0 |          1 |
|       mul_list_7_19        |            Muler_15_818 |          4 |          4 |       0 |    0 |      0 |      0 |      0 |    0 |          1 |
|       mul_list_7_2         |            Muler_15_819 |          4 |          4 |       0 |    0 |      0 |      0 |      0 |    0 |          1 |
|       mul_list_7_20        |            Muler_15_820 |          4 |          4 |       0 |    0 |      0 |      0 |      0 |    0 |          1 |
|       mul_list_7_21        |            Muler_15_821 |          4 |          4 |       0 |    0 |      0 |      0 |      0 |    0 |          1 |
|       mul_list_7_22        |            Muler_15_822 |          4 |          4 |       0 |    0 |      0 |      0 |      0 |    0 |          1 |
|       mul_list_7_23        |            Muler_15_823 |          4 |          4 |       0 |    0 |      0 |      0 |      0 |    0 |          1 |
|       mul_list_7_24        |            Muler_15_824 |          4 |          4 |       0 |    0 |      0 |      0 |      0 |    0 |          1 |
|       mul_list_7_25        |            Muler_15_825 |          4 |          4 |       0 |    0 |      0 |      0 |      0 |    0 |          1 |
|       mul_list_7_26        |            Muler_15_826 |          4 |          4 |       0 |    0 |      0 |      0 |      0 |    0 |          1 |
|       mul_list_7_27        |            Muler_15_827 |          4 |          4 |       0 |    0 |      0 |      0 |      0 |    0 |          1 |
|       mul_list_7_28        |            Muler_15_828 |          4 |          4 |       0 |    0 |      0 |      0 |      0 |    0 |          1 |
|       mul_list_7_3         |            Muler_15_829 |          4 |          4 |       0 |    0 |      0 |      0 |      0 |    0 |          1 |
|       mul_list_7_30        |            Muler_15_830 |          4 |          4 |       0 |    0 |      0 |      0 |      0 |    0 |          1 |
|       mul_list_7_31        |            Muler_15_831 |          4 |          4 |       0 |    0 |      0 |      0 |      0 |    0 |          1 |
|       mul_list_7_32        |            Muler_15_832 |          4 |          4 |       0 |    0 |      0 |      0 |      0 |    0 |          1 |
|       mul_list_7_33        |            Muler_15_833 |          4 |          4 |       0 |    0 |      0 |      0 |      0 |    0 |          1 |
|       mul_list_7_34        |            Muler_15_834 |          4 |          4 |       0 |    0 |      0 |      0 |      0 |    0 |          1 |
|       mul_list_7_35        |            Muler_15_835 |          4 |          4 |       0 |    0 |      0 |      0 |      0 |    0 |          1 |
|       mul_list_7_4         |            Muler_15_836 |          4 |          4 |       0 |    0 |      0 |      0 |      0 |    0 |          1 |
|       mul_list_7_5         |            Muler_15_837 |          4 |          4 |       0 |    0 |      0 |      0 |      0 |    0 |          1 |
|       mul_list_7_6         |            Muler_15_838 |          4 |          4 |       0 |    0 |      0 |      0 |      0 |    0 |          1 |
|       mul_list_7_7         |            Muler_15_839 |          4 |          4 |       0 |    0 |      0 |      0 |      0 |    0 |          1 |
|       mul_list_7_8         |            Muler_15_840 |          4 |          4 |       0 |    0 |      0 |      0 |      0 |    0 |          1 |
|       mul_list_7_9         |            Muler_15_841 |          4 |          4 |       0 |    0 |      0 |      0 |      0 |    0 |          1 |
|       mul_list_8_0         |            Muler_15_842 |          4 |          4 |       0 |    0 |      0 |      0 |      0 |    0 |          1 |
|       mul_list_8_1         |            Muler_15_843 |          4 |          4 |       0 |    0 |      0 |      0 |      0 |    0 |          1 |
|       mul_list_8_10        |            Muler_15_844 |          4 |          4 |       0 |    0 |      0 |      0 |      0 |    0 |          1 |
|       mul_list_8_11        |            Muler_15_845 |          4 |          4 |       0 |    0 |      0 |      0 |      0 |    0 |          1 |
|       mul_list_8_12        |            Muler_15_846 |          4 |          4 |       0 |    0 |      0 |      0 |      0 |    0 |          1 |
|       mul_list_8_13        |            Muler_15_847 |          4 |          4 |       0 |    0 |      0 |      0 |      0 |    0 |          1 |
|       mul_list_8_14        |            Muler_15_848 |          4 |          4 |       0 |    0 |      0 |      0 |      0 |    0 |          1 |
|       mul_list_8_15        |            Muler_15_849 |          4 |          4 |       0 |    0 |      0 |      0 |      0 |    0 |          1 |
|       mul_list_8_16        |            Muler_15_850 |          4 |          4 |       0 |    0 |      0 |      0 |      0 |    0 |          1 |
|       mul_list_8_17        |            Muler_15_851 |          4 |          4 |       0 |    0 |      0 |      0 |      0 |    0 |          1 |
|       mul_list_8_18        |            Muler_15_852 |          4 |          4 |       0 |    0 |      0 |      0 |      0 |    0 |          1 |
|       mul_list_8_19        |            Muler_15_853 |          4 |          4 |       0 |    0 |      0 |      0 |      0 |    0 |          1 |
|       mul_list_8_2         |            Muler_15_854 |          4 |          4 |       0 |    0 |      0 |      0 |      0 |    0 |          1 |
|       mul_list_8_20        |            Muler_15_855 |          4 |          4 |       0 |    0 |      0 |      0 |      0 |    0 |          1 |
|       mul_list_8_21        |            Muler_15_856 |          4 |          4 |       0 |    0 |      0 |      0 |      0 |    0 |          1 |
|       mul_list_8_22        |            Muler_15_857 |          4 |          4 |       0 |    0 |      0 |      0 |      0 |    0 |          1 |
|       mul_list_8_23        |            Muler_15_858 |          4 |          4 |       0 |    0 |      0 |      0 |      0 |    0 |          1 |
|       mul_list_8_24        |            Muler_15_859 |          4 |          4 |       0 |    0 |      0 |      0 |      0 |    0 |          1 |
|       mul_list_8_25        |            Muler_15_860 |          4 |          4 |       0 |    0 |      0 |      0 |      0 |    0 |          1 |
|       mul_list_8_26        |            Muler_15_861 |          4 |          4 |       0 |    0 |      0 |      0 |      0 |    0 |          1 |
|       mul_list_8_27        |            Muler_15_862 |          4 |          4 |       0 |    0 |      0 |      0 |      0 |    0 |          1 |
|       mul_list_8_28        |            Muler_15_863 |          4 |          4 |       0 |    0 |      0 |      0 |      0 |    0 |          1 |
|       mul_list_8_29        |            Muler_15_864 |          4 |          4 |       0 |    0 |      0 |      0 |      0 |    0 |          1 |
|       mul_list_8_3         |            Muler_15_865 |          4 |          4 |       0 |    0 |      0 |      0 |      0 |    0 |          1 |
|       mul_list_8_30        |            Muler_15_866 |          4 |          4 |       0 |    0 |      0 |      0 |      0 |    0 |          1 |
|       mul_list_8_31        |            Muler_15_867 |          4 |          4 |       0 |    0 |      0 |      0 |      0 |    0 |          1 |
|       mul_list_8_32        |            Muler_15_868 |          4 |          4 |       0 |    0 |      0 |      0 |      0 |    0 |          1 |
|       mul_list_8_33        |            Muler_15_869 |          4 |          4 |       0 |    0 |      0 |      0 |      0 |    0 |          1 |
|       mul_list_8_34        |            Muler_15_870 |          4 |          4 |       0 |    0 |      0 |      0 |      0 |    0 |          1 |
|       mul_list_8_35        |            Muler_15_871 |          4 |          4 |       0 |    0 |      0 |      0 |      0 |    0 |          1 |
|       mul_list_8_4         |            Muler_15_872 |          4 |          4 |       0 |    0 |      0 |      0 |      0 |    0 |          1 |
|       mul_list_8_5         |            Muler_15_873 |          4 |          4 |       0 |    0 |      0 |      0 |      0 |    0 |          1 |
|       mul_list_8_6         |            Muler_15_874 |          4 |          4 |       0 |    0 |      0 |      0 |      0 |    0 |          1 |
|       mul_list_8_7         |            Muler_15_875 |          4 |          4 |       0 |    0 |      0 |      0 |      0 |    0 |          1 |
|       mul_list_8_8         |            Muler_15_876 |          4 |          4 |       0 |    0 |      0 |      0 |      0 |    0 |          1 |
|       mul_list_8_9         |            Muler_15_877 |          4 |          4 |       0 |    0 |      0 |      0 |      0 |    0 |          1 |
|       mul_list_9_0         |            Muler_15_878 |          4 |          4 |       0 |    0 |      0 |      0 |      0 |    0 |          1 |
|       mul_list_9_1         |            Muler_15_879 |          4 |          4 |       0 |    0 |      0 |      0 |      0 |    0 |          1 |
|       mul_list_9_10        |            Muler_15_880 |          4 |          4 |       0 |    0 |      0 |      0 |      0 |    0 |          1 |
|       mul_list_9_11        |            Muler_15_881 |          4 |          4 |       0 |    0 |      0 |      0 |      0 |    0 |          1 |
|       mul_list_9_12        |            Muler_15_882 |          4 |          4 |       0 |    0 |      0 |      0 |      0 |    0 |          1 |
|       mul_list_9_13        |            Muler_15_883 |          4 |          4 |       0 |    0 |      0 |      0 |      0 |    0 |          1 |
|       mul_list_9_14        |            Muler_15_884 |          4 |          4 |       0 |    0 |      0 |      0 |      0 |    0 |          1 |
|       mul_list_9_15        |            Muler_15_885 |          4 |          4 |       0 |    0 |      0 |      0 |      0 |    0 |          1 |
|       mul_list_9_16        |            Muler_15_886 |          4 |          4 |       0 |    0 |      0 |      0 |      0 |    0 |          1 |
|       mul_list_9_17        |            Muler_15_887 |          4 |          4 |       0 |    0 |      0 |      0 |      0 |    0 |          1 |
|       mul_list_9_18        |            Muler_15_888 |          4 |          4 |       0 |    0 |      0 |      0 |      0 |    0 |          1 |
|       mul_list_9_19        |            Muler_15_889 |          4 |          4 |       0 |    0 |      0 |      0 |      0 |    0 |          1 |
|       mul_list_9_2         |            Muler_15_890 |          4 |          4 |       0 |    0 |      0 |      0 |      0 |    0 |          1 |
|       mul_list_9_20        |            Muler_15_891 |          4 |          4 |       0 |    0 |      0 |      0 |      0 |    0 |          1 |
|       mul_list_9_21        |            Muler_15_892 |          4 |          4 |       0 |    0 |      0 |      0 |      0 |    0 |          1 |
|       mul_list_9_22        |            Muler_15_893 |          4 |          4 |       0 |    0 |      0 |      0 |      0 |    0 |          1 |
|       mul_list_9_23        |            Muler_15_894 |          4 |          4 |       0 |    0 |      0 |      0 |      0 |    0 |          1 |
|       mul_list_9_24        |            Muler_15_895 |          4 |          4 |       0 |    0 |      0 |      0 |      0 |    0 |          1 |
|       mul_list_9_25        |            Muler_15_896 |          4 |          4 |       0 |    0 |      0 |      0 |      0 |    0 |          1 |
|       mul_list_9_26        |            Muler_15_897 |          4 |          4 |       0 |    0 |      0 |      0 |      0 |    0 |          1 |
|       mul_list_9_27        |            Muler_15_898 |          4 |          4 |       0 |    0 |      0 |      0 |      0 |    0 |          1 |
|       mul_list_9_28        |            Muler_15_899 |          4 |          4 |       0 |    0 |      0 |      0 |      0 |    0 |          1 |
|       mul_list_9_3         |            Muler_15_900 |          4 |          4 |       0 |    0 |      0 |      0 |      0 |    0 |          1 |
|       mul_list_9_30        |            Muler_15_901 |          4 |          4 |       0 |    0 |      0 |      0 |      0 |    0 |          1 |
|       mul_list_9_31        |            Muler_15_902 |          4 |          4 |       0 |    0 |      0 |      0 |      0 |    0 |          1 |
|       mul_list_9_32        |            Muler_15_903 |          4 |          4 |       0 |    0 |      0 |      0 |      0 |    0 |          1 |
|       mul_list_9_33        |            Muler_15_904 |          4 |          4 |       0 |    0 |      0 |      0 |      0 |    0 |          1 |
|       mul_list_9_34        |            Muler_15_905 |          4 |          4 |       0 |    0 |      0 |      0 |      0 |    0 |          1 |
|       mul_list_9_35        |            Muler_15_906 |          4 |          4 |       0 |    0 |      0 |      0 |      0 |    0 |          1 |
|       mul_list_9_4         |            Muler_15_907 |          4 |          4 |       0 |    0 |      0 |      0 |      0 |    0 |          1 |
|       mul_list_9_5         |            Muler_15_908 |          4 |          4 |       0 |    0 |      0 |      0 |      0 |    0 |          1 |
|       mul_list_9_6         |            Muler_15_909 |          4 |          4 |       0 |    0 |      0 |      0 |      0 |    0 |          1 |
|       mul_list_9_7         |            Muler_15_910 |          4 |          4 |       0 |    0 |      0 |      0 |      0 |    0 |          1 |
|       mul_list_9_8         |            Muler_15_911 |          4 |          4 |       0 |    0 |      0 |      0 |      0 |    0 |          1 |
|       mul_list_9_9         |            Muler_15_912 |          4 |          4 |       0 |    0 |      0 |      0 |      0 |    0 |          1 |
|       psum_last_pipreg     |           PipReg_26_913 |          4 |          3 |       0 |    1 |      2 |      0 |      0 |    0 |          0 |
|       psum_valid_pipreg    |           PipReg_26_914 |          3 |          2 |       0 |    1 |      2 |      0 |      0 |    0 |          0 |
|       res_valid_pipreg     |           PipReg_30_915 |          1 |          1 |       0 |    0 |      1 |      0 |      0 |    0 |          0 |
|     lu_inst                |                 LoadU_7 |         41 |         41 |       0 |    0 |     27 |      0 |      0 |    0 |          0 |
|     lw_inst                |                 LoadW_3 |         28 |         28 |       0 |    0 |     21 |      0 |      0 |    0 |          1 |
|     mem_inst               |           DataMen_1_445 |         61 |         61 |       0 |    0 |      8 |     10 |      2 |    0 |          0 |
|       (mem_inst)           |           DataMen_1_445 |          8 |          8 |       0 |    0 |      8 |      0 |      0 |    0 |          0 |
|       mem0_ext             |         mem_2048x96_446 |         50 |         50 |       0 |    0 |      0 |      5 |      1 |    0 |          0 |
|       mem1_ext             |         mem_2048x96_447 |          3 |          3 |       0 |    0 |      0 |      5 |      1 |    0 |          0 |
|     su_inst                |                StoreU_7 |         15 |         15 |       0 |    0 |    124 |      0 |      0 |    0 |          0 |
|   gelu                     |                    GELU |        108 |        108 |       0 |    0 |    127 |     10 |      2 |    0 |          0 |
|     (gelu)                 |                    GELU |         14 |         14 |       0 |    0 |     34 |      0 |      0 |    0 |          0 |
|     cu                     |                    CU_4 |         48 |         48 |       0 |    0 |     85 |      0 |      0 |    0 |          0 |
|     mem                    |             DataMem_1_1 |         46 |         46 |       0 |    0 |      8 |     10 |      2 |    0 |          0 |
|       (mem)                |             DataMem_1_1 |         15 |         15 |       0 |    0 |      8 |      0 |      0 |    0 |          0 |
|       mem0_ext             |           mem_2048x96_2 |         26 |         26 |       0 |    0 |      0 |      5 |      1 |    0 |          0 |
|       mem1_ext             |           mem_2048x96_3 |          5 |          5 |       0 |    0 |      0 |      5 |      1 |    0 |          0 |
|   layernorm                |    LayerNorm__xdcDup__1 |       6042 |       5929 |       0 |  113 |  19927 |      0 |      0 |    2 |         38 |
|     cu_inst                |          LayerNormCU__2 |       6010 |       5897 |       0 |  113 |  19788 |      0 |      0 |    0 |         38 |
|       (cu_inst)            |          LayerNormCU__2 |       1828 |       1828 |       0 |    0 |  18786 |      0 |      0 |    0 |         12 |
|       addtree_sq           |          AddTree_1_1939 |        203 |        203 |       0 |    0 |    195 |      0 |      0 |    0 |          0 |
|       addtree_sum          |            AddTree_1940 |        107 |        107 |       0 |    0 |    107 |      0 |      0 |    0 |          0 |
|       bias_ptr_pipe        |          PipReg_21_1941 |       1632 |       1632 |       0 |    0 |     47 |      0 |      0 |    0 |          0 |
|       buffer_wr_ptr_pipe   |           PipReg_4_1942 |         40 |         34 |       0 |    6 |      6 |      0 |      0 |    0 |          0 |
|       datainupdate_pipreg  |           PipReg_2_1943 |          1 |          0 |       0 |    1 |      1 |      0 |      0 |    0 |          0 |
|       diff_pipreg          |           PipReg_8_1944 |         15 |         15 |       0 |    0 |     16 |      0 |      0 |    0 |          0 |
|       diff_pipreg_1        |           PipReg_8_1945 |         15 |         15 |       0 |    0 |     15 |      0 |      0 |    0 |          0 |
|       diff_pipreg_10       |           PipReg_8_1946 |         15 |         15 |       0 |    0 |     15 |      0 |      0 |    0 |          0 |
|       diff_pipreg_11       |           PipReg_8_1947 |         15 |         15 |       0 |    0 |     15 |      0 |      0 |    0 |          0 |
|       diff_pipreg_2        |           PipReg_8_1948 |         15 |         15 |       0 |    0 |     15 |      0 |      0 |    0 |          0 |
|       diff_pipreg_3        |           PipReg_8_1949 |         15 |         15 |       0 |    0 |     15 |      0 |      0 |    0 |          0 |
|       diff_pipreg_4        |           PipReg_8_1950 |         15 |         15 |       0 |    0 |     15 |      0 |      0 |    0 |          0 |
|       diff_pipreg_5        |           PipReg_8_1951 |         15 |         15 |       0 |    0 |     15 |      0 |      0 |    0 |          0 |
|       diff_pipreg_6        |           PipReg_8_1952 |         16 |         16 |       0 |    0 |     17 |      0 |      0 |    0 |          0 |
|       diff_pipreg_7        |           PipReg_8_1953 |         16 |         16 |       0 |    0 |     16 |      0 |      0 |    0 |          0 |
|       diff_pipreg_8        |           PipReg_8_1954 |         15 |         15 |       0 |    0 |     15 |      0 |      0 |    0 |          0 |
|       diff_pipreg_9        |           PipReg_8_1955 |         15 |         15 |       0 |    0 |     15 |      0 |      0 |    0 |          0 |
|       indata_pipreg        |             PipReg_1956 |          0 |          0 |       0 |    0 |    192 |      0 |      0 |    0 |          0 |
|       indata_pipreg1       |           PipReg_5_1957 |         96 |          0 |       0 |   96 |     96 |      0 |      0 |    0 |          0 |
|       indatavalid_pipreg   |           PipReg_1_1958 |          2 |          1 |       0 |    1 |      1 |      0 |      0 |    0 |          0 |
|       mean_pow2_mul        |           Muler_12_1959 |         12 |         12 |       0 |    0 |      0 |      0 |      0 |    0 |          1 |
|       mean_sq_dly_pipe     |           PipReg_3_1960 |        108 |        108 |       0 |    0 |     62 |      0 |      0 |    0 |          0 |
|       mean_sq_mul          |           Muler_13_1961 |        156 |        156 |       0 |    0 |     63 |      0 |      0 |    0 |          0 |
|       mean_val_mul         |           Muler_12_1962 |          0 |          0 |       0 |    0 |      0 |      0 |      0 |    0 |          1 |
|       mean_valid_pipreg    |           PipReg_2_1963 |          1 |          0 |       0 |    1 |      1 |      0 |      0 |    0 |          0 |
|       mullist_norm_0       |        SignedMuler_1964 |          0 |          0 |       0 |    0 |      0 |      0 |      0 |    0 |          1 |
|       mullist_norm_1       |        SignedMuler_1965 |          0 |          0 |       0 |    0 |      0 |      0 |      0 |    0 |          1 |
|       mullist_norm_10      |        SignedMuler_1966 |          0 |          0 |       0 |    0 |      0 |      0 |      0 |    0 |          1 |
|       mullist_norm_11      |        SignedMuler_1967 |          0 |          0 |       0 |    0 |      0 |      0 |      0 |    0 |          1 |
|       mullist_norm_2       |        SignedMuler_1968 |          0 |          0 |       0 |    0 |      0 |      0 |      0 |    0 |          1 |
|       mullist_norm_3       |        SignedMuler_1969 |          0 |          0 |       0 |    0 |      0 |      0 |      0 |    0 |          1 |
|       mullist_norm_4       |        SignedMuler_1970 |          0 |          0 |       0 |    0 |      0 |      0 |      0 |    0 |          1 |
|       mullist_norm_5       |        SignedMuler_1971 |          0 |          0 |       0 |    0 |      0 |      0 |      0 |    0 |          1 |
|       mullist_norm_6       |        SignedMuler_1972 |          0 |          0 |       0 |    0 |      0 |      0 |      0 |    0 |          1 |
|       mullist_norm_7       |        SignedMuler_1973 |          0 |          0 |       0 |    0 |      0 |      0 |      0 |    0 |          1 |
|       mullist_norm_8       |        SignedMuler_1974 |          0 |          0 |       0 |    0 |      0 |      0 |      0 |    0 |          1 |
|       mullist_norm_9       |        SignedMuler_1975 |          0 |          0 |       0 |    0 |      0 |      0 |      0 |    0 |          1 |
|       mullist_sq_0         |              Muler_1976 |          0 |          0 |       0 |    0 |      0 |      0 |      0 |    0 |          1 |
|       mullist_sq_1         |              Muler_1977 |          0 |          0 |       0 |    0 |      0 |      0 |      0 |    0 |          1 |
|       mullist_sq_10        |              Muler_1978 |          0 |          0 |       0 |    0 |      0 |      0 |      0 |    0 |          1 |
|       mullist_sq_11        |              Muler_1979 |          0 |          0 |       0 |    0 |      0 |      0 |      0 |    0 |          1 |
|       mullist_sq_2         |              Muler_1980 |          0 |          0 |       0 |    0 |      0 |      0 |      0 |    0 |          1 |
|       mullist_sq_3         |              Muler_1981 |          0 |          0 |       0 |    0 |      0 |      0 |      0 |    0 |          1 |
|       mullist_sq_4         |              Muler_1982 |          0 |          0 |       0 |    0 |      0 |      0 |      0 |    0 |          1 |
|       mullist_sq_5         |              Muler_1983 |          0 |          0 |       0 |    0 |      0 |      0 |      0 |    0 |          1 |
|       mullist_sq_6         |              Muler_1984 |          0 |          0 |       0 |    0 |      0 |      0 |      0 |    0 |          1 |
|       mullist_sq_7         |              Muler_1985 |          0 |          0 |       0 |    0 |      0 |      0 |      0 |    0 |          1 |
|       mullist_sq_8         |              Muler_1986 |          0 |          0 |       0 |    0 |      0 |      0 |      0 |    0 |          1 |
|       mullist_sq_9         |              Muler_1987 |          0 |          0 |       0 |    0 |      0 |      0 |      0 |    0 |          1 |
|       normstart_pipreg     |           PipReg_2_1988 |          3 |          2 |       0 |    1 |      1 |      0 |      0 |    0 |          0 |
|       scalas_ptr_pipe      |          PipReg_20_1989 |       1638 |       1632 |       0 |    6 |     45 |      0 |      0 |    0 |          0 |
|       valid_pipe           |          PipReg_22_1990 |          1 |          0 |       0 |    1 |      1 |      0 |      0 |    0 |          0 |
|     lu_inst                |              LoadU_1934 |         13 |         13 |       0 |    0 |     14 |      0 |      0 |    0 |          0 |
|     mem_inst               |            DataMen_1935 |          8 |          8 |       0 |    0 |      5 |      0 |      0 |    2 |          0 |
|       (mem_inst)           |            DataMen_1935 |          8 |          8 |       0 |    0 |      5 |      0 |      0 |    0 |          0 |
|       mem                  |            R1W1Mem_1937 |          0 |          0 |       0 |    0 |      0 |      0 |      0 |    2 |          0 |
|         mem_ext            |        mem_4096x96_1938 |          0 |          0 |       0 |    0 |      0 |      0 |      0 |    2 |          0 |
|     su_inst                |             StoreU_1936 |         11 |         11 |       0 |    0 |    120 |      0 |      0 |    0 |          0 |
|   layernorm2               |               LayerNorm |       6042 |       5929 |       0 |  113 |  19927 |      0 |      0 |    2 |         38 |
|     cu_inst                |             LayerNormCU |       6010 |       5897 |       0 |  113 |  19788 |      0 |      0 |    0 |         38 |
|       (cu_inst)            |             LayerNormCU |       1828 |       1828 |       0 |    0 |  18786 |      0 |      0 |    0 |         12 |
|       addtree_sq           |               AddTree_1 |        203 |        203 |       0 |    0 |    195 |      0 |      0 |    0 |          0 |
|       addtree_sum          |                 AddTree |        107 |        107 |       0 |    0 |    107 |      0 |      0 |    0 |          0 |
|       bias_ptr_pipe        |               PipReg_21 |       1632 |       1632 |       0 |    0 |     47 |      0 |      0 |    0 |          0 |
|       buffer_wr_ptr_pipe   |                PipReg_4 |         40 |         34 |       0 |    6 |      6 |      0 |      0 |    0 |          0 |
|       datainupdate_pipreg  |                PipReg_2 |          1 |          0 |       0 |    1 |      1 |      0 |      0 |    0 |          0 |
|       diff_pipreg          |                PipReg_8 |         15 |         15 |       0 |    0 |     16 |      0 |      0 |    0 |          0 |
|       diff_pipreg_1        |            PipReg_8_916 |         15 |         15 |       0 |    0 |     15 |      0 |      0 |    0 |          0 |
|       diff_pipreg_10       |            PipReg_8_917 |         15 |         15 |       0 |    0 |     15 |      0 |      0 |    0 |          0 |
|       diff_pipreg_11       |            PipReg_8_918 |         15 |         15 |       0 |    0 |     15 |      0 |      0 |    0 |          0 |
|       diff_pipreg_2        |            PipReg_8_919 |         15 |         15 |       0 |    0 |     15 |      0 |      0 |    0 |          0 |
|       diff_pipreg_3        |            PipReg_8_920 |         15 |         15 |       0 |    0 |     15 |      0 |      0 |    0 |          0 |
|       diff_pipreg_4        |            PipReg_8_921 |         15 |         15 |       0 |    0 |     15 |      0 |      0 |    0 |          0 |
|       diff_pipreg_5        |            PipReg_8_922 |         15 |         15 |       0 |    0 |     15 |      0 |      0 |    0 |          0 |
|       diff_pipreg_6        |            PipReg_8_923 |         16 |         16 |       0 |    0 |     17 |      0 |      0 |    0 |          0 |
|       diff_pipreg_7        |            PipReg_8_924 |         16 |         16 |       0 |    0 |     16 |      0 |      0 |    0 |          0 |
|       diff_pipreg_8        |            PipReg_8_925 |         15 |         15 |       0 |    0 |     15 |      0 |      0 |    0 |          0 |
|       diff_pipreg_9        |            PipReg_8_926 |         15 |         15 |       0 |    0 |     15 |      0 |      0 |    0 |          0 |
|       indata_pipreg        |                  PipReg |          0 |          0 |       0 |    0 |    192 |      0 |      0 |    0 |          0 |
|       indata_pipreg1       |                PipReg_5 |         96 |          0 |       0 |   96 |     96 |      0 |      0 |    0 |          0 |
|       indatavalid_pipreg   |                PipReg_1 |          2 |          1 |       0 |    1 |      1 |      0 |      0 |    0 |          0 |
|       mean_pow2_mul        |                Muler_12 |         12 |         12 |       0 |    0 |      0 |      0 |      0 |    0 |          1 |
|       mean_sq_dly_pipe     |                PipReg_3 |        108 |        108 |       0 |    0 |     62 |      0 |      0 |    0 |          0 |
|       mean_sq_mul          |                Muler_13 |        156 |        156 |       0 |    0 |     63 |      0 |      0 |    0 |          0 |
|       mean_val_mul         |            Muler_12_927 |          0 |          0 |       0 |    0 |      0 |      0 |      0 |    0 |          1 |
|       mean_valid_pipreg    |            PipReg_2_928 |          1 |          0 |       0 |    1 |      1 |      0 |      0 |    0 |          0 |
|       mullist_norm_0       |             SignedMuler |          0 |          0 |       0 |    0 |      0 |      0 |      0 |    0 |          1 |
|       mullist_norm_1       |         SignedMuler_929 |          0 |          0 |       0 |    0 |      0 |      0 |      0 |    0 |          1 |
|       mullist_norm_10      |         SignedMuler_930 |          0 |          0 |       0 |    0 |      0 |      0 |      0 |    0 |          1 |
|       mullist_norm_11      |         SignedMuler_931 |          0 |          0 |       0 |    0 |      0 |      0 |      0 |    0 |          1 |
|       mullist_norm_2       |         SignedMuler_932 |          0 |          0 |       0 |    0 |      0 |      0 |      0 |    0 |          1 |
|       mullist_norm_3       |         SignedMuler_933 |          0 |          0 |       0 |    0 |      0 |      0 |      0 |    0 |          1 |
|       mullist_norm_4       |         SignedMuler_934 |          0 |          0 |       0 |    0 |      0 |      0 |      0 |    0 |          1 |
|       mullist_norm_5       |         SignedMuler_935 |          0 |          0 |       0 |    0 |      0 |      0 |      0 |    0 |          1 |
|       mullist_norm_6       |         SignedMuler_936 |          0 |          0 |       0 |    0 |      0 |      0 |      0 |    0 |          1 |
|       mullist_norm_7       |         SignedMuler_937 |          0 |          0 |       0 |    0 |      0 |      0 |      0 |    0 |          1 |
|       mullist_norm_8       |         SignedMuler_938 |          0 |          0 |       0 |    0 |      0 |      0 |      0 |    0 |          1 |
|       mullist_norm_9       |         SignedMuler_939 |          0 |          0 |       0 |    0 |      0 |      0 |      0 |    0 |          1 |
|       mullist_sq_0         |                   Muler |          0 |          0 |       0 |    0 |      0 |      0 |      0 |    0 |          1 |
|       mullist_sq_1         |               Muler_940 |          0 |          0 |       0 |    0 |      0 |      0 |      0 |    0 |          1 |
|       mullist_sq_10        |               Muler_941 |          0 |          0 |       0 |    0 |      0 |      0 |      0 |    0 |          1 |
|       mullist_sq_11        |               Muler_942 |          0 |          0 |       0 |    0 |      0 |      0 |      0 |    0 |          1 |
|       mullist_sq_2         |               Muler_943 |          0 |          0 |       0 |    0 |      0 |      0 |      0 |    0 |          1 |
|       mullist_sq_3         |               Muler_944 |          0 |          0 |       0 |    0 |      0 |      0 |      0 |    0 |          1 |
|       mullist_sq_4         |               Muler_945 |          0 |          0 |       0 |    0 |      0 |      0 |      0 |    0 |          1 |
|       mullist_sq_5         |               Muler_946 |          0 |          0 |       0 |    0 |      0 |      0 |      0 |    0 |          1 |
|       mullist_sq_6         |               Muler_947 |          0 |          0 |       0 |    0 |      0 |      0 |      0 |    0 |          1 |
|       mullist_sq_7         |               Muler_948 |          0 |          0 |       0 |    0 |      0 |      0 |      0 |    0 |          1 |
|       mullist_sq_8         |               Muler_949 |          0 |          0 |       0 |    0 |      0 |      0 |      0 |    0 |          1 |
|       mullist_sq_9         |               Muler_950 |          0 |          0 |       0 |    0 |      0 |      0 |      0 |    0 |          1 |
|       normstart_pipreg     |            PipReg_2_951 |          3 |          2 |       0 |    1 |      1 |      0 |      0 |    0 |          0 |
|       scalas_ptr_pipe      |               PipReg_20 |       1638 |       1632 |       0 |    6 |     45 |      0 |      0 |    0 |          0 |
|       valid_pipe           |               PipReg_22 |          1 |          0 |       0 |    1 |      1 |      0 |      0 |    0 |          0 |
|     lu_inst                |                   LoadU |         13 |         13 |       0 |    0 |     14 |      0 |      0 |    0 |          0 |
|     mem_inst               |                 DataMen |          8 |          8 |       0 |    0 |      5 |      0 |      0 |    2 |          0 |
|       (mem_inst)           |                 DataMen |          8 |          8 |       0 |    0 |      5 |      0 |      0 |    0 |          0 |
|       mem                  |                 R1W1Mem |          0 |          0 |       0 |    0 |      0 |      0 |      0 |    2 |          0 |
|         mem_ext            |             mem_4096x96 |          0 |          0 |       0 |    0 |      0 |      0 |      0 |    2 |          0 |
|     su_inst                |                  StoreU |         11 |         11 |       0 |    0 |    120 |      0 |      0 |    0 |          0 |
|   ln_addr_gen              |               LNAddrGen |         24 |         24 |       0 |    0 |     24 |      0 |      0 |    0 |          0 |
|   outlinear                |               OutLinear |      29128 |      29120 |       0 |    8 |  30080 |     10 |      2 |    0 |        441 |
|     (outlinear)            |               OutLinear |         12 |         12 |       0 |    0 |    531 |      0 |      0 |    0 |          0 |
|     cu_inst                |                    CU_2 |      28792 |      28784 |       0 |    8 |  29382 |      0 |      0 |    0 |        440 |
|       (cu_inst)            |                    CU_2 |       5493 |       5493 |       0 |    0 |  26061 |      0 |      0 |    0 |          0 |
|       addTreeList_0        |           AddTree_2_956 |        600 |        600 |       0 |    0 |     96 |      0 |      0 |    0 |          0 |
|       addTreeList_1        |           AddTree_2_957 |        600 |        600 |       0 |    0 |     96 |      0 |      0 |    0 |          0 |
|       addTreeList_10       |           AddTree_2_958 |        600 |        600 |       0 |    0 |     96 |      0 |      0 |    0 |          0 |
|       addTreeList_11       |           AddTree_2_959 |        600 |        600 |       0 |    0 |     96 |      0 |      0 |    0 |          0 |
|       addTreeList_12       |           AddTree_2_960 |        600 |        600 |       0 |    0 |     96 |      0 |      0 |    0 |          0 |
|       addTreeList_13       |           AddTree_2_961 |        600 |        600 |       0 |    0 |     96 |      0 |      0 |    0 |          0 |
|       addTreeList_14       |           AddTree_2_962 |        600 |        600 |       0 |    0 |     96 |      0 |      0 |    0 |          0 |
|       addTreeList_15       |           AddTree_2_963 |        600 |        600 |       0 |    0 |     96 |      0 |      0 |    0 |          0 |
|       addTreeList_16       |           AddTree_2_964 |        600 |        600 |       0 |    0 |     96 |      0 |      0 |    0 |          0 |
|       addTreeList_17       |           AddTree_2_965 |        600 |        600 |       0 |    0 |     96 |      0 |      0 |    0 |          0 |
|       addTreeList_18       |           AddTree_2_966 |        544 |        544 |       0 |    0 |     16 |      0 |      0 |    0 |         10 |
|       addTreeList_19       |           AddTree_2_967 |        600 |        600 |       0 |    0 |     96 |      0 |      0 |    0 |          0 |
|       addTreeList_2        |           AddTree_2_968 |        600 |        600 |       0 |    0 |     96 |      0 |      0 |    0 |          0 |
|       addTreeList_20       |           AddTree_2_969 |        600 |        600 |       0 |    0 |     96 |      0 |      0 |    0 |          0 |
|       addTreeList_21       |           AddTree_2_970 |        600 |        600 |       0 |    0 |     96 |      0 |      0 |    0 |          0 |
|       addTreeList_22       |           AddTree_2_971 |        600 |        600 |       0 |    0 |     96 |      0 |      0 |    0 |          0 |
|       addTreeList_23       |           AddTree_2_972 |        544 |        544 |       0 |    0 |     16 |      0 |      0 |    0 |         10 |
|       addTreeList_24       |           AddTree_2_973 |        600 |        600 |       0 |    0 |     96 |      0 |      0 |    0 |          0 |
|       addTreeList_25       |           AddTree_2_974 |        600 |        600 |       0 |    0 |     96 |      0 |      0 |    0 |          0 |
|       addTreeList_26       |           AddTree_2_975 |        600 |        600 |       0 |    0 |     96 |      0 |      0 |    0 |          0 |
|       addTreeList_27       |           AddTree_2_976 |        600 |        600 |       0 |    0 |     96 |      0 |      0 |    0 |          0 |
|       addTreeList_28       |           AddTree_2_977 |        600 |        600 |       0 |    0 |     96 |      0 |      0 |    0 |          0 |
|       addTreeList_29       |           AddTree_2_978 |        600 |        600 |       0 |    0 |     96 |      0 |      0 |    0 |          0 |
|       addTreeList_3        |           AddTree_2_979 |        600 |        600 |       0 |    0 |     96 |      0 |      0 |    0 |          0 |
|       addTreeList_30       |           AddTree_2_980 |        600 |        600 |       0 |    0 |     96 |      0 |      0 |    0 |          0 |
|       addTreeList_31       |           AddTree_2_981 |        600 |        600 |       0 |    0 |     96 |      0 |      0 |    0 |          0 |
|       addTreeList_32       |           AddTree_2_982 |        600 |        600 |       0 |    0 |     96 |      0 |      0 |    0 |          0 |
|       addTreeList_33       |           AddTree_2_983 |        600 |        600 |       0 |    0 |     96 |      0 |      0 |    0 |          0 |
|       addTreeList_34       |           AddTree_2_984 |        600 |        600 |       0 |    0 |     96 |      0 |      0 |    0 |          0 |
|       addTreeList_35       |           AddTree_2_985 |        600 |        600 |       0 |    0 |     96 |      0 |      0 |    0 |          0 |
|       addTreeList_4        |           AddTree_2_986 |        600 |        600 |       0 |    0 |     96 |      0 |      0 |    0 |          0 |
|       addTreeList_5        |           AddTree_2_987 |        600 |        600 |       0 |    0 |     96 |      0 |      0 |    0 |          0 |
|       addTreeList_6        |           AddTree_2_988 |        600 |        600 |       0 |    0 |     96 |      0 |      0 |    0 |          0 |
|       addTreeList_7        |           AddTree_2_989 |        600 |        600 |       0 |    0 |     96 |      0 |      0 |    0 |          0 |
|       addTreeList_8        |           AddTree_2_990 |        600 |        600 |       0 |    0 |     96 |      0 |      0 |    0 |          0 |
|       addTreeList_9        |           AddTree_2_991 |        600 |        600 |       0 |    0 |     96 |      0 |      0 |    0 |          0 |
|       batchsizelast_pipreg |           PipReg_24_992 |         27 |         27 |       0 |    0 |      2 |      0 |      0 |    0 |          0 |
|       block_first_pipreg   |           PipReg_26_993 |          3 |          2 |       0 |    1 |      2 |      0 |      0 |    0 |          0 |
|       cnt_batchsize_pipreg |           PipReg_27_994 |         92 |         87 |       0 |    5 |     16 |      0 |      0 |    0 |          0 |
|       mul_list_0_0         |            Muler_15_995 |          4 |          4 |       0 |    0 |      0 |      0 |      0 |    0 |          1 |
|       mul_list_0_1         |            Muler_15_996 |          4 |          4 |       0 |    0 |      0 |      0 |      0 |    0 |          1 |
|       mul_list_0_10        |            Muler_15_997 |          4 |          4 |       0 |    0 |      0 |      0 |      0 |    0 |          1 |
|       mul_list_0_11        |            Muler_15_998 |          4 |          4 |       0 |    0 |      0 |      0 |      0 |    0 |          1 |
|       mul_list_0_12        |            Muler_15_999 |          4 |          4 |       0 |    0 |      0 |      0 |      0 |    0 |          1 |
|       mul_list_0_13        |           Muler_15_1000 |          4 |          4 |       0 |    0 |      0 |      0 |      0 |    0 |          1 |
|       mul_list_0_14        |           Muler_15_1001 |          4 |          4 |       0 |    0 |      0 |      0 |      0 |    0 |          1 |
|       mul_list_0_15        |           Muler_15_1002 |          4 |          4 |       0 |    0 |      0 |      0 |      0 |    0 |          1 |
|       mul_list_0_16        |           Muler_15_1003 |          4 |          4 |       0 |    0 |      0 |      0 |      0 |    0 |          1 |
|       mul_list_0_17        |           Muler_15_1004 |          4 |          4 |       0 |    0 |      0 |      0 |      0 |    0 |          1 |
|       mul_list_0_18        |           Muler_15_1005 |          4 |          4 |       0 |    0 |      0 |      0 |      0 |    0 |          1 |
|       mul_list_0_19        |           Muler_15_1006 |          4 |          4 |       0 |    0 |      0 |      0 |      0 |    0 |          1 |
|       mul_list_0_2         |           Muler_15_1007 |          4 |          4 |       0 |    0 |      0 |      0 |      0 |    0 |          1 |
|       mul_list_0_20        |           Muler_15_1008 |          4 |          4 |       0 |    0 |      0 |      0 |      0 |    0 |          1 |
|       mul_list_0_21        |           Muler_15_1009 |          4 |          4 |       0 |    0 |      0 |      0 |      0 |    0 |          1 |
|       mul_list_0_22        |           Muler_15_1010 |          4 |          4 |       0 |    0 |      0 |      0 |      0 |    0 |          1 |
|       mul_list_0_23        |           Muler_15_1011 |          4 |          4 |       0 |    0 |      0 |      0 |      0 |    0 |          1 |
|       mul_list_0_24        |           Muler_15_1012 |          4 |          4 |       0 |    0 |      0 |      0 |      0 |    0 |          1 |
|       mul_list_0_25        |           Muler_15_1013 |          4 |          4 |       0 |    0 |      0 |      0 |      0 |    0 |          1 |
|       mul_list_0_26        |           Muler_15_1014 |          4 |          4 |       0 |    0 |      0 |      0 |      0 |    0 |          1 |
|       mul_list_0_27        |           Muler_15_1015 |          4 |          4 |       0 |    0 |      0 |      0 |      0 |    0 |          1 |
|       mul_list_0_28        |           Muler_15_1016 |          4 |          4 |       0 |    0 |      0 |      0 |      0 |    0 |          1 |
|       mul_list_0_29        |           Muler_15_1017 |          4 |          4 |       0 |    0 |      0 |      0 |      0 |    0 |          1 |
|       mul_list_0_3         |           Muler_15_1018 |          4 |          4 |       0 |    0 |      0 |      0 |      0 |    0 |          1 |
|       mul_list_0_30        |           Muler_15_1019 |          4 |          4 |       0 |    0 |      0 |      0 |      0 |    0 |          1 |
|       mul_list_0_31        |           Muler_15_1020 |          4 |          4 |       0 |    0 |      0 |      0 |      0 |    0 |          1 |
|       mul_list_0_32        |           Muler_15_1021 |          4 |          4 |       0 |    0 |      0 |      0 |      0 |    0 |          1 |
|       mul_list_0_33        |           Muler_15_1022 |          4 |          4 |       0 |    0 |      0 |      0 |      0 |    0 |          1 |
|       mul_list_0_34        |           Muler_15_1023 |          4 |          4 |       0 |    0 |      0 |      0 |      0 |    0 |          1 |
|       mul_list_0_35        |           Muler_15_1024 |          4 |          4 |       0 |    0 |      0 |      0 |      0 |    0 |          1 |
|       mul_list_0_4         |           Muler_15_1025 |          4 |          4 |       0 |    0 |      0 |      0 |      0 |    0 |          1 |
|       mul_list_0_5         |           Muler_15_1026 |          4 |          4 |       0 |    0 |      0 |      0 |      0 |    0 |          1 |
|       mul_list_0_6         |           Muler_15_1027 |          4 |          4 |       0 |    0 |      0 |      0 |      0 |    0 |          1 |
|       mul_list_0_7         |           Muler_15_1028 |          4 |          4 |       0 |    0 |      0 |      0 |      0 |    0 |          1 |
|       mul_list_0_8         |           Muler_15_1029 |          4 |          4 |       0 |    0 |      0 |      0 |      0 |    0 |          1 |
|       mul_list_0_9         |           Muler_15_1030 |          4 |          4 |       0 |    0 |      0 |      0 |      0 |    0 |          1 |
|       mul_list_10_0        |           Muler_15_1031 |          4 |          4 |       0 |    0 |      0 |      0 |      0 |    0 |          1 |
|       mul_list_10_1        |           Muler_15_1032 |          4 |          4 |       0 |    0 |      0 |      0 |      0 |    0 |          1 |
|       mul_list_10_10       |           Muler_15_1033 |          4 |          4 |       0 |    0 |      0 |      0 |      0 |    0 |          1 |
|       mul_list_10_11       |           Muler_15_1034 |          4 |          4 |       0 |    0 |      0 |      0 |      0 |    0 |          1 |
|       mul_list_10_12       |           Muler_15_1035 |          4 |          4 |       0 |    0 |      0 |      0 |      0 |    0 |          1 |
|       mul_list_10_13       |           Muler_15_1036 |          4 |          4 |       0 |    0 |      0 |      0 |      0 |    0 |          1 |
|       mul_list_10_14       |           Muler_15_1037 |          4 |          4 |       0 |    0 |      0 |      0 |      0 |    0 |          1 |
|       mul_list_10_15       |           Muler_15_1038 |          4 |          4 |       0 |    0 |      0 |      0 |      0 |    0 |          1 |
|       mul_list_10_16       |           Muler_15_1039 |          4 |          4 |       0 |    0 |      0 |      0 |      0 |    0 |          1 |
|       mul_list_10_17       |           Muler_15_1040 |          4 |          4 |       0 |    0 |      0 |      0 |      0 |    0 |          1 |
|       mul_list_10_18       |           Muler_15_1041 |          4 |          4 |       0 |    0 |      0 |      0 |      0 |    0 |          1 |
|       mul_list_10_19       |           Muler_15_1042 |          4 |          4 |       0 |    0 |      0 |      0 |      0 |    0 |          1 |
|       mul_list_10_2        |           Muler_15_1043 |          4 |          4 |       0 |    0 |      0 |      0 |      0 |    0 |          1 |
|       mul_list_10_20       |           Muler_15_1044 |          4 |          4 |       0 |    0 |      0 |      0 |      0 |    0 |          1 |
|       mul_list_10_21       |           Muler_15_1045 |          4 |          4 |       0 |    0 |      0 |      0 |      0 |    0 |          1 |
|       mul_list_10_22       |           Muler_15_1046 |          4 |          4 |       0 |    0 |      0 |      0 |      0 |    0 |          1 |
|       mul_list_10_23       |           Muler_15_1047 |          4 |          4 |       0 |    0 |      0 |      0 |      0 |    0 |          1 |
|       mul_list_10_24       |           Muler_15_1048 |          4 |          4 |       0 |    0 |      0 |      0 |      0 |    0 |          1 |
|       mul_list_10_25       |           Muler_15_1049 |          4 |          4 |       0 |    0 |      0 |      0 |      0 |    0 |          1 |
|       mul_list_10_26       |           Muler_15_1050 |          4 |          4 |       0 |    0 |      0 |      0 |      0 |    0 |          1 |
|       mul_list_10_27       |           Muler_15_1051 |          4 |          4 |       0 |    0 |      0 |      0 |      0 |    0 |          1 |
|       mul_list_10_28       |           Muler_15_1052 |          4 |          4 |       0 |    0 |      0 |      0 |      0 |    0 |          1 |
|       mul_list_10_29       |           Muler_15_1053 |          4 |          4 |       0 |    0 |      0 |      0 |      0 |    0 |          1 |
|       mul_list_10_3        |           Muler_15_1054 |          4 |          4 |       0 |    0 |      0 |      0 |      0 |    0 |          1 |
|       mul_list_10_30       |           Muler_15_1055 |          4 |          4 |       0 |    0 |      0 |      0 |      0 |    0 |          1 |
|       mul_list_10_31       |           Muler_15_1056 |          4 |          4 |       0 |    0 |      0 |      0 |      0 |    0 |          1 |
|       mul_list_10_32       |           Muler_15_1057 |          4 |          4 |       0 |    0 |      0 |      0 |      0 |    0 |          1 |
|       mul_list_10_33       |           Muler_15_1058 |          4 |          4 |       0 |    0 |      0 |      0 |      0 |    0 |          1 |
|       mul_list_10_34       |           Muler_15_1059 |          4 |          4 |       0 |    0 |      0 |      0 |      0 |    0 |          1 |
|       mul_list_10_35       |           Muler_15_1060 |          4 |          4 |       0 |    0 |      0 |      0 |      0 |    0 |          1 |
|       mul_list_10_4        |           Muler_15_1061 |          4 |          4 |       0 |    0 |      0 |      0 |      0 |    0 |          1 |
|       mul_list_10_5        |           Muler_15_1062 |          4 |          4 |       0 |    0 |      0 |      0 |      0 |    0 |          1 |
|       mul_list_10_6        |           Muler_15_1063 |          4 |          4 |       0 |    0 |      0 |      0 |      0 |    0 |          1 |
|       mul_list_10_7        |           Muler_15_1064 |          4 |          4 |       0 |    0 |      0 |      0 |      0 |    0 |          1 |
|       mul_list_10_8        |           Muler_15_1065 |          4 |          4 |       0 |    0 |      0 |      0 |      0 |    0 |          1 |
|       mul_list_10_9        |           Muler_15_1066 |          4 |          4 |       0 |    0 |      0 |      0 |      0 |    0 |          1 |
|       mul_list_11_0        |           Muler_15_1067 |          4 |          4 |       0 |    0 |      0 |      0 |      0 |    0 |          1 |
|       mul_list_11_1        |           Muler_15_1068 |          4 |          4 |       0 |    0 |      0 |      0 |      0 |    0 |          1 |
|       mul_list_11_10       |           Muler_15_1069 |          4 |          4 |       0 |    0 |      0 |      0 |      0 |    0 |          1 |
|       mul_list_11_11       |           Muler_15_1070 |          4 |          4 |       0 |    0 |      0 |      0 |      0 |    0 |          1 |
|       mul_list_11_12       |           Muler_15_1071 |          4 |          4 |       0 |    0 |      0 |      0 |      0 |    0 |          1 |
|       mul_list_11_13       |           Muler_15_1072 |          4 |          4 |       0 |    0 |      0 |      0 |      0 |    0 |          1 |
|       mul_list_11_14       |           Muler_15_1073 |          4 |          4 |       0 |    0 |      0 |      0 |      0 |    0 |          1 |
|       mul_list_11_15       |           Muler_15_1074 |          4 |          4 |       0 |    0 |      0 |      0 |      0 |    0 |          1 |
|       mul_list_11_16       |           Muler_15_1075 |          4 |          4 |       0 |    0 |      0 |      0 |      0 |    0 |          1 |
|       mul_list_11_17       |           Muler_15_1076 |          4 |          4 |       0 |    0 |      0 |      0 |      0 |    0 |          1 |
|       mul_list_11_19       |           Muler_15_1077 |          4 |          4 |       0 |    0 |      0 |      0 |      0 |    0 |          1 |
|       mul_list_11_2        |           Muler_15_1078 |          4 |          4 |       0 |    0 |      0 |      0 |      0 |    0 |          1 |
|       mul_list_11_20       |           Muler_15_1079 |          4 |          4 |       0 |    0 |      0 |      0 |      0 |    0 |          1 |
|       mul_list_11_21       |           Muler_15_1080 |          4 |          4 |       0 |    0 |      0 |      0 |      0 |    0 |          1 |
|       mul_list_11_22       |           Muler_15_1081 |          4 |          4 |       0 |    0 |      0 |      0 |      0 |    0 |          1 |
|       mul_list_11_24       |           Muler_15_1082 |          4 |          4 |       0 |    0 |      0 |      0 |      0 |    0 |          1 |
|       mul_list_11_25       |           Muler_15_1083 |          4 |          4 |       0 |    0 |      0 |      0 |      0 |    0 |          1 |
|       mul_list_11_26       |           Muler_15_1084 |          4 |          4 |       0 |    0 |      0 |      0 |      0 |    0 |          1 |
|       mul_list_11_27       |           Muler_15_1085 |          4 |          4 |       0 |    0 |      0 |      0 |      0 |    0 |          1 |
|       mul_list_11_28       |           Muler_15_1086 |          4 |          4 |       0 |    0 |      0 |      0 |      0 |    0 |          1 |
|       mul_list_11_29       |           Muler_15_1087 |          4 |          4 |       0 |    0 |      0 |      0 |      0 |    0 |          1 |
|       mul_list_11_3        |           Muler_15_1088 |          4 |          4 |       0 |    0 |      0 |      0 |      0 |    0 |          1 |
|       mul_list_11_30       |           Muler_15_1089 |          4 |          4 |       0 |    0 |      0 |      0 |      0 |    0 |          1 |
|       mul_list_11_31       |           Muler_15_1090 |          4 |          4 |       0 |    0 |      0 |      0 |      0 |    0 |          1 |
|       mul_list_11_32       |           Muler_15_1091 |          4 |          4 |       0 |    0 |      0 |      0 |      0 |    0 |          1 |
|       mul_list_11_33       |           Muler_15_1092 |          4 |          4 |       0 |    0 |      0 |      0 |      0 |    0 |          1 |
|       mul_list_11_34       |           Muler_15_1093 |          4 |          4 |       0 |    0 |      0 |      0 |      0 |    0 |          1 |
|       mul_list_11_35       |           Muler_15_1094 |          4 |          4 |       0 |    0 |      0 |      0 |      0 |    0 |          1 |
|       mul_list_11_4        |           Muler_15_1095 |          4 |          4 |       0 |    0 |      0 |      0 |      0 |    0 |          1 |
|       mul_list_11_5        |           Muler_15_1096 |          4 |          4 |       0 |    0 |      0 |      0 |      0 |    0 |          1 |
|       mul_list_11_6        |           Muler_15_1097 |          4 |          4 |       0 |    0 |      0 |      0 |      0 |    0 |          1 |
|       mul_list_11_7        |           Muler_15_1098 |          4 |          4 |       0 |    0 |      0 |      0 |      0 |    0 |          1 |
|       mul_list_11_8        |           Muler_15_1099 |          4 |          4 |       0 |    0 |      0 |      0 |      0 |    0 |          1 |
|       mul_list_11_9        |           Muler_15_1100 |          4 |          4 |       0 |    0 |      0 |      0 |      0 |    0 |          1 |
|       mul_list_1_0         |           Muler_15_1101 |          4 |          4 |       0 |    0 |      0 |      0 |      0 |    0 |          1 |
|       mul_list_1_1         |           Muler_15_1102 |          4 |          4 |       0 |    0 |      0 |      0 |      0 |    0 |          1 |
|       mul_list_1_10        |           Muler_15_1103 |          4 |          4 |       0 |    0 |      0 |      0 |      0 |    0 |          1 |
|       mul_list_1_11        |           Muler_15_1104 |          4 |          4 |       0 |    0 |      0 |      0 |      0 |    0 |          1 |
|       mul_list_1_12        |           Muler_15_1105 |          4 |          4 |       0 |    0 |      0 |      0 |      0 |    0 |          1 |
|       mul_list_1_13        |           Muler_15_1106 |          4 |          4 |       0 |    0 |      0 |      0 |      0 |    0 |          1 |
|       mul_list_1_14        |           Muler_15_1107 |          4 |          4 |       0 |    0 |      0 |      0 |      0 |    0 |          1 |
|       mul_list_1_15        |           Muler_15_1108 |          4 |          4 |       0 |    0 |      0 |      0 |      0 |    0 |          1 |
|       mul_list_1_16        |           Muler_15_1109 |          4 |          4 |       0 |    0 |      0 |      0 |      0 |    0 |          1 |
|       mul_list_1_17        |           Muler_15_1110 |          4 |          4 |       0 |    0 |      0 |      0 |      0 |    0 |          1 |
|       mul_list_1_19        |           Muler_15_1111 |          4 |          4 |       0 |    0 |      0 |      0 |      0 |    0 |          1 |
|       mul_list_1_2         |           Muler_15_1112 |          4 |          4 |       0 |    0 |      0 |      0 |      0 |    0 |          1 |
|       mul_list_1_20        |           Muler_15_1113 |          4 |          4 |       0 |    0 |      0 |      0 |      0 |    0 |          1 |
|       mul_list_1_21        |           Muler_15_1114 |          4 |          4 |       0 |    0 |      0 |      0 |      0 |    0 |          1 |
|       mul_list_1_22        |           Muler_15_1115 |          4 |          4 |       0 |    0 |      0 |      0 |      0 |    0 |          1 |
|       mul_list_1_24        |           Muler_15_1116 |          4 |          4 |       0 |    0 |      0 |      0 |      0 |    0 |          1 |
|       mul_list_1_25        |           Muler_15_1117 |          4 |          4 |       0 |    0 |      0 |      0 |      0 |    0 |          1 |
|       mul_list_1_26        |           Muler_15_1118 |          4 |          4 |       0 |    0 |      0 |      0 |      0 |    0 |          1 |
|       mul_list_1_27        |           Muler_15_1119 |          4 |          4 |       0 |    0 |      0 |      0 |      0 |    0 |          1 |
|       mul_list_1_28        |           Muler_15_1120 |          4 |          4 |       0 |    0 |      0 |      0 |      0 |    0 |          1 |
|       mul_list_1_29        |           Muler_15_1121 |          4 |          4 |       0 |    0 |      0 |      0 |      0 |    0 |          1 |
|       mul_list_1_3         |           Muler_15_1122 |          4 |          4 |       0 |    0 |      0 |      0 |      0 |    0 |          1 |
|       mul_list_1_30        |           Muler_15_1123 |          4 |          4 |       0 |    0 |      0 |      0 |      0 |    0 |          1 |
|       mul_list_1_31        |           Muler_15_1124 |          4 |          4 |       0 |    0 |      0 |      0 |      0 |    0 |          1 |
|       mul_list_1_32        |           Muler_15_1125 |          4 |          4 |       0 |    0 |      0 |      0 |      0 |    0 |          1 |
|       mul_list_1_33        |           Muler_15_1126 |          4 |          4 |       0 |    0 |      0 |      0 |      0 |    0 |          1 |
|       mul_list_1_34        |           Muler_15_1127 |          4 |          4 |       0 |    0 |      0 |      0 |      0 |    0 |          1 |
|       mul_list_1_35        |           Muler_15_1128 |          4 |          4 |       0 |    0 |      0 |      0 |      0 |    0 |          1 |
|       mul_list_1_4         |           Muler_15_1129 |          4 |          4 |       0 |    0 |      0 |      0 |      0 |    0 |          1 |
|       mul_list_1_5         |           Muler_15_1130 |          4 |          4 |       0 |    0 |      0 |      0 |      0 |    0 |          1 |
|       mul_list_1_6         |           Muler_15_1131 |          4 |          4 |       0 |    0 |      0 |      0 |      0 |    0 |          1 |
|       mul_list_1_7         |           Muler_15_1132 |          4 |          4 |       0 |    0 |      0 |      0 |      0 |    0 |          1 |
|       mul_list_1_8         |           Muler_15_1133 |          4 |          4 |       0 |    0 |      0 |      0 |      0 |    0 |          1 |
|       mul_list_1_9         |           Muler_15_1134 |          4 |          4 |       0 |    0 |      0 |      0 |      0 |    0 |          1 |
|       mul_list_2_0         |           Muler_15_1135 |          4 |          4 |       0 |    0 |      0 |      0 |      0 |    0 |          1 |
|       mul_list_2_1         |           Muler_15_1136 |          4 |          4 |       0 |    0 |      0 |      0 |      0 |    0 |          1 |
|       mul_list_2_10        |           Muler_15_1137 |          4 |          4 |       0 |    0 |      0 |      0 |      0 |    0 |          1 |
|       mul_list_2_11        |           Muler_15_1138 |          4 |          4 |       0 |    0 |      0 |      0 |      0 |    0 |          1 |
|       mul_list_2_12        |           Muler_15_1139 |          4 |          4 |       0 |    0 |      0 |      0 |      0 |    0 |          1 |
|       mul_list_2_13        |           Muler_15_1140 |          4 |          4 |       0 |    0 |      0 |      0 |      0 |    0 |          1 |
|       mul_list_2_14        |           Muler_15_1141 |          4 |          4 |       0 |    0 |      0 |      0 |      0 |    0 |          1 |
|       mul_list_2_15        |           Muler_15_1142 |          4 |          4 |       0 |    0 |      0 |      0 |      0 |    0 |          1 |
|       mul_list_2_16        |           Muler_15_1143 |          4 |          4 |       0 |    0 |      0 |      0 |      0 |    0 |          1 |
|       mul_list_2_17        |           Muler_15_1144 |          4 |          4 |       0 |    0 |      0 |      0 |      0 |    0 |          1 |
|       mul_list_2_18        |           Muler_15_1145 |          4 |          4 |       0 |    0 |      0 |      0 |      0 |    0 |          1 |
|       mul_list_2_19        |           Muler_15_1146 |          4 |          4 |       0 |    0 |      0 |      0 |      0 |    0 |          1 |
|       mul_list_2_2         |           Muler_15_1147 |          4 |          4 |       0 |    0 |      0 |      0 |      0 |    0 |          1 |
|       mul_list_2_20        |           Muler_15_1148 |          4 |          4 |       0 |    0 |      0 |      0 |      0 |    0 |          1 |
|       mul_list_2_21        |           Muler_15_1149 |          4 |          4 |       0 |    0 |      0 |      0 |      0 |    0 |          1 |
|       mul_list_2_22        |           Muler_15_1150 |          4 |          4 |       0 |    0 |      0 |      0 |      0 |    0 |          1 |
|       mul_list_2_23        |           Muler_15_1151 |          4 |          4 |       0 |    0 |      0 |      0 |      0 |    0 |          1 |
|       mul_list_2_24        |           Muler_15_1152 |          4 |          4 |       0 |    0 |      0 |      0 |      0 |    0 |          1 |
|       mul_list_2_25        |           Muler_15_1153 |          4 |          4 |       0 |    0 |      0 |      0 |      0 |    0 |          1 |
|       mul_list_2_26        |           Muler_15_1154 |          4 |          4 |       0 |    0 |      0 |      0 |      0 |    0 |          1 |
|       mul_list_2_27        |           Muler_15_1155 |          4 |          4 |       0 |    0 |      0 |      0 |      0 |    0 |          1 |
|       mul_list_2_28        |           Muler_15_1156 |          4 |          4 |       0 |    0 |      0 |      0 |      0 |    0 |          1 |
|       mul_list_2_29        |           Muler_15_1157 |          4 |          4 |       0 |    0 |      0 |      0 |      0 |    0 |          1 |
|       mul_list_2_3         |           Muler_15_1158 |          4 |          4 |       0 |    0 |      0 |      0 |      0 |    0 |          1 |
|       mul_list_2_30        |           Muler_15_1159 |          4 |          4 |       0 |    0 |      0 |      0 |      0 |    0 |          1 |
|       mul_list_2_31        |           Muler_15_1160 |          4 |          4 |       0 |    0 |      0 |      0 |      0 |    0 |          1 |
|       mul_list_2_32        |           Muler_15_1161 |          4 |          4 |       0 |    0 |      0 |      0 |      0 |    0 |          1 |
|       mul_list_2_33        |           Muler_15_1162 |          4 |          4 |       0 |    0 |      0 |      0 |      0 |    0 |          1 |
|       mul_list_2_34        |           Muler_15_1163 |          4 |          4 |       0 |    0 |      0 |      0 |      0 |    0 |          1 |
|       mul_list_2_35        |           Muler_15_1164 |          4 |          4 |       0 |    0 |      0 |      0 |      0 |    0 |          1 |
|       mul_list_2_4         |           Muler_15_1165 |          4 |          4 |       0 |    0 |      0 |      0 |      0 |    0 |          1 |
|       mul_list_2_5         |           Muler_15_1166 |          4 |          4 |       0 |    0 |      0 |      0 |      0 |    0 |          1 |
|       mul_list_2_6         |           Muler_15_1167 |          4 |          4 |       0 |    0 |      0 |      0 |      0 |    0 |          1 |
|       mul_list_2_7         |           Muler_15_1168 |          4 |          4 |       0 |    0 |      0 |      0 |      0 |    0 |          1 |
|       mul_list_2_8         |           Muler_15_1169 |          4 |          4 |       0 |    0 |      0 |      0 |      0 |    0 |          1 |
|       mul_list_2_9         |           Muler_15_1170 |          4 |          4 |       0 |    0 |      0 |      0 |      0 |    0 |          1 |
|       mul_list_3_0         |           Muler_15_1171 |          4 |          4 |       0 |    0 |      0 |      0 |      0 |    0 |          1 |
|       mul_list_3_1         |           Muler_15_1172 |          4 |          4 |       0 |    0 |      0 |      0 |      0 |    0 |          1 |
|       mul_list_3_10        |           Muler_15_1173 |          4 |          4 |       0 |    0 |      0 |      0 |      0 |    0 |          1 |
|       mul_list_3_11        |           Muler_15_1174 |          4 |          4 |       0 |    0 |      0 |      0 |      0 |    0 |          1 |
|       mul_list_3_12        |           Muler_15_1175 |          4 |          4 |       0 |    0 |      0 |      0 |      0 |    0 |          1 |
|       mul_list_3_13        |           Muler_15_1176 |          4 |          4 |       0 |    0 |      0 |      0 |      0 |    0 |          1 |
|       mul_list_3_14        |           Muler_15_1177 |          4 |          4 |       0 |    0 |      0 |      0 |      0 |    0 |          1 |
|       mul_list_3_15        |           Muler_15_1178 |          4 |          4 |       0 |    0 |      0 |      0 |      0 |    0 |          1 |
|       mul_list_3_16        |           Muler_15_1179 |          4 |          4 |       0 |    0 |      0 |      0 |      0 |    0 |          1 |
|       mul_list_3_17        |           Muler_15_1180 |          4 |          4 |       0 |    0 |      0 |      0 |      0 |    0 |          1 |
|       mul_list_3_19        |           Muler_15_1181 |          4 |          4 |       0 |    0 |      0 |      0 |      0 |    0 |          1 |
|       mul_list_3_2         |           Muler_15_1182 |          4 |          4 |       0 |    0 |      0 |      0 |      0 |    0 |          1 |
|       mul_list_3_20        |           Muler_15_1183 |          4 |          4 |       0 |    0 |      0 |      0 |      0 |    0 |          1 |
|       mul_list_3_21        |           Muler_15_1184 |          4 |          4 |       0 |    0 |      0 |      0 |      0 |    0 |          1 |
|       mul_list_3_22        |           Muler_15_1185 |          4 |          4 |       0 |    0 |      0 |      0 |      0 |    0 |          1 |
|       mul_list_3_24        |           Muler_15_1186 |          4 |          4 |       0 |    0 |      0 |      0 |      0 |    0 |          1 |
|       mul_list_3_25        |           Muler_15_1187 |          4 |          4 |       0 |    0 |      0 |      0 |      0 |    0 |          1 |
|       mul_list_3_26        |           Muler_15_1188 |          4 |          4 |       0 |    0 |      0 |      0 |      0 |    0 |          1 |
|       mul_list_3_27        |           Muler_15_1189 |          4 |          4 |       0 |    0 |      0 |      0 |      0 |    0 |          1 |
|       mul_list_3_28        |           Muler_15_1190 |          4 |          4 |       0 |    0 |      0 |      0 |      0 |    0 |          1 |
|       mul_list_3_29        |           Muler_15_1191 |          4 |          4 |       0 |    0 |      0 |      0 |      0 |    0 |          1 |
|       mul_list_3_3         |           Muler_15_1192 |          4 |          4 |       0 |    0 |      0 |      0 |      0 |    0 |          1 |
|       mul_list_3_30        |           Muler_15_1193 |          4 |          4 |       0 |    0 |      0 |      0 |      0 |    0 |          1 |
|       mul_list_3_31        |           Muler_15_1194 |          4 |          4 |       0 |    0 |      0 |      0 |      0 |    0 |          1 |
|       mul_list_3_32        |           Muler_15_1195 |          4 |          4 |       0 |    0 |      0 |      0 |      0 |    0 |          1 |
|       mul_list_3_33        |           Muler_15_1196 |          4 |          4 |       0 |    0 |      0 |      0 |      0 |    0 |          1 |
|       mul_list_3_34        |           Muler_15_1197 |          4 |          4 |       0 |    0 |      0 |      0 |      0 |    0 |          1 |
|       mul_list_3_35        |           Muler_15_1198 |          4 |          4 |       0 |    0 |      0 |      0 |      0 |    0 |          1 |
|       mul_list_3_4         |           Muler_15_1199 |          4 |          4 |       0 |    0 |      0 |      0 |      0 |    0 |          1 |
|       mul_list_3_5         |           Muler_15_1200 |          4 |          4 |       0 |    0 |      0 |      0 |      0 |    0 |          1 |
|       mul_list_3_6         |           Muler_15_1201 |          4 |          4 |       0 |    0 |      0 |      0 |      0 |    0 |          1 |
|       mul_list_3_7         |           Muler_15_1202 |          4 |          4 |       0 |    0 |      0 |      0 |      0 |    0 |          1 |
|       mul_list_3_8         |           Muler_15_1203 |          4 |          4 |       0 |    0 |      0 |      0 |      0 |    0 |          1 |
|       mul_list_3_9         |           Muler_15_1204 |          4 |          4 |       0 |    0 |      0 |      0 |      0 |    0 |          1 |
|       mul_list_4_0         |           Muler_15_1205 |          4 |          4 |       0 |    0 |      0 |      0 |      0 |    0 |          1 |
|       mul_list_4_1         |           Muler_15_1206 |          4 |          4 |       0 |    0 |      0 |      0 |      0 |    0 |          1 |
|       mul_list_4_10        |           Muler_15_1207 |          4 |          4 |       0 |    0 |      0 |      0 |      0 |    0 |          1 |
|       mul_list_4_11        |           Muler_15_1208 |          4 |          4 |       0 |    0 |      0 |      0 |      0 |    0 |          1 |
|       mul_list_4_12        |           Muler_15_1209 |          4 |          4 |       0 |    0 |      0 |      0 |      0 |    0 |          1 |
|       mul_list_4_13        |           Muler_15_1210 |          4 |          4 |       0 |    0 |      0 |      0 |      0 |    0 |          1 |
|       mul_list_4_14        |           Muler_15_1211 |          4 |          4 |       0 |    0 |      0 |      0 |      0 |    0 |          1 |
|       mul_list_4_15        |           Muler_15_1212 |          4 |          4 |       0 |    0 |      0 |      0 |      0 |    0 |          1 |
|       mul_list_4_16        |           Muler_15_1213 |          4 |          4 |       0 |    0 |      0 |      0 |      0 |    0 |          1 |
|       mul_list_4_17        |           Muler_15_1214 |          4 |          4 |       0 |    0 |      0 |      0 |      0 |    0 |          1 |
|       mul_list_4_18        |           Muler_15_1215 |          4 |          4 |       0 |    0 |      0 |      0 |      0 |    0 |          1 |
|       mul_list_4_19        |           Muler_15_1216 |          4 |          4 |       0 |    0 |      0 |      0 |      0 |    0 |          1 |
|       mul_list_4_2         |           Muler_15_1217 |          4 |          4 |       0 |    0 |      0 |      0 |      0 |    0 |          1 |
|       mul_list_4_20        |           Muler_15_1218 |          4 |          4 |       0 |    0 |      0 |      0 |      0 |    0 |          1 |
|       mul_list_4_21        |           Muler_15_1219 |          4 |          4 |       0 |    0 |      0 |      0 |      0 |    0 |          1 |
|       mul_list_4_22        |           Muler_15_1220 |          4 |          4 |       0 |    0 |      0 |      0 |      0 |    0 |          1 |
|       mul_list_4_23        |           Muler_15_1221 |          4 |          4 |       0 |    0 |      0 |      0 |      0 |    0 |          1 |
|       mul_list_4_24        |           Muler_15_1222 |          4 |          4 |       0 |    0 |      0 |      0 |      0 |    0 |          1 |
|       mul_list_4_25        |           Muler_15_1223 |          4 |          4 |       0 |    0 |      0 |      0 |      0 |    0 |          1 |
|       mul_list_4_26        |           Muler_15_1224 |          4 |          4 |       0 |    0 |      0 |      0 |      0 |    0 |          1 |
|       mul_list_4_27        |           Muler_15_1225 |          4 |          4 |       0 |    0 |      0 |      0 |      0 |    0 |          1 |
|       mul_list_4_28        |           Muler_15_1226 |          4 |          4 |       0 |    0 |      0 |      0 |      0 |    0 |          1 |
|       mul_list_4_29        |           Muler_15_1227 |          4 |          4 |       0 |    0 |      0 |      0 |      0 |    0 |          1 |
|       mul_list_4_3         |           Muler_15_1228 |          4 |          4 |       0 |    0 |      0 |      0 |      0 |    0 |          1 |
|       mul_list_4_30        |           Muler_15_1229 |          4 |          4 |       0 |    0 |      0 |      0 |      0 |    0 |          1 |
|       mul_list_4_31        |           Muler_15_1230 |          4 |          4 |       0 |    0 |      0 |      0 |      0 |    0 |          1 |
|       mul_list_4_32        |           Muler_15_1231 |          4 |          4 |       0 |    0 |      0 |      0 |      0 |    0 |          1 |
|       mul_list_4_33        |           Muler_15_1232 |          4 |          4 |       0 |    0 |      0 |      0 |      0 |    0 |          1 |
|       mul_list_4_34        |           Muler_15_1233 |          4 |          4 |       0 |    0 |      0 |      0 |      0 |    0 |          1 |
|       mul_list_4_35        |           Muler_15_1234 |          4 |          4 |       0 |    0 |      0 |      0 |      0 |    0 |          1 |
|       mul_list_4_4         |           Muler_15_1235 |          4 |          4 |       0 |    0 |      0 |      0 |      0 |    0 |          1 |
|       mul_list_4_5         |           Muler_15_1236 |          4 |          4 |       0 |    0 |      0 |      0 |      0 |    0 |          1 |
|       mul_list_4_6         |           Muler_15_1237 |          4 |          4 |       0 |    0 |      0 |      0 |      0 |    0 |          1 |
|       mul_list_4_7         |           Muler_15_1238 |          4 |          4 |       0 |    0 |      0 |      0 |      0 |    0 |          1 |
|       mul_list_4_8         |           Muler_15_1239 |          4 |          4 |       0 |    0 |      0 |      0 |      0 |    0 |          1 |
|       mul_list_4_9         |           Muler_15_1240 |          4 |          4 |       0 |    0 |      0 |      0 |      0 |    0 |          1 |
|       mul_list_5_0         |           Muler_15_1241 |          4 |          4 |       0 |    0 |      0 |      0 |      0 |    0 |          1 |
|       mul_list_5_1         |           Muler_15_1242 |          4 |          4 |       0 |    0 |      0 |      0 |      0 |    0 |          1 |
|       mul_list_5_10        |           Muler_15_1243 |          4 |          4 |       0 |    0 |      0 |      0 |      0 |    0 |          1 |
|       mul_list_5_11        |           Muler_15_1244 |          4 |          4 |       0 |    0 |      0 |      0 |      0 |    0 |          1 |
|       mul_list_5_12        |           Muler_15_1245 |          4 |          4 |       0 |    0 |      0 |      0 |      0 |    0 |          1 |
|       mul_list_5_13        |           Muler_15_1246 |          4 |          4 |       0 |    0 |      0 |      0 |      0 |    0 |          1 |
|       mul_list_5_14        |           Muler_15_1247 |          4 |          4 |       0 |    0 |      0 |      0 |      0 |    0 |          1 |
|       mul_list_5_15        |           Muler_15_1248 |          4 |          4 |       0 |    0 |      0 |      0 |      0 |    0 |          1 |
|       mul_list_5_16        |           Muler_15_1249 |          4 |          4 |       0 |    0 |      0 |      0 |      0 |    0 |          1 |
|       mul_list_5_17        |           Muler_15_1250 |          4 |          4 |       0 |    0 |      0 |      0 |      0 |    0 |          1 |
|       mul_list_5_19        |           Muler_15_1251 |          4 |          4 |       0 |    0 |      0 |      0 |      0 |    0 |          1 |
|       mul_list_5_2         |           Muler_15_1252 |          4 |          4 |       0 |    0 |      0 |      0 |      0 |    0 |          1 |
|       mul_list_5_20        |           Muler_15_1253 |          4 |          4 |       0 |    0 |      0 |      0 |      0 |    0 |          1 |
|       mul_list_5_21        |           Muler_15_1254 |          4 |          4 |       0 |    0 |      0 |      0 |      0 |    0 |          1 |
|       mul_list_5_22        |           Muler_15_1255 |          4 |          4 |       0 |    0 |      0 |      0 |      0 |    0 |          1 |
|       mul_list_5_24        |           Muler_15_1256 |          4 |          4 |       0 |    0 |      0 |      0 |      0 |    0 |          1 |
|       mul_list_5_25        |           Muler_15_1257 |          4 |          4 |       0 |    0 |      0 |      0 |      0 |    0 |          1 |
|       mul_list_5_26        |           Muler_15_1258 |          4 |          4 |       0 |    0 |      0 |      0 |      0 |    0 |          1 |
|       mul_list_5_27        |           Muler_15_1259 |          4 |          4 |       0 |    0 |      0 |      0 |      0 |    0 |          1 |
|       mul_list_5_28        |           Muler_15_1260 |          4 |          4 |       0 |    0 |      0 |      0 |      0 |    0 |          1 |
|       mul_list_5_29        |           Muler_15_1261 |          4 |          4 |       0 |    0 |      0 |      0 |      0 |    0 |          1 |
|       mul_list_5_3         |           Muler_15_1262 |          4 |          4 |       0 |    0 |      0 |      0 |      0 |    0 |          1 |
|       mul_list_5_30        |           Muler_15_1263 |          4 |          4 |       0 |    0 |      0 |      0 |      0 |    0 |          1 |
|       mul_list_5_31        |           Muler_15_1264 |          4 |          4 |       0 |    0 |      0 |      0 |      0 |    0 |          1 |
|       mul_list_5_32        |           Muler_15_1265 |          4 |          4 |       0 |    0 |      0 |      0 |      0 |    0 |          1 |
|       mul_list_5_33        |           Muler_15_1266 |          4 |          4 |       0 |    0 |      0 |      0 |      0 |    0 |          1 |
|       mul_list_5_34        |           Muler_15_1267 |          4 |          4 |       0 |    0 |      0 |      0 |      0 |    0 |          1 |
|       mul_list_5_35        |           Muler_15_1268 |          4 |          4 |       0 |    0 |      0 |      0 |      0 |    0 |          1 |
|       mul_list_5_4         |           Muler_15_1269 |          4 |          4 |       0 |    0 |      0 |      0 |      0 |    0 |          1 |
|       mul_list_5_5         |           Muler_15_1270 |          4 |          4 |       0 |    0 |      0 |      0 |      0 |    0 |          1 |
|       mul_list_5_6         |           Muler_15_1271 |          4 |          4 |       0 |    0 |      0 |      0 |      0 |    0 |          1 |
|       mul_list_5_7         |           Muler_15_1272 |          4 |          4 |       0 |    0 |      0 |      0 |      0 |    0 |          1 |
|       mul_list_5_8         |           Muler_15_1273 |          4 |          4 |       0 |    0 |      0 |      0 |      0 |    0 |          1 |
|       mul_list_5_9         |           Muler_15_1274 |          4 |          4 |       0 |    0 |      0 |      0 |      0 |    0 |          1 |
|       mul_list_6_0         |           Muler_15_1275 |          4 |          4 |       0 |    0 |      0 |      0 |      0 |    0 |          1 |
|       mul_list_6_1         |           Muler_15_1276 |          4 |          4 |       0 |    0 |      0 |      0 |      0 |    0 |          1 |
|       mul_list_6_10        |           Muler_15_1277 |          4 |          4 |       0 |    0 |      0 |      0 |      0 |    0 |          1 |
|       mul_list_6_11        |           Muler_15_1278 |          4 |          4 |       0 |    0 |      0 |      0 |      0 |    0 |          1 |
|       mul_list_6_12        |           Muler_15_1279 |          4 |          4 |       0 |    0 |      0 |      0 |      0 |    0 |          1 |
|       mul_list_6_13        |           Muler_15_1280 |          4 |          4 |       0 |    0 |      0 |      0 |      0 |    0 |          1 |
|       mul_list_6_14        |           Muler_15_1281 |          4 |          4 |       0 |    0 |      0 |      0 |      0 |    0 |          1 |
|       mul_list_6_15        |           Muler_15_1282 |          4 |          4 |       0 |    0 |      0 |      0 |      0 |    0 |          1 |
|       mul_list_6_16        |           Muler_15_1283 |          4 |          4 |       0 |    0 |      0 |      0 |      0 |    0 |          1 |
|       mul_list_6_17        |           Muler_15_1284 |          4 |          4 |       0 |    0 |      0 |      0 |      0 |    0 |          1 |
|       mul_list_6_18        |           Muler_15_1285 |          4 |          4 |       0 |    0 |      0 |      0 |      0 |    0 |          1 |
|       mul_list_6_19        |           Muler_15_1286 |          4 |          4 |       0 |    0 |      0 |      0 |      0 |    0 |          1 |
|       mul_list_6_2         |           Muler_15_1287 |          4 |          4 |       0 |    0 |      0 |      0 |      0 |    0 |          1 |
|       mul_list_6_20        |           Muler_15_1288 |          4 |          4 |       0 |    0 |      0 |      0 |      0 |    0 |          1 |
|       mul_list_6_21        |           Muler_15_1289 |          4 |          4 |       0 |    0 |      0 |      0 |      0 |    0 |          1 |
|       mul_list_6_22        |           Muler_15_1290 |          4 |          4 |       0 |    0 |      0 |      0 |      0 |    0 |          1 |
|       mul_list_6_23        |           Muler_15_1291 |          4 |          4 |       0 |    0 |      0 |      0 |      0 |    0 |          1 |
|       mul_list_6_24        |           Muler_15_1292 |          4 |          4 |       0 |    0 |      0 |      0 |      0 |    0 |          1 |
|       mul_list_6_25        |           Muler_15_1293 |          4 |          4 |       0 |    0 |      0 |      0 |      0 |    0 |          1 |
|       mul_list_6_26        |           Muler_15_1294 |          4 |          4 |       0 |    0 |      0 |      0 |      0 |    0 |          1 |
|       mul_list_6_27        |           Muler_15_1295 |          4 |          4 |       0 |    0 |      0 |      0 |      0 |    0 |          1 |
|       mul_list_6_28        |           Muler_15_1296 |          4 |          4 |       0 |    0 |      0 |      0 |      0 |    0 |          1 |
|       mul_list_6_29        |           Muler_15_1297 |          4 |          4 |       0 |    0 |      0 |      0 |      0 |    0 |          1 |
|       mul_list_6_3         |           Muler_15_1298 |          4 |          4 |       0 |    0 |      0 |      0 |      0 |    0 |          1 |
|       mul_list_6_30        |           Muler_15_1299 |          4 |          4 |       0 |    0 |      0 |      0 |      0 |    0 |          1 |
|       mul_list_6_31        |           Muler_15_1300 |          4 |          4 |       0 |    0 |      0 |      0 |      0 |    0 |          1 |
|       mul_list_6_32        |           Muler_15_1301 |          4 |          4 |       0 |    0 |      0 |      0 |      0 |    0 |          1 |
|       mul_list_6_33        |           Muler_15_1302 |          4 |          4 |       0 |    0 |      0 |      0 |      0 |    0 |          1 |
|       mul_list_6_34        |           Muler_15_1303 |          4 |          4 |       0 |    0 |      0 |      0 |      0 |    0 |          1 |
|       mul_list_6_35        |           Muler_15_1304 |          4 |          4 |       0 |    0 |      0 |      0 |      0 |    0 |          1 |
|       mul_list_6_4         |           Muler_15_1305 |          4 |          4 |       0 |    0 |      0 |      0 |      0 |    0 |          1 |
|       mul_list_6_5         |           Muler_15_1306 |          4 |          4 |       0 |    0 |      0 |      0 |      0 |    0 |          1 |
|       mul_list_6_6         |           Muler_15_1307 |          4 |          4 |       0 |    0 |      0 |      0 |      0 |    0 |          1 |
|       mul_list_6_7         |           Muler_15_1308 |          4 |          4 |       0 |    0 |      0 |      0 |      0 |    0 |          1 |
|       mul_list_6_8         |           Muler_15_1309 |          4 |          4 |       0 |    0 |      0 |      0 |      0 |    0 |          1 |
|       mul_list_6_9         |           Muler_15_1310 |          4 |          4 |       0 |    0 |      0 |      0 |      0 |    0 |          1 |
|       mul_list_7_0         |           Muler_15_1311 |          4 |          4 |       0 |    0 |      0 |      0 |      0 |    0 |          1 |
|       mul_list_7_1         |           Muler_15_1312 |          4 |          4 |       0 |    0 |      0 |      0 |      0 |    0 |          1 |
|       mul_list_7_10        |           Muler_15_1313 |          4 |          4 |       0 |    0 |      0 |      0 |      0 |    0 |          1 |
|       mul_list_7_11        |           Muler_15_1314 |          4 |          4 |       0 |    0 |      0 |      0 |      0 |    0 |          1 |
|       mul_list_7_12        |           Muler_15_1315 |          4 |          4 |       0 |    0 |      0 |      0 |      0 |    0 |          1 |
|       mul_list_7_13        |           Muler_15_1316 |          4 |          4 |       0 |    0 |      0 |      0 |      0 |    0 |          1 |
|       mul_list_7_14        |           Muler_15_1317 |          4 |          4 |       0 |    0 |      0 |      0 |      0 |    0 |          1 |
|       mul_list_7_15        |           Muler_15_1318 |          4 |          4 |       0 |    0 |      0 |      0 |      0 |    0 |          1 |
|       mul_list_7_16        |           Muler_15_1319 |          4 |          4 |       0 |    0 |      0 |      0 |      0 |    0 |          1 |
|       mul_list_7_17        |           Muler_15_1320 |          4 |          4 |       0 |    0 |      0 |      0 |      0 |    0 |          1 |
|       mul_list_7_19        |           Muler_15_1321 |          4 |          4 |       0 |    0 |      0 |      0 |      0 |    0 |          1 |
|       mul_list_7_2         |           Muler_15_1322 |          4 |          4 |       0 |    0 |      0 |      0 |      0 |    0 |          1 |
|       mul_list_7_20        |           Muler_15_1323 |          4 |          4 |       0 |    0 |      0 |      0 |      0 |    0 |          1 |
|       mul_list_7_21        |           Muler_15_1324 |          4 |          4 |       0 |    0 |      0 |      0 |      0 |    0 |          1 |
|       mul_list_7_22        |           Muler_15_1325 |          4 |          4 |       0 |    0 |      0 |      0 |      0 |    0 |          1 |
|       mul_list_7_24        |           Muler_15_1326 |          4 |          4 |       0 |    0 |      0 |      0 |      0 |    0 |          1 |
|       mul_list_7_25        |           Muler_15_1327 |          4 |          4 |       0 |    0 |      0 |      0 |      0 |    0 |          1 |
|       mul_list_7_26        |           Muler_15_1328 |          4 |          4 |       0 |    0 |      0 |      0 |      0 |    0 |          1 |
|       mul_list_7_27        |           Muler_15_1329 |          4 |          4 |       0 |    0 |      0 |      0 |      0 |    0 |          1 |
|       mul_list_7_28        |           Muler_15_1330 |          4 |          4 |       0 |    0 |      0 |      0 |      0 |    0 |          1 |
|       mul_list_7_29        |           Muler_15_1331 |          4 |          4 |       0 |    0 |      0 |      0 |      0 |    0 |          1 |
|       mul_list_7_3         |           Muler_15_1332 |          4 |          4 |       0 |    0 |      0 |      0 |      0 |    0 |          1 |
|       mul_list_7_30        |           Muler_15_1333 |          4 |          4 |       0 |    0 |      0 |      0 |      0 |    0 |          1 |
|       mul_list_7_31        |           Muler_15_1334 |          4 |          4 |       0 |    0 |      0 |      0 |      0 |    0 |          1 |
|       mul_list_7_32        |           Muler_15_1335 |          4 |          4 |       0 |    0 |      0 |      0 |      0 |    0 |          1 |
|       mul_list_7_33        |           Muler_15_1336 |          4 |          4 |       0 |    0 |      0 |      0 |      0 |    0 |          1 |
|       mul_list_7_34        |           Muler_15_1337 |          4 |          4 |       0 |    0 |      0 |      0 |      0 |    0 |          1 |
|       mul_list_7_35        |           Muler_15_1338 |          4 |          4 |       0 |    0 |      0 |      0 |      0 |    0 |          1 |
|       mul_list_7_4         |           Muler_15_1339 |          4 |          4 |       0 |    0 |      0 |      0 |      0 |    0 |          1 |
|       mul_list_7_5         |           Muler_15_1340 |          4 |          4 |       0 |    0 |      0 |      0 |      0 |    0 |          1 |
|       mul_list_7_6         |           Muler_15_1341 |          4 |          4 |       0 |    0 |      0 |      0 |      0 |    0 |          1 |
|       mul_list_7_7         |           Muler_15_1342 |          4 |          4 |       0 |    0 |      0 |      0 |      0 |    0 |          1 |
|       mul_list_7_8         |           Muler_15_1343 |          4 |          4 |       0 |    0 |      0 |      0 |      0 |    0 |          1 |
|       mul_list_7_9         |           Muler_15_1344 |          4 |          4 |       0 |    0 |      0 |      0 |      0 |    0 |          1 |
|       mul_list_8_0         |           Muler_15_1345 |          4 |          4 |       0 |    0 |      0 |      0 |      0 |    0 |          1 |
|       mul_list_8_1         |           Muler_15_1346 |          4 |          4 |       0 |    0 |      0 |      0 |      0 |    0 |          1 |
|       mul_list_8_10        |           Muler_15_1347 |          4 |          4 |       0 |    0 |      0 |      0 |      0 |    0 |          1 |
|       mul_list_8_11        |           Muler_15_1348 |          4 |          4 |       0 |    0 |      0 |      0 |      0 |    0 |          1 |
|       mul_list_8_12        |           Muler_15_1349 |          4 |          4 |       0 |    0 |      0 |      0 |      0 |    0 |          1 |
|       mul_list_8_13        |           Muler_15_1350 |          4 |          4 |       0 |    0 |      0 |      0 |      0 |    0 |          1 |
|       mul_list_8_14        |           Muler_15_1351 |          4 |          4 |       0 |    0 |      0 |      0 |      0 |    0 |          1 |
|       mul_list_8_15        |           Muler_15_1352 |          4 |          4 |       0 |    0 |      0 |      0 |      0 |    0 |          1 |
|       mul_list_8_16        |           Muler_15_1353 |          4 |          4 |       0 |    0 |      0 |      0 |      0 |    0 |          1 |
|       mul_list_8_17        |           Muler_15_1354 |          4 |          4 |       0 |    0 |      0 |      0 |      0 |    0 |          1 |
|       mul_list_8_18        |           Muler_15_1355 |          4 |          4 |       0 |    0 |      0 |      0 |      0 |    0 |          1 |
|       mul_list_8_19        |           Muler_15_1356 |          4 |          4 |       0 |    0 |      0 |      0 |      0 |    0 |          1 |
|       mul_list_8_2         |           Muler_15_1357 |          4 |          4 |       0 |    0 |      0 |      0 |      0 |    0 |          1 |
|       mul_list_8_20        |           Muler_15_1358 |          4 |          4 |       0 |    0 |      0 |      0 |      0 |    0 |          1 |
|       mul_list_8_21        |           Muler_15_1359 |          4 |          4 |       0 |    0 |      0 |      0 |      0 |    0 |          1 |
|       mul_list_8_22        |           Muler_15_1360 |          4 |          4 |       0 |    0 |      0 |      0 |      0 |    0 |          1 |
|       mul_list_8_23        |           Muler_15_1361 |          4 |          4 |       0 |    0 |      0 |      0 |      0 |    0 |          1 |
|       mul_list_8_24        |           Muler_15_1362 |          4 |          4 |       0 |    0 |      0 |      0 |      0 |    0 |          1 |
|       mul_list_8_25        |           Muler_15_1363 |          4 |          4 |       0 |    0 |      0 |      0 |      0 |    0 |          1 |
|       mul_list_8_26        |           Muler_15_1364 |          4 |          4 |       0 |    0 |      0 |      0 |      0 |    0 |          1 |
|       mul_list_8_27        |           Muler_15_1365 |          4 |          4 |       0 |    0 |      0 |      0 |      0 |    0 |          1 |
|       mul_list_8_28        |           Muler_15_1366 |          4 |          4 |       0 |    0 |      0 |      0 |      0 |    0 |          1 |
|       mul_list_8_29        |           Muler_15_1367 |          4 |          4 |       0 |    0 |      0 |      0 |      0 |    0 |          1 |
|       mul_list_8_3         |           Muler_15_1368 |          4 |          4 |       0 |    0 |      0 |      0 |      0 |    0 |          1 |
|       mul_list_8_30        |           Muler_15_1369 |          4 |          4 |       0 |    0 |      0 |      0 |      0 |    0 |          1 |
|       mul_list_8_31        |           Muler_15_1370 |          4 |          4 |       0 |    0 |      0 |      0 |      0 |    0 |          1 |
|       mul_list_8_32        |           Muler_15_1371 |          4 |          4 |       0 |    0 |      0 |      0 |      0 |    0 |          1 |
|       mul_list_8_33        |           Muler_15_1372 |          4 |          4 |       0 |    0 |      0 |      0 |      0 |    0 |          1 |
|       mul_list_8_34        |           Muler_15_1373 |          4 |          4 |       0 |    0 |      0 |      0 |      0 |    0 |          1 |
|       mul_list_8_35        |           Muler_15_1374 |          4 |          4 |       0 |    0 |      0 |      0 |      0 |    0 |          1 |
|       mul_list_8_4         |           Muler_15_1375 |          4 |          4 |       0 |    0 |      0 |      0 |      0 |    0 |          1 |
|       mul_list_8_5         |           Muler_15_1376 |          4 |          4 |       0 |    0 |      0 |      0 |      0 |    0 |          1 |
|       mul_list_8_6         |           Muler_15_1377 |          4 |          4 |       0 |    0 |      0 |      0 |      0 |    0 |          1 |
|       mul_list_8_7         |           Muler_15_1378 |          4 |          4 |       0 |    0 |      0 |      0 |      0 |    0 |          1 |
|       mul_list_8_8         |           Muler_15_1379 |          4 |          4 |       0 |    0 |      0 |      0 |      0 |    0 |          1 |
|       mul_list_8_9         |           Muler_15_1380 |          4 |          4 |       0 |    0 |      0 |      0 |      0 |    0 |          1 |
|       mul_list_9_0         |           Muler_15_1381 |          4 |          4 |       0 |    0 |      0 |      0 |      0 |    0 |          1 |
|       mul_list_9_1         |           Muler_15_1382 |          4 |          4 |       0 |    0 |      0 |      0 |      0 |    0 |          1 |
|       mul_list_9_10        |           Muler_15_1383 |          4 |          4 |       0 |    0 |      0 |      0 |      0 |    0 |          1 |
|       mul_list_9_11        |           Muler_15_1384 |          4 |          4 |       0 |    0 |      0 |      0 |      0 |    0 |          1 |
|       mul_list_9_12        |           Muler_15_1385 |          4 |          4 |       0 |    0 |      0 |      0 |      0 |    0 |          1 |
|       mul_list_9_13        |           Muler_15_1386 |          4 |          4 |       0 |    0 |      0 |      0 |      0 |    0 |          1 |
|       mul_list_9_14        |           Muler_15_1387 |          4 |          4 |       0 |    0 |      0 |      0 |      0 |    0 |          1 |
|       mul_list_9_15        |           Muler_15_1388 |          4 |          4 |       0 |    0 |      0 |      0 |      0 |    0 |          1 |
|       mul_list_9_16        |           Muler_15_1389 |          4 |          4 |       0 |    0 |      0 |      0 |      0 |    0 |          1 |
|       mul_list_9_17        |           Muler_15_1390 |          4 |          4 |       0 |    0 |      0 |      0 |      0 |    0 |          1 |
|       mul_list_9_19        |           Muler_15_1391 |          4 |          4 |       0 |    0 |      0 |      0 |      0 |    0 |          1 |
|       mul_list_9_2         |           Muler_15_1392 |          4 |          4 |       0 |    0 |      0 |      0 |      0 |    0 |          1 |
|       mul_list_9_20        |           Muler_15_1393 |          4 |          4 |       0 |    0 |      0 |      0 |      0 |    0 |          1 |
|       mul_list_9_21        |           Muler_15_1394 |          4 |          4 |       0 |    0 |      0 |      0 |      0 |    0 |          1 |
|       mul_list_9_22        |           Muler_15_1395 |          4 |          4 |       0 |    0 |      0 |      0 |      0 |    0 |          1 |
|       mul_list_9_24        |           Muler_15_1396 |          4 |          4 |       0 |    0 |      0 |      0 |      0 |    0 |          1 |
|       mul_list_9_25        |           Muler_15_1397 |          4 |          4 |       0 |    0 |      0 |      0 |      0 |    0 |          1 |
|       mul_list_9_26        |           Muler_15_1398 |          4 |          4 |       0 |    0 |      0 |      0 |      0 |    0 |          1 |
|       mul_list_9_27        |           Muler_15_1399 |          4 |          4 |       0 |    0 |      0 |      0 |      0 |    0 |          1 |
|       mul_list_9_28        |           Muler_15_1400 |          4 |          4 |       0 |    0 |      0 |      0 |      0 |    0 |          1 |
|       mul_list_9_29        |           Muler_15_1401 |          4 |          4 |       0 |    0 |      0 |      0 |      0 |    0 |          1 |
|       mul_list_9_3         |           Muler_15_1402 |          4 |          4 |       0 |    0 |      0 |      0 |      0 |    0 |          1 |
|       mul_list_9_30        |           Muler_15_1403 |          4 |          4 |       0 |    0 |      0 |      0 |      0 |    0 |          1 |
|       mul_list_9_31        |           Muler_15_1404 |          4 |          4 |       0 |    0 |      0 |      0 |      0 |    0 |          1 |
|       mul_list_9_32        |           Muler_15_1405 |          4 |          4 |       0 |    0 |      0 |      0 |      0 |    0 |          1 |
|       mul_list_9_33        |           Muler_15_1406 |          4 |          4 |       0 |    0 |      0 |      0 |      0 |    0 |          1 |
|       mul_list_9_34        |           Muler_15_1407 |          4 |          4 |       0 |    0 |      0 |      0 |      0 |    0 |          1 |
|       mul_list_9_35        |           Muler_15_1408 |          4 |          4 |       0 |    0 |      0 |      0 |      0 |    0 |          1 |
|       mul_list_9_4         |           Muler_15_1409 |          4 |          4 |       0 |    0 |      0 |      0 |      0 |    0 |          1 |
|       mul_list_9_5         |           Muler_15_1410 |          4 |          4 |       0 |    0 |      0 |      0 |      0 |    0 |          1 |
|       mul_list_9_6         |           Muler_15_1411 |          4 |          4 |       0 |    0 |      0 |      0 |      0 |    0 |          1 |
|       mul_list_9_7         |           Muler_15_1412 |          4 |          4 |       0 |    0 |      0 |      0 |      0 |    0 |          1 |
|       mul_list_9_8         |           Muler_15_1413 |          4 |          4 |       0 |    0 |      0 |      0 |      0 |    0 |          1 |
|       mul_list_9_9         |           Muler_15_1414 |          4 |          4 |       0 |    0 |      0 |      0 |      0 |    0 |          1 |
|       psum_last_pipreg     |          PipReg_26_1415 |          5 |          4 |       0 |    1 |      2 |      0 |      0 |    0 |          0 |
|       psum_valid_pipreg    |          PipReg_26_1416 |          3 |          2 |       0 |    1 |      2 |      0 |      0 |    0 |          0 |
|       res_valid_pipreg     |          PipReg_30_1417 |          1 |          1 |       0 |    0 |      1 |      0 |      0 |    0 |          0 |
|     lu_inst                |                 LoadU_5 |         33 |         33 |       0 |    0 |     21 |      0 |      0 |    0 |          0 |
|     lw_inst                |                 LoadW_2 |         16 |         16 |       0 |    0 |     16 |      0 |      0 |    0 |          1 |
|     mem_inst               |           DataMen_1_952 |        261 |        261 |       0 |    0 |      8 |     10 |      2 |    0 |          0 |
|       (mem_inst)           |           DataMen_1_952 |         12 |         12 |       0 |    0 |      8 |      0 |      0 |    0 |          0 |
|       mem0_ext             |         mem_2048x96_954 |         49 |         49 |       0 |    0 |      0 |      5 |      1 |    0 |          0 |
|       mem1_ext             |         mem_2048x96_955 |        200 |        200 |       0 |    0 |      0 |      5 |      1 |    0 |          0 |
|     su_inst                |            StoreU_5_953 |         14 |         14 |       0 |    0 |    122 |      0 |      0 |    0 |          0 |
|   qkvlinear                |               QKVLinear |      35786 |      35778 |       0 |    8 |  48426 |     10 |      2 |    0 |        436 |
|     (qkvlinear)            |               QKVLinear |       6387 |       6387 |       0 |    0 |  18564 |      0 |      0 |    0 |          0 |
|     cu_inst                |                 CU_1462 |      29071 |      29063 |       0 |    8 |  29489 |      0 |      0 |    0 |        436 |
|       (cu_inst)            |                 CU_1462 |       5712 |       5712 |       0 |    0 |  26088 |      0 |      0 |    0 |          0 |
|       addTreeList_0        |          AddTree_2_1466 |        600 |        600 |       0 |    0 |     96 |      0 |      0 |    0 |          0 |
|       addTreeList_1        |          AddTree_2_1467 |        600 |        600 |       0 |    0 |     96 |      0 |      0 |    0 |          0 |
|       addTreeList_10       |          AddTree_2_1468 |        600 |        600 |       0 |    0 |     96 |      0 |      0 |    0 |          0 |
|       addTreeList_11       |          AddTree_2_1469 |        600 |        600 |       0 |    0 |     96 |      0 |      0 |    0 |          0 |
|       addTreeList_12       |          AddTree_2_1470 |        600 |        600 |       0 |    0 |     96 |      0 |      0 |    0 |          0 |
|       addTreeList_13       |          AddTree_2_1471 |        600 |        600 |       0 |    0 |     96 |      0 |      0 |    0 |          0 |
|       addTreeList_14       |          AddTree_2_1472 |        600 |        600 |       0 |    0 |     96 |      0 |      0 |    0 |          0 |
|       addTreeList_15       |          AddTree_2_1473 |        600 |        600 |       0 |    0 |     96 |      0 |      0 |    0 |          0 |
|       addTreeList_16       |          AddTree_2_1474 |        600 |        600 |       0 |    0 |     96 |      0 |      0 |    0 |          0 |
|       addTreeList_17       |          AddTree_2_1475 |        600 |        600 |       0 |    0 |     96 |      0 |      0 |    0 |          0 |
|       addTreeList_18       |          AddTree_2_1476 |        600 |        600 |       0 |    0 |     96 |      0 |      0 |    0 |          0 |
|       addTreeList_19       |          AddTree_2_1477 |        600 |        600 |       0 |    0 |     96 |      0 |      0 |    0 |          0 |
|       addTreeList_2        |          AddTree_2_1478 |        600 |        600 |       0 |    0 |     96 |      0 |      0 |    0 |          0 |
|       addTreeList_20       |          AddTree_2_1479 |        600 |        600 |       0 |    0 |     96 |      0 |      0 |    0 |          0 |
|       addTreeList_21       |          AddTree_2_1480 |        600 |        600 |       0 |    0 |     96 |      0 |      0 |    0 |          0 |
|       addTreeList_22       |          AddTree_2_1481 |        600 |        600 |       0 |    0 |     96 |      0 |      0 |    0 |          0 |
|       addTreeList_23       |          AddTree_2_1482 |        600 |        600 |       0 |    0 |     96 |      0 |      0 |    0 |          0 |
|       addTreeList_24       |          AddTree_2_1483 |        600 |        600 |       0 |    0 |     96 |      0 |      0 |    0 |          0 |
|       addTreeList_25       |          AddTree_2_1484 |        600 |        600 |       0 |    0 |     96 |      0 |      0 |    0 |          0 |
|       addTreeList_26       |          AddTree_2_1485 |        600 |        600 |       0 |    0 |     96 |      0 |      0 |    0 |          0 |
|       addTreeList_27       |          AddTree_2_1486 |        600 |        600 |       0 |    0 |     96 |      0 |      0 |    0 |          0 |
|       addTreeList_28       |          AddTree_2_1487 |        600 |        600 |       0 |    0 |     96 |      0 |      0 |    0 |          0 |
|       addTreeList_29       |          AddTree_2_1488 |        544 |        544 |       0 |    0 |     16 |      0 |      0 |    0 |         10 |
|       addTreeList_3        |          AddTree_2_1489 |        600 |        600 |       0 |    0 |     96 |      0 |      0 |    0 |          0 |
|       addTreeList_30       |          AddTree_2_1490 |        600 |        600 |       0 |    0 |     96 |      0 |      0 |    0 |          0 |
|       addTreeList_31       |          AddTree_2_1491 |        600 |        600 |       0 |    0 |     96 |      0 |      0 |    0 |          0 |
|       addTreeList_32       |          AddTree_2_1492 |        600 |        600 |       0 |    0 |     96 |      0 |      0 |    0 |          0 |
|       addTreeList_33       |          AddTree_2_1493 |        600 |        600 |       0 |    0 |     96 |      0 |      0 |    0 |          0 |
|       addTreeList_34       |          AddTree_2_1494 |        600 |        600 |       0 |    0 |     96 |      0 |      0 |    0 |          0 |
|       addTreeList_35       |          AddTree_2_1495 |        600 |        600 |       0 |    0 |     96 |      0 |      0 |    0 |          0 |
|       addTreeList_4        |          AddTree_2_1496 |        600 |        600 |       0 |    0 |     96 |      0 |      0 |    0 |          0 |
|       addTreeList_5        |          AddTree_2_1497 |        600 |        600 |       0 |    0 |     96 |      0 |      0 |    0 |          0 |
|       addTreeList_6        |          AddTree_2_1498 |        600 |        600 |       0 |    0 |     96 |      0 |      0 |    0 |          0 |
|       addTreeList_7        |          AddTree_2_1499 |        600 |        600 |       0 |    0 |     96 |      0 |      0 |    0 |          0 |
|       addTreeList_8        |          AddTree_2_1500 |        600 |        600 |       0 |    0 |     96 |      0 |      0 |    0 |          0 |
|       addTreeList_9        |          AddTree_2_1501 |        600 |        600 |       0 |    0 |     96 |      0 |      0 |    0 |          0 |
|       batchsizelast_pipreg |          PipReg_24_1502 |         27 |         27 |       0 |    0 |      2 |      0 |      0 |    0 |          0 |
|       block_first_pipreg   |          PipReg_26_1503 |          3 |          2 |       0 |    1 |      2 |      0 |      0 |    0 |          0 |
|       cnt_batchsize_pipreg |          PipReg_27_1504 |         74 |         69 |       0 |    5 |     16 |      0 |      0 |    0 |          0 |
|       mul_list_0_0         |           Muler_15_1505 |          4 |          4 |       0 |    0 |      0 |      0 |      0 |    0 |          1 |
|       mul_list_0_1         |           Muler_15_1506 |          4 |          4 |       0 |    0 |      0 |      0 |      0 |    0 |          1 |
|       mul_list_0_10        |           Muler_15_1507 |          4 |          4 |       0 |    0 |      0 |      0 |      0 |    0 |          1 |
|       mul_list_0_11        |           Muler_15_1508 |          4 |          4 |       0 |    0 |      0 |      0 |      0 |    0 |          1 |
|       mul_list_0_12        |           Muler_15_1509 |          4 |          4 |       0 |    0 |      0 |      0 |      0 |    0 |          1 |
|       mul_list_0_13        |           Muler_15_1510 |          4 |          4 |       0 |    0 |      0 |      0 |      0 |    0 |          1 |
|       mul_list_0_14        |           Muler_15_1511 |          4 |          4 |       0 |    0 |      0 |      0 |      0 |    0 |          1 |
|       mul_list_0_15        |           Muler_15_1512 |          4 |          4 |       0 |    0 |      0 |      0 |      0 |    0 |          1 |
|       mul_list_0_16        |           Muler_15_1513 |          4 |          4 |       0 |    0 |      0 |      0 |      0 |    0 |          1 |
|       mul_list_0_17        |           Muler_15_1514 |          4 |          4 |       0 |    0 |      0 |      0 |      0 |    0 |          1 |
|       mul_list_0_18        |           Muler_15_1515 |          4 |          4 |       0 |    0 |      0 |      0 |      0 |    0 |          1 |
|       mul_list_0_19        |           Muler_15_1516 |          4 |          4 |       0 |    0 |      0 |      0 |      0 |    0 |          1 |
|       mul_list_0_2         |           Muler_15_1517 |          4 |          4 |       0 |    0 |      0 |      0 |      0 |    0 |          1 |
|       mul_list_0_20        |           Muler_15_1518 |          4 |          4 |       0 |    0 |      0 |      0 |      0 |    0 |          1 |
|       mul_list_0_21        |           Muler_15_1519 |          4 |          4 |       0 |    0 |      0 |      0 |      0 |    0 |          1 |
|       mul_list_0_22        |           Muler_15_1520 |          4 |          4 |       0 |    0 |      0 |      0 |      0 |    0 |          1 |
|       mul_list_0_23        |           Muler_15_1521 |          4 |          4 |       0 |    0 |      0 |      0 |      0 |    0 |          1 |
|       mul_list_0_24        |           Muler_15_1522 |          4 |          4 |       0 |    0 |      0 |      0 |      0 |    0 |          1 |
|       mul_list_0_25        |           Muler_15_1523 |          4 |          4 |       0 |    0 |      0 |      0 |      0 |    0 |          1 |
|       mul_list_0_26        |           Muler_15_1524 |          4 |          4 |       0 |    0 |      0 |      0 |      0 |    0 |          1 |
|       mul_list_0_27        |           Muler_15_1525 |          4 |          4 |       0 |    0 |      0 |      0 |      0 |    0 |          1 |
|       mul_list_0_28        |           Muler_15_1526 |          4 |          4 |       0 |    0 |      0 |      0 |      0 |    0 |          1 |
|       mul_list_0_29        |           Muler_15_1527 |          4 |          4 |       0 |    0 |      0 |      0 |      0 |    0 |          1 |
|       mul_list_0_3         |           Muler_15_1528 |          4 |          4 |       0 |    0 |      0 |      0 |      0 |    0 |          1 |
|       mul_list_0_30        |           Muler_15_1529 |          4 |          4 |       0 |    0 |      0 |      0 |      0 |    0 |          1 |
|       mul_list_0_31        |           Muler_15_1530 |          4 |          4 |       0 |    0 |      0 |      0 |      0 |    0 |          1 |
|       mul_list_0_32        |           Muler_15_1531 |          4 |          4 |       0 |    0 |      0 |      0 |      0 |    0 |          1 |
|       mul_list_0_33        |           Muler_15_1532 |          4 |          4 |       0 |    0 |      0 |      0 |      0 |    0 |          1 |
|       mul_list_0_34        |           Muler_15_1533 |          4 |          4 |       0 |    0 |      0 |      0 |      0 |    0 |          1 |
|       mul_list_0_35        |           Muler_15_1534 |          4 |          4 |       0 |    0 |      0 |      0 |      0 |    0 |          1 |
|       mul_list_0_4         |           Muler_15_1535 |          4 |          4 |       0 |    0 |      0 |      0 |      0 |    0 |          1 |
|       mul_list_0_5         |           Muler_15_1536 |          4 |          4 |       0 |    0 |      0 |      0 |      0 |    0 |          1 |
|       mul_list_0_6         |           Muler_15_1537 |          4 |          4 |       0 |    0 |      0 |      0 |      0 |    0 |          1 |
|       mul_list_0_7         |           Muler_15_1538 |          4 |          4 |       0 |    0 |      0 |      0 |      0 |    0 |          1 |
|       mul_list_0_8         |           Muler_15_1539 |          4 |          4 |       0 |    0 |      0 |      0 |      0 |    0 |          1 |
|       mul_list_0_9         |           Muler_15_1540 |          4 |          4 |       0 |    0 |      0 |      0 |      0 |    0 |          1 |
|       mul_list_10_0        |           Muler_15_1541 |          4 |          4 |       0 |    0 |      0 |      0 |      0 |    0 |          1 |
|       mul_list_10_1        |           Muler_15_1542 |          4 |          4 |       0 |    0 |      0 |      0 |      0 |    0 |          1 |
|       mul_list_10_10       |           Muler_15_1543 |          4 |          4 |       0 |    0 |      0 |      0 |      0 |    0 |          1 |
|       mul_list_10_11       |           Muler_15_1544 |          4 |          4 |       0 |    0 |      0 |      0 |      0 |    0 |          1 |
|       mul_list_10_12       |           Muler_15_1545 |          4 |          4 |       0 |    0 |      0 |      0 |      0 |    0 |          1 |
|       mul_list_10_13       |           Muler_15_1546 |          4 |          4 |       0 |    0 |      0 |      0 |      0 |    0 |          1 |
|       mul_list_10_14       |           Muler_15_1547 |          4 |          4 |       0 |    0 |      0 |      0 |      0 |    0 |          1 |
|       mul_list_10_15       |           Muler_15_1548 |          4 |          4 |       0 |    0 |      0 |      0 |      0 |    0 |          1 |
|       mul_list_10_16       |           Muler_15_1549 |          4 |          4 |       0 |    0 |      0 |      0 |      0 |    0 |          1 |
|       mul_list_10_17       |           Muler_15_1550 |          4 |          4 |       0 |    0 |      0 |      0 |      0 |    0 |          1 |
|       mul_list_10_18       |           Muler_15_1551 |          4 |          4 |       0 |    0 |      0 |      0 |      0 |    0 |          1 |
|       mul_list_10_19       |           Muler_15_1552 |          4 |          4 |       0 |    0 |      0 |      0 |      0 |    0 |          1 |
|       mul_list_10_2        |           Muler_15_1553 |          4 |          4 |       0 |    0 |      0 |      0 |      0 |    0 |          1 |
|       mul_list_10_20       |           Muler_15_1554 |          4 |          4 |       0 |    0 |      0 |      0 |      0 |    0 |          1 |
|       mul_list_10_21       |           Muler_15_1555 |          4 |          4 |       0 |    0 |      0 |      0 |      0 |    0 |          1 |
|       mul_list_10_22       |           Muler_15_1556 |          4 |          4 |       0 |    0 |      0 |      0 |      0 |    0 |          1 |
|       mul_list_10_23       |           Muler_15_1557 |          4 |          4 |       0 |    0 |      0 |      0 |      0 |    0 |          1 |
|       mul_list_10_24       |           Muler_15_1558 |          4 |          4 |       0 |    0 |      0 |      0 |      0 |    0 |          1 |
|       mul_list_10_25       |           Muler_15_1559 |          4 |          4 |       0 |    0 |      0 |      0 |      0 |    0 |          1 |
|       mul_list_10_26       |           Muler_15_1560 |          4 |          4 |       0 |    0 |      0 |      0 |      0 |    0 |          1 |
|       mul_list_10_27       |           Muler_15_1561 |          4 |          4 |       0 |    0 |      0 |      0 |      0 |    0 |          1 |
|       mul_list_10_28       |           Muler_15_1562 |          4 |          4 |       0 |    0 |      0 |      0 |      0 |    0 |          1 |
|       mul_list_10_29       |           Muler_15_1563 |          4 |          4 |       0 |    0 |      0 |      0 |      0 |    0 |          1 |
|       mul_list_10_3        |           Muler_15_1564 |          4 |          4 |       0 |    0 |      0 |      0 |      0 |    0 |          1 |
|       mul_list_10_30       |           Muler_15_1565 |          4 |          4 |       0 |    0 |      0 |      0 |      0 |    0 |          1 |
|       mul_list_10_31       |           Muler_15_1566 |          4 |          4 |       0 |    0 |      0 |      0 |      0 |    0 |          1 |
|       mul_list_10_32       |           Muler_15_1567 |          4 |          4 |       0 |    0 |      0 |      0 |      0 |    0 |          1 |
|       mul_list_10_33       |           Muler_15_1568 |          4 |          4 |       0 |    0 |      0 |      0 |      0 |    0 |          1 |
|       mul_list_10_34       |           Muler_15_1569 |          4 |          4 |       0 |    0 |      0 |      0 |      0 |    0 |          1 |
|       mul_list_10_35       |           Muler_15_1570 |          4 |          4 |       0 |    0 |      0 |      0 |      0 |    0 |          1 |
|       mul_list_10_4        |           Muler_15_1571 |          4 |          4 |       0 |    0 |      0 |      0 |      0 |    0 |          1 |
|       mul_list_10_5        |           Muler_15_1572 |          4 |          4 |       0 |    0 |      0 |      0 |      0 |    0 |          1 |
|       mul_list_10_6        |           Muler_15_1573 |          4 |          4 |       0 |    0 |      0 |      0 |      0 |    0 |          1 |
|       mul_list_10_7        |           Muler_15_1574 |          4 |          4 |       0 |    0 |      0 |      0 |      0 |    0 |          1 |
|       mul_list_10_8        |           Muler_15_1575 |          4 |          4 |       0 |    0 |      0 |      0 |      0 |    0 |          1 |
|       mul_list_10_9        |           Muler_15_1576 |          4 |          4 |       0 |    0 |      0 |      0 |      0 |    0 |          1 |
|       mul_list_11_0        |           Muler_15_1577 |          4 |          4 |       0 |    0 |      0 |      0 |      0 |    0 |          1 |
|       mul_list_11_1        |           Muler_15_1578 |          4 |          4 |       0 |    0 |      0 |      0 |      0 |    0 |          1 |
|       mul_list_11_10       |           Muler_15_1579 |          4 |          4 |       0 |    0 |      0 |      0 |      0 |    0 |          1 |
|       mul_list_11_11       |           Muler_15_1580 |          4 |          4 |       0 |    0 |      0 |      0 |      0 |    0 |          1 |
|       mul_list_11_12       |           Muler_15_1581 |          4 |          4 |       0 |    0 |      0 |      0 |      0 |    0 |          1 |
|       mul_list_11_13       |           Muler_15_1582 |          4 |          4 |       0 |    0 |      0 |      0 |      0 |    0 |          1 |
|       mul_list_11_14       |           Muler_15_1583 |          4 |          4 |       0 |    0 |      0 |      0 |      0 |    0 |          1 |
|       mul_list_11_15       |           Muler_15_1584 |          4 |          4 |       0 |    0 |      0 |      0 |      0 |    0 |          1 |
|       mul_list_11_16       |           Muler_15_1585 |          4 |          4 |       0 |    0 |      0 |      0 |      0 |    0 |          1 |
|       mul_list_11_17       |           Muler_15_1586 |          4 |          4 |       0 |    0 |      0 |      0 |      0 |    0 |          1 |
|       mul_list_11_18       |           Muler_15_1587 |          4 |          4 |       0 |    0 |      0 |      0 |      0 |    0 |          1 |
|       mul_list_11_19       |           Muler_15_1588 |          4 |          4 |       0 |    0 |      0 |      0 |      0 |    0 |          1 |
|       mul_list_11_2        |           Muler_15_1589 |          4 |          4 |       0 |    0 |      0 |      0 |      0 |    0 |          1 |
|       mul_list_11_20       |           Muler_15_1590 |          4 |          4 |       0 |    0 |      0 |      0 |      0 |    0 |          1 |
|       mul_list_11_21       |           Muler_15_1591 |          4 |          4 |       0 |    0 |      0 |      0 |      0 |    0 |          1 |
|       mul_list_11_22       |           Muler_15_1592 |          4 |          4 |       0 |    0 |      0 |      0 |      0 |    0 |          1 |
|       mul_list_11_23       |           Muler_15_1593 |          4 |          4 |       0 |    0 |      0 |      0 |      0 |    0 |          1 |
|       mul_list_11_24       |           Muler_15_1594 |          4 |          4 |       0 |    0 |      0 |      0 |      0 |    0 |          1 |
|       mul_list_11_25       |           Muler_15_1595 |          4 |          4 |       0 |    0 |      0 |      0 |      0 |    0 |          1 |
|       mul_list_11_26       |           Muler_15_1596 |          4 |          4 |       0 |    0 |      0 |      0 |      0 |    0 |          1 |
|       mul_list_11_27       |           Muler_15_1597 |          4 |          4 |       0 |    0 |      0 |      0 |      0 |    0 |          1 |
|       mul_list_11_28       |           Muler_15_1598 |          4 |          4 |       0 |    0 |      0 |      0 |      0 |    0 |          1 |
|       mul_list_11_3        |           Muler_15_1599 |          4 |          4 |       0 |    0 |      0 |      0 |      0 |    0 |          1 |
|       mul_list_11_30       |           Muler_15_1600 |          4 |          4 |       0 |    0 |      0 |      0 |      0 |    0 |          1 |
|       mul_list_11_31       |           Muler_15_1601 |          4 |          4 |       0 |    0 |      0 |      0 |      0 |    0 |          1 |
|       mul_list_11_32       |           Muler_15_1602 |          4 |          4 |       0 |    0 |      0 |      0 |      0 |    0 |          1 |
|       mul_list_11_33       |           Muler_15_1603 |          4 |          4 |       0 |    0 |      0 |      0 |      0 |    0 |          1 |
|       mul_list_11_34       |           Muler_15_1604 |          4 |          4 |       0 |    0 |      0 |      0 |      0 |    0 |          1 |
|       mul_list_11_35       |           Muler_15_1605 |          4 |          4 |       0 |    0 |      0 |      0 |      0 |    0 |          1 |
|       mul_list_11_4        |           Muler_15_1606 |          4 |          4 |       0 |    0 |      0 |      0 |      0 |    0 |          1 |
|       mul_list_11_5        |           Muler_15_1607 |          4 |          4 |       0 |    0 |      0 |      0 |      0 |    0 |          1 |
|       mul_list_11_6        |           Muler_15_1608 |          4 |          4 |       0 |    0 |      0 |      0 |      0 |    0 |          1 |
|       mul_list_11_7        |           Muler_15_1609 |          4 |          4 |       0 |    0 |      0 |      0 |      0 |    0 |          1 |
|       mul_list_11_8        |           Muler_15_1610 |          4 |          4 |       0 |    0 |      0 |      0 |      0 |    0 |          1 |
|       mul_list_11_9        |           Muler_15_1611 |          4 |          4 |       0 |    0 |      0 |      0 |      0 |    0 |          1 |
|       mul_list_1_0         |           Muler_15_1612 |          4 |          4 |       0 |    0 |      0 |      0 |      0 |    0 |          1 |
|       mul_list_1_1         |           Muler_15_1613 |          4 |          4 |       0 |    0 |      0 |      0 |      0 |    0 |          1 |
|       mul_list_1_10        |           Muler_15_1614 |          4 |          4 |       0 |    0 |      0 |      0 |      0 |    0 |          1 |
|       mul_list_1_11        |           Muler_15_1615 |          4 |          4 |       0 |    0 |      0 |      0 |      0 |    0 |          1 |
|       mul_list_1_12        |           Muler_15_1616 |          4 |          4 |       0 |    0 |      0 |      0 |      0 |    0 |          1 |
|       mul_list_1_13        |           Muler_15_1617 |          4 |          4 |       0 |    0 |      0 |      0 |      0 |    0 |          1 |
|       mul_list_1_14        |           Muler_15_1618 |          4 |          4 |       0 |    0 |      0 |      0 |      0 |    0 |          1 |
|       mul_list_1_15        |           Muler_15_1619 |          4 |          4 |       0 |    0 |      0 |      0 |      0 |    0 |          1 |
|       mul_list_1_16        |           Muler_15_1620 |          4 |          4 |       0 |    0 |      0 |      0 |      0 |    0 |          1 |
|       mul_list_1_17        |           Muler_15_1621 |          4 |          4 |       0 |    0 |      0 |      0 |      0 |    0 |          1 |
|       mul_list_1_18        |           Muler_15_1622 |          4 |          4 |       0 |    0 |      0 |      0 |      0 |    0 |          1 |
|       mul_list_1_19        |           Muler_15_1623 |          4 |          4 |       0 |    0 |      0 |      0 |      0 |    0 |          1 |
|       mul_list_1_2         |           Muler_15_1624 |          4 |          4 |       0 |    0 |      0 |      0 |      0 |    0 |          1 |
|       mul_list_1_20        |           Muler_15_1625 |          4 |          4 |       0 |    0 |      0 |      0 |      0 |    0 |          1 |
|       mul_list_1_21        |           Muler_15_1626 |          4 |          4 |       0 |    0 |      0 |      0 |      0 |    0 |          1 |
|       mul_list_1_22        |           Muler_15_1627 |          4 |          4 |       0 |    0 |      0 |      0 |      0 |    0 |          1 |
|       mul_list_1_23        |           Muler_15_1628 |          4 |          4 |       0 |    0 |      0 |      0 |      0 |    0 |          1 |
|       mul_list_1_24        |           Muler_15_1629 |          4 |          4 |       0 |    0 |      0 |      0 |      0 |    0 |          1 |
|       mul_list_1_25        |           Muler_15_1630 |          4 |          4 |       0 |    0 |      0 |      0 |      0 |    0 |          1 |
|       mul_list_1_26        |           Muler_15_1631 |          4 |          4 |       0 |    0 |      0 |      0 |      0 |    0 |          1 |
|       mul_list_1_27        |           Muler_15_1632 |          4 |          4 |       0 |    0 |      0 |      0 |      0 |    0 |          1 |
|       mul_list_1_28        |           Muler_15_1633 |          4 |          4 |       0 |    0 |      0 |      0 |      0 |    0 |          1 |
|       mul_list_1_3         |           Muler_15_1634 |          4 |          4 |       0 |    0 |      0 |      0 |      0 |    0 |          1 |
|       mul_list_1_30        |           Muler_15_1635 |          4 |          4 |       0 |    0 |      0 |      0 |      0 |    0 |          1 |
|       mul_list_1_31        |           Muler_15_1636 |          4 |          4 |       0 |    0 |      0 |      0 |      0 |    0 |          1 |
|       mul_list_1_32        |           Muler_15_1637 |          4 |          4 |       0 |    0 |      0 |      0 |      0 |    0 |          1 |
|       mul_list_1_33        |           Muler_15_1638 |          4 |          4 |       0 |    0 |      0 |      0 |      0 |    0 |          1 |
|       mul_list_1_34        |           Muler_15_1639 |          4 |          4 |       0 |    0 |      0 |      0 |      0 |    0 |          1 |
|       mul_list_1_35        |           Muler_15_1640 |          4 |          4 |       0 |    0 |      0 |      0 |      0 |    0 |          1 |
|       mul_list_1_4         |           Muler_15_1641 |          4 |          4 |       0 |    0 |      0 |      0 |      0 |    0 |          1 |
|       mul_list_1_5         |           Muler_15_1642 |          4 |          4 |       0 |    0 |      0 |      0 |      0 |    0 |          1 |
|       mul_list_1_6         |           Muler_15_1643 |          4 |          4 |       0 |    0 |      0 |      0 |      0 |    0 |          1 |
|       mul_list_1_7         |           Muler_15_1644 |          4 |          4 |       0 |    0 |      0 |      0 |      0 |    0 |          1 |
|       mul_list_1_8         |           Muler_15_1645 |          4 |          4 |       0 |    0 |      0 |      0 |      0 |    0 |          1 |
|       mul_list_1_9         |           Muler_15_1646 |          4 |          4 |       0 |    0 |      0 |      0 |      0 |    0 |          1 |
|       mul_list_2_0         |           Muler_15_1647 |          4 |          4 |       0 |    0 |      0 |      0 |      0 |    0 |          1 |
|       mul_list_2_1         |           Muler_15_1648 |          4 |          4 |       0 |    0 |      0 |      0 |      0 |    0 |          1 |
|       mul_list_2_10        |           Muler_15_1649 |          4 |          4 |       0 |    0 |      0 |      0 |      0 |    0 |          1 |
|       mul_list_2_11        |           Muler_15_1650 |          4 |          4 |       0 |    0 |      0 |      0 |      0 |    0 |          1 |
|       mul_list_2_12        |           Muler_15_1651 |          4 |          4 |       0 |    0 |      0 |      0 |      0 |    0 |          1 |
|       mul_list_2_13        |           Muler_15_1652 |          4 |          4 |       0 |    0 |      0 |      0 |      0 |    0 |          1 |
|       mul_list_2_14        |           Muler_15_1653 |          4 |          4 |       0 |    0 |      0 |      0 |      0 |    0 |          1 |
|       mul_list_2_15        |           Muler_15_1654 |          4 |          4 |       0 |    0 |      0 |      0 |      0 |    0 |          1 |
|       mul_list_2_16        |           Muler_15_1655 |          4 |          4 |       0 |    0 |      0 |      0 |      0 |    0 |          1 |
|       mul_list_2_17        |           Muler_15_1656 |          4 |          4 |       0 |    0 |      0 |      0 |      0 |    0 |          1 |
|       mul_list_2_18        |           Muler_15_1657 |          4 |          4 |       0 |    0 |      0 |      0 |      0 |    0 |          1 |
|       mul_list_2_19        |           Muler_15_1658 |          4 |          4 |       0 |    0 |      0 |      0 |      0 |    0 |          1 |
|       mul_list_2_2         |           Muler_15_1659 |          4 |          4 |       0 |    0 |      0 |      0 |      0 |    0 |          1 |
|       mul_list_2_20        |           Muler_15_1660 |          4 |          4 |       0 |    0 |      0 |      0 |      0 |    0 |          1 |
|       mul_list_2_21        |           Muler_15_1661 |          4 |          4 |       0 |    0 |      0 |      0 |      0 |    0 |          1 |
|       mul_list_2_22        |           Muler_15_1662 |          4 |          4 |       0 |    0 |      0 |      0 |      0 |    0 |          1 |
|       mul_list_2_23        |           Muler_15_1663 |          4 |          4 |       0 |    0 |      0 |      0 |      0 |    0 |          1 |
|       mul_list_2_24        |           Muler_15_1664 |          4 |          4 |       0 |    0 |      0 |      0 |      0 |    0 |          1 |
|       mul_list_2_25        |           Muler_15_1665 |          4 |          4 |       0 |    0 |      0 |      0 |      0 |    0 |          1 |
|       mul_list_2_26        |           Muler_15_1666 |          4 |          4 |       0 |    0 |      0 |      0 |      0 |    0 |          1 |
|       mul_list_2_27        |           Muler_15_1667 |          4 |          4 |       0 |    0 |      0 |      0 |      0 |    0 |          1 |
|       mul_list_2_28        |           Muler_15_1668 |          4 |          4 |       0 |    0 |      0 |      0 |      0 |    0 |          1 |
|       mul_list_2_29        |           Muler_15_1669 |          4 |          4 |       0 |    0 |      0 |      0 |      0 |    0 |          1 |
|       mul_list_2_3         |           Muler_15_1670 |          4 |          4 |       0 |    0 |      0 |      0 |      0 |    0 |          1 |
|       mul_list_2_30        |           Muler_15_1671 |          4 |          4 |       0 |    0 |      0 |      0 |      0 |    0 |          1 |
|       mul_list_2_31        |           Muler_15_1672 |          4 |          4 |       0 |    0 |      0 |      0 |      0 |    0 |          1 |
|       mul_list_2_32        |           Muler_15_1673 |          4 |          4 |       0 |    0 |      0 |      0 |      0 |    0 |          1 |
|       mul_list_2_33        |           Muler_15_1674 |          4 |          4 |       0 |    0 |      0 |      0 |      0 |    0 |          1 |
|       mul_list_2_34        |           Muler_15_1675 |          4 |          4 |       0 |    0 |      0 |      0 |      0 |    0 |          1 |
|       mul_list_2_35        |           Muler_15_1676 |          4 |          4 |       0 |    0 |      0 |      0 |      0 |    0 |          1 |
|       mul_list_2_4         |           Muler_15_1677 |          4 |          4 |       0 |    0 |      0 |      0 |      0 |    0 |          1 |
|       mul_list_2_5         |           Muler_15_1678 |          4 |          4 |       0 |    0 |      0 |      0 |      0 |    0 |          1 |
|       mul_list_2_6         |           Muler_15_1679 |          4 |          4 |       0 |    0 |      0 |      0 |      0 |    0 |          1 |
|       mul_list_2_7         |           Muler_15_1680 |          4 |          4 |       0 |    0 |      0 |      0 |      0 |    0 |          1 |
|       mul_list_2_8         |           Muler_15_1681 |          4 |          4 |       0 |    0 |      0 |      0 |      0 |    0 |          1 |
|       mul_list_2_9         |           Muler_15_1682 |          4 |          4 |       0 |    0 |      0 |      0 |      0 |    0 |          1 |
|       mul_list_3_0         |           Muler_15_1683 |          4 |          4 |       0 |    0 |      0 |      0 |      0 |    0 |          1 |
|       mul_list_3_1         |           Muler_15_1684 |          4 |          4 |       0 |    0 |      0 |      0 |      0 |    0 |          1 |
|       mul_list_3_10        |           Muler_15_1685 |          4 |          4 |       0 |    0 |      0 |      0 |      0 |    0 |          1 |
|       mul_list_3_11        |           Muler_15_1686 |          4 |          4 |       0 |    0 |      0 |      0 |      0 |    0 |          1 |
|       mul_list_3_12        |           Muler_15_1687 |          4 |          4 |       0 |    0 |      0 |      0 |      0 |    0 |          1 |
|       mul_list_3_13        |           Muler_15_1688 |          4 |          4 |       0 |    0 |      0 |      0 |      0 |    0 |          1 |
|       mul_list_3_14        |           Muler_15_1689 |          4 |          4 |       0 |    0 |      0 |      0 |      0 |    0 |          1 |
|       mul_list_3_15        |           Muler_15_1690 |          4 |          4 |       0 |    0 |      0 |      0 |      0 |    0 |          1 |
|       mul_list_3_16        |           Muler_15_1691 |          4 |          4 |       0 |    0 |      0 |      0 |      0 |    0 |          1 |
|       mul_list_3_17        |           Muler_15_1692 |          4 |          4 |       0 |    0 |      0 |      0 |      0 |    0 |          1 |
|       mul_list_3_18        |           Muler_15_1693 |          4 |          4 |       0 |    0 |      0 |      0 |      0 |    0 |          1 |
|       mul_list_3_19        |           Muler_15_1694 |          4 |          4 |       0 |    0 |      0 |      0 |      0 |    0 |          1 |
|       mul_list_3_2         |           Muler_15_1695 |          4 |          4 |       0 |    0 |      0 |      0 |      0 |    0 |          1 |
|       mul_list_3_20        |           Muler_15_1696 |          4 |          4 |       0 |    0 |      0 |      0 |      0 |    0 |          1 |
|       mul_list_3_21        |           Muler_15_1697 |          4 |          4 |       0 |    0 |      0 |      0 |      0 |    0 |          1 |
|       mul_list_3_22        |           Muler_15_1698 |          4 |          4 |       0 |    0 |      0 |      0 |      0 |    0 |          1 |
|       mul_list_3_23        |           Muler_15_1699 |          4 |          4 |       0 |    0 |      0 |      0 |      0 |    0 |          1 |
|       mul_list_3_24        |           Muler_15_1700 |          4 |          4 |       0 |    0 |      0 |      0 |      0 |    0 |          1 |
|       mul_list_3_25        |           Muler_15_1701 |          4 |          4 |       0 |    0 |      0 |      0 |      0 |    0 |          1 |
|       mul_list_3_26        |           Muler_15_1702 |          4 |          4 |       0 |    0 |      0 |      0 |      0 |    0 |          1 |
|       mul_list_3_27        |           Muler_15_1703 |          4 |          4 |       0 |    0 |      0 |      0 |      0 |    0 |          1 |
|       mul_list_3_28        |           Muler_15_1704 |          4 |          4 |       0 |    0 |      0 |      0 |      0 |    0 |          1 |
|       mul_list_3_3         |           Muler_15_1705 |          4 |          4 |       0 |    0 |      0 |      0 |      0 |    0 |          1 |
|       mul_list_3_30        |           Muler_15_1706 |          4 |          4 |       0 |    0 |      0 |      0 |      0 |    0 |          1 |
|       mul_list_3_31        |           Muler_15_1707 |          4 |          4 |       0 |    0 |      0 |      0 |      0 |    0 |          1 |
|       mul_list_3_32        |           Muler_15_1708 |          4 |          4 |       0 |    0 |      0 |      0 |      0 |    0 |          1 |
|       mul_list_3_33        |           Muler_15_1709 |          4 |          4 |       0 |    0 |      0 |      0 |      0 |    0 |          1 |
|       mul_list_3_34        |           Muler_15_1710 |          4 |          4 |       0 |    0 |      0 |      0 |      0 |    0 |          1 |
|       mul_list_3_35        |           Muler_15_1711 |          4 |          4 |       0 |    0 |      0 |      0 |      0 |    0 |          1 |
|       mul_list_3_4         |           Muler_15_1712 |          4 |          4 |       0 |    0 |      0 |      0 |      0 |    0 |          1 |
|       mul_list_3_5         |           Muler_15_1713 |          4 |          4 |       0 |    0 |      0 |      0 |      0 |    0 |          1 |
|       mul_list_3_6         |           Muler_15_1714 |          4 |          4 |       0 |    0 |      0 |      0 |      0 |    0 |          1 |
|       mul_list_3_7         |           Muler_15_1715 |          4 |          4 |       0 |    0 |      0 |      0 |      0 |    0 |          1 |
|       mul_list_3_8         |           Muler_15_1716 |          4 |          4 |       0 |    0 |      0 |      0 |      0 |    0 |          1 |
|       mul_list_3_9         |           Muler_15_1717 |          4 |          4 |       0 |    0 |      0 |      0 |      0 |    0 |          1 |
|       mul_list_4_0         |           Muler_15_1718 |          4 |          4 |       0 |    0 |      0 |      0 |      0 |    0 |          1 |
|       mul_list_4_1         |           Muler_15_1719 |          4 |          4 |       0 |    0 |      0 |      0 |      0 |    0 |          1 |
|       mul_list_4_10        |           Muler_15_1720 |          4 |          4 |       0 |    0 |      0 |      0 |      0 |    0 |          1 |
|       mul_list_4_11        |           Muler_15_1721 |          4 |          4 |       0 |    0 |      0 |      0 |      0 |    0 |          1 |
|       mul_list_4_12        |           Muler_15_1722 |          4 |          4 |       0 |    0 |      0 |      0 |      0 |    0 |          1 |
|       mul_list_4_13        |           Muler_15_1723 |          4 |          4 |       0 |    0 |      0 |      0 |      0 |    0 |          1 |
|       mul_list_4_14        |           Muler_15_1724 |          4 |          4 |       0 |    0 |      0 |      0 |      0 |    0 |          1 |
|       mul_list_4_15        |           Muler_15_1725 |          4 |          4 |       0 |    0 |      0 |      0 |      0 |    0 |          1 |
|       mul_list_4_16        |           Muler_15_1726 |          4 |          4 |       0 |    0 |      0 |      0 |      0 |    0 |          1 |
|       mul_list_4_17        |           Muler_15_1727 |          4 |          4 |       0 |    0 |      0 |      0 |      0 |    0 |          1 |
|       mul_list_4_18        |           Muler_15_1728 |          4 |          4 |       0 |    0 |      0 |      0 |      0 |    0 |          1 |
|       mul_list_4_19        |           Muler_15_1729 |          4 |          4 |       0 |    0 |      0 |      0 |      0 |    0 |          1 |
|       mul_list_4_2         |           Muler_15_1730 |          4 |          4 |       0 |    0 |      0 |      0 |      0 |    0 |          1 |
|       mul_list_4_20        |           Muler_15_1731 |          4 |          4 |       0 |    0 |      0 |      0 |      0 |    0 |          1 |
|       mul_list_4_21        |           Muler_15_1732 |          4 |          4 |       0 |    0 |      0 |      0 |      0 |    0 |          1 |
|       mul_list_4_22        |           Muler_15_1733 |          4 |          4 |       0 |    0 |      0 |      0 |      0 |    0 |          1 |
|       mul_list_4_23        |           Muler_15_1734 |          4 |          4 |       0 |    0 |      0 |      0 |      0 |    0 |          1 |
|       mul_list_4_24        |           Muler_15_1735 |          4 |          4 |       0 |    0 |      0 |      0 |      0 |    0 |          1 |
|       mul_list_4_25        |           Muler_15_1736 |          4 |          4 |       0 |    0 |      0 |      0 |      0 |    0 |          1 |
|       mul_list_4_26        |           Muler_15_1737 |          4 |          4 |       0 |    0 |      0 |      0 |      0 |    0 |          1 |
|       mul_list_4_27        |           Muler_15_1738 |          4 |          4 |       0 |    0 |      0 |      0 |      0 |    0 |          1 |
|       mul_list_4_28        |           Muler_15_1739 |          4 |          4 |       0 |    0 |      0 |      0 |      0 |    0 |          1 |
|       mul_list_4_29        |           Muler_15_1740 |          4 |          4 |       0 |    0 |      0 |      0 |      0 |    0 |          1 |
|       mul_list_4_3         |           Muler_15_1741 |          4 |          4 |       0 |    0 |      0 |      0 |      0 |    0 |          1 |
|       mul_list_4_30        |           Muler_15_1742 |          4 |          4 |       0 |    0 |      0 |      0 |      0 |    0 |          1 |
|       mul_list_4_31        |           Muler_15_1743 |          4 |          4 |       0 |    0 |      0 |      0 |      0 |    0 |          1 |
|       mul_list_4_32        |           Muler_15_1744 |          4 |          4 |       0 |    0 |      0 |      0 |      0 |    0 |          1 |
|       mul_list_4_33        |           Muler_15_1745 |          4 |          4 |       0 |    0 |      0 |      0 |      0 |    0 |          1 |
|       mul_list_4_34        |           Muler_15_1746 |          4 |          4 |       0 |    0 |      0 |      0 |      0 |    0 |          1 |
|       mul_list_4_35        |           Muler_15_1747 |          4 |          4 |       0 |    0 |      0 |      0 |      0 |    0 |          1 |
|       mul_list_4_4         |           Muler_15_1748 |          4 |          4 |       0 |    0 |      0 |      0 |      0 |    0 |          1 |
|       mul_list_4_5         |           Muler_15_1749 |          4 |          4 |       0 |    0 |      0 |      0 |      0 |    0 |          1 |
|       mul_list_4_6         |           Muler_15_1750 |          4 |          4 |       0 |    0 |      0 |      0 |      0 |    0 |          1 |
|       mul_list_4_7         |           Muler_15_1751 |          4 |          4 |       0 |    0 |      0 |      0 |      0 |    0 |          1 |
|       mul_list_4_8         |           Muler_15_1752 |          4 |          4 |       0 |    0 |      0 |      0 |      0 |    0 |          1 |
|       mul_list_4_9         |           Muler_15_1753 |          4 |          4 |       0 |    0 |      0 |      0 |      0 |    0 |          1 |
|       mul_list_5_0         |           Muler_15_1754 |          4 |          4 |       0 |    0 |      0 |      0 |      0 |    0 |          1 |
|       mul_list_5_1         |           Muler_15_1755 |          4 |          4 |       0 |    0 |      0 |      0 |      0 |    0 |          1 |
|       mul_list_5_10        |           Muler_15_1756 |          4 |          4 |       0 |    0 |      0 |      0 |      0 |    0 |          1 |
|       mul_list_5_11        |           Muler_15_1757 |          4 |          4 |       0 |    0 |      0 |      0 |      0 |    0 |          1 |
|       mul_list_5_12        |           Muler_15_1758 |          4 |          4 |       0 |    0 |      0 |      0 |      0 |    0 |          1 |
|       mul_list_5_13        |           Muler_15_1759 |          4 |          4 |       0 |    0 |      0 |      0 |      0 |    0 |          1 |
|       mul_list_5_14        |           Muler_15_1760 |          4 |          4 |       0 |    0 |      0 |      0 |      0 |    0 |          1 |
|       mul_list_5_15        |           Muler_15_1761 |          4 |          4 |       0 |    0 |      0 |      0 |      0 |    0 |          1 |
|       mul_list_5_16        |           Muler_15_1762 |          4 |          4 |       0 |    0 |      0 |      0 |      0 |    0 |          1 |
|       mul_list_5_17        |           Muler_15_1763 |          4 |          4 |       0 |    0 |      0 |      0 |      0 |    0 |          1 |
|       mul_list_5_18        |           Muler_15_1764 |          4 |          4 |       0 |    0 |      0 |      0 |      0 |    0 |          1 |
|       mul_list_5_19        |           Muler_15_1765 |          4 |          4 |       0 |    0 |      0 |      0 |      0 |    0 |          1 |
|       mul_list_5_2         |           Muler_15_1766 |          4 |          4 |       0 |    0 |      0 |      0 |      0 |    0 |          1 |
|       mul_list_5_20        |           Muler_15_1767 |          4 |          4 |       0 |    0 |      0 |      0 |      0 |    0 |          1 |
|       mul_list_5_21        |           Muler_15_1768 |          4 |          4 |       0 |    0 |      0 |      0 |      0 |    0 |          1 |
|       mul_list_5_22        |           Muler_15_1769 |          4 |          4 |       0 |    0 |      0 |      0 |      0 |    0 |          1 |
|       mul_list_5_23        |           Muler_15_1770 |          4 |          4 |       0 |    0 |      0 |      0 |      0 |    0 |          1 |
|       mul_list_5_24        |           Muler_15_1771 |          4 |          4 |       0 |    0 |      0 |      0 |      0 |    0 |          1 |
|       mul_list_5_25        |           Muler_15_1772 |          4 |          4 |       0 |    0 |      0 |      0 |      0 |    0 |          1 |
|       mul_list_5_26        |           Muler_15_1773 |          4 |          4 |       0 |    0 |      0 |      0 |      0 |    0 |          1 |
|       mul_list_5_27        |           Muler_15_1774 |          4 |          4 |       0 |    0 |      0 |      0 |      0 |    0 |          1 |
|       mul_list_5_28        |           Muler_15_1775 |          4 |          4 |       0 |    0 |      0 |      0 |      0 |    0 |          1 |
|       mul_list_5_3         |           Muler_15_1776 |          4 |          4 |       0 |    0 |      0 |      0 |      0 |    0 |          1 |
|       mul_list_5_30        |           Muler_15_1777 |          4 |          4 |       0 |    0 |      0 |      0 |      0 |    0 |          1 |
|       mul_list_5_31        |           Muler_15_1778 |          4 |          4 |       0 |    0 |      0 |      0 |      0 |    0 |          1 |
|       mul_list_5_32        |           Muler_15_1779 |          4 |          4 |       0 |    0 |      0 |      0 |      0 |    0 |          1 |
|       mul_list_5_33        |           Muler_15_1780 |          4 |          4 |       0 |    0 |      0 |      0 |      0 |    0 |          1 |
|       mul_list_5_34        |           Muler_15_1781 |          4 |          4 |       0 |    0 |      0 |      0 |      0 |    0 |          1 |
|       mul_list_5_35        |           Muler_15_1782 |          4 |          4 |       0 |    0 |      0 |      0 |      0 |    0 |          1 |
|       mul_list_5_4         |           Muler_15_1783 |          4 |          4 |       0 |    0 |      0 |      0 |      0 |    0 |          1 |
|       mul_list_5_5         |           Muler_15_1784 |          4 |          4 |       0 |    0 |      0 |      0 |      0 |    0 |          1 |
|       mul_list_5_6         |           Muler_15_1785 |          4 |          4 |       0 |    0 |      0 |      0 |      0 |    0 |          1 |
|       mul_list_5_7         |           Muler_15_1786 |          4 |          4 |       0 |    0 |      0 |      0 |      0 |    0 |          1 |
|       mul_list_5_8         |           Muler_15_1787 |          4 |          4 |       0 |    0 |      0 |      0 |      0 |    0 |          1 |
|       mul_list_5_9         |           Muler_15_1788 |          4 |          4 |       0 |    0 |      0 |      0 |      0 |    0 |          1 |
|       mul_list_6_0         |           Muler_15_1789 |          4 |          4 |       0 |    0 |      0 |      0 |      0 |    0 |          1 |
|       mul_list_6_1         |           Muler_15_1790 |          4 |          4 |       0 |    0 |      0 |      0 |      0 |    0 |          1 |
|       mul_list_6_10        |           Muler_15_1791 |          4 |          4 |       0 |    0 |      0 |      0 |      0 |    0 |          1 |
|       mul_list_6_11        |           Muler_15_1792 |          4 |          4 |       0 |    0 |      0 |      0 |      0 |    0 |          1 |
|       mul_list_6_12        |           Muler_15_1793 |          4 |          4 |       0 |    0 |      0 |      0 |      0 |    0 |          1 |
|       mul_list_6_13        |           Muler_15_1794 |          4 |          4 |       0 |    0 |      0 |      0 |      0 |    0 |          1 |
|       mul_list_6_14        |           Muler_15_1795 |          4 |          4 |       0 |    0 |      0 |      0 |      0 |    0 |          1 |
|       mul_list_6_15        |           Muler_15_1796 |          4 |          4 |       0 |    0 |      0 |      0 |      0 |    0 |          1 |
|       mul_list_6_16        |           Muler_15_1797 |          4 |          4 |       0 |    0 |      0 |      0 |      0 |    0 |          1 |
|       mul_list_6_17        |           Muler_15_1798 |          4 |          4 |       0 |    0 |      0 |      0 |      0 |    0 |          1 |
|       mul_list_6_18        |           Muler_15_1799 |          4 |          4 |       0 |    0 |      0 |      0 |      0 |    0 |          1 |
|       mul_list_6_19        |           Muler_15_1800 |          4 |          4 |       0 |    0 |      0 |      0 |      0 |    0 |          1 |
|       mul_list_6_2         |           Muler_15_1801 |          4 |          4 |       0 |    0 |      0 |      0 |      0 |    0 |          1 |
|       mul_list_6_20        |           Muler_15_1802 |          4 |          4 |       0 |    0 |      0 |      0 |      0 |    0 |          1 |
|       mul_list_6_21        |           Muler_15_1803 |          4 |          4 |       0 |    0 |      0 |      0 |      0 |    0 |          1 |
|       mul_list_6_22        |           Muler_15_1804 |          4 |          4 |       0 |    0 |      0 |      0 |      0 |    0 |          1 |
|       mul_list_6_23        |           Muler_15_1805 |          4 |          4 |       0 |    0 |      0 |      0 |      0 |    0 |          1 |
|       mul_list_6_24        |           Muler_15_1806 |          4 |          4 |       0 |    0 |      0 |      0 |      0 |    0 |          1 |
|       mul_list_6_25        |           Muler_15_1807 |          4 |          4 |       0 |    0 |      0 |      0 |      0 |    0 |          1 |
|       mul_list_6_26        |           Muler_15_1808 |          4 |          4 |       0 |    0 |      0 |      0 |      0 |    0 |          1 |
|       mul_list_6_27        |           Muler_15_1809 |          4 |          4 |       0 |    0 |      0 |      0 |      0 |    0 |          1 |
|       mul_list_6_28        |           Muler_15_1810 |          4 |          4 |       0 |    0 |      0 |      0 |      0 |    0 |          1 |
|       mul_list_6_29        |           Muler_15_1811 |          4 |          4 |       0 |    0 |      0 |      0 |      0 |    0 |          1 |
|       mul_list_6_3         |           Muler_15_1812 |          4 |          4 |       0 |    0 |      0 |      0 |      0 |    0 |          1 |
|       mul_list_6_30        |           Muler_15_1813 |          4 |          4 |       0 |    0 |      0 |      0 |      0 |    0 |          1 |
|       mul_list_6_31        |           Muler_15_1814 |          4 |          4 |       0 |    0 |      0 |      0 |      0 |    0 |          1 |
|       mul_list_6_32        |           Muler_15_1815 |          4 |          4 |       0 |    0 |      0 |      0 |      0 |    0 |          1 |
|       mul_list_6_33        |           Muler_15_1816 |          4 |          4 |       0 |    0 |      0 |      0 |      0 |    0 |          1 |
|       mul_list_6_34        |           Muler_15_1817 |          4 |          4 |       0 |    0 |      0 |      0 |      0 |    0 |          1 |
|       mul_list_6_35        |           Muler_15_1818 |          4 |          4 |       0 |    0 |      0 |      0 |      0 |    0 |          1 |
|       mul_list_6_4         |           Muler_15_1819 |          4 |          4 |       0 |    0 |      0 |      0 |      0 |    0 |          1 |
|       mul_list_6_5         |           Muler_15_1820 |          4 |          4 |       0 |    0 |      0 |      0 |      0 |    0 |          1 |
|       mul_list_6_6         |           Muler_15_1821 |          4 |          4 |       0 |    0 |      0 |      0 |      0 |    0 |          1 |
|       mul_list_6_7         |           Muler_15_1822 |          4 |          4 |       0 |    0 |      0 |      0 |      0 |    0 |          1 |
|       mul_list_6_8         |           Muler_15_1823 |          4 |          4 |       0 |    0 |      0 |      0 |      0 |    0 |          1 |
|       mul_list_6_9         |           Muler_15_1824 |          4 |          4 |       0 |    0 |      0 |      0 |      0 |    0 |          1 |
|       mul_list_7_0         |           Muler_15_1825 |          4 |          4 |       0 |    0 |      0 |      0 |      0 |    0 |          1 |
|       mul_list_7_1         |           Muler_15_1826 |          4 |          4 |       0 |    0 |      0 |      0 |      0 |    0 |          1 |
|       mul_list_7_10        |           Muler_15_1827 |          4 |          4 |       0 |    0 |      0 |      0 |      0 |    0 |          1 |
|       mul_list_7_11        |           Muler_15_1828 |          4 |          4 |       0 |    0 |      0 |      0 |      0 |    0 |          1 |
|       mul_list_7_12        |           Muler_15_1829 |          4 |          4 |       0 |    0 |      0 |      0 |      0 |    0 |          1 |
|       mul_list_7_13        |           Muler_15_1830 |          4 |          4 |       0 |    0 |      0 |      0 |      0 |    0 |          1 |
|       mul_list_7_14        |           Muler_15_1831 |          4 |          4 |       0 |    0 |      0 |      0 |      0 |    0 |          1 |
|       mul_list_7_15        |           Muler_15_1832 |          4 |          4 |       0 |    0 |      0 |      0 |      0 |    0 |          1 |
|       mul_list_7_16        |           Muler_15_1833 |          4 |          4 |       0 |    0 |      0 |      0 |      0 |    0 |          1 |
|       mul_list_7_17        |           Muler_15_1834 |          4 |          4 |       0 |    0 |      0 |      0 |      0 |    0 |          1 |
|       mul_list_7_18        |           Muler_15_1835 |          4 |          4 |       0 |    0 |      0 |      0 |      0 |    0 |          1 |
|       mul_list_7_19        |           Muler_15_1836 |          4 |          4 |       0 |    0 |      0 |      0 |      0 |    0 |          1 |
|       mul_list_7_2         |           Muler_15_1837 |          4 |          4 |       0 |    0 |      0 |      0 |      0 |    0 |          1 |
|       mul_list_7_20        |           Muler_15_1838 |          4 |          4 |       0 |    0 |      0 |      0 |      0 |    0 |          1 |
|       mul_list_7_21        |           Muler_15_1839 |          4 |          4 |       0 |    0 |      0 |      0 |      0 |    0 |          1 |
|       mul_list_7_22        |           Muler_15_1840 |          4 |          4 |       0 |    0 |      0 |      0 |      0 |    0 |          1 |
|       mul_list_7_23        |           Muler_15_1841 |          4 |          4 |       0 |    0 |      0 |      0 |      0 |    0 |          1 |
|       mul_list_7_24        |           Muler_15_1842 |          4 |          4 |       0 |    0 |      0 |      0 |      0 |    0 |          1 |
|       mul_list_7_25        |           Muler_15_1843 |          4 |          4 |       0 |    0 |      0 |      0 |      0 |    0 |          1 |
|       mul_list_7_26        |           Muler_15_1844 |          4 |          4 |       0 |    0 |      0 |      0 |      0 |    0 |          1 |
|       mul_list_7_27        |           Muler_15_1845 |          4 |          4 |       0 |    0 |      0 |      0 |      0 |    0 |          1 |
|       mul_list_7_28        |           Muler_15_1846 |          4 |          4 |       0 |    0 |      0 |      0 |      0 |    0 |          1 |
|       mul_list_7_3         |           Muler_15_1847 |          4 |          4 |       0 |    0 |      0 |      0 |      0 |    0 |          1 |
|       mul_list_7_30        |           Muler_15_1848 |          4 |          4 |       0 |    0 |      0 |      0 |      0 |    0 |          1 |
|       mul_list_7_31        |           Muler_15_1849 |          4 |          4 |       0 |    0 |      0 |      0 |      0 |    0 |          1 |
|       mul_list_7_32        |           Muler_15_1850 |          4 |          4 |       0 |    0 |      0 |      0 |      0 |    0 |          1 |
|       mul_list_7_33        |           Muler_15_1851 |          4 |          4 |       0 |    0 |      0 |      0 |      0 |    0 |          1 |
|       mul_list_7_34        |           Muler_15_1852 |          4 |          4 |       0 |    0 |      0 |      0 |      0 |    0 |          1 |
|       mul_list_7_35        |           Muler_15_1853 |          4 |          4 |       0 |    0 |      0 |      0 |      0 |    0 |          1 |
|       mul_list_7_4         |           Muler_15_1854 |          4 |          4 |       0 |    0 |      0 |      0 |      0 |    0 |          1 |
|       mul_list_7_5         |           Muler_15_1855 |          4 |          4 |       0 |    0 |      0 |      0 |      0 |    0 |          1 |
|       mul_list_7_6         |           Muler_15_1856 |          4 |          4 |       0 |    0 |      0 |      0 |      0 |    0 |          1 |
|       mul_list_7_7         |           Muler_15_1857 |          4 |          4 |       0 |    0 |      0 |      0 |      0 |    0 |          1 |
|       mul_list_7_8         |           Muler_15_1858 |          4 |          4 |       0 |    0 |      0 |      0 |      0 |    0 |          1 |
|       mul_list_7_9         |           Muler_15_1859 |          4 |          4 |       0 |    0 |      0 |      0 |      0 |    0 |          1 |
|       mul_list_8_0         |           Muler_15_1860 |          4 |          4 |       0 |    0 |      0 |      0 |      0 |    0 |          1 |
|       mul_list_8_1         |           Muler_15_1861 |          4 |          4 |       0 |    0 |      0 |      0 |      0 |    0 |          1 |
|       mul_list_8_10        |           Muler_15_1862 |          4 |          4 |       0 |    0 |      0 |      0 |      0 |    0 |          1 |
|       mul_list_8_11        |           Muler_15_1863 |          4 |          4 |       0 |    0 |      0 |      0 |      0 |    0 |          1 |
|       mul_list_8_12        |           Muler_15_1864 |          4 |          4 |       0 |    0 |      0 |      0 |      0 |    0 |          1 |
|       mul_list_8_13        |           Muler_15_1865 |          4 |          4 |       0 |    0 |      0 |      0 |      0 |    0 |          1 |
|       mul_list_8_14        |           Muler_15_1866 |          4 |          4 |       0 |    0 |      0 |      0 |      0 |    0 |          1 |
|       mul_list_8_15        |           Muler_15_1867 |          4 |          4 |       0 |    0 |      0 |      0 |      0 |    0 |          1 |
|       mul_list_8_16        |           Muler_15_1868 |          4 |          4 |       0 |    0 |      0 |      0 |      0 |    0 |          1 |
|       mul_list_8_17        |           Muler_15_1869 |          4 |          4 |       0 |    0 |      0 |      0 |      0 |    0 |          1 |
|       mul_list_8_18        |           Muler_15_1870 |          4 |          4 |       0 |    0 |      0 |      0 |      0 |    0 |          1 |
|       mul_list_8_19        |           Muler_15_1871 |          4 |          4 |       0 |    0 |      0 |      0 |      0 |    0 |          1 |
|       mul_list_8_2         |           Muler_15_1872 |          4 |          4 |       0 |    0 |      0 |      0 |      0 |    0 |          1 |
|       mul_list_8_20        |           Muler_15_1873 |          4 |          4 |       0 |    0 |      0 |      0 |      0 |    0 |          1 |
|       mul_list_8_21        |           Muler_15_1874 |          4 |          4 |       0 |    0 |      0 |      0 |      0 |    0 |          1 |
|       mul_list_8_22        |           Muler_15_1875 |          4 |          4 |       0 |    0 |      0 |      0 |      0 |    0 |          1 |
|       mul_list_8_23        |           Muler_15_1876 |          4 |          4 |       0 |    0 |      0 |      0 |      0 |    0 |          1 |
|       mul_list_8_24        |           Muler_15_1877 |          4 |          4 |       0 |    0 |      0 |      0 |      0 |    0 |          1 |
|       mul_list_8_25        |           Muler_15_1878 |          4 |          4 |       0 |    0 |      0 |      0 |      0 |    0 |          1 |
|       mul_list_8_26        |           Muler_15_1879 |          4 |          4 |       0 |    0 |      0 |      0 |      0 |    0 |          1 |
|       mul_list_8_27        |           Muler_15_1880 |          4 |          4 |       0 |    0 |      0 |      0 |      0 |    0 |          1 |
|       mul_list_8_28        |           Muler_15_1881 |          4 |          4 |       0 |    0 |      0 |      0 |      0 |    0 |          1 |
|       mul_list_8_29        |           Muler_15_1882 |          4 |          4 |       0 |    0 |      0 |      0 |      0 |    0 |          1 |
|       mul_list_8_3         |           Muler_15_1883 |          4 |          4 |       0 |    0 |      0 |      0 |      0 |    0 |          1 |
|       mul_list_8_30        |           Muler_15_1884 |          4 |          4 |       0 |    0 |      0 |      0 |      0 |    0 |          1 |
|       mul_list_8_31        |           Muler_15_1885 |          4 |          4 |       0 |    0 |      0 |      0 |      0 |    0 |          1 |
|       mul_list_8_32        |           Muler_15_1886 |          4 |          4 |       0 |    0 |      0 |      0 |      0 |    0 |          1 |
|       mul_list_8_33        |           Muler_15_1887 |          4 |          4 |       0 |    0 |      0 |      0 |      0 |    0 |          1 |
|       mul_list_8_34        |           Muler_15_1888 |          4 |          4 |       0 |    0 |      0 |      0 |      0 |    0 |          1 |
|       mul_list_8_35        |           Muler_15_1889 |          4 |          4 |       0 |    0 |      0 |      0 |      0 |    0 |          1 |
|       mul_list_8_4         |           Muler_15_1890 |          4 |          4 |       0 |    0 |      0 |      0 |      0 |    0 |          1 |
|       mul_list_8_5         |           Muler_15_1891 |          4 |          4 |       0 |    0 |      0 |      0 |      0 |    0 |          1 |
|       mul_list_8_6         |           Muler_15_1892 |          4 |          4 |       0 |    0 |      0 |      0 |      0 |    0 |          1 |
|       mul_list_8_7         |           Muler_15_1893 |          4 |          4 |       0 |    0 |      0 |      0 |      0 |    0 |          1 |
|       mul_list_8_8         |           Muler_15_1894 |          4 |          4 |       0 |    0 |      0 |      0 |      0 |    0 |          1 |
|       mul_list_8_9         |           Muler_15_1895 |          4 |          4 |       0 |    0 |      0 |      0 |      0 |    0 |          1 |
|       mul_list_9_0         |           Muler_15_1896 |          4 |          4 |       0 |    0 |      0 |      0 |      0 |    0 |          1 |
|       mul_list_9_1         |           Muler_15_1897 |          4 |          4 |       0 |    0 |      0 |      0 |      0 |    0 |          1 |
|       mul_list_9_10        |           Muler_15_1898 |          4 |          4 |       0 |    0 |      0 |      0 |      0 |    0 |          1 |
|       mul_list_9_11        |           Muler_15_1899 |          4 |          4 |       0 |    0 |      0 |      0 |      0 |    0 |          1 |
|       mul_list_9_12        |           Muler_15_1900 |          4 |          4 |       0 |    0 |      0 |      0 |      0 |    0 |          1 |
|       mul_list_9_13        |           Muler_15_1901 |          4 |          4 |       0 |    0 |      0 |      0 |      0 |    0 |          1 |
|       mul_list_9_14        |           Muler_15_1902 |          4 |          4 |       0 |    0 |      0 |      0 |      0 |    0 |          1 |
|       mul_list_9_15        |           Muler_15_1903 |          4 |          4 |       0 |    0 |      0 |      0 |      0 |    0 |          1 |
|       mul_list_9_16        |           Muler_15_1904 |          4 |          4 |       0 |    0 |      0 |      0 |      0 |    0 |          1 |
|       mul_list_9_17        |           Muler_15_1905 |          4 |          4 |       0 |    0 |      0 |      0 |      0 |    0 |          1 |
|       mul_list_9_18        |           Muler_15_1906 |          4 |          4 |       0 |    0 |      0 |      0 |      0 |    0 |          1 |
|       mul_list_9_19        |           Muler_15_1907 |          4 |          4 |       0 |    0 |      0 |      0 |      0 |    0 |          1 |
|       mul_list_9_2         |           Muler_15_1908 |          4 |          4 |       0 |    0 |      0 |      0 |      0 |    0 |          1 |
|       mul_list_9_20        |           Muler_15_1909 |          4 |          4 |       0 |    0 |      0 |      0 |      0 |    0 |          1 |
|       mul_list_9_21        |           Muler_15_1910 |          4 |          4 |       0 |    0 |      0 |      0 |      0 |    0 |          1 |
|       mul_list_9_22        |           Muler_15_1911 |          4 |          4 |       0 |    0 |      0 |      0 |      0 |    0 |          1 |
|       mul_list_9_23        |           Muler_15_1912 |          4 |          4 |       0 |    0 |      0 |      0 |      0 |    0 |          1 |
|       mul_list_9_24        |           Muler_15_1913 |          4 |          4 |       0 |    0 |      0 |      0 |      0 |    0 |          1 |
|       mul_list_9_25        |           Muler_15_1914 |          4 |          4 |       0 |    0 |      0 |      0 |      0 |    0 |          1 |
|       mul_list_9_26        |           Muler_15_1915 |          4 |          4 |       0 |    0 |      0 |      0 |      0 |    0 |          1 |
|       mul_list_9_27        |           Muler_15_1916 |          4 |          4 |       0 |    0 |      0 |      0 |      0 |    0 |          1 |
|       mul_list_9_28        |           Muler_15_1917 |          4 |          4 |       0 |    0 |      0 |      0 |      0 |    0 |          1 |
|       mul_list_9_3         |           Muler_15_1918 |          4 |          4 |       0 |    0 |      0 |      0 |      0 |    0 |          1 |
|       mul_list_9_30        |           Muler_15_1919 |          4 |          4 |       0 |    0 |      0 |      0 |      0 |    0 |          1 |
|       mul_list_9_31        |           Muler_15_1920 |          4 |          4 |       0 |    0 |      0 |      0 |      0 |    0 |          1 |
|       mul_list_9_32        |           Muler_15_1921 |          4 |          4 |       0 |    0 |      0 |      0 |      0 |    0 |          1 |
|       mul_list_9_33        |           Muler_15_1922 |          4 |          4 |       0 |    0 |      0 |      0 |      0 |    0 |          1 |
|       mul_list_9_34        |           Muler_15_1923 |          4 |          4 |       0 |    0 |      0 |      0 |      0 |    0 |          1 |
|       mul_list_9_35        |           Muler_15_1924 |          4 |          4 |       0 |    0 |      0 |      0 |      0 |    0 |          1 |
|       mul_list_9_4         |           Muler_15_1925 |          4 |          4 |       0 |    0 |      0 |      0 |      0 |    0 |          1 |
|       mul_list_9_5         |           Muler_15_1926 |          4 |          4 |       0 |    0 |      0 |      0 |      0 |    0 |          1 |
|       mul_list_9_6         |           Muler_15_1927 |          4 |          4 |       0 |    0 |      0 |      0 |      0 |    0 |          1 |
|       mul_list_9_7         |           Muler_15_1928 |          4 |          4 |       0 |    0 |      0 |      0 |      0 |    0 |          1 |
|       mul_list_9_8         |           Muler_15_1929 |          4 |          4 |       0 |    0 |      0 |      0 |      0 |    0 |          1 |
|       mul_list_9_9         |           Muler_15_1930 |          4 |          4 |       0 |    0 |      0 |      0 |      0 |    0 |          1 |
|       psum_last_pipreg     |          PipReg_26_1931 |          4 |          3 |       0 |    1 |      2 |      0 |      0 |    0 |          0 |
|       psum_valid_pipreg    |          PipReg_26_1932 |          3 |          2 |       0 |    1 |      2 |      0 |      0 |    0 |          0 |
|       res_valid_pipreg     |          PipReg_30_1933 |          0 |          0 |       0 |    0 |      1 |      0 |      0 |    0 |          0 |
|     lu_inst                |                 LoadU_1 |         39 |         39 |       0 |    0 |     27 |      0 |      0 |    0 |          0 |
|     lw_inst                |                   LoadW |         27 |         27 |       0 |    0 |     36 |      0 |      0 |    0 |          0 |
|     mem_inst               |          DataMen_1_1463 |         62 |         62 |       0 |    0 |      8 |     10 |      2 |    0 |          0 |
|       (mem_inst)           |          DataMen_1_1463 |          9 |          9 |       0 |    0 |      8 |      0 |      0 |    0 |          0 |
|       mem0_ext             |        mem_2048x96_1464 |         50 |         50 |       0 |    0 |      0 |      5 |      1 |    0 |          0 |
|       mem1_ext             |        mem_2048x96_1465 |          3 |          3 |       0 |    0 |      0 |      5 |      1 |    0 |          0 |
|     su_inst                |                StoreU_1 |        200 |        200 |       0 |    0 |    302 |      0 |      0 |    0 |          0 |
|   resadd                   |                  ResAdd |        377 |        377 |       0 |    0 |    119 |     15 |      3 |    0 |          0 |
|     (resadd)               |                  ResAdd |         96 |         96 |       0 |    0 |    111 |     15 |      3 |    0 |          0 |
|     mem                    |                 DataMem |        281 |        281 |       0 |    0 |      8 |      0 |      0 |    0 |          0 |
|       (mem)                |                 DataMem |        277 |        277 |       0 |    0 |      8 |      0 |      0 |    0 |          0 |
|       mem_list_0           |              R1W1Mem_11 |          4 |          4 |       0 |    0 |      0 |      0 |      0 |    0 |          0 |
|         mem_ext            |           mem_2048x96_4 |          4 |          4 |       0 |    0 |      0 |      0 |      0 |    0 |          0 |
|   resadd2                  |                 ResAdd2 |        367 |        367 |       0 |    0 |    120 |     10 |      2 |    0 |          0 |
|     (resadd2)              |                 ResAdd2 |         96 |         96 |       0 |    0 |    111 |      0 |      0 |    0 |          0 |
|     mem                    |               DataMem_1 |        271 |        271 |       0 |    0 |      9 |     10 |      2 |    0 |          0 |
|       (mem)                |               DataMem_1 |         13 |         13 |       0 |    0 |      9 |      0 |      0 |    0 |          0 |
|       mem0_ext             |             mem_2048x96 |         14 |         14 |       0 |    0 |      0 |      5 |      1 |    0 |          0 |
|       mem1_ext             |           mem_2048x96_0 |        244 |        244 |       0 |    0 |      0 |      5 |      1 |    0 |          0 |
+----------------------------+-------------------------+------------+------------+---------+------+--------+--------+--------+------+------------+


