Copyright 1986-2021 Xilinx, Inc. All Rights Reserved.
-----------------------------------------------------------------------------------------------------------
| Tool Version : Vivado v.2021.1 (lin64) Build 3247384 Thu Jun 10 19:36:07 MDT 2021
| Date         : Tue Mar 24 09:12:35 2026
| Host         : dsic-h3c-server03 running 64-bit CentOS Linux release 7.9.2009 (Core)
| Command      : report_utilization -hierarchical -hierarchical_depth 3 -file utilization_hierarchical.rpt
| Design       : Top
| Device       : xcvu9pflga2104-2
| Design State : Synthesized
-----------------------------------------------------------------------------------------------------------

Utilization Design Information

Table of Contents
-----------------
1. Utilization by Hierarchy

1. Utilization by Hierarchy
---------------------------

+----------------------------+------------------------------------+------------+------------+---------+------+--------+--------+--------+------+------------+
|          Instance          |               Module               | Total LUTs | Logic LUTs | LUTRAMs | SRLs |   FFs  | RAMB36 | RAMB18 | URAM | DSP Blocks |
+----------------------------+------------------------------------+------------+------------+---------+------+--------+--------+--------+------+------------+
| Top                        |                              (top) |     908899 |     908568 |     296 |   35 | 791966 |    148 |     15 |  254 |       2325 |
|   (Top)                    |                              (top) |          1 |          1 |       0 |    0 |     11 |      0 |      0 |    0 |          0 |
|   atten                    |                              Atten |     107996 |     107685 |     296 |   15 |  17905 |     26 |      5 |   20 |        294 |
|     (atten)                |                              Atten |          1 |          1 |       0 |    0 |      0 |      0 |      0 |    0 |          0 |
|     dm1                    |                            DM1FP32 |      23388 |      23084 |     296 |    8 |   2535 |     16 |      1 |    0 |         84 |
|       (dm1)                |                            DM1FP32 |          0 |          0 |       0 |    0 |      0 |      0 |      0 |    0 |          0 |
|       cu_inst              |                       DMCUPlusFP32 |      23353 |      23049 |     296 |    8 |   2501 |     14 |      1 |    0 |         84 |
|       lu_inst              |                         LoadUnit_1 |         20 |         20 |       0 |    0 |     17 |      0 |      0 |    0 |          0 |
|       mem_inst             |                          DataMem_1 |          9 |          9 |       0 |    0 |      8 |      2 |      0 |    0 |          0 |
|       su_inst              |                      StoreUnitFP32 |          6 |          6 |       0 |    0 |      9 |      0 |      0 |    0 |          0 |
|     dm2                    |                           DM2Quant |      47879 |      47872 |       0 |    7 |  14732 |     10 |      1 |    8 |         80 |
|       (dm2)                |                           DM2Quant |          0 |          0 |       0 |    0 |      0 |      0 |      0 |    0 |          0 |
|       ctxQuant             |             Fp32QuantizeToUInt8Vec |      42168 |      42168 |       0 |    0 |      0 |      0 |      0 |    0 |         52 |
|       ctxmemInst           |                          DataMem_5 |          9 |          9 |       0 |    0 |      8 |      3 |      0 |    0 |          0 |
|       dmInst               |                         DM2CUQuant |       5640 |       5633 |       0 |    7 |  14671 |      0 |      0 |    8 |         28 |
|       loaduInst            |                         LoadUnit_2 |         40 |         40 |       0 |    0 |     33 |      0 |      0 |    0 |          0 |
|       suInst               |                        StoreUnit_1 |         13 |         13 |       0 |    0 |     12 |      0 |      0 |    0 |          0 |
|       vmemInst             |                          DataMem_4 |          9 |          9 |       0 |    0 |      8 |      7 |      1 |    0 |          0 |
|     softmax                |                     SoftmaxPipFP32 |      36649 |      36649 |       0 |    0 |     50 |      0 |      0 |   12 |        130 |
|       (softmax)            |                     SoftmaxPipFP32 |          0 |          0 |       0 |    0 |      0 |      0 |      0 |    0 |          0 |
|       cuInst               |                             CUFP32 |      36590 |      36590 |       0 |    0 |      0 |      0 |      0 |    0 |        130 |
|       luInst               |                       LoadUnitFP32 |         17 |         17 |       0 |    0 |     13 |      0 |      0 |    0 |          0 |
|       lwInst               |                       LoadWeight_1 |         15 |         15 |       0 |    0 |     13 |      0 |      0 |    0 |          0 |
|       memInst              |                          DataMem_2 |          9 |          9 |       0 |    0 |      8 |      0 |      0 |   12 |          0 |
|       suInst               |                    StoreUnitFP32_1 |         18 |         18 |       0 |    0 |     16 |      0 |      0 |    0 |          0 |
|     vcache                 |                             VCache |         79 |         79 |       0 |    0 |    588 |      0 |      3 |    0 |          0 |
|       lsu_inst             |                                LSU |         51 |         51 |       0 |    0 |    578 |      0 |      0 |    0 |          0 |
|       mem_inst             |                          DataMem_3 |         28 |         28 |       0 |    0 |     10 |      0 |      3 |    0 |          0 |
|   ffndown                  |                        FFNDownFP32 |     133286 |     133281 |       0 |    5 | 115991 |     10 |      2 |   68 |        457 |
|     (ffndown)              |                        FFNDownFP32 |       6570 |       6570 |       0 |    0 |  24582 |      0 |      0 |    0 |          0 |
|     bias_add               |                      Fp32VecAdd__3 |      11532 |      11532 |       0 |    0 |      0 |      0 |      0 |    0 |          0 |
|       add                  |                       Fp32Add__149 |        961 |        961 |       0 |    0 |      0 |      0 |      0 |    0 |          0 |
|       add_1                |                       Fp32Add__150 |        961 |        961 |       0 |    0 |      0 |      0 |      0 |    0 |          0 |
|       add_10               |                       Fp32Add__159 |        961 |        961 |       0 |    0 |      0 |      0 |      0 |    0 |          0 |
|       add_11               |                       Fp32Add__160 |        961 |        961 |       0 |    0 |      0 |      0 |      0 |    0 |          0 |
|       add_2                |                       Fp32Add__151 |        961 |        961 |       0 |    0 |      0 |      0 |      0 |    0 |          0 |
|       add_3                |                       Fp32Add__152 |        961 |        961 |       0 |    0 |      0 |      0 |      0 |    0 |          0 |
|       add_4                |                       Fp32Add__153 |        961 |        961 |       0 |    0 |      0 |      0 |      0 |    0 |          0 |
|       add_5                |                       Fp32Add__154 |        961 |        961 |       0 |    0 |      0 |      0 |      0 |    0 |          0 |
|       add_6                |                       Fp32Add__155 |        961 |        961 |       0 |    0 |      0 |      0 |      0 |    0 |          0 |
|       add_7                |                       Fp32Add__156 |        961 |        961 |       0 |    0 |      0 |      0 |      0 |    0 |          0 |
|       add_8                |                       Fp32Add__157 |        961 |        961 |       0 |    0 |      0 |      0 |      0 |    0 |          0 |
|       add_9                |                       Fp32Add__158 |        961 |        961 |       0 |    0 |      0 |      0 |      0 |    0 |          0 |
|     cu_inst                |                           CUFP32_2 |     113512 |     113507 |       0 |    5 |  90930 |      0 |      0 |    0 |        456 |
|       (cu_inst)            |                           CUFP32_2 |      97313 |      97313 |       0 |    0 |  83030 |      0 |      0 |    0 |          0 |
|       addTreeList_0        |               SignedAddTree32__123 |        184 |        184 |       0 |    0 |    213 |      0 |      0 |    0 |          0 |
|       addTreeList_1        |               SignedAddTree32__129 |        184 |        184 |       0 |    0 |    213 |      0 |      0 |    0 |          0 |
|       addTreeList_10       |               SignedAddTree32__136 |        184 |        184 |       0 |    0 |    213 |      0 |      0 |    0 |          0 |
|       addTreeList_11       |               SignedAddTree32__131 |        184 |        184 |       0 |    0 |    213 |      0 |      0 |    0 |          0 |
|       addTreeList_12       |               SignedAddTree32__118 |        184 |        184 |       0 |    0 |    213 |      0 |      0 |    0 |          0 |
|       addTreeList_13       |               SignedAddTree32__126 |        184 |        184 |       0 |    0 |    213 |      0 |      0 |    0 |          0 |
|       addTreeList_14       |               SignedAddTree32__127 |        184 |        184 |       0 |    0 |    213 |      0 |      0 |    0 |          0 |
|       addTreeList_15       |               SignedAddTree32__137 |        184 |        184 |       0 |    0 |    213 |      0 |      0 |    0 |          0 |
|       addTreeList_16       |               SignedAddTree32__117 |        184 |        184 |       0 |    0 |    213 |      0 |      0 |    0 |          0 |
|       addTreeList_17       |               SignedAddTree32__116 |        184 |        184 |       0 |    0 |    213 |      0 |      0 |    0 |          0 |
|       addTreeList_18       |               SignedAddTree32__128 |        184 |        184 |       0 |    0 |    213 |      0 |      0 |    0 |          0 |
|       addTreeList_19       |               SignedAddTree32__115 |        184 |        184 |       0 |    0 |    213 |      0 |      0 |    0 |          0 |
|       addTreeList_2        |               SignedAddTree32__124 |        184 |        184 |       0 |    0 |    213 |      0 |      0 |    0 |          0 |
|       addTreeList_20       |               SignedAddTree32__132 |        184 |        184 |       0 |    0 |    213 |      0 |      0 |    0 |          0 |
|       addTreeList_21       |               SignedAddTree32__138 |        184 |        184 |       0 |    0 |    213 |      0 |      0 |    0 |          0 |
|       addTreeList_22       |               SignedAddTree32__144 |        184 |        184 |       0 |    0 |    213 |      0 |      0 |    0 |          0 |
|       addTreeList_23       |               SignedAddTree32__139 |        184 |        184 |       0 |    0 |    213 |      0 |      0 |    0 |          0 |
|       addTreeList_24       |               SignedAddTree32__133 |        184 |        184 |       0 |    0 |    213 |      0 |      0 |    0 |          0 |
|       addTreeList_25       |               SignedAddTree32__140 |        184 |        184 |       0 |    0 |    213 |      0 |      0 |    0 |          0 |
|       addTreeList_26       |               SignedAddTree32__114 |        184 |        184 |       0 |    0 |    213 |      0 |      0 |    0 |          0 |
|       addTreeList_27       |               SignedAddTree32__113 |        184 |        184 |       0 |    0 |    213 |      0 |      0 |    0 |          0 |
|       addTreeList_28       |               SignedAddTree32__112 |        184 |        184 |       0 |    0 |    213 |      0 |      0 |    0 |          0 |
|       addTreeList_29       |               SignedAddTree32__111 |        184 |        184 |       0 |    0 |    213 |      0 |      0 |    0 |          0 |
|       addTreeList_3        |               SignedAddTree32__122 |        184 |        184 |       0 |    0 |    213 |      0 |      0 |    0 |          0 |
|       addTreeList_30       |               SignedAddTree32__141 |        184 |        184 |       0 |    0 |    213 |      0 |      0 |    0 |          0 |
|       addTreeList_31       |               SignedAddTree32__134 |        184 |        184 |       0 |    0 |    213 |      0 |      0 |    0 |          0 |
|       addTreeList_32       |               SignedAddTree32__135 |        184 |        184 |       0 |    0 |    213 |      0 |      0 |    0 |          0 |
|       addTreeList_33       |               SignedAddTree32__142 |        184 |        184 |       0 |    0 |    213 |      0 |      0 |    0 |          0 |
|       addTreeList_34       |                    SignedAddTree32 |        184 |        184 |       0 |    0 |    213 |      0 |      0 |    0 |          0 |
|       addTreeList_35       |               SignedAddTree32__110 |        184 |        184 |       0 |    0 |    213 |      0 |      0 |    0 |          0 |
|       addTreeList_4        |               SignedAddTree32__143 |        184 |        184 |       0 |    0 |    213 |      0 |      0 |    0 |          0 |
|       addTreeList_5        |               SignedAddTree32__130 |        184 |        184 |       0 |    0 |    213 |      0 |      0 |    0 |          0 |
|       addTreeList_6        |               SignedAddTree32__121 |        184 |        184 |       0 |    0 |    213 |      0 |      0 |    0 |          0 |
|       addTreeList_7        |               SignedAddTree32__125 |        184 |        184 |       0 |    0 |    213 |      0 |      0 |    0 |          0 |
|       addTreeList_8        |               SignedAddTree32__120 |        184 |        184 |       0 |    0 |    213 |      0 |      0 |    0 |          0 |
|       addTreeList_9        |               SignedAddTree32__119 |        184 |        184 |       0 |    0 |    213 |      0 |      0 |    0 |          0 |
|       batchsizelast_pipreg |                           PipReg_1 |          0 |          0 |       0 |    0 |      2 |      0 |      0 |    0 |          0 |
|       block_first_pipreg   |                           PipReg_2 |          0 |          0 |       0 |    0 |      7 |      0 |      0 |    0 |          0 |
|       cnt_batchsize_pipreg |                           PipReg_3 |         10 |          5 |       0 |    5 |     16 |      0 |      0 |    0 |          0 |
|       indata_pipreg        |                             PipReg |          0 |          0 |       0 |    0 |    192 |      0 |      0 |    0 |          0 |
|       mul_list_0_0         |    SignedMultiplierInt8__xdcDup__1 |          0 |          0 |       0 |    0 |      0 |      0 |      0 |    0 |          1 |
|       mul_list_0_1         |    SignedMultiplierInt8__xdcDup__2 |          0 |          0 |       0 |    0 |      0 |      0 |      0 |    0 |          1 |
|       mul_list_0_10        |    SignedMultiplierInt8__xdcDup__3 |          0 |          0 |       0 |    0 |      0 |      0 |      0 |    0 |          1 |
|       mul_list_0_11        |    SignedMultiplierInt8__xdcDup__4 |          0 |          0 |       0 |    0 |      0 |      0 |      0 |    0 |          1 |
|       mul_list_0_12        |    SignedMultiplierInt8__xdcDup__5 |          0 |          0 |       0 |    0 |      0 |      0 |      0 |    0 |          1 |
|       mul_list_0_13        |    SignedMultiplierInt8__xdcDup__6 |          0 |          0 |       0 |    0 |      0 |      0 |      0 |    0 |          1 |
|       mul_list_0_14        |    SignedMultiplierInt8__xdcDup__7 |          0 |          0 |       0 |    0 |      0 |      0 |      0 |    0 |          1 |
|       mul_list_0_15        |    SignedMultiplierInt8__xdcDup__8 |          0 |          0 |       0 |    0 |      0 |      0 |      0 |    0 |          1 |
|       mul_list_0_16        |    SignedMultiplierInt8__xdcDup__9 |          0 |          0 |       0 |    0 |      0 |      0 |      0 |    0 |          1 |
|       mul_list_0_17        |   SignedMultiplierInt8__xdcDup__10 |          0 |          0 |       0 |    0 |      0 |      0 |      0 |    0 |          1 |
|       mul_list_0_18        |   SignedMultiplierInt8__xdcDup__11 |          0 |          0 |       0 |    0 |      0 |      0 |      0 |    0 |          1 |
|       mul_list_0_19        |   SignedMultiplierInt8__xdcDup__12 |          0 |          0 |       0 |    0 |      0 |      0 |      0 |    0 |          1 |
|       mul_list_0_2         |   SignedMultiplierInt8__xdcDup__13 |          0 |          0 |       0 |    0 |      0 |      0 |      0 |    0 |          1 |
|       mul_list_0_20        |   SignedMultiplierInt8__xdcDup__14 |          0 |          0 |       0 |    0 |      0 |      0 |      0 |    0 |          1 |
|       mul_list_0_21        |   SignedMultiplierInt8__xdcDup__15 |          0 |          0 |       0 |    0 |      0 |      0 |      0 |    0 |          1 |
|       mul_list_0_22        |   SignedMultiplierInt8__xdcDup__16 |          0 |          0 |       0 |    0 |      0 |      0 |      0 |    0 |          1 |
|       mul_list_0_23        |   SignedMultiplierInt8__xdcDup__17 |          0 |          0 |       0 |    0 |      0 |      0 |      0 |    0 |          1 |
|       mul_list_0_24        |   SignedMultiplierInt8__xdcDup__18 |          0 |          0 |       0 |    0 |      0 |      0 |      0 |    0 |          1 |
|       mul_list_0_25        |   SignedMultiplierInt8__xdcDup__19 |          0 |          0 |       0 |    0 |      0 |      0 |      0 |    0 |          1 |
|       mul_list_0_26        |   SignedMultiplierInt8__xdcDup__20 |          0 |          0 |       0 |    0 |      0 |      0 |      0 |    0 |          1 |
|       mul_list_0_27        |   SignedMultiplierInt8__xdcDup__21 |          0 |          0 |       0 |    0 |      0 |      0 |      0 |    0 |          1 |
|       mul_list_0_28        |   SignedMultiplierInt8__xdcDup__22 |          0 |          0 |       0 |    0 |      0 |      0 |      0 |    0 |          1 |
|       mul_list_0_29        |   SignedMultiplierInt8__xdcDup__23 |          0 |          0 |       0 |    0 |      0 |      0 |      0 |    0 |          1 |
|       mul_list_0_3         |   SignedMultiplierInt8__xdcDup__24 |          0 |          0 |       0 |    0 |      0 |      0 |      0 |    0 |          1 |
|       mul_list_0_30        |   SignedMultiplierInt8__xdcDup__25 |          0 |          0 |       0 |    0 |      0 |      0 |      0 |    0 |          1 |
|       mul_list_0_31        |   SignedMultiplierInt8__xdcDup__26 |          0 |          0 |       0 |    0 |      0 |      0 |      0 |    0 |          1 |
|       mul_list_0_32        |   SignedMultiplierInt8__xdcDup__27 |          0 |          0 |       0 |    0 |      0 |      0 |      0 |    0 |          1 |
|       mul_list_0_33        |   SignedMultiplierInt8__xdcDup__28 |          0 |          0 |       0 |    0 |      0 |      0 |      0 |    0 |          1 |
|       mul_list_0_34        |   SignedMultiplierInt8__xdcDup__29 |          0 |          0 |       0 |    0 |      0 |      0 |      0 |    0 |          1 |
|       mul_list_0_35        |   SignedMultiplierInt8__xdcDup__30 |          0 |          0 |       0 |    0 |      0 |      0 |      0 |    0 |          1 |
|       mul_list_0_4         |   SignedMultiplierInt8__xdcDup__31 |          0 |          0 |       0 |    0 |      0 |      0 |      0 |    0 |          1 |
|       mul_list_0_5         |   SignedMultiplierInt8__xdcDup__32 |          0 |          0 |       0 |    0 |      0 |      0 |      0 |    0 |          1 |
|       mul_list_0_6         |   SignedMultiplierInt8__xdcDup__33 |          0 |          0 |       0 |    0 |      0 |      0 |      0 |    0 |          1 |
|       mul_list_0_7         |   SignedMultiplierInt8__xdcDup__34 |          0 |          0 |       0 |    0 |      0 |      0 |      0 |    0 |          1 |
|       mul_list_0_8         |   SignedMultiplierInt8__xdcDup__35 |          0 |          0 |       0 |    0 |      0 |      0 |      0 |    0 |          1 |
|       mul_list_0_9         |   SignedMultiplierInt8__xdcDup__36 |          0 |          0 |       0 |    0 |      0 |      0 |      0 |    0 |          1 |
|       mul_list_10_0        |   SignedMultiplierInt8__xdcDup__37 |          0 |          0 |       0 |    0 |      0 |      0 |      0 |    0 |          1 |
|       mul_list_10_1        |   SignedMultiplierInt8__xdcDup__38 |          0 |          0 |       0 |    0 |      0 |      0 |      0 |    0 |          1 |
|       mul_list_10_10       |   SignedMultiplierInt8__xdcDup__39 |          0 |          0 |       0 |    0 |      0 |      0 |      0 |    0 |          1 |
|       mul_list_10_11       |   SignedMultiplierInt8__xdcDup__40 |          0 |          0 |       0 |    0 |      0 |      0 |      0 |    0 |          1 |
|       mul_list_10_12       |   SignedMultiplierInt8__xdcDup__41 |          0 |          0 |       0 |    0 |      0 |      0 |      0 |    0 |          1 |
|       mul_list_10_13       |   SignedMultiplierInt8__xdcDup__42 |          0 |          0 |       0 |    0 |      0 |      0 |      0 |    0 |          1 |
|       mul_list_10_14       |   SignedMultiplierInt8__xdcDup__43 |          0 |          0 |       0 |    0 |      0 |      0 |      0 |    0 |          1 |
|       mul_list_10_15       |   SignedMultiplierInt8__xdcDup__44 |          0 |          0 |       0 |    0 |      0 |      0 |      0 |    0 |          1 |
|       mul_list_10_16       |   SignedMultiplierInt8__xdcDup__45 |          0 |          0 |       0 |    0 |      0 |      0 |      0 |    0 |          1 |
|       mul_list_10_17       |   SignedMultiplierInt8__xdcDup__46 |          0 |          0 |       0 |    0 |      0 |      0 |      0 |    0 |          1 |
|       mul_list_10_18       |   SignedMultiplierInt8__xdcDup__47 |          0 |          0 |       0 |    0 |      0 |      0 |      0 |    0 |          1 |
|       mul_list_10_19       |   SignedMultiplierInt8__xdcDup__48 |          0 |          0 |       0 |    0 |      0 |      0 |      0 |    0 |          1 |
|       mul_list_10_2        |   SignedMultiplierInt8__xdcDup__49 |          0 |          0 |       0 |    0 |      0 |      0 |      0 |    0 |          1 |
|       mul_list_10_20       |   SignedMultiplierInt8__xdcDup__50 |          0 |          0 |       0 |    0 |      0 |      0 |      0 |    0 |          1 |
|       mul_list_10_21       |   SignedMultiplierInt8__xdcDup__51 |          0 |          0 |       0 |    0 |      0 |      0 |      0 |    0 |          1 |
|       mul_list_10_22       |   SignedMultiplierInt8__xdcDup__52 |          0 |          0 |       0 |    0 |      0 |      0 |      0 |    0 |          1 |
|       mul_list_10_23       |   SignedMultiplierInt8__xdcDup__53 |          0 |          0 |       0 |    0 |      0 |      0 |      0 |    0 |          1 |
|       mul_list_10_24       |   SignedMultiplierInt8__xdcDup__54 |          0 |          0 |       0 |    0 |      0 |      0 |      0 |    0 |          1 |
|       mul_list_10_25       |   SignedMultiplierInt8__xdcDup__55 |          0 |          0 |       0 |    0 |      0 |      0 |      0 |    0 |          1 |
|       mul_list_10_26       |   SignedMultiplierInt8__xdcDup__56 |          0 |          0 |       0 |    0 |      0 |      0 |      0 |    0 |          1 |
|       mul_list_10_27       |   SignedMultiplierInt8__xdcDup__57 |          0 |          0 |       0 |    0 |      0 |      0 |      0 |    0 |          1 |
|       mul_list_10_28       |   SignedMultiplierInt8__xdcDup__58 |          0 |          0 |       0 |    0 |      0 |      0 |      0 |    0 |          1 |
|       mul_list_10_29       |   SignedMultiplierInt8__xdcDup__59 |          0 |          0 |       0 |    0 |      0 |      0 |      0 |    0 |          1 |
|       mul_list_10_3        |   SignedMultiplierInt8__xdcDup__60 |          0 |          0 |       0 |    0 |      0 |      0 |      0 |    0 |          1 |
|       mul_list_10_30       |   SignedMultiplierInt8__xdcDup__61 |          0 |          0 |       0 |    0 |      0 |      0 |      0 |    0 |          1 |
|       mul_list_10_31       |   SignedMultiplierInt8__xdcDup__62 |          0 |          0 |       0 |    0 |      0 |      0 |      0 |    0 |          1 |
|       mul_list_10_32       |   SignedMultiplierInt8__xdcDup__63 |          0 |          0 |       0 |    0 |      0 |      0 |      0 |    0 |          1 |
|       mul_list_10_33       |   SignedMultiplierInt8__xdcDup__64 |          0 |          0 |       0 |    0 |      0 |      0 |      0 |    0 |          1 |
|       mul_list_10_34       |   SignedMultiplierInt8__xdcDup__65 |          0 |          0 |       0 |    0 |      0 |      0 |      0 |    0 |          1 |
|       mul_list_10_35       |   SignedMultiplierInt8__xdcDup__66 |          0 |          0 |       0 |    0 |      0 |      0 |      0 |    0 |          1 |
|       mul_list_10_4        |   SignedMultiplierInt8__xdcDup__67 |          0 |          0 |       0 |    0 |      0 |      0 |      0 |    0 |          1 |
|       mul_list_10_5        |   SignedMultiplierInt8__xdcDup__68 |          0 |          0 |       0 |    0 |      0 |      0 |      0 |    0 |          1 |
|       mul_list_10_6        |   SignedMultiplierInt8__xdcDup__69 |          0 |          0 |       0 |    0 |      0 |      0 |      0 |    0 |          1 |
|       mul_list_10_7        |   SignedMultiplierInt8__xdcDup__70 |          0 |          0 |       0 |    0 |      0 |      0 |      0 |    0 |          1 |
|       mul_list_10_8        |   SignedMultiplierInt8__xdcDup__71 |          0 |          0 |       0 |    0 |      0 |      0 |      0 |    0 |          1 |
|       mul_list_10_9        |   SignedMultiplierInt8__xdcDup__72 |          0 |          0 |       0 |    0 |      0 |      0 |      0 |    0 |          1 |
|       mul_list_11_0        |   SignedMultiplierInt8__xdcDup__73 |          0 |          0 |       0 |    0 |      0 |      0 |      0 |    0 |          1 |
|       mul_list_11_1        |   SignedMultiplierInt8__xdcDup__74 |          0 |          0 |       0 |    0 |      0 |      0 |      0 |    0 |          1 |
|       mul_list_11_10       |   SignedMultiplierInt8__xdcDup__75 |          0 |          0 |       0 |    0 |      0 |      0 |      0 |    0 |          1 |
|       mul_list_11_11       |   SignedMultiplierInt8__xdcDup__76 |          0 |          0 |       0 |    0 |      0 |      0 |      0 |    0 |          1 |
|       mul_list_11_12       |   SignedMultiplierInt8__xdcDup__77 |          0 |          0 |       0 |    0 |      0 |      0 |      0 |    0 |          1 |
|       mul_list_11_13       |   SignedMultiplierInt8__xdcDup__78 |          0 |          0 |       0 |    0 |      0 |      0 |      0 |    0 |          1 |
|       mul_list_11_14       |   SignedMultiplierInt8__xdcDup__79 |          0 |          0 |       0 |    0 |      0 |      0 |      0 |    0 |          1 |
|       mul_list_11_15       |   SignedMultiplierInt8__xdcDup__80 |          0 |          0 |       0 |    0 |      0 |      0 |      0 |    0 |          1 |
|       mul_list_11_16       |   SignedMultiplierInt8__xdcDup__81 |          0 |          0 |       0 |    0 |      0 |      0 |      0 |    0 |          1 |
|       mul_list_11_17       |   SignedMultiplierInt8__xdcDup__82 |          0 |          0 |       0 |    0 |      0 |      0 |      0 |    0 |          1 |
|       mul_list_11_18       |   SignedMultiplierInt8__xdcDup__83 |          0 |          0 |       0 |    0 |      0 |      0 |      0 |    0 |          1 |
|       mul_list_11_19       |   SignedMultiplierInt8__xdcDup__84 |          0 |          0 |       0 |    0 |      0 |      0 |      0 |    0 |          1 |
|       mul_list_11_2        |   SignedMultiplierInt8__xdcDup__85 |          0 |          0 |       0 |    0 |      0 |      0 |      0 |    0 |          1 |
|       mul_list_11_20       |   SignedMultiplierInt8__xdcDup__86 |          0 |          0 |       0 |    0 |      0 |      0 |      0 |    0 |          1 |
|       mul_list_11_21       |   SignedMultiplierInt8__xdcDup__87 |          0 |          0 |       0 |    0 |      0 |      0 |      0 |    0 |          1 |
|       mul_list_11_22       |   SignedMultiplierInt8__xdcDup__88 |          0 |          0 |       0 |    0 |      0 |      0 |      0 |    0 |          1 |
|       mul_list_11_23       |   SignedMultiplierInt8__xdcDup__89 |          0 |          0 |       0 |    0 |      0 |      0 |      0 |    0 |          1 |
|       mul_list_11_24       |   SignedMultiplierInt8__xdcDup__90 |          0 |          0 |       0 |    0 |      0 |      0 |      0 |    0 |          1 |
|       mul_list_11_25       |   SignedMultiplierInt8__xdcDup__91 |          0 |          0 |       0 |    0 |      0 |      0 |      0 |    0 |          1 |
|       mul_list_11_26       |   SignedMultiplierInt8__xdcDup__92 |          0 |          0 |       0 |    0 |      0 |      0 |      0 |    0 |          1 |
|       mul_list_11_27       |   SignedMultiplierInt8__xdcDup__93 |          0 |          0 |       0 |    0 |      0 |      0 |      0 |    0 |          1 |
|       mul_list_11_28       |   SignedMultiplierInt8__xdcDup__94 |          0 |          0 |       0 |    0 |      0 |      0 |      0 |    0 |          1 |
|       mul_list_11_29       |   SignedMultiplierInt8__xdcDup__95 |          0 |          0 |       0 |    0 |      0 |      0 |      0 |    0 |          1 |
|       mul_list_11_3        |   SignedMultiplierInt8__xdcDup__96 |          0 |          0 |       0 |    0 |      0 |      0 |      0 |    0 |          1 |
|       mul_list_11_30       |   SignedMultiplierInt8__xdcDup__97 |          0 |          0 |       0 |    0 |      0 |      0 |      0 |    0 |          1 |
|       mul_list_11_31       |   SignedMultiplierInt8__xdcDup__98 |          0 |          0 |       0 |    0 |      0 |      0 |      0 |    0 |          1 |
|       mul_list_11_32       |   SignedMultiplierInt8__xdcDup__99 |          0 |          0 |       0 |    0 |      0 |      0 |      0 |    0 |          1 |
|       mul_list_11_33       |  SignedMultiplierInt8__xdcDup__100 |          0 |          0 |       0 |    0 |      0 |      0 |      0 |    0 |          1 |
|       mul_list_11_34       |  SignedMultiplierInt8__xdcDup__101 |          0 |          0 |       0 |    0 |      0 |      0 |      0 |    0 |          1 |
|       mul_list_11_35       |  SignedMultiplierInt8__xdcDup__102 |          0 |          0 |       0 |    0 |      0 |      0 |      0 |    0 |          1 |
|       mul_list_11_4        |  SignedMultiplierInt8__xdcDup__103 |          0 |          0 |       0 |    0 |      0 |      0 |      0 |    0 |          1 |
|       mul_list_11_5        |  SignedMultiplierInt8__xdcDup__104 |          0 |          0 |       0 |    0 |      0 |      0 |      0 |    0 |          1 |
|       mul_list_11_6        |  SignedMultiplierInt8__xdcDup__105 |          0 |          0 |       0 |    0 |      0 |      0 |      0 |    0 |          1 |
|       mul_list_11_7        |  SignedMultiplierInt8__xdcDup__106 |          0 |          0 |       0 |    0 |      0 |      0 |      0 |    0 |          1 |
|       mul_list_11_8        |  SignedMultiplierInt8__xdcDup__107 |          0 |          0 |       0 |    0 |      0 |      0 |      0 |    0 |          1 |
|       mul_list_11_9        |  SignedMultiplierInt8__xdcDup__108 |          0 |          0 |       0 |    0 |      0 |      0 |      0 |    0 |          1 |
|       mul_list_1_0         |  SignedMultiplierInt8__xdcDup__109 |          0 |          0 |       0 |    0 |      0 |      0 |      0 |    0 |          1 |
|       mul_list_1_1         |  SignedMultiplierInt8__xdcDup__110 |          0 |          0 |       0 |    0 |      0 |      0 |      0 |    0 |          1 |
|       mul_list_1_10        |  SignedMultiplierInt8__xdcDup__111 |          0 |          0 |       0 |    0 |      0 |      0 |      0 |    0 |          1 |
|       mul_list_1_11        |  SignedMultiplierInt8__xdcDup__112 |          0 |          0 |       0 |    0 |      0 |      0 |      0 |    0 |          1 |
|       mul_list_1_12        |  SignedMultiplierInt8__xdcDup__113 |          0 |          0 |       0 |    0 |      0 |      0 |      0 |    0 |          1 |
|       mul_list_1_13        |  SignedMultiplierInt8__xdcDup__114 |          0 |          0 |       0 |    0 |      0 |      0 |      0 |    0 |          1 |
|       mul_list_1_14        |  SignedMultiplierInt8__xdcDup__115 |          0 |          0 |       0 |    0 |      0 |      0 |      0 |    0 |          1 |
|       mul_list_1_15        |  SignedMultiplierInt8__xdcDup__116 |          0 |          0 |       0 |    0 |      0 |      0 |      0 |    0 |          1 |
|       mul_list_1_16        |  SignedMultiplierInt8__xdcDup__117 |          0 |          0 |       0 |    0 |      0 |      0 |      0 |    0 |          1 |
|       mul_list_1_17        |  SignedMultiplierInt8__xdcDup__118 |          0 |          0 |       0 |    0 |      0 |      0 |      0 |    0 |          1 |
|       mul_list_1_18        |  SignedMultiplierInt8__xdcDup__119 |          0 |          0 |       0 |    0 |      0 |      0 |      0 |    0 |          1 |
|       mul_list_1_19        |  SignedMultiplierInt8__xdcDup__120 |          0 |          0 |       0 |    0 |      0 |      0 |      0 |    0 |          1 |
|       mul_list_1_2         |  SignedMultiplierInt8__xdcDup__121 |          0 |          0 |       0 |    0 |      0 |      0 |      0 |    0 |          1 |
|       mul_list_1_20        |  SignedMultiplierInt8__xdcDup__122 |          0 |          0 |       0 |    0 |      0 |      0 |      0 |    0 |          1 |
|       mul_list_1_21        |  SignedMultiplierInt8__xdcDup__123 |          0 |          0 |       0 |    0 |      0 |      0 |      0 |    0 |          1 |
|       mul_list_1_22        |  SignedMultiplierInt8__xdcDup__124 |          0 |          0 |       0 |    0 |      0 |      0 |      0 |    0 |          1 |
|       mul_list_1_23        |  SignedMultiplierInt8__xdcDup__125 |          0 |          0 |       0 |    0 |      0 |      0 |      0 |    0 |          1 |
|       mul_list_1_24        |  SignedMultiplierInt8__xdcDup__126 |          0 |          0 |       0 |    0 |      0 |      0 |      0 |    0 |          1 |
|       mul_list_1_25        |  SignedMultiplierInt8__xdcDup__127 |          0 |          0 |       0 |    0 |      0 |      0 |      0 |    0 |          1 |
|       mul_list_1_26        |  SignedMultiplierInt8__xdcDup__128 |          0 |          0 |       0 |    0 |      0 |      0 |      0 |    0 |          1 |
|       mul_list_1_27        |  SignedMultiplierInt8__xdcDup__129 |          0 |          0 |       0 |    0 |      0 |      0 |      0 |    0 |          1 |
|       mul_list_1_28        |  SignedMultiplierInt8__xdcDup__130 |          0 |          0 |       0 |    0 |      0 |      0 |      0 |    0 |          1 |
|       mul_list_1_29        |  SignedMultiplierInt8__xdcDup__131 |          0 |          0 |       0 |    0 |      0 |      0 |      0 |    0 |          1 |
|       mul_list_1_3         |  SignedMultiplierInt8__xdcDup__132 |          0 |          0 |       0 |    0 |      0 |      0 |      0 |    0 |          1 |
|       mul_list_1_30        |  SignedMultiplierInt8__xdcDup__133 |          0 |          0 |       0 |    0 |      0 |      0 |      0 |    0 |          1 |
|       mul_list_1_31        |  SignedMultiplierInt8__xdcDup__134 |          0 |          0 |       0 |    0 |      0 |      0 |      0 |    0 |          1 |
|       mul_list_1_32        |  SignedMultiplierInt8__xdcDup__135 |          0 |          0 |       0 |    0 |      0 |      0 |      0 |    0 |          1 |
|       mul_list_1_33        |  SignedMultiplierInt8__xdcDup__136 |          0 |          0 |       0 |    0 |      0 |      0 |      0 |    0 |          1 |
|       mul_list_1_34        |  SignedMultiplierInt8__xdcDup__137 |          0 |          0 |       0 |    0 |      0 |      0 |      0 |    0 |          1 |
|       mul_list_1_35        |  SignedMultiplierInt8__xdcDup__138 |          0 |          0 |       0 |    0 |      0 |      0 |      0 |    0 |          1 |
|       mul_list_1_4         |  SignedMultiplierInt8__xdcDup__139 |          0 |          0 |       0 |    0 |      0 |      0 |      0 |    0 |          1 |
|       mul_list_1_5         |  SignedMultiplierInt8__xdcDup__140 |          0 |          0 |       0 |    0 |      0 |      0 |      0 |    0 |          1 |
|       mul_list_1_6         |  SignedMultiplierInt8__xdcDup__141 |          0 |          0 |       0 |    0 |      0 |      0 |      0 |    0 |          1 |
|       mul_list_1_7         |  SignedMultiplierInt8__xdcDup__142 |          0 |          0 |       0 |    0 |      0 |      0 |      0 |    0 |          1 |
|       mul_list_1_8         |  SignedMultiplierInt8__xdcDup__143 |          0 |          0 |       0 |    0 |      0 |      0 |      0 |    0 |          1 |
|       mul_list_1_9         |  SignedMultiplierInt8__xdcDup__144 |          0 |          0 |       0 |    0 |      0 |      0 |      0 |    0 |          1 |
|       mul_list_2_0         |  SignedMultiplierInt8__xdcDup__145 |          0 |          0 |       0 |    0 |      0 |      0 |      0 |    0 |          1 |
|       mul_list_2_1         |  SignedMultiplierInt8__xdcDup__146 |          0 |          0 |       0 |    0 |      0 |      0 |      0 |    0 |          1 |
|       mul_list_2_10        |  SignedMultiplierInt8__xdcDup__147 |          0 |          0 |       0 |    0 |      0 |      0 |      0 |    0 |          1 |
|       mul_list_2_11        |  SignedMultiplierInt8__xdcDup__148 |          0 |          0 |       0 |    0 |      0 |      0 |      0 |    0 |          1 |
|       mul_list_2_12        |  SignedMultiplierInt8__xdcDup__149 |          0 |          0 |       0 |    0 |      0 |      0 |      0 |    0 |          1 |
|       mul_list_2_13        |  SignedMultiplierInt8__xdcDup__150 |          0 |          0 |       0 |    0 |      0 |      0 |      0 |    0 |          1 |
|       mul_list_2_14        |  SignedMultiplierInt8__xdcDup__151 |          0 |          0 |       0 |    0 |      0 |      0 |      0 |    0 |          1 |
|       mul_list_2_15        |  SignedMultiplierInt8__xdcDup__152 |          0 |          0 |       0 |    0 |      0 |      0 |      0 |    0 |          1 |
|       mul_list_2_16        |  SignedMultiplierInt8__xdcDup__153 |          0 |          0 |       0 |    0 |      0 |      0 |      0 |    0 |          1 |
|       mul_list_2_17        |  SignedMultiplierInt8__xdcDup__154 |          0 |          0 |       0 |    0 |      0 |      0 |      0 |    0 |          1 |
|       mul_list_2_18        |  SignedMultiplierInt8__xdcDup__155 |          0 |          0 |       0 |    0 |      0 |      0 |      0 |    0 |          1 |
|       mul_list_2_19        |  SignedMultiplierInt8__xdcDup__156 |          0 |          0 |       0 |    0 |      0 |      0 |      0 |    0 |          1 |
|       mul_list_2_2         |  SignedMultiplierInt8__xdcDup__157 |          0 |          0 |       0 |    0 |      0 |      0 |      0 |    0 |          1 |
|       mul_list_2_20        |  SignedMultiplierInt8__xdcDup__158 |          0 |          0 |       0 |    0 |      0 |      0 |      0 |    0 |          1 |
|       mul_list_2_21        |  SignedMultiplierInt8__xdcDup__159 |          0 |          0 |       0 |    0 |      0 |      0 |      0 |    0 |          1 |
|       mul_list_2_22        |  SignedMultiplierInt8__xdcDup__160 |          0 |          0 |       0 |    0 |      0 |      0 |      0 |    0 |          1 |
|       mul_list_2_23        |  SignedMultiplierInt8__xdcDup__161 |          0 |          0 |       0 |    0 |      0 |      0 |      0 |    0 |          1 |
|       mul_list_2_24        |  SignedMultiplierInt8__xdcDup__162 |          0 |          0 |       0 |    0 |      0 |      0 |      0 |    0 |          1 |
|       mul_list_2_25        |  SignedMultiplierInt8__xdcDup__163 |          0 |          0 |       0 |    0 |      0 |      0 |      0 |    0 |          1 |
|       mul_list_2_26        |  SignedMultiplierInt8__xdcDup__164 |          0 |          0 |       0 |    0 |      0 |      0 |      0 |    0 |          1 |
|       mul_list_2_27        |  SignedMultiplierInt8__xdcDup__165 |          0 |          0 |       0 |    0 |      0 |      0 |      0 |    0 |          1 |
|       mul_list_2_28        |  SignedMultiplierInt8__xdcDup__166 |          0 |          0 |       0 |    0 |      0 |      0 |      0 |    0 |          1 |
|       mul_list_2_29        |  SignedMultiplierInt8__xdcDup__167 |          0 |          0 |       0 |    0 |      0 |      0 |      0 |    0 |          1 |
|       mul_list_2_3         |  SignedMultiplierInt8__xdcDup__168 |          0 |          0 |       0 |    0 |      0 |      0 |      0 |    0 |          1 |
|       mul_list_2_30        |  SignedMultiplierInt8__xdcDup__169 |          0 |          0 |       0 |    0 |      0 |      0 |      0 |    0 |          1 |
|       mul_list_2_31        |  SignedMultiplierInt8__xdcDup__170 |          0 |          0 |       0 |    0 |      0 |      0 |      0 |    0 |          1 |
|       mul_list_2_32        |  SignedMultiplierInt8__xdcDup__171 |          0 |          0 |       0 |    0 |      0 |      0 |      0 |    0 |          1 |
|       mul_list_2_33        |  SignedMultiplierInt8__xdcDup__172 |          0 |          0 |       0 |    0 |      0 |      0 |      0 |    0 |          1 |
|       mul_list_2_34        |  SignedMultiplierInt8__xdcDup__173 |          0 |          0 |       0 |    0 |      0 |      0 |      0 |    0 |          1 |
|       mul_list_2_35        |  SignedMultiplierInt8__xdcDup__174 |          0 |          0 |       0 |    0 |      0 |      0 |      0 |    0 |          1 |
|       mul_list_2_4         |  SignedMultiplierInt8__xdcDup__175 |          0 |          0 |       0 |    0 |      0 |      0 |      0 |    0 |          1 |
|       mul_list_2_5         |  SignedMultiplierInt8__xdcDup__176 |          0 |          0 |       0 |    0 |      0 |      0 |      0 |    0 |          1 |
|       mul_list_2_6         |  SignedMultiplierInt8__xdcDup__177 |          0 |          0 |       0 |    0 |      0 |      0 |      0 |    0 |          1 |
|       mul_list_2_7         |  SignedMultiplierInt8__xdcDup__178 |          0 |          0 |       0 |    0 |      0 |      0 |      0 |    0 |          1 |
|       mul_list_2_8         |  SignedMultiplierInt8__xdcDup__179 |          0 |          0 |       0 |    0 |      0 |      0 |      0 |    0 |          1 |
|       mul_list_2_9         |  SignedMultiplierInt8__xdcDup__180 |          0 |          0 |       0 |    0 |      0 |      0 |      0 |    0 |          1 |
|       mul_list_3_0         |  SignedMultiplierInt8__xdcDup__181 |          0 |          0 |       0 |    0 |      0 |      0 |      0 |    0 |          1 |
|       mul_list_3_1         |  SignedMultiplierInt8__xdcDup__182 |          0 |          0 |       0 |    0 |      0 |      0 |      0 |    0 |          1 |
|       mul_list_3_10        |  SignedMultiplierInt8__xdcDup__183 |          0 |          0 |       0 |    0 |      0 |      0 |      0 |    0 |          1 |
|       mul_list_3_11        |  SignedMultiplierInt8__xdcDup__184 |          0 |          0 |       0 |    0 |      0 |      0 |      0 |    0 |          1 |
|       mul_list_3_12        |  SignedMultiplierInt8__xdcDup__185 |          0 |          0 |       0 |    0 |      0 |      0 |      0 |    0 |          1 |
|       mul_list_3_13        |  SignedMultiplierInt8__xdcDup__186 |          0 |          0 |       0 |    0 |      0 |      0 |      0 |    0 |          1 |
|       mul_list_3_14        |  SignedMultiplierInt8__xdcDup__187 |          0 |          0 |       0 |    0 |      0 |      0 |      0 |    0 |          1 |
|       mul_list_3_15        |  SignedMultiplierInt8__xdcDup__188 |          0 |          0 |       0 |    0 |      0 |      0 |      0 |    0 |          1 |
|       mul_list_3_16        |  SignedMultiplierInt8__xdcDup__189 |          0 |          0 |       0 |    0 |      0 |      0 |      0 |    0 |          1 |
|       mul_list_3_17        |  SignedMultiplierInt8__xdcDup__190 |          0 |          0 |       0 |    0 |      0 |      0 |      0 |    0 |          1 |
|       mul_list_3_18        |  SignedMultiplierInt8__xdcDup__191 |          0 |          0 |       0 |    0 |      0 |      0 |      0 |    0 |          1 |
|       mul_list_3_19        |  SignedMultiplierInt8__xdcDup__192 |          0 |          0 |       0 |    0 |      0 |      0 |      0 |    0 |          1 |
|       mul_list_3_2         |  SignedMultiplierInt8__xdcDup__193 |          0 |          0 |       0 |    0 |      0 |      0 |      0 |    0 |          1 |
|       mul_list_3_20        |  SignedMultiplierInt8__xdcDup__194 |          0 |          0 |       0 |    0 |      0 |      0 |      0 |    0 |          1 |
|       mul_list_3_21        |  SignedMultiplierInt8__xdcDup__195 |          0 |          0 |       0 |    0 |      0 |      0 |      0 |    0 |          1 |
|       mul_list_3_22        |  SignedMultiplierInt8__xdcDup__196 |          0 |          0 |       0 |    0 |      0 |      0 |      0 |    0 |          1 |
|       mul_list_3_23        |  SignedMultiplierInt8__xdcDup__197 |          0 |          0 |       0 |    0 |      0 |      0 |      0 |    0 |          1 |
|       mul_list_3_24        |  SignedMultiplierInt8__xdcDup__198 |          0 |          0 |       0 |    0 |      0 |      0 |      0 |    0 |          1 |
|       mul_list_3_25        |  SignedMultiplierInt8__xdcDup__199 |          0 |          0 |       0 |    0 |      0 |      0 |      0 |    0 |          1 |
|       mul_list_3_26        |  SignedMultiplierInt8__xdcDup__200 |          0 |          0 |       0 |    0 |      0 |      0 |      0 |    0 |          1 |
|       mul_list_3_27        |  SignedMultiplierInt8__xdcDup__201 |          0 |          0 |       0 |    0 |      0 |      0 |      0 |    0 |          1 |
|       mul_list_3_28        |  SignedMultiplierInt8__xdcDup__202 |          0 |          0 |       0 |    0 |      0 |      0 |      0 |    0 |          1 |
|       mul_list_3_29        |  SignedMultiplierInt8__xdcDup__203 |          0 |          0 |       0 |    0 |      0 |      0 |      0 |    0 |          1 |
|       mul_list_3_3         |  SignedMultiplierInt8__xdcDup__204 |          0 |          0 |       0 |    0 |      0 |      0 |      0 |    0 |          1 |
|       mul_list_3_30        |  SignedMultiplierInt8__xdcDup__205 |          0 |          0 |       0 |    0 |      0 |      0 |      0 |    0 |          1 |
|       mul_list_3_31        |  SignedMultiplierInt8__xdcDup__206 |          0 |          0 |       0 |    0 |      0 |      0 |      0 |    0 |          1 |
|       mul_list_3_32        |  SignedMultiplierInt8__xdcDup__207 |          0 |          0 |       0 |    0 |      0 |      0 |      0 |    0 |          1 |
|       mul_list_3_33        |  SignedMultiplierInt8__xdcDup__208 |          0 |          0 |       0 |    0 |      0 |      0 |      0 |    0 |          1 |
|       mul_list_3_34        |  SignedMultiplierInt8__xdcDup__209 |          0 |          0 |       0 |    0 |      0 |      0 |      0 |    0 |          1 |
|       mul_list_3_35        |  SignedMultiplierInt8__xdcDup__210 |          0 |          0 |       0 |    0 |      0 |      0 |      0 |    0 |          1 |
|       mul_list_3_4         |  SignedMultiplierInt8__xdcDup__211 |          0 |          0 |       0 |    0 |      0 |      0 |      0 |    0 |          1 |
|       mul_list_3_5         |  SignedMultiplierInt8__xdcDup__212 |          0 |          0 |       0 |    0 |      0 |      0 |      0 |    0 |          1 |
|       mul_list_3_6         |  SignedMultiplierInt8__xdcDup__213 |          0 |          0 |       0 |    0 |      0 |      0 |      0 |    0 |          1 |
|       mul_list_3_7         |  SignedMultiplierInt8__xdcDup__214 |          0 |          0 |       0 |    0 |      0 |      0 |      0 |    0 |          1 |
|       mul_list_3_8         |  SignedMultiplierInt8__xdcDup__215 |          0 |          0 |       0 |    0 |      0 |      0 |      0 |    0 |          1 |
|       mul_list_3_9         |  SignedMultiplierInt8__xdcDup__216 |          0 |          0 |       0 |    0 |      0 |      0 |      0 |    0 |          1 |
|       mul_list_4_0         |  SignedMultiplierInt8__xdcDup__217 |          0 |          0 |       0 |    0 |      0 |      0 |      0 |    0 |          1 |
|       mul_list_4_1         |  SignedMultiplierInt8__xdcDup__218 |          0 |          0 |       0 |    0 |      0 |      0 |      0 |    0 |          1 |
|       mul_list_4_10        |  SignedMultiplierInt8__xdcDup__219 |          0 |          0 |       0 |    0 |      0 |      0 |      0 |    0 |          1 |
|       mul_list_4_11        |  SignedMultiplierInt8__xdcDup__220 |          0 |          0 |       0 |    0 |      0 |      0 |      0 |    0 |          1 |
|       mul_list_4_12        |  SignedMultiplierInt8__xdcDup__221 |          0 |          0 |       0 |    0 |      0 |      0 |      0 |    0 |          1 |
|       mul_list_4_13        |  SignedMultiplierInt8__xdcDup__222 |          0 |          0 |       0 |    0 |      0 |      0 |      0 |    0 |          1 |
|       mul_list_4_14        |  SignedMultiplierInt8__xdcDup__223 |          0 |          0 |       0 |    0 |      0 |      0 |      0 |    0 |          1 |
|       mul_list_4_15        |  SignedMultiplierInt8__xdcDup__224 |          0 |          0 |       0 |    0 |      0 |      0 |      0 |    0 |          1 |
|       mul_list_4_16        |  SignedMultiplierInt8__xdcDup__225 |          0 |          0 |       0 |    0 |      0 |      0 |      0 |    0 |          1 |
|       mul_list_4_17        |  SignedMultiplierInt8__xdcDup__226 |          0 |          0 |       0 |    0 |      0 |      0 |      0 |    0 |          1 |
|       mul_list_4_18        |  SignedMultiplierInt8__xdcDup__227 |          0 |          0 |       0 |    0 |      0 |      0 |      0 |    0 |          1 |
|       mul_list_4_19        |  SignedMultiplierInt8__xdcDup__228 |          0 |          0 |       0 |    0 |      0 |      0 |      0 |    0 |          1 |
|       mul_list_4_2         |  SignedMultiplierInt8__xdcDup__229 |          0 |          0 |       0 |    0 |      0 |      0 |      0 |    0 |          1 |
|       mul_list_4_20        |  SignedMultiplierInt8__xdcDup__230 |          0 |          0 |       0 |    0 |      0 |      0 |      0 |    0 |          1 |
|       mul_list_4_21        |  SignedMultiplierInt8__xdcDup__231 |          0 |          0 |       0 |    0 |      0 |      0 |      0 |    0 |          1 |
|       mul_list_4_22        |  SignedMultiplierInt8__xdcDup__232 |          0 |          0 |       0 |    0 |      0 |      0 |      0 |    0 |          1 |
|       mul_list_4_23        |  SignedMultiplierInt8__xdcDup__233 |          0 |          0 |       0 |    0 |      0 |      0 |      0 |    0 |          1 |
|       mul_list_4_24        |  SignedMultiplierInt8__xdcDup__234 |          0 |          0 |       0 |    0 |      0 |      0 |      0 |    0 |          1 |
|       mul_list_4_25        |  SignedMultiplierInt8__xdcDup__235 |          0 |          0 |       0 |    0 |      0 |      0 |      0 |    0 |          1 |
|       mul_list_4_26        |  SignedMultiplierInt8__xdcDup__236 |          0 |          0 |       0 |    0 |      0 |      0 |      0 |    0 |          1 |
|       mul_list_4_27        |  SignedMultiplierInt8__xdcDup__237 |          0 |          0 |       0 |    0 |      0 |      0 |      0 |    0 |          1 |
|       mul_list_4_28        |  SignedMultiplierInt8__xdcDup__238 |          0 |          0 |       0 |    0 |      0 |      0 |      0 |    0 |          1 |
|       mul_list_4_29        |  SignedMultiplierInt8__xdcDup__239 |          0 |          0 |       0 |    0 |      0 |      0 |      0 |    0 |          1 |
|       mul_list_4_3         |  SignedMultiplierInt8__xdcDup__240 |          0 |          0 |       0 |    0 |      0 |      0 |      0 |    0 |          1 |
|       mul_list_4_30        |  SignedMultiplierInt8__xdcDup__241 |          0 |          0 |       0 |    0 |      0 |      0 |      0 |    0 |          1 |
|       mul_list_4_31        |  SignedMultiplierInt8__xdcDup__242 |          0 |          0 |       0 |    0 |      0 |      0 |      0 |    0 |          1 |
|       mul_list_4_32        |  SignedMultiplierInt8__xdcDup__243 |          0 |          0 |       0 |    0 |      0 |      0 |      0 |    0 |          1 |
|       mul_list_4_33        |  SignedMultiplierInt8__xdcDup__244 |          0 |          0 |       0 |    0 |      0 |      0 |      0 |    0 |          1 |
|       mul_list_4_34        |  SignedMultiplierInt8__xdcDup__245 |          0 |          0 |       0 |    0 |      0 |      0 |      0 |    0 |          1 |
|       mul_list_4_35        |  SignedMultiplierInt8__xdcDup__246 |          0 |          0 |       0 |    0 |      0 |      0 |      0 |    0 |          1 |
|       mul_list_4_4         |  SignedMultiplierInt8__xdcDup__247 |          0 |          0 |       0 |    0 |      0 |      0 |      0 |    0 |          1 |
|       mul_list_4_5         |  SignedMultiplierInt8__xdcDup__248 |          0 |          0 |       0 |    0 |      0 |      0 |      0 |    0 |          1 |
|       mul_list_4_6         |  SignedMultiplierInt8__xdcDup__249 |          0 |          0 |       0 |    0 |      0 |      0 |      0 |    0 |          1 |
|       mul_list_4_7         |  SignedMultiplierInt8__xdcDup__250 |          0 |          0 |       0 |    0 |      0 |      0 |      0 |    0 |          1 |
|       mul_list_4_8         |  SignedMultiplierInt8__xdcDup__251 |          0 |          0 |       0 |    0 |      0 |      0 |      0 |    0 |          1 |
|       mul_list_4_9         |  SignedMultiplierInt8__xdcDup__252 |          0 |          0 |       0 |    0 |      0 |      0 |      0 |    0 |          1 |
|       mul_list_5_0         |  SignedMultiplierInt8__xdcDup__253 |          0 |          0 |       0 |    0 |      0 |      0 |      0 |    0 |          1 |
|       mul_list_5_1         |  SignedMultiplierInt8__xdcDup__254 |          0 |          0 |       0 |    0 |      0 |      0 |      0 |    0 |          1 |
|       mul_list_5_10        |  SignedMultiplierInt8__xdcDup__255 |          0 |          0 |       0 |    0 |      0 |      0 |      0 |    0 |          1 |
|       mul_list_5_11        |  SignedMultiplierInt8__xdcDup__256 |          0 |          0 |       0 |    0 |      0 |      0 |      0 |    0 |          1 |
|       mul_list_5_12        |  SignedMultiplierInt8__xdcDup__257 |          0 |          0 |       0 |    0 |      0 |      0 |      0 |    0 |          1 |
|       mul_list_5_13        |  SignedMultiplierInt8__xdcDup__258 |          0 |          0 |       0 |    0 |      0 |      0 |      0 |    0 |          1 |
|       mul_list_5_14        |  SignedMultiplierInt8__xdcDup__259 |          0 |          0 |       0 |    0 |      0 |      0 |      0 |    0 |          1 |
|       mul_list_5_15        |  SignedMultiplierInt8__xdcDup__260 |          0 |          0 |       0 |    0 |      0 |      0 |      0 |    0 |          1 |
|       mul_list_5_16        |  SignedMultiplierInt8__xdcDup__261 |          0 |          0 |       0 |    0 |      0 |      0 |      0 |    0 |          1 |
|       mul_list_5_17        |  SignedMultiplierInt8__xdcDup__262 |          0 |          0 |       0 |    0 |      0 |      0 |      0 |    0 |          1 |
|       mul_list_5_18        |  SignedMultiplierInt8__xdcDup__263 |          0 |          0 |       0 |    0 |      0 |      0 |      0 |    0 |          1 |
|       mul_list_5_19        |  SignedMultiplierInt8__xdcDup__264 |          0 |          0 |       0 |    0 |      0 |      0 |      0 |    0 |          1 |
|       mul_list_5_2         |  SignedMultiplierInt8__xdcDup__265 |          0 |          0 |       0 |    0 |      0 |      0 |      0 |    0 |          1 |
|       mul_list_5_20        |  SignedMultiplierInt8__xdcDup__266 |          0 |          0 |       0 |    0 |      0 |      0 |      0 |    0 |          1 |
|       mul_list_5_21        |  SignedMultiplierInt8__xdcDup__267 |          0 |          0 |       0 |    0 |      0 |      0 |      0 |    0 |          1 |
|       mul_list_5_22        |  SignedMultiplierInt8__xdcDup__268 |          0 |          0 |       0 |    0 |      0 |      0 |      0 |    0 |          1 |
|       mul_list_5_23        |  SignedMultiplierInt8__xdcDup__269 |          0 |          0 |       0 |    0 |      0 |      0 |      0 |    0 |          1 |
|       mul_list_5_24        |  SignedMultiplierInt8__xdcDup__270 |          0 |          0 |       0 |    0 |      0 |      0 |      0 |    0 |          1 |
|       mul_list_5_25        |  SignedMultiplierInt8__xdcDup__271 |          0 |          0 |       0 |    0 |      0 |      0 |      0 |    0 |          1 |
|       mul_list_5_26        |  SignedMultiplierInt8__xdcDup__272 |          0 |          0 |       0 |    0 |      0 |      0 |      0 |    0 |          1 |
|       mul_list_5_27        |  SignedMultiplierInt8__xdcDup__273 |          0 |          0 |       0 |    0 |      0 |      0 |      0 |    0 |          1 |
|       mul_list_5_28        |  SignedMultiplierInt8__xdcDup__274 |          0 |          0 |       0 |    0 |      0 |      0 |      0 |    0 |          1 |
|       mul_list_5_29        |  SignedMultiplierInt8__xdcDup__275 |          0 |          0 |       0 |    0 |      0 |      0 |      0 |    0 |          1 |
|       mul_list_5_3         |  SignedMultiplierInt8__xdcDup__276 |          0 |          0 |       0 |    0 |      0 |      0 |      0 |    0 |          1 |
|       mul_list_5_30        |  SignedMultiplierInt8__xdcDup__277 |          0 |          0 |       0 |    0 |      0 |      0 |      0 |    0 |          1 |
|       mul_list_5_31        |  SignedMultiplierInt8__xdcDup__278 |          0 |          0 |       0 |    0 |      0 |      0 |      0 |    0 |          1 |
|       mul_list_5_32        |  SignedMultiplierInt8__xdcDup__279 |          0 |          0 |       0 |    0 |      0 |      0 |      0 |    0 |          1 |
|       mul_list_5_33        |  SignedMultiplierInt8__xdcDup__280 |          0 |          0 |       0 |    0 |      0 |      0 |      0 |    0 |          1 |
|       mul_list_5_34        |  SignedMultiplierInt8__xdcDup__281 |          0 |          0 |       0 |    0 |      0 |      0 |      0 |    0 |          1 |
|       mul_list_5_35        |  SignedMultiplierInt8__xdcDup__282 |          0 |          0 |       0 |    0 |      0 |      0 |      0 |    0 |          1 |
|       mul_list_5_4         |  SignedMultiplierInt8__xdcDup__283 |          0 |          0 |       0 |    0 |      0 |      0 |      0 |    0 |          1 |
|       mul_list_5_5         |  SignedMultiplierInt8__xdcDup__284 |          0 |          0 |       0 |    0 |      0 |      0 |      0 |    0 |          1 |
|       mul_list_5_6         |  SignedMultiplierInt8__xdcDup__285 |          0 |          0 |       0 |    0 |      0 |      0 |      0 |    0 |          1 |
|       mul_list_5_7         |  SignedMultiplierInt8__xdcDup__286 |          0 |          0 |       0 |    0 |      0 |      0 |      0 |    0 |          1 |
|       mul_list_5_8         |  SignedMultiplierInt8__xdcDup__287 |          0 |          0 |       0 |    0 |      0 |      0 |      0 |    0 |          1 |
|       mul_list_5_9         |  SignedMultiplierInt8__xdcDup__288 |          0 |          0 |       0 |    0 |      0 |      0 |      0 |    0 |          1 |
|       mul_list_6_0         |  SignedMultiplierInt8__xdcDup__289 |          0 |          0 |       0 |    0 |      0 |      0 |      0 |    0 |          1 |
|       mul_list_6_1         |  SignedMultiplierInt8__xdcDup__290 |          0 |          0 |       0 |    0 |      0 |      0 |      0 |    0 |          1 |
|       mul_list_6_10        |  SignedMultiplierInt8__xdcDup__291 |          0 |          0 |       0 |    0 |      0 |      0 |      0 |    0 |          1 |
|       mul_list_6_11        |  SignedMultiplierInt8__xdcDup__292 |          0 |          0 |       0 |    0 |      0 |      0 |      0 |    0 |          1 |
|       mul_list_6_12        |  SignedMultiplierInt8__xdcDup__293 |          0 |          0 |       0 |    0 |      0 |      0 |      0 |    0 |          1 |
|       mul_list_6_13        |  SignedMultiplierInt8__xdcDup__294 |          0 |          0 |       0 |    0 |      0 |      0 |      0 |    0 |          1 |
|       mul_list_6_14        |  SignedMultiplierInt8__xdcDup__295 |          0 |          0 |       0 |    0 |      0 |      0 |      0 |    0 |          1 |
|       mul_list_6_15        |  SignedMultiplierInt8__xdcDup__296 |          0 |          0 |       0 |    0 |      0 |      0 |      0 |    0 |          1 |
|       mul_list_6_16        |  SignedMultiplierInt8__xdcDup__297 |          0 |          0 |       0 |    0 |      0 |      0 |      0 |    0 |          1 |
|       mul_list_6_17        |  SignedMultiplierInt8__xdcDup__298 |          0 |          0 |       0 |    0 |      0 |      0 |      0 |    0 |          1 |
|       mul_list_6_18        |  SignedMultiplierInt8__xdcDup__299 |          0 |          0 |       0 |    0 |      0 |      0 |      0 |    0 |          1 |
|       mul_list_6_19        |  SignedMultiplierInt8__xdcDup__300 |          0 |          0 |       0 |    0 |      0 |      0 |      0 |    0 |          1 |
|       mul_list_6_2         |  SignedMultiplierInt8__xdcDup__301 |          0 |          0 |       0 |    0 |      0 |      0 |      0 |    0 |          1 |
|       mul_list_6_20        |  SignedMultiplierInt8__xdcDup__302 |          0 |          0 |       0 |    0 |      0 |      0 |      0 |    0 |          1 |
|       mul_list_6_21        |  SignedMultiplierInt8__xdcDup__303 |          0 |          0 |       0 |    0 |      0 |      0 |      0 |    0 |          1 |
|       mul_list_6_22        |  SignedMultiplierInt8__xdcDup__304 |          0 |          0 |       0 |    0 |      0 |      0 |      0 |    0 |          1 |
|       mul_list_6_23        |  SignedMultiplierInt8__xdcDup__305 |          0 |          0 |       0 |    0 |      0 |      0 |      0 |    0 |          1 |
|       mul_list_6_24        |  SignedMultiplierInt8__xdcDup__306 |          0 |          0 |       0 |    0 |      0 |      0 |      0 |    0 |          1 |
|       mul_list_6_25        |  SignedMultiplierInt8__xdcDup__307 |          0 |          0 |       0 |    0 |      0 |      0 |      0 |    0 |          1 |
|       mul_list_6_26        |  SignedMultiplierInt8__xdcDup__308 |          0 |          0 |       0 |    0 |      0 |      0 |      0 |    0 |          1 |
|       mul_list_6_27        |  SignedMultiplierInt8__xdcDup__309 |          0 |          0 |       0 |    0 |      0 |      0 |      0 |    0 |          1 |
|       mul_list_6_28        |  SignedMultiplierInt8__xdcDup__310 |          0 |          0 |       0 |    0 |      0 |      0 |      0 |    0 |          1 |
|       mul_list_6_29        |  SignedMultiplierInt8__xdcDup__311 |          0 |          0 |       0 |    0 |      0 |      0 |      0 |    0 |          1 |
|       mul_list_6_3         |  SignedMultiplierInt8__xdcDup__312 |          0 |          0 |       0 |    0 |      0 |      0 |      0 |    0 |          1 |
|       mul_list_6_30        |  SignedMultiplierInt8__xdcDup__313 |          0 |          0 |       0 |    0 |      0 |      0 |      0 |    0 |          1 |
|       mul_list_6_31        |  SignedMultiplierInt8__xdcDup__314 |          0 |          0 |       0 |    0 |      0 |      0 |      0 |    0 |          1 |
|       mul_list_6_32        |  SignedMultiplierInt8__xdcDup__315 |          0 |          0 |       0 |    0 |      0 |      0 |      0 |    0 |          1 |
|       mul_list_6_33        |  SignedMultiplierInt8__xdcDup__316 |          0 |          0 |       0 |    0 |      0 |      0 |      0 |    0 |          1 |
|       mul_list_6_34        |  SignedMultiplierInt8__xdcDup__317 |          0 |          0 |       0 |    0 |      0 |      0 |      0 |    0 |          1 |
|       mul_list_6_35        |  SignedMultiplierInt8__xdcDup__318 |          0 |          0 |       0 |    0 |      0 |      0 |      0 |    0 |          1 |
|       mul_list_6_4         |  SignedMultiplierInt8__xdcDup__319 |          0 |          0 |       0 |    0 |      0 |      0 |      0 |    0 |          1 |
|       mul_list_6_5         |  SignedMultiplierInt8__xdcDup__320 |          0 |          0 |       0 |    0 |      0 |      0 |      0 |    0 |          1 |
|       mul_list_6_6         |  SignedMultiplierInt8__xdcDup__321 |          0 |          0 |       0 |    0 |      0 |      0 |      0 |    0 |          1 |
|       mul_list_6_7         |  SignedMultiplierInt8__xdcDup__322 |          0 |          0 |       0 |    0 |      0 |      0 |      0 |    0 |          1 |
|       mul_list_6_8         |  SignedMultiplierInt8__xdcDup__323 |          0 |          0 |       0 |    0 |      0 |      0 |      0 |    0 |          1 |
|       mul_list_6_9         |  SignedMultiplierInt8__xdcDup__324 |          0 |          0 |       0 |    0 |      0 |      0 |      0 |    0 |          1 |
|       mul_list_7_0         |  SignedMultiplierInt8__xdcDup__325 |          0 |          0 |       0 |    0 |      0 |      0 |      0 |    0 |          1 |
|       mul_list_7_1         |  SignedMultiplierInt8__xdcDup__326 |          0 |          0 |       0 |    0 |      0 |      0 |      0 |    0 |          1 |
|       mul_list_7_10        |  SignedMultiplierInt8__xdcDup__327 |          0 |          0 |       0 |    0 |      0 |      0 |      0 |    0 |          1 |
|       mul_list_7_11        |  SignedMultiplierInt8__xdcDup__328 |          0 |          0 |       0 |    0 |      0 |      0 |      0 |    0 |          1 |
|       mul_list_7_12        |  SignedMultiplierInt8__xdcDup__329 |          0 |          0 |       0 |    0 |      0 |      0 |      0 |    0 |          1 |
|       mul_list_7_13        |  SignedMultiplierInt8__xdcDup__330 |          0 |          0 |       0 |    0 |      0 |      0 |      0 |    0 |          1 |
|       mul_list_7_14        |  SignedMultiplierInt8__xdcDup__331 |          0 |          0 |       0 |    0 |      0 |      0 |      0 |    0 |          1 |
|       mul_list_7_15        |  SignedMultiplierInt8__xdcDup__332 |          0 |          0 |       0 |    0 |      0 |      0 |      0 |    0 |          1 |
|       mul_list_7_16        |  SignedMultiplierInt8__xdcDup__333 |          0 |          0 |       0 |    0 |      0 |      0 |      0 |    0 |          1 |
|       mul_list_7_17        |  SignedMultiplierInt8__xdcDup__334 |          0 |          0 |       0 |    0 |      0 |      0 |      0 |    0 |          1 |
|       mul_list_7_18        |  SignedMultiplierInt8__xdcDup__335 |          0 |          0 |       0 |    0 |      0 |      0 |      0 |    0 |          1 |
|       mul_list_7_19        |  SignedMultiplierInt8__xdcDup__336 |          0 |          0 |       0 |    0 |      0 |      0 |      0 |    0 |          1 |
|       mul_list_7_2         |  SignedMultiplierInt8__xdcDup__337 |          0 |          0 |       0 |    0 |      0 |      0 |      0 |    0 |          1 |
|       mul_list_7_20        |  SignedMultiplierInt8__xdcDup__338 |          0 |          0 |       0 |    0 |      0 |      0 |      0 |    0 |          1 |
|       mul_list_7_21        |  SignedMultiplierInt8__xdcDup__339 |          0 |          0 |       0 |    0 |      0 |      0 |      0 |    0 |          1 |
|       mul_list_7_22        |  SignedMultiplierInt8__xdcDup__340 |          0 |          0 |       0 |    0 |      0 |      0 |      0 |    0 |          1 |
|       mul_list_7_23        |  SignedMultiplierInt8__xdcDup__341 |          0 |          0 |       0 |    0 |      0 |      0 |      0 |    0 |          1 |
|       mul_list_7_24        |  SignedMultiplierInt8__xdcDup__342 |          0 |          0 |       0 |    0 |      0 |      0 |      0 |    0 |          1 |
|       mul_list_7_25        |  SignedMultiplierInt8__xdcDup__343 |          0 |          0 |       0 |    0 |      0 |      0 |      0 |    0 |          1 |
|       mul_list_7_26        |  SignedMultiplierInt8__xdcDup__344 |          0 |          0 |       0 |    0 |      0 |      0 |      0 |    0 |          1 |
|       mul_list_7_27        |  SignedMultiplierInt8__xdcDup__345 |          0 |          0 |       0 |    0 |      0 |      0 |      0 |    0 |          1 |
|       mul_list_7_28        |  SignedMultiplierInt8__xdcDup__346 |          0 |          0 |       0 |    0 |      0 |      0 |      0 |    0 |          1 |
|       mul_list_7_29        |  SignedMultiplierInt8__xdcDup__347 |          0 |          0 |       0 |    0 |      0 |      0 |      0 |    0 |          1 |
|       mul_list_7_3         |  SignedMultiplierInt8__xdcDup__348 |          0 |          0 |       0 |    0 |      0 |      0 |      0 |    0 |          1 |
|       mul_list_7_30        |  SignedMultiplierInt8__xdcDup__349 |          0 |          0 |       0 |    0 |      0 |      0 |      0 |    0 |          1 |
|       mul_list_7_31        |  SignedMultiplierInt8__xdcDup__350 |          0 |          0 |       0 |    0 |      0 |      0 |      0 |    0 |          1 |
|       mul_list_7_32        |  SignedMultiplierInt8__xdcDup__351 |          0 |          0 |       0 |    0 |      0 |      0 |      0 |    0 |          1 |
|       mul_list_7_33        |  SignedMultiplierInt8__xdcDup__352 |          0 |          0 |       0 |    0 |      0 |      0 |      0 |    0 |          1 |
|       mul_list_7_34        |  SignedMultiplierInt8__xdcDup__353 |          0 |          0 |       0 |    0 |      0 |      0 |      0 |    0 |          1 |
|       mul_list_7_35        |  SignedMultiplierInt8__xdcDup__354 |          0 |          0 |       0 |    0 |      0 |      0 |      0 |    0 |          1 |
|       mul_list_7_4         |  SignedMultiplierInt8__xdcDup__355 |          0 |          0 |       0 |    0 |      0 |      0 |      0 |    0 |          1 |
|       mul_list_7_5         |  SignedMultiplierInt8__xdcDup__356 |          0 |          0 |       0 |    0 |      0 |      0 |      0 |    0 |          1 |
|       mul_list_7_6         |  SignedMultiplierInt8__xdcDup__357 |          0 |          0 |       0 |    0 |      0 |      0 |      0 |    0 |          1 |
|       mul_list_7_7         |  SignedMultiplierInt8__xdcDup__358 |          0 |          0 |       0 |    0 |      0 |      0 |      0 |    0 |          1 |
|       mul_list_7_8         |  SignedMultiplierInt8__xdcDup__359 |          0 |          0 |       0 |    0 |      0 |      0 |      0 |    0 |          1 |
|       mul_list_7_9         |  SignedMultiplierInt8__xdcDup__360 |          0 |          0 |       0 |    0 |      0 |      0 |      0 |    0 |          1 |
|       mul_list_8_0         |  SignedMultiplierInt8__xdcDup__361 |          0 |          0 |       0 |    0 |      0 |      0 |      0 |    0 |          1 |
|       mul_list_8_1         |  SignedMultiplierInt8__xdcDup__362 |          0 |          0 |       0 |    0 |      0 |      0 |      0 |    0 |          1 |
|       mul_list_8_10        |  SignedMultiplierInt8__xdcDup__363 |          0 |          0 |       0 |    0 |      0 |      0 |      0 |    0 |          1 |
|       mul_list_8_11        |  SignedMultiplierInt8__xdcDup__364 |          0 |          0 |       0 |    0 |      0 |      0 |      0 |    0 |          1 |
|       mul_list_8_12        |  SignedMultiplierInt8__xdcDup__365 |          0 |          0 |       0 |    0 |      0 |      0 |      0 |    0 |          1 |
|       mul_list_8_13        |  SignedMultiplierInt8__xdcDup__366 |          0 |          0 |       0 |    0 |      0 |      0 |      0 |    0 |          1 |
|       mul_list_8_14        |  SignedMultiplierInt8__xdcDup__367 |          0 |          0 |       0 |    0 |      0 |      0 |      0 |    0 |          1 |
|       mul_list_8_15        |  SignedMultiplierInt8__xdcDup__368 |          0 |          0 |       0 |    0 |      0 |      0 |      0 |    0 |          1 |
|       mul_list_8_16        |  SignedMultiplierInt8__xdcDup__369 |          0 |          0 |       0 |    0 |      0 |      0 |      0 |    0 |          1 |
|       mul_list_8_17        |  SignedMultiplierInt8__xdcDup__370 |          0 |          0 |       0 |    0 |      0 |      0 |      0 |    0 |          1 |
|       mul_list_8_18        |  SignedMultiplierInt8__xdcDup__371 |          0 |          0 |       0 |    0 |      0 |      0 |      0 |    0 |          1 |
|       mul_list_8_19        |  SignedMultiplierInt8__xdcDup__372 |          0 |          0 |       0 |    0 |      0 |      0 |      0 |    0 |          1 |
|       mul_list_8_2         |  SignedMultiplierInt8__xdcDup__373 |          0 |          0 |       0 |    0 |      0 |      0 |      0 |    0 |          1 |
|       mul_list_8_20        |  SignedMultiplierInt8__xdcDup__374 |          0 |          0 |       0 |    0 |      0 |      0 |      0 |    0 |          1 |
|       mul_list_8_21        |  SignedMultiplierInt8__xdcDup__375 |          0 |          0 |       0 |    0 |      0 |      0 |      0 |    0 |          1 |
|       mul_list_8_22        |  SignedMultiplierInt8__xdcDup__376 |          0 |          0 |       0 |    0 |      0 |      0 |      0 |    0 |          1 |
|       mul_list_8_23        |  SignedMultiplierInt8__xdcDup__377 |          0 |          0 |       0 |    0 |      0 |      0 |      0 |    0 |          1 |
|       mul_list_8_24        |  SignedMultiplierInt8__xdcDup__378 |          0 |          0 |       0 |    0 |      0 |      0 |      0 |    0 |          1 |
|       mul_list_8_25        |  SignedMultiplierInt8__xdcDup__379 |          0 |          0 |       0 |    0 |      0 |      0 |      0 |    0 |          1 |
|       mul_list_8_26        |  SignedMultiplierInt8__xdcDup__380 |          0 |          0 |       0 |    0 |      0 |      0 |      0 |    0 |          1 |
|       mul_list_8_27        |  SignedMultiplierInt8__xdcDup__381 |          0 |          0 |       0 |    0 |      0 |      0 |      0 |    0 |          1 |
|       mul_list_8_28        |  SignedMultiplierInt8__xdcDup__382 |          0 |          0 |       0 |    0 |      0 |      0 |      0 |    0 |          1 |
|       mul_list_8_29        |  SignedMultiplierInt8__xdcDup__383 |          0 |          0 |       0 |    0 |      0 |      0 |      0 |    0 |          1 |
|       mul_list_8_3         |  SignedMultiplierInt8__xdcDup__384 |          0 |          0 |       0 |    0 |      0 |      0 |      0 |    0 |          1 |
|       mul_list_8_30        |  SignedMultiplierInt8__xdcDup__385 |          0 |          0 |       0 |    0 |      0 |      0 |      0 |    0 |          1 |
|       mul_list_8_31        |  SignedMultiplierInt8__xdcDup__386 |          0 |          0 |       0 |    0 |      0 |      0 |      0 |    0 |          1 |
|       mul_list_8_32        |  SignedMultiplierInt8__xdcDup__387 |          0 |          0 |       0 |    0 |      0 |      0 |      0 |    0 |          1 |
|       mul_list_8_33        |  SignedMultiplierInt8__xdcDup__388 |          0 |          0 |       0 |    0 |      0 |      0 |      0 |    0 |          1 |
|       mul_list_8_34        |  SignedMultiplierInt8__xdcDup__389 |          0 |          0 |       0 |    0 |      0 |      0 |      0 |    0 |          1 |
|       mul_list_8_35        |  SignedMultiplierInt8__xdcDup__390 |          0 |          0 |       0 |    0 |      0 |      0 |      0 |    0 |          1 |
|       mul_list_8_4         |  SignedMultiplierInt8__xdcDup__391 |          0 |          0 |       0 |    0 |      0 |      0 |      0 |    0 |          1 |
|       mul_list_8_5         |  SignedMultiplierInt8__xdcDup__392 |          0 |          0 |       0 |    0 |      0 |      0 |      0 |    0 |          1 |
|       mul_list_8_6         |  SignedMultiplierInt8__xdcDup__393 |          0 |          0 |       0 |    0 |      0 |      0 |      0 |    0 |          1 |
|       mul_list_8_7         |  SignedMultiplierInt8__xdcDup__394 |          0 |          0 |       0 |    0 |      0 |      0 |      0 |    0 |          1 |
|       mul_list_8_8         |  SignedMultiplierInt8__xdcDup__395 |          0 |          0 |       0 |    0 |      0 |      0 |      0 |    0 |          1 |
|       mul_list_8_9         |  SignedMultiplierInt8__xdcDup__396 |          0 |          0 |       0 |    0 |      0 |      0 |      0 |    0 |          1 |
|       mul_list_9_0         |  SignedMultiplierInt8__xdcDup__397 |          0 |          0 |       0 |    0 |      0 |      0 |      0 |    0 |          1 |
|       mul_list_9_1         |  SignedMultiplierInt8__xdcDup__398 |          0 |          0 |       0 |    0 |      0 |      0 |      0 |    0 |          1 |
|       mul_list_9_10        |  SignedMultiplierInt8__xdcDup__399 |          0 |          0 |       0 |    0 |      0 |      0 |      0 |    0 |          1 |
|       mul_list_9_11        |  SignedMultiplierInt8__xdcDup__400 |          0 |          0 |       0 |    0 |      0 |      0 |      0 |    0 |          1 |
|       mul_list_9_12        |  SignedMultiplierInt8__xdcDup__401 |          0 |          0 |       0 |    0 |      0 |      0 |      0 |    0 |          1 |
|       mul_list_9_13        |  SignedMultiplierInt8__xdcDup__402 |          0 |          0 |       0 |    0 |      0 |      0 |      0 |    0 |          1 |
|       mul_list_9_14        |  SignedMultiplierInt8__xdcDup__403 |          0 |          0 |       0 |    0 |      0 |      0 |      0 |    0 |          1 |
|       mul_list_9_15        |  SignedMultiplierInt8__xdcDup__404 |          0 |          0 |       0 |    0 |      0 |      0 |      0 |    0 |          1 |
|       mul_list_9_16        |  SignedMultiplierInt8__xdcDup__405 |          0 |          0 |       0 |    0 |      0 |      0 |      0 |    0 |          1 |
|       mul_list_9_17        |  SignedMultiplierInt8__xdcDup__406 |          0 |          0 |       0 |    0 |      0 |      0 |      0 |    0 |          1 |
|       mul_list_9_18        |  SignedMultiplierInt8__xdcDup__407 |          0 |          0 |       0 |    0 |      0 |      0 |      0 |    0 |          1 |
|       mul_list_9_19        |  SignedMultiplierInt8__xdcDup__408 |          0 |          0 |       0 |    0 |      0 |      0 |      0 |    0 |          1 |
|       mul_list_9_2         |  SignedMultiplierInt8__xdcDup__409 |          0 |          0 |       0 |    0 |      0 |      0 |      0 |    0 |          1 |
|       mul_list_9_20        |  SignedMultiplierInt8__xdcDup__410 |          0 |          0 |       0 |    0 |      0 |      0 |      0 |    0 |          1 |
|       mul_list_9_21        |  SignedMultiplierInt8__xdcDup__411 |          0 |          0 |       0 |    0 |      0 |      0 |      0 |    0 |          1 |
|       mul_list_9_22        |  SignedMultiplierInt8__xdcDup__412 |          0 |          0 |       0 |    0 |      0 |      0 |      0 |    0 |          1 |
|       mul_list_9_23        |  SignedMultiplierInt8__xdcDup__413 |          0 |          0 |       0 |    0 |      0 |      0 |      0 |    0 |          1 |
|       mul_list_9_24        |  SignedMultiplierInt8__xdcDup__414 |          0 |          0 |       0 |    0 |      0 |      0 |      0 |    0 |          1 |
|       mul_list_9_25        |  SignedMultiplierInt8__xdcDup__415 |          0 |          0 |       0 |    0 |      0 |      0 |      0 |    0 |          1 |
|       mul_list_9_26        |  SignedMultiplierInt8__xdcDup__416 |          0 |          0 |       0 |    0 |      0 |      0 |      0 |    0 |          1 |
|       mul_list_9_27        |  SignedMultiplierInt8__xdcDup__417 |          0 |          0 |       0 |    0 |      0 |      0 |      0 |    0 |          1 |
|       mul_list_9_28        |  SignedMultiplierInt8__xdcDup__418 |          0 |          0 |       0 |    0 |      0 |      0 |      0 |    0 |          1 |
|       mul_list_9_29        |  SignedMultiplierInt8__xdcDup__419 |          0 |          0 |       0 |    0 |      0 |      0 |      0 |    0 |          1 |
|       mul_list_9_3         |  SignedMultiplierInt8__xdcDup__420 |          0 |          0 |       0 |    0 |      0 |      0 |      0 |    0 |          1 |
|       mul_list_9_30        |  SignedMultiplierInt8__xdcDup__421 |          0 |          0 |       0 |    0 |      0 |      0 |      0 |    0 |          1 |
|       mul_list_9_31        |  SignedMultiplierInt8__xdcDup__422 |          0 |          0 |       0 |    0 |      0 |      0 |      0 |    0 |          1 |
|       mul_list_9_32        |  SignedMultiplierInt8__xdcDup__423 |          0 |          0 |       0 |    0 |      0 |      0 |      0 |    0 |          1 |
|       mul_list_9_33        |  SignedMultiplierInt8__xdcDup__424 |          0 |          0 |       0 |    0 |      0 |      0 |      0 |    0 |          1 |
|       mul_list_9_34        |  SignedMultiplierInt8__xdcDup__425 |          0 |          0 |       0 |    0 |      0 |      0 |      0 |    0 |          1 |
|       mul_list_9_35        |  SignedMultiplierInt8__xdcDup__426 |          0 |          0 |       0 |    0 |      0 |      0 |      0 |    0 |          1 |
|       mul_list_9_4         |  SignedMultiplierInt8__xdcDup__427 |          0 |          0 |       0 |    0 |      0 |      0 |      0 |    0 |          1 |
|       mul_list_9_5         |  SignedMultiplierInt8__xdcDup__428 |          0 |          0 |       0 |    0 |      0 |      0 |      0 |    0 |          1 |
|       mul_list_9_6         |  SignedMultiplierInt8__xdcDup__429 |          0 |          0 |       0 |    0 |      0 |      0 |      0 |    0 |          1 |
|       mul_list_9_7         |  SignedMultiplierInt8__xdcDup__430 |          0 |          0 |       0 |    0 |      0 |      0 |      0 |    0 |          1 |
|       mul_list_9_8         |  SignedMultiplierInt8__xdcDup__431 |          0 |          0 |       0 |    0 |      0 |      0 |      0 |    0 |          1 |
|       mul_list_9_9         |  SignedMultiplierInt8__xdcDup__432 |          0 |          0 |       0 |    0 |      0 |      0 |      0 |    0 |          1 |
|       psum_last_pipreg     |                       PipReg_2__11 |          0 |          0 |       0 |    0 |      7 |      0 |      0 |    0 |          0 |
|       psum_valid_pipreg    |                       PipReg_2__12 |          0 |          0 |       0 |    0 |      7 |      0 |      0 |    0 |          0 |
|       res_valid_pipreg     |                           PipReg_6 |          1 |          1 |       0 |    0 |      1 |      0 |      0 |    0 |          0 |
|       toFp                 |                   Int32VecToFp32_1 |       9564 |       9564 |       0 |    0 |      0 |      0 |      0 |    0 |         24 |
|     lu_inst                |                         LoadUnit_5 |         24 |         24 |       0 |    0 |     27 |      0 |      0 |    0 |          0 |
|     lw_inst                |                       LoadWeight_4 |       1563 |       1563 |       0 |    0 |     28 |      0 |      0 |   68 |          1 |
|       (lw_inst)            |                       LoadWeight_4 |         31 |         31 |       0 |    0 |     21 |      0 |      0 |    0 |          1 |
|       weight_mem           |             WeightMem_2__xdcDup__1 |       1532 |       1532 |       0 |    0 |      7 |      0 |      0 |   68 |          0 |
|     mem_inst               |                 DataMem__xdcDup__1 |         64 |         64 |       0 |    0 |      8 |     10 |      2 |    0 |          0 |
|       (mem_inst)           |                 DataMem__xdcDup__1 |         58 |         58 |       0 |    0 |      8 |      0 |      0 |    0 |          0 |
|       mem0_ext             |             mem_2048x96__xdcDup__1 |          3 |          3 |       0 |    0 |      0 |      5 |      1 |    0 |          0 |
|       mem1_ext             |             mem_2048x96__xdcDup__2 |          3 |          3 |       0 |    0 |      0 |      5 |      1 |    0 |          0 |
|     su_inst                |                    StoreUnitFP32_2 |         21 |         21 |       0 |    0 |    416 |      0 |      0 |    0 |          0 |
|   ffnup                    |                              FFNUp |     124772 |     124767 |       0 |    5 | 115705 |     10 |      2 |   68 |        457 |
|     (ffnup)                |                              FFNUp |       7105 |       7105 |       0 |    0 |  24588 |      0 |      0 |    0 |          0 |
|     cu_inst                |                 CUQuant__xdcDup__1 |     115997 |     115992 |       0 |    5 |  90927 |      0 |      0 |    0 |        456 |
|       (cu_inst)            |                 CUQuant__xdcDup__1 |      97470 |      97470 |       0 |    0 |  83027 |      0 |      0 |    0 |          0 |
|       addTreeList_0        |                SignedAddTree32__89 |        184 |        184 |       0 |    0 |    213 |      0 |      0 |    0 |          0 |
|       addTreeList_1        |                SignedAddTree32__97 |        184 |        184 |       0 |    0 |    213 |      0 |      0 |    0 |          0 |
|       addTreeList_10       |               SignedAddTree32__101 |        184 |        184 |       0 |    0 |    213 |      0 |      0 |    0 |          0 |
|       addTreeList_11       |                SignedAddTree32__83 |        184 |        184 |       0 |    0 |    213 |      0 |      0 |    0 |          0 |
|       addTreeList_12       |               SignedAddTree32__104 |        184 |        184 |       0 |    0 |    213 |      0 |      0 |    0 |          0 |
|       addTreeList_13       |               SignedAddTree32__102 |        184 |        184 |       0 |    0 |    213 |      0 |      0 |    0 |          0 |
|       addTreeList_14       |                SignedAddTree32__96 |        184 |        184 |       0 |    0 |    213 |      0 |      0 |    0 |          0 |
|       addTreeList_15       |                SignedAddTree32__98 |        184 |        184 |       0 |    0 |    213 |      0 |      0 |    0 |          0 |
|       addTreeList_16       |               SignedAddTree32__105 |        184 |        184 |       0 |    0 |    213 |      0 |      0 |    0 |          0 |
|       addTreeList_17       |                SignedAddTree32__82 |        184 |        184 |       0 |    0 |    213 |      0 |      0 |    0 |          0 |
|       addTreeList_18       |               SignedAddTree32__106 |        184 |        184 |       0 |    0 |    213 |      0 |      0 |    0 |          0 |
|       addTreeList_19       |                SignedAddTree32__93 |        184 |        184 |       0 |    0 |    213 |      0 |      0 |    0 |          0 |
|       addTreeList_2        |                SignedAddTree32__88 |        184 |        184 |       0 |    0 |    213 |      0 |      0 |    0 |          0 |
|       addTreeList_20       |                SignedAddTree32__81 |        184 |        184 |       0 |    0 |    213 |      0 |      0 |    0 |          0 |
|       addTreeList_21       |                SignedAddTree32__80 |        184 |        184 |       0 |    0 |    213 |      0 |      0 |    0 |          0 |
|       addTreeList_22       |                SignedAddTree32__94 |        184 |        184 |       0 |    0 |    213 |      0 |      0 |    0 |          0 |
|       addTreeList_23       |               SignedAddTree32__107 |        184 |        184 |       0 |    0 |    213 |      0 |      0 |    0 |          0 |
|       addTreeList_24       |                SignedAddTree32__99 |        184 |        184 |       0 |    0 |    213 |      0 |      0 |    0 |          0 |
|       addTreeList_25       |                SignedAddTree32__79 |        184 |        184 |       0 |    0 |    213 |      0 |      0 |    0 |          0 |
|       addTreeList_26       |                SignedAddTree32__95 |        184 |        184 |       0 |    0 |    213 |      0 |      0 |    0 |          0 |
|       addTreeList_27       |               SignedAddTree32__103 |        184 |        184 |       0 |    0 |    213 |      0 |      0 |    0 |          0 |
|       addTreeList_28       |                SignedAddTree32__78 |        184 |        184 |       0 |    0 |    213 |      0 |      0 |    0 |          0 |
|       addTreeList_29       |                SignedAddTree32__77 |        184 |        184 |       0 |    0 |    213 |      0 |      0 |    0 |          0 |
|       addTreeList_3        |                SignedAddTree32__87 |        184 |        184 |       0 |    0 |    213 |      0 |      0 |    0 |          0 |
|       addTreeList_30       |                SignedAddTree32__76 |        184 |        184 |       0 |    0 |    213 |      0 |      0 |    0 |          0 |
|       addTreeList_31       |               SignedAddTree32__108 |        184 |        184 |       0 |    0 |    213 |      0 |      0 |    0 |          0 |
|       addTreeList_32       |                SignedAddTree32__75 |        184 |        184 |       0 |    0 |    213 |      0 |      0 |    0 |          0 |
|       addTreeList_33       |               SignedAddTree32__100 |        184 |        184 |       0 |    0 |    213 |      0 |      0 |    0 |          0 |
|       addTreeList_34       |                SignedAddTree32__74 |        184 |        184 |       0 |    0 |    213 |      0 |      0 |    0 |          0 |
|       addTreeList_35       |               SignedAddTree32__109 |        184 |        184 |       0 |    0 |    213 |      0 |      0 |    0 |          0 |
|       addTreeList_4        |                SignedAddTree32__86 |        184 |        184 |       0 |    0 |    213 |      0 |      0 |    0 |          0 |
|       addTreeList_5        |                SignedAddTree32__85 |        184 |        184 |       0 |    0 |    213 |      0 |      0 |    0 |          0 |
|       addTreeList_6        |                SignedAddTree32__90 |        184 |        184 |       0 |    0 |    213 |      0 |      0 |    0 |          0 |
|       addTreeList_7        |                SignedAddTree32__91 |        184 |        184 |       0 |    0 |    213 |      0 |      0 |    0 |          0 |
|       addTreeList_8        |                SignedAddTree32__84 |        184 |        184 |       0 |    0 |    213 |      0 |      0 |    0 |          0 |
|       addTreeList_9        |                SignedAddTree32__92 |        184 |        184 |       0 |    0 |    213 |      0 |      0 |    0 |          0 |
|       batchsizelast_pipreg |                        PipReg_1__4 |          0 |          0 |       0 |    0 |      2 |      0 |      0 |    0 |          0 |
|       block_first_pipreg   |                        PipReg_2__9 |          0 |          0 |       0 |    0 |      7 |      0 |      0 |    0 |          0 |
|       cnt_batchsize_pipreg |                        PipReg_3__4 |         10 |          5 |       0 |    5 |     16 |      0 |      0 |    0 |          0 |
|       indata_pipreg        |                          PipReg__4 |          0 |          0 |       0 |    0 |    192 |      0 |      0 |    0 |          0 |
|       mul_list_0_0         |  SignedMultiplierInt8__xdcDup__433 |          0 |          0 |       0 |    0 |      0 |      0 |      0 |    0 |          1 |
|       mul_list_0_1         |  SignedMultiplierInt8__xdcDup__434 |          0 |          0 |       0 |    0 |      0 |      0 |      0 |    0 |          1 |
|       mul_list_0_10        |  SignedMultiplierInt8__xdcDup__435 |          0 |          0 |       0 |    0 |      0 |      0 |      0 |    0 |          1 |
|       mul_list_0_11        |  SignedMultiplierInt8__xdcDup__436 |          0 |          0 |       0 |    0 |      0 |      0 |      0 |    0 |          1 |
|       mul_list_0_12        |  SignedMultiplierInt8__xdcDup__437 |          0 |          0 |       0 |    0 |      0 |      0 |      0 |    0 |          1 |
|       mul_list_0_13        |  SignedMultiplierInt8__xdcDup__438 |          0 |          0 |       0 |    0 |      0 |      0 |      0 |    0 |          1 |
|       mul_list_0_14        |  SignedMultiplierInt8__xdcDup__439 |          0 |          0 |       0 |    0 |      0 |      0 |      0 |    0 |          1 |
|       mul_list_0_15        |  SignedMultiplierInt8__xdcDup__440 |          0 |          0 |       0 |    0 |      0 |      0 |      0 |    0 |          1 |
|       mul_list_0_16        |  SignedMultiplierInt8__xdcDup__441 |          0 |          0 |       0 |    0 |      0 |      0 |      0 |    0 |          1 |
|       mul_list_0_17        |  SignedMultiplierInt8__xdcDup__442 |          0 |          0 |       0 |    0 |      0 |      0 |      0 |    0 |          1 |
|       mul_list_0_18        |  SignedMultiplierInt8__xdcDup__443 |          0 |          0 |       0 |    0 |      0 |      0 |      0 |    0 |          1 |
|       mul_list_0_19        |  SignedMultiplierInt8__xdcDup__444 |          0 |          0 |       0 |    0 |      0 |      0 |      0 |    0 |          1 |
|       mul_list_0_2         |  SignedMultiplierInt8__xdcDup__445 |          0 |          0 |       0 |    0 |      0 |      0 |      0 |    0 |          1 |
|       mul_list_0_20        |  SignedMultiplierInt8__xdcDup__446 |          0 |          0 |       0 |    0 |      0 |      0 |      0 |    0 |          1 |
|       mul_list_0_21        |  SignedMultiplierInt8__xdcDup__447 |          0 |          0 |       0 |    0 |      0 |      0 |      0 |    0 |          1 |
|       mul_list_0_22        |  SignedMultiplierInt8__xdcDup__448 |          0 |          0 |       0 |    0 |      0 |      0 |      0 |    0 |          1 |
|       mul_list_0_23        |  SignedMultiplierInt8__xdcDup__449 |          0 |          0 |       0 |    0 |      0 |      0 |      0 |    0 |          1 |
|       mul_list_0_24        |  SignedMultiplierInt8__xdcDup__450 |          0 |          0 |       0 |    0 |      0 |      0 |      0 |    0 |          1 |
|       mul_list_0_25        |  SignedMultiplierInt8__xdcDup__451 |          0 |          0 |       0 |    0 |      0 |      0 |      0 |    0 |          1 |
|       mul_list_0_26        |  SignedMultiplierInt8__xdcDup__452 |          0 |          0 |       0 |    0 |      0 |      0 |      0 |    0 |          1 |
|       mul_list_0_27        |  SignedMultiplierInt8__xdcDup__453 |          0 |          0 |       0 |    0 |      0 |      0 |      0 |    0 |          1 |
|       mul_list_0_28        |  SignedMultiplierInt8__xdcDup__454 |          0 |          0 |       0 |    0 |      0 |      0 |      0 |    0 |          1 |
|       mul_list_0_29        |  SignedMultiplierInt8__xdcDup__455 |          0 |          0 |       0 |    0 |      0 |      0 |      0 |    0 |          1 |
|       mul_list_0_3         |  SignedMultiplierInt8__xdcDup__456 |          0 |          0 |       0 |    0 |      0 |      0 |      0 |    0 |          1 |
|       mul_list_0_30        |  SignedMultiplierInt8__xdcDup__457 |          0 |          0 |       0 |    0 |      0 |      0 |      0 |    0 |          1 |
|       mul_list_0_31        |  SignedMultiplierInt8__xdcDup__458 |          0 |          0 |       0 |    0 |      0 |      0 |      0 |    0 |          1 |
|       mul_list_0_32        |  SignedMultiplierInt8__xdcDup__459 |          0 |          0 |       0 |    0 |      0 |      0 |      0 |    0 |          1 |
|       mul_list_0_33        |  SignedMultiplierInt8__xdcDup__460 |          0 |          0 |       0 |    0 |      0 |      0 |      0 |    0 |          1 |
|       mul_list_0_34        |  SignedMultiplierInt8__xdcDup__461 |          0 |          0 |       0 |    0 |      0 |      0 |      0 |    0 |          1 |
|       mul_list_0_35        |  SignedMultiplierInt8__xdcDup__462 |          0 |          0 |       0 |    0 |      0 |      0 |      0 |    0 |          1 |
|       mul_list_0_4         |  SignedMultiplierInt8__xdcDup__463 |          0 |          0 |       0 |    0 |      0 |      0 |      0 |    0 |          1 |
|       mul_list_0_5         |  SignedMultiplierInt8__xdcDup__464 |          0 |          0 |       0 |    0 |      0 |      0 |      0 |    0 |          1 |
|       mul_list_0_6         |  SignedMultiplierInt8__xdcDup__465 |          0 |          0 |       0 |    0 |      0 |      0 |      0 |    0 |          1 |
|       mul_list_0_7         |  SignedMultiplierInt8__xdcDup__466 |          0 |          0 |       0 |    0 |      0 |      0 |      0 |    0 |          1 |
|       mul_list_0_8         |  SignedMultiplierInt8__xdcDup__467 |          0 |          0 |       0 |    0 |      0 |      0 |      0 |    0 |          1 |
|       mul_list_0_9         |  SignedMultiplierInt8__xdcDup__468 |          0 |          0 |       0 |    0 |      0 |      0 |      0 |    0 |          1 |
|       mul_list_10_0        |  SignedMultiplierInt8__xdcDup__469 |          0 |          0 |       0 |    0 |      0 |      0 |      0 |    0 |          1 |
|       mul_list_10_1        |  SignedMultiplierInt8__xdcDup__470 |          0 |          0 |       0 |    0 |      0 |      0 |      0 |    0 |          1 |
|       mul_list_10_10       |  SignedMultiplierInt8__xdcDup__471 |          0 |          0 |       0 |    0 |      0 |      0 |      0 |    0 |          1 |
|       mul_list_10_11       |  SignedMultiplierInt8__xdcDup__472 |          0 |          0 |       0 |    0 |      0 |      0 |      0 |    0 |          1 |
|       mul_list_10_12       |  SignedMultiplierInt8__xdcDup__473 |          0 |          0 |       0 |    0 |      0 |      0 |      0 |    0 |          1 |
|       mul_list_10_13       |  SignedMultiplierInt8__xdcDup__474 |          0 |          0 |       0 |    0 |      0 |      0 |      0 |    0 |          1 |
|       mul_list_10_14       |  SignedMultiplierInt8__xdcDup__475 |          0 |          0 |       0 |    0 |      0 |      0 |      0 |    0 |          1 |
|       mul_list_10_15       |  SignedMultiplierInt8__xdcDup__476 |          0 |          0 |       0 |    0 |      0 |      0 |      0 |    0 |          1 |
|       mul_list_10_16       |  SignedMultiplierInt8__xdcDup__477 |          0 |          0 |       0 |    0 |      0 |      0 |      0 |    0 |          1 |
|       mul_list_10_17       |  SignedMultiplierInt8__xdcDup__478 |          0 |          0 |       0 |    0 |      0 |      0 |      0 |    0 |          1 |
|       mul_list_10_18       |  SignedMultiplierInt8__xdcDup__479 |          0 |          0 |       0 |    0 |      0 |      0 |      0 |    0 |          1 |
|       mul_list_10_19       |  SignedMultiplierInt8__xdcDup__480 |          0 |          0 |       0 |    0 |      0 |      0 |      0 |    0 |          1 |
|       mul_list_10_2        |  SignedMultiplierInt8__xdcDup__481 |          0 |          0 |       0 |    0 |      0 |      0 |      0 |    0 |          1 |
|       mul_list_10_20       |  SignedMultiplierInt8__xdcDup__482 |          0 |          0 |       0 |    0 |      0 |      0 |      0 |    0 |          1 |
|       mul_list_10_21       |  SignedMultiplierInt8__xdcDup__483 |          0 |          0 |       0 |    0 |      0 |      0 |      0 |    0 |          1 |
|       mul_list_10_22       |  SignedMultiplierInt8__xdcDup__484 |          0 |          0 |       0 |    0 |      0 |      0 |      0 |    0 |          1 |
|       mul_list_10_23       |  SignedMultiplierInt8__xdcDup__485 |          0 |          0 |       0 |    0 |      0 |      0 |      0 |    0 |          1 |
|       mul_list_10_24       |  SignedMultiplierInt8__xdcDup__486 |          0 |          0 |       0 |    0 |      0 |      0 |      0 |    0 |          1 |
|       mul_list_10_25       |  SignedMultiplierInt8__xdcDup__487 |          0 |          0 |       0 |    0 |      0 |      0 |      0 |    0 |          1 |
|       mul_list_10_26       |  SignedMultiplierInt8__xdcDup__488 |          0 |          0 |       0 |    0 |      0 |      0 |      0 |    0 |          1 |
|       mul_list_10_27       |  SignedMultiplierInt8__xdcDup__489 |          0 |          0 |       0 |    0 |      0 |      0 |      0 |    0 |          1 |
|       mul_list_10_28       |  SignedMultiplierInt8__xdcDup__490 |          0 |          0 |       0 |    0 |      0 |      0 |      0 |    0 |          1 |
|       mul_list_10_29       |  SignedMultiplierInt8__xdcDup__491 |          0 |          0 |       0 |    0 |      0 |      0 |      0 |    0 |          1 |
|       mul_list_10_3        |  SignedMultiplierInt8__xdcDup__492 |          0 |          0 |       0 |    0 |      0 |      0 |      0 |    0 |          1 |
|       mul_list_10_30       |  SignedMultiplierInt8__xdcDup__493 |          0 |          0 |       0 |    0 |      0 |      0 |      0 |    0 |          1 |
|       mul_list_10_31       |  SignedMultiplierInt8__xdcDup__494 |          0 |          0 |       0 |    0 |      0 |      0 |      0 |    0 |          1 |
|       mul_list_10_32       |  SignedMultiplierInt8__xdcDup__495 |          0 |          0 |       0 |    0 |      0 |      0 |      0 |    0 |          1 |
|       mul_list_10_33       |  SignedMultiplierInt8__xdcDup__496 |          0 |          0 |       0 |    0 |      0 |      0 |      0 |    0 |          1 |
|       mul_list_10_34       |  SignedMultiplierInt8__xdcDup__497 |          0 |          0 |       0 |    0 |      0 |      0 |      0 |    0 |          1 |
|       mul_list_10_35       |  SignedMultiplierInt8__xdcDup__498 |          0 |          0 |       0 |    0 |      0 |      0 |      0 |    0 |          1 |
|       mul_list_10_4        |  SignedMultiplierInt8__xdcDup__499 |          0 |          0 |       0 |    0 |      0 |      0 |      0 |    0 |          1 |
|       mul_list_10_5        |  SignedMultiplierInt8__xdcDup__500 |          0 |          0 |       0 |    0 |      0 |      0 |      0 |    0 |          1 |
|       mul_list_10_6        |  SignedMultiplierInt8__xdcDup__501 |          0 |          0 |       0 |    0 |      0 |      0 |      0 |    0 |          1 |
|       mul_list_10_7        |  SignedMultiplierInt8__xdcDup__502 |          0 |          0 |       0 |    0 |      0 |      0 |      0 |    0 |          1 |
|       mul_list_10_8        |  SignedMultiplierInt8__xdcDup__503 |          0 |          0 |       0 |    0 |      0 |      0 |      0 |    0 |          1 |
|       mul_list_10_9        |  SignedMultiplierInt8__xdcDup__504 |          0 |          0 |       0 |    0 |      0 |      0 |      0 |    0 |          1 |
|       mul_list_11_0        |  SignedMultiplierInt8__xdcDup__505 |          0 |          0 |       0 |    0 |      0 |      0 |      0 |    0 |          1 |
|       mul_list_11_1        |  SignedMultiplierInt8__xdcDup__506 |          0 |          0 |       0 |    0 |      0 |      0 |      0 |    0 |          1 |
|       mul_list_11_10       |  SignedMultiplierInt8__xdcDup__507 |          0 |          0 |       0 |    0 |      0 |      0 |      0 |    0 |          1 |
|       mul_list_11_11       |  SignedMultiplierInt8__xdcDup__508 |          0 |          0 |       0 |    0 |      0 |      0 |      0 |    0 |          1 |
|       mul_list_11_12       |  SignedMultiplierInt8__xdcDup__509 |          0 |          0 |       0 |    0 |      0 |      0 |      0 |    0 |          1 |
|       mul_list_11_13       |  SignedMultiplierInt8__xdcDup__510 |          0 |          0 |       0 |    0 |      0 |      0 |      0 |    0 |          1 |
|       mul_list_11_14       |  SignedMultiplierInt8__xdcDup__511 |          0 |          0 |       0 |    0 |      0 |      0 |      0 |    0 |          1 |
|       mul_list_11_15       |  SignedMultiplierInt8__xdcDup__512 |          0 |          0 |       0 |    0 |      0 |      0 |      0 |    0 |          1 |
|       mul_list_11_16       |  SignedMultiplierInt8__xdcDup__513 |          0 |          0 |       0 |    0 |      0 |      0 |      0 |    0 |          1 |
|       mul_list_11_17       |  SignedMultiplierInt8__xdcDup__514 |          0 |          0 |       0 |    0 |      0 |      0 |      0 |    0 |          1 |
|       mul_list_11_18       |  SignedMultiplierInt8__xdcDup__515 |          0 |          0 |       0 |    0 |      0 |      0 |      0 |    0 |          1 |
|       mul_list_11_19       |  SignedMultiplierInt8__xdcDup__516 |          0 |          0 |       0 |    0 |      0 |      0 |      0 |    0 |          1 |
|       mul_list_11_2        |  SignedMultiplierInt8__xdcDup__517 |          0 |          0 |       0 |    0 |      0 |      0 |      0 |    0 |          1 |
|       mul_list_11_20       |  SignedMultiplierInt8__xdcDup__518 |          0 |          0 |       0 |    0 |      0 |      0 |      0 |    0 |          1 |
|       mul_list_11_21       |  SignedMultiplierInt8__xdcDup__519 |          0 |          0 |       0 |    0 |      0 |      0 |      0 |    0 |          1 |
|       mul_list_11_22       |  SignedMultiplierInt8__xdcDup__520 |          0 |          0 |       0 |    0 |      0 |      0 |      0 |    0 |          1 |
|       mul_list_11_23       |  SignedMultiplierInt8__xdcDup__521 |          0 |          0 |       0 |    0 |      0 |      0 |      0 |    0 |          1 |
|       mul_list_11_24       |  SignedMultiplierInt8__xdcDup__522 |          0 |          0 |       0 |    0 |      0 |      0 |      0 |    0 |          1 |
|       mul_list_11_25       |  SignedMultiplierInt8__xdcDup__523 |          0 |          0 |       0 |    0 |      0 |      0 |      0 |    0 |          1 |
|       mul_list_11_26       |  SignedMultiplierInt8__xdcDup__524 |          0 |          0 |       0 |    0 |      0 |      0 |      0 |    0 |          1 |
|       mul_list_11_27       |  SignedMultiplierInt8__xdcDup__525 |          0 |          0 |       0 |    0 |      0 |      0 |      0 |    0 |          1 |
|       mul_list_11_28       |  SignedMultiplierInt8__xdcDup__526 |          0 |          0 |       0 |    0 |      0 |      0 |      0 |    0 |          1 |
|       mul_list_11_29       |  SignedMultiplierInt8__xdcDup__527 |          0 |          0 |       0 |    0 |      0 |      0 |      0 |    0 |          1 |
|       mul_list_11_3        |  SignedMultiplierInt8__xdcDup__528 |          0 |          0 |       0 |    0 |      0 |      0 |      0 |    0 |          1 |
|       mul_list_11_30       |  SignedMultiplierInt8__xdcDup__529 |          0 |          0 |       0 |    0 |      0 |      0 |      0 |    0 |          1 |
|       mul_list_11_31       |  SignedMultiplierInt8__xdcDup__530 |          0 |          0 |       0 |    0 |      0 |      0 |      0 |    0 |          1 |
|       mul_list_11_32       |  SignedMultiplierInt8__xdcDup__531 |          0 |          0 |       0 |    0 |      0 |      0 |      0 |    0 |          1 |
|       mul_list_11_33       |  SignedMultiplierInt8__xdcDup__532 |          0 |          0 |       0 |    0 |      0 |      0 |      0 |    0 |          1 |
|       mul_list_11_34       |  SignedMultiplierInt8__xdcDup__533 |          0 |          0 |       0 |    0 |      0 |      0 |      0 |    0 |          1 |
|       mul_list_11_35       |  SignedMultiplierInt8__xdcDup__534 |          0 |          0 |       0 |    0 |      0 |      0 |      0 |    0 |          1 |
|       mul_list_11_4        |  SignedMultiplierInt8__xdcDup__535 |          0 |          0 |       0 |    0 |      0 |      0 |      0 |    0 |          1 |
|       mul_list_11_5        |  SignedMultiplierInt8__xdcDup__536 |          0 |          0 |       0 |    0 |      0 |      0 |      0 |    0 |          1 |
|       mul_list_11_6        |  SignedMultiplierInt8__xdcDup__537 |          0 |          0 |       0 |    0 |      0 |      0 |      0 |    0 |          1 |
|       mul_list_11_7        |  SignedMultiplierInt8__xdcDup__538 |          0 |          0 |       0 |    0 |      0 |      0 |      0 |    0 |          1 |
|       mul_list_11_8        |  SignedMultiplierInt8__xdcDup__539 |          0 |          0 |       0 |    0 |      0 |      0 |      0 |    0 |          1 |
|       mul_list_11_9        |  SignedMultiplierInt8__xdcDup__540 |          0 |          0 |       0 |    0 |      0 |      0 |      0 |    0 |          1 |
|       mul_list_1_0         |  SignedMultiplierInt8__xdcDup__541 |          0 |          0 |       0 |    0 |      0 |      0 |      0 |    0 |          1 |
|       mul_list_1_1         |  SignedMultiplierInt8__xdcDup__542 |          0 |          0 |       0 |    0 |      0 |      0 |      0 |    0 |          1 |
|       mul_list_1_10        |  SignedMultiplierInt8__xdcDup__543 |          0 |          0 |       0 |    0 |      0 |      0 |      0 |    0 |          1 |
|       mul_list_1_11        |  SignedMultiplierInt8__xdcDup__544 |          0 |          0 |       0 |    0 |      0 |      0 |      0 |    0 |          1 |
|       mul_list_1_12        |  SignedMultiplierInt8__xdcDup__545 |          0 |          0 |       0 |    0 |      0 |      0 |      0 |    0 |          1 |
|       mul_list_1_13        |  SignedMultiplierInt8__xdcDup__546 |          0 |          0 |       0 |    0 |      0 |      0 |      0 |    0 |          1 |
|       mul_list_1_14        |  SignedMultiplierInt8__xdcDup__547 |          0 |          0 |       0 |    0 |      0 |      0 |      0 |    0 |          1 |
|       mul_list_1_15        |  SignedMultiplierInt8__xdcDup__548 |          0 |          0 |       0 |    0 |      0 |      0 |      0 |    0 |          1 |
|       mul_list_1_16        |  SignedMultiplierInt8__xdcDup__549 |          0 |          0 |       0 |    0 |      0 |      0 |      0 |    0 |          1 |
|       mul_list_1_17        |  SignedMultiplierInt8__xdcDup__550 |          0 |          0 |       0 |    0 |      0 |      0 |      0 |    0 |          1 |
|       mul_list_1_18        |  SignedMultiplierInt8__xdcDup__551 |          0 |          0 |       0 |    0 |      0 |      0 |      0 |    0 |          1 |
|       mul_list_1_19        |  SignedMultiplierInt8__xdcDup__552 |          0 |          0 |       0 |    0 |      0 |      0 |      0 |    0 |          1 |
|       mul_list_1_2         |  SignedMultiplierInt8__xdcDup__553 |          0 |          0 |       0 |    0 |      0 |      0 |      0 |    0 |          1 |
|       mul_list_1_20        |  SignedMultiplierInt8__xdcDup__554 |          0 |          0 |       0 |    0 |      0 |      0 |      0 |    0 |          1 |
|       mul_list_1_21        |  SignedMultiplierInt8__xdcDup__555 |          0 |          0 |       0 |    0 |      0 |      0 |      0 |    0 |          1 |
|       mul_list_1_22        |  SignedMultiplierInt8__xdcDup__556 |          0 |          0 |       0 |    0 |      0 |      0 |      0 |    0 |          1 |
|       mul_list_1_23        |  SignedMultiplierInt8__xdcDup__557 |          0 |          0 |       0 |    0 |      0 |      0 |      0 |    0 |          1 |
|       mul_list_1_24        |  SignedMultiplierInt8__xdcDup__558 |          0 |          0 |       0 |    0 |      0 |      0 |      0 |    0 |          1 |
|       mul_list_1_25        |  SignedMultiplierInt8__xdcDup__559 |          0 |          0 |       0 |    0 |      0 |      0 |      0 |    0 |          1 |
|       mul_list_1_26        |  SignedMultiplierInt8__xdcDup__560 |          0 |          0 |       0 |    0 |      0 |      0 |      0 |    0 |          1 |
|       mul_list_1_27        |  SignedMultiplierInt8__xdcDup__561 |          0 |          0 |       0 |    0 |      0 |      0 |      0 |    0 |          1 |
|       mul_list_1_28        |  SignedMultiplierInt8__xdcDup__562 |          0 |          0 |       0 |    0 |      0 |      0 |      0 |    0 |          1 |
|       mul_list_1_29        |  SignedMultiplierInt8__xdcDup__563 |          0 |          0 |       0 |    0 |      0 |      0 |      0 |    0 |          1 |
|       mul_list_1_3         |  SignedMultiplierInt8__xdcDup__564 |          0 |          0 |       0 |    0 |      0 |      0 |      0 |    0 |          1 |
|       mul_list_1_30        |  SignedMultiplierInt8__xdcDup__565 |          0 |          0 |       0 |    0 |      0 |      0 |      0 |    0 |          1 |
|       mul_list_1_31        |  SignedMultiplierInt8__xdcDup__566 |          0 |          0 |       0 |    0 |      0 |      0 |      0 |    0 |          1 |
|       mul_list_1_32        |  SignedMultiplierInt8__xdcDup__567 |          0 |          0 |       0 |    0 |      0 |      0 |      0 |    0 |          1 |
|       mul_list_1_33        |  SignedMultiplierInt8__xdcDup__568 |          0 |          0 |       0 |    0 |      0 |      0 |      0 |    0 |          1 |
|       mul_list_1_34        |  SignedMultiplierInt8__xdcDup__569 |          0 |          0 |       0 |    0 |      0 |      0 |      0 |    0 |          1 |
|       mul_list_1_35        |  SignedMultiplierInt8__xdcDup__570 |          0 |          0 |       0 |    0 |      0 |      0 |      0 |    0 |          1 |
|       mul_list_1_4         |  SignedMultiplierInt8__xdcDup__571 |          0 |          0 |       0 |    0 |      0 |      0 |      0 |    0 |          1 |
|       mul_list_1_5         |  SignedMultiplierInt8__xdcDup__572 |          0 |          0 |       0 |    0 |      0 |      0 |      0 |    0 |          1 |
|       mul_list_1_6         |  SignedMultiplierInt8__xdcDup__573 |          0 |          0 |       0 |    0 |      0 |      0 |      0 |    0 |          1 |
|       mul_list_1_7         |  SignedMultiplierInt8__xdcDup__574 |          0 |          0 |       0 |    0 |      0 |      0 |      0 |    0 |          1 |
|       mul_list_1_8         |  SignedMultiplierInt8__xdcDup__575 |          0 |          0 |       0 |    0 |      0 |      0 |      0 |    0 |          1 |
|       mul_list_1_9         |  SignedMultiplierInt8__xdcDup__576 |          0 |          0 |       0 |    0 |      0 |      0 |      0 |    0 |          1 |
|       mul_list_2_0         |  SignedMultiplierInt8__xdcDup__577 |          0 |          0 |       0 |    0 |      0 |      0 |      0 |    0 |          1 |
|       mul_list_2_1         |  SignedMultiplierInt8__xdcDup__578 |          0 |          0 |       0 |    0 |      0 |      0 |      0 |    0 |          1 |
|       mul_list_2_10        |  SignedMultiplierInt8__xdcDup__579 |          0 |          0 |       0 |    0 |      0 |      0 |      0 |    0 |          1 |
|       mul_list_2_11        |  SignedMultiplierInt8__xdcDup__580 |          0 |          0 |       0 |    0 |      0 |      0 |      0 |    0 |          1 |
|       mul_list_2_12        |  SignedMultiplierInt8__xdcDup__581 |          0 |          0 |       0 |    0 |      0 |      0 |      0 |    0 |          1 |
|       mul_list_2_13        |  SignedMultiplierInt8__xdcDup__582 |          0 |          0 |       0 |    0 |      0 |      0 |      0 |    0 |          1 |
|       mul_list_2_14        |  SignedMultiplierInt8__xdcDup__583 |          0 |          0 |       0 |    0 |      0 |      0 |      0 |    0 |          1 |
|       mul_list_2_15        |  SignedMultiplierInt8__xdcDup__584 |          0 |          0 |       0 |    0 |      0 |      0 |      0 |    0 |          1 |
|       mul_list_2_16        |  SignedMultiplierInt8__xdcDup__585 |          0 |          0 |       0 |    0 |      0 |      0 |      0 |    0 |          1 |
|       mul_list_2_17        |  SignedMultiplierInt8__xdcDup__586 |          0 |          0 |       0 |    0 |      0 |      0 |      0 |    0 |          1 |
|       mul_list_2_18        |  SignedMultiplierInt8__xdcDup__587 |          0 |          0 |       0 |    0 |      0 |      0 |      0 |    0 |          1 |
|       mul_list_2_19        |  SignedMultiplierInt8__xdcDup__588 |          0 |          0 |       0 |    0 |      0 |      0 |      0 |    0 |          1 |
|       mul_list_2_2         |  SignedMultiplierInt8__xdcDup__589 |          0 |          0 |       0 |    0 |      0 |      0 |      0 |    0 |          1 |
|       mul_list_2_20        |  SignedMultiplierInt8__xdcDup__590 |          0 |          0 |       0 |    0 |      0 |      0 |      0 |    0 |          1 |
|       mul_list_2_21        |  SignedMultiplierInt8__xdcDup__591 |          0 |          0 |       0 |    0 |      0 |      0 |      0 |    0 |          1 |
|       mul_list_2_22        |  SignedMultiplierInt8__xdcDup__592 |          0 |          0 |       0 |    0 |      0 |      0 |      0 |    0 |          1 |
|       mul_list_2_23        |  SignedMultiplierInt8__xdcDup__593 |          0 |          0 |       0 |    0 |      0 |      0 |      0 |    0 |          1 |
|       mul_list_2_24        |  SignedMultiplierInt8__xdcDup__594 |          0 |          0 |       0 |    0 |      0 |      0 |      0 |    0 |          1 |
|       mul_list_2_25        |  SignedMultiplierInt8__xdcDup__595 |          0 |          0 |       0 |    0 |      0 |      0 |      0 |    0 |          1 |
|       mul_list_2_26        |  SignedMultiplierInt8__xdcDup__596 |          0 |          0 |       0 |    0 |      0 |      0 |      0 |    0 |          1 |
|       mul_list_2_27        |  SignedMultiplierInt8__xdcDup__597 |          0 |          0 |       0 |    0 |      0 |      0 |      0 |    0 |          1 |
|       mul_list_2_28        |  SignedMultiplierInt8__xdcDup__598 |          0 |          0 |       0 |    0 |      0 |      0 |      0 |    0 |          1 |
|       mul_list_2_29        |  SignedMultiplierInt8__xdcDup__599 |          0 |          0 |       0 |    0 |      0 |      0 |      0 |    0 |          1 |
|       mul_list_2_3         |  SignedMultiplierInt8__xdcDup__600 |          0 |          0 |       0 |    0 |      0 |      0 |      0 |    0 |          1 |
|       mul_list_2_30        |  SignedMultiplierInt8__xdcDup__601 |          0 |          0 |       0 |    0 |      0 |      0 |      0 |    0 |          1 |
|       mul_list_2_31        |  SignedMultiplierInt8__xdcDup__602 |          0 |          0 |       0 |    0 |      0 |      0 |      0 |    0 |          1 |
|       mul_list_2_32        |  SignedMultiplierInt8__xdcDup__603 |          0 |          0 |       0 |    0 |      0 |      0 |      0 |    0 |          1 |
|       mul_list_2_33        |  SignedMultiplierInt8__xdcDup__604 |          0 |          0 |       0 |    0 |      0 |      0 |      0 |    0 |          1 |
|       mul_list_2_34        |  SignedMultiplierInt8__xdcDup__605 |          0 |          0 |       0 |    0 |      0 |      0 |      0 |    0 |          1 |
|       mul_list_2_35        |  SignedMultiplierInt8__xdcDup__606 |          0 |          0 |       0 |    0 |      0 |      0 |      0 |    0 |          1 |
|       mul_list_2_4         |  SignedMultiplierInt8__xdcDup__607 |          0 |          0 |       0 |    0 |      0 |      0 |      0 |    0 |          1 |
|       mul_list_2_5         |  SignedMultiplierInt8__xdcDup__608 |          0 |          0 |       0 |    0 |      0 |      0 |      0 |    0 |          1 |
|       mul_list_2_6         |  SignedMultiplierInt8__xdcDup__609 |          0 |          0 |       0 |    0 |      0 |      0 |      0 |    0 |          1 |
|       mul_list_2_7         |  SignedMultiplierInt8__xdcDup__610 |          0 |          0 |       0 |    0 |      0 |      0 |      0 |    0 |          1 |
|       mul_list_2_8         |  SignedMultiplierInt8__xdcDup__611 |          0 |          0 |       0 |    0 |      0 |      0 |      0 |    0 |          1 |
|       mul_list_2_9         |  SignedMultiplierInt8__xdcDup__612 |          0 |          0 |       0 |    0 |      0 |      0 |      0 |    0 |          1 |
|       mul_list_3_0         |  SignedMultiplierInt8__xdcDup__613 |          0 |          0 |       0 |    0 |      0 |      0 |      0 |    0 |          1 |
|       mul_list_3_1         |  SignedMultiplierInt8__xdcDup__614 |          0 |          0 |       0 |    0 |      0 |      0 |      0 |    0 |          1 |
|       mul_list_3_10        |  SignedMultiplierInt8__xdcDup__615 |          0 |          0 |       0 |    0 |      0 |      0 |      0 |    0 |          1 |
|       mul_list_3_11        |  SignedMultiplierInt8__xdcDup__616 |          0 |          0 |       0 |    0 |      0 |      0 |      0 |    0 |          1 |
|       mul_list_3_12        |  SignedMultiplierInt8__xdcDup__617 |          0 |          0 |       0 |    0 |      0 |      0 |      0 |    0 |          1 |
|       mul_list_3_13        |  SignedMultiplierInt8__xdcDup__618 |          0 |          0 |       0 |    0 |      0 |      0 |      0 |    0 |          1 |
|       mul_list_3_14        |  SignedMultiplierInt8__xdcDup__619 |          0 |          0 |       0 |    0 |      0 |      0 |      0 |    0 |          1 |
|       mul_list_3_15        |  SignedMultiplierInt8__xdcDup__620 |          0 |          0 |       0 |    0 |      0 |      0 |      0 |    0 |          1 |
|       mul_list_3_16        |  SignedMultiplierInt8__xdcDup__621 |          0 |          0 |       0 |    0 |      0 |      0 |      0 |    0 |          1 |
|       mul_list_3_17        |  SignedMultiplierInt8__xdcDup__622 |          0 |          0 |       0 |    0 |      0 |      0 |      0 |    0 |          1 |
|       mul_list_3_18        |  SignedMultiplierInt8__xdcDup__623 |          0 |          0 |       0 |    0 |      0 |      0 |      0 |    0 |          1 |
|       mul_list_3_19        |  SignedMultiplierInt8__xdcDup__624 |          0 |          0 |       0 |    0 |      0 |      0 |      0 |    0 |          1 |
|       mul_list_3_2         |  SignedMultiplierInt8__xdcDup__625 |          0 |          0 |       0 |    0 |      0 |      0 |      0 |    0 |          1 |
|       mul_list_3_20        |  SignedMultiplierInt8__xdcDup__626 |          0 |          0 |       0 |    0 |      0 |      0 |      0 |    0 |          1 |
|       mul_list_3_21        |  SignedMultiplierInt8__xdcDup__627 |          0 |          0 |       0 |    0 |      0 |      0 |      0 |    0 |          1 |
|       mul_list_3_22        |  SignedMultiplierInt8__xdcDup__628 |          0 |          0 |       0 |    0 |      0 |      0 |      0 |    0 |          1 |
|       mul_list_3_23        |  SignedMultiplierInt8__xdcDup__629 |          0 |          0 |       0 |    0 |      0 |      0 |      0 |    0 |          1 |
|       mul_list_3_24        |  SignedMultiplierInt8__xdcDup__630 |          0 |          0 |       0 |    0 |      0 |      0 |      0 |    0 |          1 |
|       mul_list_3_25        |  SignedMultiplierInt8__xdcDup__631 |          0 |          0 |       0 |    0 |      0 |      0 |      0 |    0 |          1 |
|       mul_list_3_26        |  SignedMultiplierInt8__xdcDup__632 |          0 |          0 |       0 |    0 |      0 |      0 |      0 |    0 |          1 |
|       mul_list_3_27        |  SignedMultiplierInt8__xdcDup__633 |          0 |          0 |       0 |    0 |      0 |      0 |      0 |    0 |          1 |
|       mul_list_3_28        |  SignedMultiplierInt8__xdcDup__634 |          0 |          0 |       0 |    0 |      0 |      0 |      0 |    0 |          1 |
|       mul_list_3_29        |  SignedMultiplierInt8__xdcDup__635 |          0 |          0 |       0 |    0 |      0 |      0 |      0 |    0 |          1 |
|       mul_list_3_3         |  SignedMultiplierInt8__xdcDup__636 |          0 |          0 |       0 |    0 |      0 |      0 |      0 |    0 |          1 |
|       mul_list_3_30        |  SignedMultiplierInt8__xdcDup__637 |          0 |          0 |       0 |    0 |      0 |      0 |      0 |    0 |          1 |
|       mul_list_3_31        |  SignedMultiplierInt8__xdcDup__638 |          0 |          0 |       0 |    0 |      0 |      0 |      0 |    0 |          1 |
|       mul_list_3_32        |  SignedMultiplierInt8__xdcDup__639 |          0 |          0 |       0 |    0 |      0 |      0 |      0 |    0 |          1 |
|       mul_list_3_33        |  SignedMultiplierInt8__xdcDup__640 |          0 |          0 |       0 |    0 |      0 |      0 |      0 |    0 |          1 |
|       mul_list_3_34        |  SignedMultiplierInt8__xdcDup__641 |          0 |          0 |       0 |    0 |      0 |      0 |      0 |    0 |          1 |
|       mul_list_3_35        |  SignedMultiplierInt8__xdcDup__642 |          0 |          0 |       0 |    0 |      0 |      0 |      0 |    0 |          1 |
|       mul_list_3_4         |  SignedMultiplierInt8__xdcDup__643 |          0 |          0 |       0 |    0 |      0 |      0 |      0 |    0 |          1 |
|       mul_list_3_5         |  SignedMultiplierInt8__xdcDup__644 |          0 |          0 |       0 |    0 |      0 |      0 |      0 |    0 |          1 |
|       mul_list_3_6         |  SignedMultiplierInt8__xdcDup__645 |          0 |          0 |       0 |    0 |      0 |      0 |      0 |    0 |          1 |
|       mul_list_3_7         |  SignedMultiplierInt8__xdcDup__646 |          0 |          0 |       0 |    0 |      0 |      0 |      0 |    0 |          1 |
|       mul_list_3_8         |  SignedMultiplierInt8__xdcDup__647 |          0 |          0 |       0 |    0 |      0 |      0 |      0 |    0 |          1 |
|       mul_list_3_9         |  SignedMultiplierInt8__xdcDup__648 |          0 |          0 |       0 |    0 |      0 |      0 |      0 |    0 |          1 |
|       mul_list_4_0         |  SignedMultiplierInt8__xdcDup__649 |          0 |          0 |       0 |    0 |      0 |      0 |      0 |    0 |          1 |
|       mul_list_4_1         |  SignedMultiplierInt8__xdcDup__650 |          0 |          0 |       0 |    0 |      0 |      0 |      0 |    0 |          1 |
|       mul_list_4_10        |  SignedMultiplierInt8__xdcDup__651 |          0 |          0 |       0 |    0 |      0 |      0 |      0 |    0 |          1 |
|       mul_list_4_11        |  SignedMultiplierInt8__xdcDup__652 |          0 |          0 |       0 |    0 |      0 |      0 |      0 |    0 |          1 |
|       mul_list_4_12        |  SignedMultiplierInt8__xdcDup__653 |          0 |          0 |       0 |    0 |      0 |      0 |      0 |    0 |          1 |
|       mul_list_4_13        |  SignedMultiplierInt8__xdcDup__654 |          0 |          0 |       0 |    0 |      0 |      0 |      0 |    0 |          1 |
|       mul_list_4_14        |  SignedMultiplierInt8__xdcDup__655 |          0 |          0 |       0 |    0 |      0 |      0 |      0 |    0 |          1 |
|       mul_list_4_15        |  SignedMultiplierInt8__xdcDup__656 |          0 |          0 |       0 |    0 |      0 |      0 |      0 |    0 |          1 |
|       mul_list_4_16        |  SignedMultiplierInt8__xdcDup__657 |          0 |          0 |       0 |    0 |      0 |      0 |      0 |    0 |          1 |
|       mul_list_4_17        |  SignedMultiplierInt8__xdcDup__658 |          0 |          0 |       0 |    0 |      0 |      0 |      0 |    0 |          1 |
|       mul_list_4_18        |  SignedMultiplierInt8__xdcDup__659 |          0 |          0 |       0 |    0 |      0 |      0 |      0 |    0 |          1 |
|       mul_list_4_19        |  SignedMultiplierInt8__xdcDup__660 |          0 |          0 |       0 |    0 |      0 |      0 |      0 |    0 |          1 |
|       mul_list_4_2         |  SignedMultiplierInt8__xdcDup__661 |          0 |          0 |       0 |    0 |      0 |      0 |      0 |    0 |          1 |
|       mul_list_4_20        |  SignedMultiplierInt8__xdcDup__662 |          0 |          0 |       0 |    0 |      0 |      0 |      0 |    0 |          1 |
|       mul_list_4_21        |  SignedMultiplierInt8__xdcDup__663 |          0 |          0 |       0 |    0 |      0 |      0 |      0 |    0 |          1 |
|       mul_list_4_22        |  SignedMultiplierInt8__xdcDup__664 |          0 |          0 |       0 |    0 |      0 |      0 |      0 |    0 |          1 |
|       mul_list_4_23        |  SignedMultiplierInt8__xdcDup__665 |          0 |          0 |       0 |    0 |      0 |      0 |      0 |    0 |          1 |
|       mul_list_4_24        |  SignedMultiplierInt8__xdcDup__666 |          0 |          0 |       0 |    0 |      0 |      0 |      0 |    0 |          1 |
|       mul_list_4_25        |  SignedMultiplierInt8__xdcDup__667 |          0 |          0 |       0 |    0 |      0 |      0 |      0 |    0 |          1 |
|       mul_list_4_26        |  SignedMultiplierInt8__xdcDup__668 |          0 |          0 |       0 |    0 |      0 |      0 |      0 |    0 |          1 |
|       mul_list_4_27        |  SignedMultiplierInt8__xdcDup__669 |          0 |          0 |       0 |    0 |      0 |      0 |      0 |    0 |          1 |
|       mul_list_4_28        |  SignedMultiplierInt8__xdcDup__670 |          0 |          0 |       0 |    0 |      0 |      0 |      0 |    0 |          1 |
|       mul_list_4_29        |  SignedMultiplierInt8__xdcDup__671 |          0 |          0 |       0 |    0 |      0 |      0 |      0 |    0 |          1 |
|       mul_list_4_3         |  SignedMultiplierInt8__xdcDup__672 |          0 |          0 |       0 |    0 |      0 |      0 |      0 |    0 |          1 |
|       mul_list_4_30        |  SignedMultiplierInt8__xdcDup__673 |          0 |          0 |       0 |    0 |      0 |      0 |      0 |    0 |          1 |
|       mul_list_4_31        |  SignedMultiplierInt8__xdcDup__674 |          0 |          0 |       0 |    0 |      0 |      0 |      0 |    0 |          1 |
|       mul_list_4_32        |  SignedMultiplierInt8__xdcDup__675 |          0 |          0 |       0 |    0 |      0 |      0 |      0 |    0 |          1 |
|       mul_list_4_33        |  SignedMultiplierInt8__xdcDup__676 |          0 |          0 |       0 |    0 |      0 |      0 |      0 |    0 |          1 |
|       mul_list_4_34        |  SignedMultiplierInt8__xdcDup__677 |          0 |          0 |       0 |    0 |      0 |      0 |      0 |    0 |          1 |
|       mul_list_4_35        |  SignedMultiplierInt8__xdcDup__678 |          0 |          0 |       0 |    0 |      0 |      0 |      0 |    0 |          1 |
|       mul_list_4_4         |  SignedMultiplierInt8__xdcDup__679 |          0 |          0 |       0 |    0 |      0 |      0 |      0 |    0 |          1 |
|       mul_list_4_5         |  SignedMultiplierInt8__xdcDup__680 |          0 |          0 |       0 |    0 |      0 |      0 |      0 |    0 |          1 |
|       mul_list_4_6         |  SignedMultiplierInt8__xdcDup__681 |          0 |          0 |       0 |    0 |      0 |      0 |      0 |    0 |          1 |
|       mul_list_4_7         |  SignedMultiplierInt8__xdcDup__682 |          0 |          0 |       0 |    0 |      0 |      0 |      0 |    0 |          1 |
|       mul_list_4_8         |  SignedMultiplierInt8__xdcDup__683 |          0 |          0 |       0 |    0 |      0 |      0 |      0 |    0 |          1 |
|       mul_list_4_9         |  SignedMultiplierInt8__xdcDup__684 |          0 |          0 |       0 |    0 |      0 |      0 |      0 |    0 |          1 |
|       mul_list_5_0         |  SignedMultiplierInt8__xdcDup__685 |          0 |          0 |       0 |    0 |      0 |      0 |      0 |    0 |          1 |
|       mul_list_5_1         |  SignedMultiplierInt8__xdcDup__686 |          0 |          0 |       0 |    0 |      0 |      0 |      0 |    0 |          1 |
|       mul_list_5_10        |  SignedMultiplierInt8__xdcDup__687 |          0 |          0 |       0 |    0 |      0 |      0 |      0 |    0 |          1 |
|       mul_list_5_11        |  SignedMultiplierInt8__xdcDup__688 |          0 |          0 |       0 |    0 |      0 |      0 |      0 |    0 |          1 |
|       mul_list_5_12        |  SignedMultiplierInt8__xdcDup__689 |          0 |          0 |       0 |    0 |      0 |      0 |      0 |    0 |          1 |
|       mul_list_5_13        |  SignedMultiplierInt8__xdcDup__690 |          0 |          0 |       0 |    0 |      0 |      0 |      0 |    0 |          1 |
|       mul_list_5_14        |  SignedMultiplierInt8__xdcDup__691 |          0 |          0 |       0 |    0 |      0 |      0 |      0 |    0 |          1 |
|       mul_list_5_15        |  SignedMultiplierInt8__xdcDup__692 |          0 |          0 |       0 |    0 |      0 |      0 |      0 |    0 |          1 |
|       mul_list_5_16        |  SignedMultiplierInt8__xdcDup__693 |          0 |          0 |       0 |    0 |      0 |      0 |      0 |    0 |          1 |
|       mul_list_5_17        |  SignedMultiplierInt8__xdcDup__694 |          0 |          0 |       0 |    0 |      0 |      0 |      0 |    0 |          1 |
|       mul_list_5_18        |  SignedMultiplierInt8__xdcDup__695 |          0 |          0 |       0 |    0 |      0 |      0 |      0 |    0 |          1 |
|       mul_list_5_19        |  SignedMultiplierInt8__xdcDup__696 |          0 |          0 |       0 |    0 |      0 |      0 |      0 |    0 |          1 |
|       mul_list_5_2         |  SignedMultiplierInt8__xdcDup__697 |          0 |          0 |       0 |    0 |      0 |      0 |      0 |    0 |          1 |
|       mul_list_5_20        |  SignedMultiplierInt8__xdcDup__698 |          0 |          0 |       0 |    0 |      0 |      0 |      0 |    0 |          1 |
|       mul_list_5_21        |  SignedMultiplierInt8__xdcDup__699 |          0 |          0 |       0 |    0 |      0 |      0 |      0 |    0 |          1 |
|       mul_list_5_22        |  SignedMultiplierInt8__xdcDup__700 |          0 |          0 |       0 |    0 |      0 |      0 |      0 |    0 |          1 |
|       mul_list_5_23        |  SignedMultiplierInt8__xdcDup__701 |          0 |          0 |       0 |    0 |      0 |      0 |      0 |    0 |          1 |
|       mul_list_5_24        |  SignedMultiplierInt8__xdcDup__702 |          0 |          0 |       0 |    0 |      0 |      0 |      0 |    0 |          1 |
|       mul_list_5_25        |  SignedMultiplierInt8__xdcDup__703 |          0 |          0 |       0 |    0 |      0 |      0 |      0 |    0 |          1 |
|       mul_list_5_26        |  SignedMultiplierInt8__xdcDup__704 |          0 |          0 |       0 |    0 |      0 |      0 |      0 |    0 |          1 |
|       mul_list_5_27        |  SignedMultiplierInt8__xdcDup__705 |          0 |          0 |       0 |    0 |      0 |      0 |      0 |    0 |          1 |
|       mul_list_5_28        |  SignedMultiplierInt8__xdcDup__706 |          0 |          0 |       0 |    0 |      0 |      0 |      0 |    0 |          1 |
|       mul_list_5_29        |  SignedMultiplierInt8__xdcDup__707 |          0 |          0 |       0 |    0 |      0 |      0 |      0 |    0 |          1 |
|       mul_list_5_3         |  SignedMultiplierInt8__xdcDup__708 |          0 |          0 |       0 |    0 |      0 |      0 |      0 |    0 |          1 |
|       mul_list_5_30        |  SignedMultiplierInt8__xdcDup__709 |          0 |          0 |       0 |    0 |      0 |      0 |      0 |    0 |          1 |
|       mul_list_5_31        |  SignedMultiplierInt8__xdcDup__710 |          0 |          0 |       0 |    0 |      0 |      0 |      0 |    0 |          1 |
|       mul_list_5_32        |  SignedMultiplierInt8__xdcDup__711 |          0 |          0 |       0 |    0 |      0 |      0 |      0 |    0 |          1 |
|       mul_list_5_33        |  SignedMultiplierInt8__xdcDup__712 |          0 |          0 |       0 |    0 |      0 |      0 |      0 |    0 |          1 |
|       mul_list_5_34        |  SignedMultiplierInt8__xdcDup__713 |          0 |          0 |       0 |    0 |      0 |      0 |      0 |    0 |          1 |
|       mul_list_5_35        |  SignedMultiplierInt8__xdcDup__714 |          0 |          0 |       0 |    0 |      0 |      0 |      0 |    0 |          1 |
|       mul_list_5_4         |  SignedMultiplierInt8__xdcDup__715 |          0 |          0 |       0 |    0 |      0 |      0 |      0 |    0 |          1 |
|       mul_list_5_5         |  SignedMultiplierInt8__xdcDup__716 |          0 |          0 |       0 |    0 |      0 |      0 |      0 |    0 |          1 |
|       mul_list_5_6         |  SignedMultiplierInt8__xdcDup__717 |          0 |          0 |       0 |    0 |      0 |      0 |      0 |    0 |          1 |
|       mul_list_5_7         |  SignedMultiplierInt8__xdcDup__718 |          0 |          0 |       0 |    0 |      0 |      0 |      0 |    0 |          1 |
|       mul_list_5_8         |  SignedMultiplierInt8__xdcDup__719 |          0 |          0 |       0 |    0 |      0 |      0 |      0 |    0 |          1 |
|       mul_list_5_9         |  SignedMultiplierInt8__xdcDup__720 |          0 |          0 |       0 |    0 |      0 |      0 |      0 |    0 |          1 |
|       mul_list_6_0         |  SignedMultiplierInt8__xdcDup__721 |          0 |          0 |       0 |    0 |      0 |      0 |      0 |    0 |          1 |
|       mul_list_6_1         |  SignedMultiplierInt8__xdcDup__722 |          0 |          0 |       0 |    0 |      0 |      0 |      0 |    0 |          1 |
|       mul_list_6_10        |  SignedMultiplierInt8__xdcDup__723 |          0 |          0 |       0 |    0 |      0 |      0 |      0 |    0 |          1 |
|       mul_list_6_11        |  SignedMultiplierInt8__xdcDup__724 |          0 |          0 |       0 |    0 |      0 |      0 |      0 |    0 |          1 |
|       mul_list_6_12        |  SignedMultiplierInt8__xdcDup__725 |          0 |          0 |       0 |    0 |      0 |      0 |      0 |    0 |          1 |
|       mul_list_6_13        |  SignedMultiplierInt8__xdcDup__726 |          0 |          0 |       0 |    0 |      0 |      0 |      0 |    0 |          1 |
|       mul_list_6_14        |  SignedMultiplierInt8__xdcDup__727 |          0 |          0 |       0 |    0 |      0 |      0 |      0 |    0 |          1 |
|       mul_list_6_15        |  SignedMultiplierInt8__xdcDup__728 |          0 |          0 |       0 |    0 |      0 |      0 |      0 |    0 |          1 |
|       mul_list_6_16        |  SignedMultiplierInt8__xdcDup__729 |          0 |          0 |       0 |    0 |      0 |      0 |      0 |    0 |          1 |
|       mul_list_6_17        |  SignedMultiplierInt8__xdcDup__730 |          0 |          0 |       0 |    0 |      0 |      0 |      0 |    0 |          1 |
|       mul_list_6_18        |  SignedMultiplierInt8__xdcDup__731 |          0 |          0 |       0 |    0 |      0 |      0 |      0 |    0 |          1 |
|       mul_list_6_19        |  SignedMultiplierInt8__xdcDup__732 |          0 |          0 |       0 |    0 |      0 |      0 |      0 |    0 |          1 |
|       mul_list_6_2         |  SignedMultiplierInt8__xdcDup__733 |          0 |          0 |       0 |    0 |      0 |      0 |      0 |    0 |          1 |
|       mul_list_6_20        |  SignedMultiplierInt8__xdcDup__734 |          0 |          0 |       0 |    0 |      0 |      0 |      0 |    0 |          1 |
|       mul_list_6_21        |  SignedMultiplierInt8__xdcDup__735 |          0 |          0 |       0 |    0 |      0 |      0 |      0 |    0 |          1 |
|       mul_list_6_22        |  SignedMultiplierInt8__xdcDup__736 |          0 |          0 |       0 |    0 |      0 |      0 |      0 |    0 |          1 |
|       mul_list_6_23        |  SignedMultiplierInt8__xdcDup__737 |          0 |          0 |       0 |    0 |      0 |      0 |      0 |    0 |          1 |
|       mul_list_6_24        |  SignedMultiplierInt8__xdcDup__738 |          0 |          0 |       0 |    0 |      0 |      0 |      0 |    0 |          1 |
|       mul_list_6_25        |  SignedMultiplierInt8__xdcDup__739 |          0 |          0 |       0 |    0 |      0 |      0 |      0 |    0 |          1 |
|       mul_list_6_26        |  SignedMultiplierInt8__xdcDup__740 |          0 |          0 |       0 |    0 |      0 |      0 |      0 |    0 |          1 |
|       mul_list_6_27        |  SignedMultiplierInt8__xdcDup__741 |          0 |          0 |       0 |    0 |      0 |      0 |      0 |    0 |          1 |
|       mul_list_6_28        |  SignedMultiplierInt8__xdcDup__742 |          0 |          0 |       0 |    0 |      0 |      0 |      0 |    0 |          1 |
|       mul_list_6_29        |  SignedMultiplierInt8__xdcDup__743 |          0 |          0 |       0 |    0 |      0 |      0 |      0 |    0 |          1 |
|       mul_list_6_3         |  SignedMultiplierInt8__xdcDup__744 |          0 |          0 |       0 |    0 |      0 |      0 |      0 |    0 |          1 |
|       mul_list_6_30        |  SignedMultiplierInt8__xdcDup__745 |          0 |          0 |       0 |    0 |      0 |      0 |      0 |    0 |          1 |
|       mul_list_6_31        |  SignedMultiplierInt8__xdcDup__746 |          0 |          0 |       0 |    0 |      0 |      0 |      0 |    0 |          1 |
|       mul_list_6_32        |  SignedMultiplierInt8__xdcDup__747 |          0 |          0 |       0 |    0 |      0 |      0 |      0 |    0 |          1 |
|       mul_list_6_33        |  SignedMultiplierInt8__xdcDup__748 |          0 |          0 |       0 |    0 |      0 |      0 |      0 |    0 |          1 |
|       mul_list_6_34        |  SignedMultiplierInt8__xdcDup__749 |          0 |          0 |       0 |    0 |      0 |      0 |      0 |    0 |          1 |
|       mul_list_6_35        |  SignedMultiplierInt8__xdcDup__750 |          0 |          0 |       0 |    0 |      0 |      0 |      0 |    0 |          1 |
|       mul_list_6_4         |  SignedMultiplierInt8__xdcDup__751 |          0 |          0 |       0 |    0 |      0 |      0 |      0 |    0 |          1 |
|       mul_list_6_5         |  SignedMultiplierInt8__xdcDup__752 |          0 |          0 |       0 |    0 |      0 |      0 |      0 |    0 |          1 |
|       mul_list_6_6         |  SignedMultiplierInt8__xdcDup__753 |          0 |          0 |       0 |    0 |      0 |      0 |      0 |    0 |          1 |
|       mul_list_6_7         |  SignedMultiplierInt8__xdcDup__754 |          0 |          0 |       0 |    0 |      0 |      0 |      0 |    0 |          1 |
|       mul_list_6_8         |  SignedMultiplierInt8__xdcDup__755 |          0 |          0 |       0 |    0 |      0 |      0 |      0 |    0 |          1 |
|       mul_list_6_9         |  SignedMultiplierInt8__xdcDup__756 |          0 |          0 |       0 |    0 |      0 |      0 |      0 |    0 |          1 |
|       mul_list_7_0         |  SignedMultiplierInt8__xdcDup__757 |          0 |          0 |       0 |    0 |      0 |      0 |      0 |    0 |          1 |
|       mul_list_7_1         |  SignedMultiplierInt8__xdcDup__758 |          0 |          0 |       0 |    0 |      0 |      0 |      0 |    0 |          1 |
|       mul_list_7_10        |  SignedMultiplierInt8__xdcDup__759 |          0 |          0 |       0 |    0 |      0 |      0 |      0 |    0 |          1 |
|       mul_list_7_11        |  SignedMultiplierInt8__xdcDup__760 |          0 |          0 |       0 |    0 |      0 |      0 |      0 |    0 |          1 |
|       mul_list_7_12        |  SignedMultiplierInt8__xdcDup__761 |          0 |          0 |       0 |    0 |      0 |      0 |      0 |    0 |          1 |
|       mul_list_7_13        |  SignedMultiplierInt8__xdcDup__762 |          0 |          0 |       0 |    0 |      0 |      0 |      0 |    0 |          1 |
|       mul_list_7_14        |  SignedMultiplierInt8__xdcDup__763 |          0 |          0 |       0 |    0 |      0 |      0 |      0 |    0 |          1 |
|       mul_list_7_15        |  SignedMultiplierInt8__xdcDup__764 |          0 |          0 |       0 |    0 |      0 |      0 |      0 |    0 |          1 |
|       mul_list_7_16        |  SignedMultiplierInt8__xdcDup__765 |          0 |          0 |       0 |    0 |      0 |      0 |      0 |    0 |          1 |
|       mul_list_7_17        |  SignedMultiplierInt8__xdcDup__766 |          0 |          0 |       0 |    0 |      0 |      0 |      0 |    0 |          1 |
|       mul_list_7_18        |  SignedMultiplierInt8__xdcDup__767 |          0 |          0 |       0 |    0 |      0 |      0 |      0 |    0 |          1 |
|       mul_list_7_19        |  SignedMultiplierInt8__xdcDup__768 |          0 |          0 |       0 |    0 |      0 |      0 |      0 |    0 |          1 |
|       mul_list_7_2         |  SignedMultiplierInt8__xdcDup__769 |          0 |          0 |       0 |    0 |      0 |      0 |      0 |    0 |          1 |
|       mul_list_7_20        |  SignedMultiplierInt8__xdcDup__770 |          0 |          0 |       0 |    0 |      0 |      0 |      0 |    0 |          1 |
|       mul_list_7_21        |  SignedMultiplierInt8__xdcDup__771 |          0 |          0 |       0 |    0 |      0 |      0 |      0 |    0 |          1 |
|       mul_list_7_22        |  SignedMultiplierInt8__xdcDup__772 |          0 |          0 |       0 |    0 |      0 |      0 |      0 |    0 |          1 |
|       mul_list_7_23        |  SignedMultiplierInt8__xdcDup__773 |          0 |          0 |       0 |    0 |      0 |      0 |      0 |    0 |          1 |
|       mul_list_7_24        |  SignedMultiplierInt8__xdcDup__774 |          0 |          0 |       0 |    0 |      0 |      0 |      0 |    0 |          1 |
|       mul_list_7_25        |  SignedMultiplierInt8__xdcDup__775 |          0 |          0 |       0 |    0 |      0 |      0 |      0 |    0 |          1 |
|       mul_list_7_26        |  SignedMultiplierInt8__xdcDup__776 |          0 |          0 |       0 |    0 |      0 |      0 |      0 |    0 |          1 |
|       mul_list_7_27        |  SignedMultiplierInt8__xdcDup__777 |          0 |          0 |       0 |    0 |      0 |      0 |      0 |    0 |          1 |
|       mul_list_7_28        |  SignedMultiplierInt8__xdcDup__778 |          0 |          0 |       0 |    0 |      0 |      0 |      0 |    0 |          1 |
|       mul_list_7_29        |  SignedMultiplierInt8__xdcDup__779 |          0 |          0 |       0 |    0 |      0 |      0 |      0 |    0 |          1 |
|       mul_list_7_3         |  SignedMultiplierInt8__xdcDup__780 |          0 |          0 |       0 |    0 |      0 |      0 |      0 |    0 |          1 |
|       mul_list_7_30        |  SignedMultiplierInt8__xdcDup__781 |          0 |          0 |       0 |    0 |      0 |      0 |      0 |    0 |          1 |
|       mul_list_7_31        |  SignedMultiplierInt8__xdcDup__782 |          0 |          0 |       0 |    0 |      0 |      0 |      0 |    0 |          1 |
|       mul_list_7_32        |  SignedMultiplierInt8__xdcDup__783 |          0 |          0 |       0 |    0 |      0 |      0 |      0 |    0 |          1 |
|       mul_list_7_33        |  SignedMultiplierInt8__xdcDup__784 |          0 |          0 |       0 |    0 |      0 |      0 |      0 |    0 |          1 |
|       mul_list_7_34        |  SignedMultiplierInt8__xdcDup__785 |          0 |          0 |       0 |    0 |      0 |      0 |      0 |    0 |          1 |
|       mul_list_7_35        |  SignedMultiplierInt8__xdcDup__786 |          0 |          0 |       0 |    0 |      0 |      0 |      0 |    0 |          1 |
|       mul_list_7_4         |  SignedMultiplierInt8__xdcDup__787 |          0 |          0 |       0 |    0 |      0 |      0 |      0 |    0 |          1 |
|       mul_list_7_5         |  SignedMultiplierInt8__xdcDup__788 |          0 |          0 |       0 |    0 |      0 |      0 |      0 |    0 |          1 |
|       mul_list_7_6         |  SignedMultiplierInt8__xdcDup__789 |          0 |          0 |       0 |    0 |      0 |      0 |      0 |    0 |          1 |
|       mul_list_7_7         |  SignedMultiplierInt8__xdcDup__790 |          0 |          0 |       0 |    0 |      0 |      0 |      0 |    0 |          1 |
|       mul_list_7_8         |  SignedMultiplierInt8__xdcDup__791 |          0 |          0 |       0 |    0 |      0 |      0 |      0 |    0 |          1 |
|       mul_list_7_9         |  SignedMultiplierInt8__xdcDup__792 |          0 |          0 |       0 |    0 |      0 |      0 |      0 |    0 |          1 |
|       mul_list_8_0         |  SignedMultiplierInt8__xdcDup__793 |          0 |          0 |       0 |    0 |      0 |      0 |      0 |    0 |          1 |
|       mul_list_8_1         |  SignedMultiplierInt8__xdcDup__794 |          0 |          0 |       0 |    0 |      0 |      0 |      0 |    0 |          1 |
|       mul_list_8_10        |  SignedMultiplierInt8__xdcDup__795 |          0 |          0 |       0 |    0 |      0 |      0 |      0 |    0 |          1 |
|       mul_list_8_11        |  SignedMultiplierInt8__xdcDup__796 |          0 |          0 |       0 |    0 |      0 |      0 |      0 |    0 |          1 |
|       mul_list_8_12        |  SignedMultiplierInt8__xdcDup__797 |          0 |          0 |       0 |    0 |      0 |      0 |      0 |    0 |          1 |
|       mul_list_8_13        |  SignedMultiplierInt8__xdcDup__798 |          0 |          0 |       0 |    0 |      0 |      0 |      0 |    0 |          1 |
|       mul_list_8_14        |  SignedMultiplierInt8__xdcDup__799 |          0 |          0 |       0 |    0 |      0 |      0 |      0 |    0 |          1 |
|       mul_list_8_15        |  SignedMultiplierInt8__xdcDup__800 |          0 |          0 |       0 |    0 |      0 |      0 |      0 |    0 |          1 |
|       mul_list_8_16        |  SignedMultiplierInt8__xdcDup__801 |          0 |          0 |       0 |    0 |      0 |      0 |      0 |    0 |          1 |
|       mul_list_8_17        |  SignedMultiplierInt8__xdcDup__802 |          0 |          0 |       0 |    0 |      0 |      0 |      0 |    0 |          1 |
|       mul_list_8_18        |  SignedMultiplierInt8__xdcDup__803 |          0 |          0 |       0 |    0 |      0 |      0 |      0 |    0 |          1 |
|       mul_list_8_19        |  SignedMultiplierInt8__xdcDup__804 |          0 |          0 |       0 |    0 |      0 |      0 |      0 |    0 |          1 |
|       mul_list_8_2         |  SignedMultiplierInt8__xdcDup__805 |          0 |          0 |       0 |    0 |      0 |      0 |      0 |    0 |          1 |
|       mul_list_8_20        |  SignedMultiplierInt8__xdcDup__806 |          0 |          0 |       0 |    0 |      0 |      0 |      0 |    0 |          1 |
|       mul_list_8_21        |  SignedMultiplierInt8__xdcDup__807 |          0 |          0 |       0 |    0 |      0 |      0 |      0 |    0 |          1 |
|       mul_list_8_22        |  SignedMultiplierInt8__xdcDup__808 |          0 |          0 |       0 |    0 |      0 |      0 |      0 |    0 |          1 |
|       mul_list_8_23        |  SignedMultiplierInt8__xdcDup__809 |          0 |          0 |       0 |    0 |      0 |      0 |      0 |    0 |          1 |
|       mul_list_8_24        |  SignedMultiplierInt8__xdcDup__810 |          0 |          0 |       0 |    0 |      0 |      0 |      0 |    0 |          1 |
|       mul_list_8_25        |  SignedMultiplierInt8__xdcDup__811 |          0 |          0 |       0 |    0 |      0 |      0 |      0 |    0 |          1 |
|       mul_list_8_26        |  SignedMultiplierInt8__xdcDup__812 |          0 |          0 |       0 |    0 |      0 |      0 |      0 |    0 |          1 |
|       mul_list_8_27        |  SignedMultiplierInt8__xdcDup__813 |          0 |          0 |       0 |    0 |      0 |      0 |      0 |    0 |          1 |
|       mul_list_8_28        |  SignedMultiplierInt8__xdcDup__814 |          0 |          0 |       0 |    0 |      0 |      0 |      0 |    0 |          1 |
|       mul_list_8_29        |  SignedMultiplierInt8__xdcDup__815 |          0 |          0 |       0 |    0 |      0 |      0 |      0 |    0 |          1 |
|       mul_list_8_3         |  SignedMultiplierInt8__xdcDup__816 |          0 |          0 |       0 |    0 |      0 |      0 |      0 |    0 |          1 |
|       mul_list_8_30        |  SignedMultiplierInt8__xdcDup__817 |          0 |          0 |       0 |    0 |      0 |      0 |      0 |    0 |          1 |
|       mul_list_8_31        |  SignedMultiplierInt8__xdcDup__818 |          0 |          0 |       0 |    0 |      0 |      0 |      0 |    0 |          1 |
|       mul_list_8_32        |  SignedMultiplierInt8__xdcDup__819 |          0 |          0 |       0 |    0 |      0 |      0 |      0 |    0 |          1 |
|       mul_list_8_33        |  SignedMultiplierInt8__xdcDup__820 |          0 |          0 |       0 |    0 |      0 |      0 |      0 |    0 |          1 |
|       mul_list_8_34        |  SignedMultiplierInt8__xdcDup__821 |          0 |          0 |       0 |    0 |      0 |      0 |      0 |    0 |          1 |
|       mul_list_8_35        |  SignedMultiplierInt8__xdcDup__822 |          0 |          0 |       0 |    0 |      0 |      0 |      0 |    0 |          1 |
|       mul_list_8_4         |  SignedMultiplierInt8__xdcDup__823 |          0 |          0 |       0 |    0 |      0 |      0 |      0 |    0 |          1 |
|       mul_list_8_5         |  SignedMultiplierInt8__xdcDup__824 |          0 |          0 |       0 |    0 |      0 |      0 |      0 |    0 |          1 |
|       mul_list_8_6         |  SignedMultiplierInt8__xdcDup__825 |          0 |          0 |       0 |    0 |      0 |      0 |      0 |    0 |          1 |
|       mul_list_8_7         |  SignedMultiplierInt8__xdcDup__826 |          0 |          0 |       0 |    0 |      0 |      0 |      0 |    0 |          1 |
|       mul_list_8_8         |  SignedMultiplierInt8__xdcDup__827 |          0 |          0 |       0 |    0 |      0 |      0 |      0 |    0 |          1 |
|       mul_list_8_9         |  SignedMultiplierInt8__xdcDup__828 |          0 |          0 |       0 |    0 |      0 |      0 |      0 |    0 |          1 |
|       mul_list_9_0         |  SignedMultiplierInt8__xdcDup__829 |          0 |          0 |       0 |    0 |      0 |      0 |      0 |    0 |          1 |
|       mul_list_9_1         |  SignedMultiplierInt8__xdcDup__830 |          0 |          0 |       0 |    0 |      0 |      0 |      0 |    0 |          1 |
|       mul_list_9_10        |  SignedMultiplierInt8__xdcDup__831 |          0 |          0 |       0 |    0 |      0 |      0 |      0 |    0 |          1 |
|       mul_list_9_11        |  SignedMultiplierInt8__xdcDup__832 |          0 |          0 |       0 |    0 |      0 |      0 |      0 |    0 |          1 |
|       mul_list_9_12        |  SignedMultiplierInt8__xdcDup__833 |          0 |          0 |       0 |    0 |      0 |      0 |      0 |    0 |          1 |
|       mul_list_9_13        |  SignedMultiplierInt8__xdcDup__834 |          0 |          0 |       0 |    0 |      0 |      0 |      0 |    0 |          1 |
|       mul_list_9_14        |  SignedMultiplierInt8__xdcDup__835 |          0 |          0 |       0 |    0 |      0 |      0 |      0 |    0 |          1 |
|       mul_list_9_15        |  SignedMultiplierInt8__xdcDup__836 |          0 |          0 |       0 |    0 |      0 |      0 |      0 |    0 |          1 |
|       mul_list_9_16        |  SignedMultiplierInt8__xdcDup__837 |          0 |          0 |       0 |    0 |      0 |      0 |      0 |    0 |          1 |
|       mul_list_9_17        |  SignedMultiplierInt8__xdcDup__838 |          0 |          0 |       0 |    0 |      0 |      0 |      0 |    0 |          1 |
|       mul_list_9_18        |  SignedMultiplierInt8__xdcDup__839 |          0 |          0 |       0 |    0 |      0 |      0 |      0 |    0 |          1 |
|       mul_list_9_19        |  SignedMultiplierInt8__xdcDup__840 |          0 |          0 |       0 |    0 |      0 |      0 |      0 |    0 |          1 |
|       mul_list_9_2         |  SignedMultiplierInt8__xdcDup__841 |          0 |          0 |       0 |    0 |      0 |      0 |      0 |    0 |          1 |
|       mul_list_9_20        |  SignedMultiplierInt8__xdcDup__842 |          0 |          0 |       0 |    0 |      0 |      0 |      0 |    0 |          1 |
|       mul_list_9_21        |  SignedMultiplierInt8__xdcDup__843 |          0 |          0 |       0 |    0 |      0 |      0 |      0 |    0 |          1 |
|       mul_list_9_22        |  SignedMultiplierInt8__xdcDup__844 |          0 |          0 |       0 |    0 |      0 |      0 |      0 |    0 |          1 |
|       mul_list_9_23        |  SignedMultiplierInt8__xdcDup__845 |          0 |          0 |       0 |    0 |      0 |      0 |      0 |    0 |          1 |
|       mul_list_9_24        |  SignedMultiplierInt8__xdcDup__846 |          0 |          0 |       0 |    0 |      0 |      0 |      0 |    0 |          1 |
|       mul_list_9_25        |  SignedMultiplierInt8__xdcDup__847 |          0 |          0 |       0 |    0 |      0 |      0 |      0 |    0 |          1 |
|       mul_list_9_26        |  SignedMultiplierInt8__xdcDup__848 |          0 |          0 |       0 |    0 |      0 |      0 |      0 |    0 |          1 |
|       mul_list_9_27        |  SignedMultiplierInt8__xdcDup__849 |          0 |          0 |       0 |    0 |      0 |      0 |      0 |    0 |          1 |
|       mul_list_9_28        |  SignedMultiplierInt8__xdcDup__850 |          0 |          0 |       0 |    0 |      0 |      0 |      0 |    0 |          1 |
|       mul_list_9_29        |  SignedMultiplierInt8__xdcDup__851 |          0 |          0 |       0 |    0 |      0 |      0 |      0 |    0 |          1 |
|       mul_list_9_3         |  SignedMultiplierInt8__xdcDup__852 |          0 |          0 |       0 |    0 |      0 |      0 |      0 |    0 |          1 |
|       mul_list_9_30        |  SignedMultiplierInt8__xdcDup__853 |          0 |          0 |       0 |    0 |      0 |      0 |      0 |    0 |          1 |
|       mul_list_9_31        |  SignedMultiplierInt8__xdcDup__854 |          0 |          0 |       0 |    0 |      0 |      0 |      0 |    0 |          1 |
|       mul_list_9_32        |  SignedMultiplierInt8__xdcDup__855 |          0 |          0 |       0 |    0 |      0 |      0 |      0 |    0 |          1 |
|       mul_list_9_33        |  SignedMultiplierInt8__xdcDup__856 |          0 |          0 |       0 |    0 |      0 |      0 |      0 |    0 |          1 |
|       mul_list_9_34        |  SignedMultiplierInt8__xdcDup__857 |          0 |          0 |       0 |    0 |      0 |      0 |      0 |    0 |          1 |
|       mul_list_9_35        |  SignedMultiplierInt8__xdcDup__858 |          0 |          0 |       0 |    0 |      0 |      0 |      0 |    0 |          1 |
|       mul_list_9_4         |  SignedMultiplierInt8__xdcDup__859 |          0 |          0 |       0 |    0 |      0 |      0 |      0 |    0 |          1 |
|       mul_list_9_5         |  SignedMultiplierInt8__xdcDup__860 |          0 |          0 |       0 |    0 |      0 |      0 |      0 |    0 |          1 |
|       mul_list_9_6         |  SignedMultiplierInt8__xdcDup__861 |          0 |          0 |       0 |    0 |      0 |      0 |      0 |    0 |          1 |
|       mul_list_9_7         |  SignedMultiplierInt8__xdcDup__862 |          0 |          0 |       0 |    0 |      0 |      0 |      0 |    0 |          1 |
|       mul_list_9_8         |  SignedMultiplierInt8__xdcDup__863 |          0 |          0 |       0 |    0 |      0 |      0 |      0 |    0 |          1 |
|       mul_list_9_9         |  SignedMultiplierInt8__xdcDup__864 |          0 |          0 |       0 |    0 |      0 |      0 |      0 |    0 |          1 |
|       psum_last_pipreg     |                       PipReg_2__10 |          0 |          0 |       0 |    0 |      7 |      0 |      0 |    0 |          0 |
|       psum_valid_pipreg    |                        PipReg_2__8 |          0 |          0 |       0 |    0 |      7 |      0 |      0 |    0 |          0 |
|       requant              |           Int32VecRequantizeToInt8 |      11892 |      11892 |       0 |    0 |      0 |      0 |      0 |    0 |         24 |
|       res_valid_pipreg     |                        PipReg_6__4 |          1 |          1 |       0 |    0 |      1 |      0 |      0 |    0 |          0 |
|     lu_inst                |                         LoadUnit_4 |         27 |         27 |       0 |    0 |     27 |      0 |      0 |    0 |          0 |
|     lw_inst                |                       LoadWeight_3 |       1561 |       1561 |       0 |    0 |     28 |      0 |      0 |   68 |          1 |
|       (lw_inst)            |                       LoadWeight_3 |         29 |         29 |       0 |    0 |     21 |      0 |      0 |    0 |          1 |
|       weight_mem           |                        WeightMem_2 |       1532 |       1532 |       0 |    0 |      7 |      0 |      0 |   68 |          0 |
|     mem_inst               |                 DataMem__xdcDup__2 |         60 |         60 |       0 |    0 |      5 |     10 |      2 |    0 |          0 |
|       (mem_inst)           |                 DataMem__xdcDup__2 |         54 |         54 |       0 |    0 |      5 |      0 |      0 |    0 |          0 |
|       mem0_ext             |             mem_2048x96__xdcDup__3 |          3 |          3 |       0 |    0 |      0 |      5 |      1 |    0 |          0 |
|       mem1_ext             |             mem_2048x96__xdcDup__4 |          3 |          3 |       0 |    0 |      0 |      5 |      1 |    0 |          0 |
|     su_inst                |                        StoreUnit_2 |         22 |         22 |       0 |    0 |    130 |      0 |      0 |    0 |          0 |
|   layernorm                |                      LayerNormQ__1 |      99348 |      99348 |       0 |    0 |  50354 |     41 |      1 |    0 |        102 |
|     (layernorm)            |                      LayerNormQ__1 |      13264 |      13264 |       0 |    0 |  50158 |      0 |      0 |    0 |          0 |
|     applyNorm              |              Fp32LayerNormApply__1 |      34970 |      34970 |       0 |    0 |      0 |      0 |      0 |    0 |         48 |
|       add                  |                        Fp32Add__27 |        961 |        961 |       0 |    0 |      0 |      0 |      0 |    0 |          0 |
|       add_1                |                        Fp32Add__28 |        961 |        961 |       0 |    0 |      0 |      0 |      0 |    0 |          0 |
|       add_10               |                        Fp32Add__37 |        961 |        961 |       0 |    0 |      0 |      0 |      0 |    0 |          0 |
|       add_11               |                        Fp32Add__38 |        961 |        961 |       0 |    0 |      0 |      0 |      0 |    0 |          0 |
|       add_2                |                        Fp32Add__29 |        961 |        961 |       0 |    0 |      0 |      0 |      0 |    0 |          0 |
|       add_3                |                        Fp32Add__30 |        961 |        961 |       0 |    0 |      0 |      0 |      0 |    0 |          0 |
|       add_4                |                        Fp32Add__31 |        961 |        961 |       0 |    0 |      0 |      0 |      0 |    0 |          0 |
|       add_5                |                        Fp32Add__32 |        961 |        961 |       0 |    0 |      0 |      0 |      0 |    0 |          0 |
|       add_6                |                        Fp32Add__33 |        961 |        961 |       0 |    0 |      0 |      0 |      0 |    0 |          0 |
|       add_7                |                        Fp32Add__34 |        961 |        961 |       0 |    0 |      0 |      0 |      0 |    0 |          0 |
|       add_8                |                        Fp32Add__35 |        961 |        961 |       0 |    0 |      0 |      0 |      0 |    0 |          0 |
|       add_9                |                        Fp32Add__36 |        961 |        961 |       0 |    0 |      0 |      0 |      0 |    0 |          0 |
|       normMul              |                       Fp32Mul__224 |        503 |        503 |       0 |    0 |      0 |      0 |      0 |    0 |          2 |
|       normMul_1            |                       Fp32Mul__226 |        503 |        503 |       0 |    0 |      0 |      0 |      0 |    0 |          2 |
|       normMul_10           |                       Fp32Mul__208 |        503 |        503 |       0 |    0 |      0 |      0 |      0 |    0 |          2 |
|       normMul_11           |                       Fp32Mul__223 |        503 |        503 |       0 |    0 |      0 |      0 |      0 |    0 |          2 |
|       normMul_2            |                       Fp32Mul__220 |        503 |        503 |       0 |    0 |      0 |      0 |      0 |    0 |          2 |
|       normMul_3            |                       Fp32Mul__216 |        503 |        503 |       0 |    0 |      0 |      0 |      0 |    0 |          2 |
|       normMul_4            |                       Fp32Mul__211 |        503 |        503 |       0 |    0 |      0 |      0 |      0 |    0 |          2 |
|       normMul_5            |                       Fp32Mul__212 |        503 |        503 |       0 |    0 |      0 |      0 |      0 |    0 |          2 |
|       normMul_6            |                       Fp32Mul__203 |        503 |        503 |       0 |    0 |      0 |      0 |      0 |    0 |          2 |
|       normMul_7            |                       Fp32Mul__215 |        503 |        503 |       0 |    0 |      0 |      0 |      0 |    0 |          2 |
|       normMul_8            |                       Fp32Mul__206 |        503 |        503 |       0 |    0 |      0 |      0 |      0 |    0 |          2 |
|       normMul_9            |                       Fp32Mul__219 |        503 |        503 |       0 |    0 |      0 |      0 |      0 |    0 |          2 |
|       scaleMul             |                       Fp32Mul__225 |        503 |        503 |       0 |    0 |      0 |      0 |      0 |    0 |          2 |
|       scaleMul_1           |                       Fp32Mul__205 |        505 |        505 |       0 |    0 |      0 |      0 |      0 |    0 |          2 |
|       scaleMul_10          |                       Fp32Mul__209 |        503 |        503 |       0 |    0 |      0 |      0 |      0 |    0 |          2 |
|       scaleMul_11          |                       Fp32Mul__222 |        503 |        503 |       0 |    0 |      0 |      0 |      0 |    0 |          2 |
|       scaleMul_2           |                       Fp32Mul__221 |        503 |        503 |       0 |    0 |      0 |      0 |      0 |    0 |          2 |
|       scaleMul_3           |                       Fp32Mul__217 |        503 |        503 |       0 |    0 |      0 |      0 |      0 |    0 |          2 |
|       scaleMul_4           |                       Fp32Mul__210 |        503 |        503 |       0 |    0 |      0 |      0 |      0 |    0 |          2 |
|       scaleMul_5           |                       Fp32Mul__213 |        503 |        503 |       0 |    0 |      0 |      0 |      0 |    0 |          2 |
|       scaleMul_6           |                       Fp32Mul__204 |        503 |        503 |       0 |    0 |      0 |      0 |      0 |    0 |          2 |
|       scaleMul_7           |                       Fp32Mul__214 |        503 |        503 |       0 |    0 |      0 |      0 |      0 |    0 |          2 |
|       scaleMul_8           |                       Fp32Mul__207 |        503 |        503 |       0 |    0 |      0 |      0 |      0 |    0 |          2 |
|       scaleMul_9           |                       Fp32Mul__218 |        503 |        503 |       0 |    0 |      0 |      0 |      0 |    0 |          2 |
|       sub                  |                        Fp32Sub__24 |        947 |        947 |       0 |    0 |      0 |      0 |      0 |    0 |          0 |
|       sub_1                |                        Fp32Sub__25 |        947 |        947 |       0 |    0 |      0 |      0 |      0 |    0 |          0 |
|       sub_10               |                        Fp32Sub__16 |        947 |        947 |       0 |    0 |      0 |      0 |      0 |    0 |          0 |
|       sub_11               |                        Fp32Sub__23 |        947 |        947 |       0 |    0 |      0 |      0 |      0 |    0 |          0 |
|       sub_2                |                        Fp32Sub__22 |        947 |        947 |       0 |    0 |      0 |      0 |      0 |    0 |          0 |
|       sub_3                |                        Fp32Sub__20 |        947 |        947 |       0 |    0 |      0 |      0 |      0 |    0 |          0 |
|       sub_4                |                        Fp32Sub__18 |        947 |        947 |       0 |    0 |      0 |      0 |      0 |    0 |          0 |
|       sub_5                |                        Fp32Sub__17 |        947 |        947 |       0 |    0 |      0 |      0 |      0 |    0 |          0 |
|       sub_6                |                        Fp32Sub__14 |        947 |        947 |       0 |    0 |      0 |      0 |      0 |    0 |          0 |
|       sub_7                |                        Fp32Sub__19 |        947 |        947 |       0 |    0 |      0 |      0 |      0 |    0 |          0 |
|       sub_8                |                        Fp32Sub__15 |        947 |        947 |       0 |    0 |      0 |      0 |      0 |    0 |          0 |
|       sub_9                |                        Fp32Sub__21 |        947 |        947 |       0 |    0 |      0 |      0 |      0 |    0 |          0 |
|     div                    |                     Fp32DivSqrt__3 |        492 |        492 |       0 |    0 |     98 |      0 |      0 |    0 |          0 |
|       (div)                |                     Fp32DivSqrt__3 |        173 |        173 |       0 |    0 |      0 |      0 |      0 |    0 |          0 |
|       divSqrt              |       DivSqrtRecFM_small_e8_s24__3 |        319 |        319 |       0 |    0 |     98 |      0 |      0 |    0 |          0 |
|     inputMem_ext           |               inputMem_2048x384__1 |         10 |         10 |       0 |    0 |      0 |     41 |      1 |    0 |          0 |
|     laneSqSum              |               Fp32LaneSquareSum__1 |      15095 |      15095 |       0 |    0 |      0 |      0 |      0 |    0 |         24 |
|       (laneSqSum)          |               Fp32LaneSquareSum__1 |          0 |          0 |       0 |    0 |      0 |      0 |      0 |    0 |          0 |
|       mul                  |                       Fp32Mul__202 |        377 |        377 |       0 |    0 |      0 |      0 |      0 |    0 |          2 |
|       mul_1                |                       Fp32Mul__201 |        377 |        377 |       0 |    0 |      0 |      0 |      0 |    0 |          2 |
|       mul_10               |                       Fp32Mul__192 |        377 |        377 |       0 |    0 |      0 |      0 |      0 |    0 |          2 |
|       mul_11               |                       Fp32Mul__191 |        377 |        377 |       0 |    0 |      0 |      0 |      0 |    0 |          2 |
|       mul_2                |                       Fp32Mul__200 |        377 |        377 |       0 |    0 |      0 |      0 |      0 |    0 |          2 |
|       mul_3                |                       Fp32Mul__199 |        377 |        377 |       0 |    0 |      0 |      0 |      0 |    0 |          2 |
|       mul_4                |                       Fp32Mul__198 |        377 |        377 |       0 |    0 |      0 |      0 |      0 |    0 |          2 |
|       mul_5                |                       Fp32Mul__197 |        377 |        377 |       0 |    0 |      0 |      0 |      0 |    0 |          2 |
|       mul_6                |                       Fp32Mul__196 |        377 |        377 |       0 |    0 |      0 |      0 |      0 |    0 |          2 |
|       mul_7                |                       Fp32Mul__195 |        377 |        377 |       0 |    0 |      0 |      0 |      0 |    0 |          2 |
|       mul_8                |                       Fp32Mul__194 |        377 |        377 |       0 |    0 |      0 |      0 |      0 |    0 |          2 |
|       mul_9                |                       Fp32Mul__193 |        377 |        377 |       0 |    0 |      0 |      0 |      0 |    0 |          2 |
|       sum                  |                     Fp32LaneSum__2 |      10571 |      10571 |       0 |    0 |      0 |      0 |      0 |    0 |          0 |
|     laneSum                |                     Fp32LaneSum__3 |      10571 |      10571 |       0 |    0 |      0 |      0 |      0 |    0 |          0 |
|       add01                |                         Fp32Add__2 |        961 |        961 |       0 |    0 |      0 |      0 |      0 |    0 |          0 |
|       add0123              |                         Fp32Add__8 |        961 |        961 |       0 |    0 |      0 |      0 |      0 |    0 |          0 |
|       add0to7              |                        Fp32Add__11 |        961 |        961 |       0 |    0 |      0 |      0 |      0 |    0 |          0 |
|       add1011              |                         Fp32Add__7 |        961 |        961 |       0 |    0 |      0 |      0 |      0 |    0 |          0 |
|       add23                |                         Fp32Add__3 |        961 |        961 |       0 |    0 |      0 |      0 |      0 |    0 |          0 |
|       add45                |                         Fp32Add__4 |        961 |        961 |       0 |    0 |      0 |      0 |      0 |    0 |          0 |
|       add4567              |                         Fp32Add__9 |        961 |        961 |       0 |    0 |      0 |      0 |      0 |    0 |          0 |
|       add67                |                         Fp32Add__5 |        961 |        961 |       0 |    0 |      0 |      0 |      0 |    0 |          0 |
|       add89                |                         Fp32Add__6 |        961 |        961 |       0 |    0 |      0 |      0 |      0 |    0 |          0 |
|       add891011            |                        Fp32Add__10 |        961 |        961 |       0 |    0 |      0 |      0 |      0 |    0 |          0 |
|       addAll               |                        Fp32Add__12 |        961 |        961 |       0 |    0 |      0 |      0 |      0 |    0 |          0 |
|     meanMul                |                       Fp32Mul__181 |        403 |        403 |       0 |    0 |      0 |      0 |      0 |    0 |          2 |
|       (meanMul)            |                       Fp32Mul__181 |        195 |        195 |       0 |    0 |      0 |      0 |      0 |    0 |          0 |
|       mul                  |                      MulRecFN__181 |        208 |        208 |       0 |    0 |      0 |      0 |      0 |    0 |          2 |
|     meanPow2               |                       Fp32Mul__183 |        380 |        380 |       0 |    0 |      0 |      0 |      0 |    0 |          2 |
|       (meanPow2)           |                       Fp32Mul__183 |        203 |        203 |       0 |    0 |      0 |      0 |      0 |    0 |          0 |
|       mul                  |                      MulRecFN__183 |        177 |        177 |       0 |    0 |      0 |      0 |      0 |    0 |          2 |
|     meanSqMul              |                       Fp32Mul__182 |        405 |        405 |       0 |    0 |      0 |      0 |      0 |    0 |          2 |
|       (meanSqMul)          |                       Fp32Mul__182 |        197 |        197 |       0 |    0 |      0 |      0 |      0 |    0 |          0 |
|       mul                  |                      MulRecFN__182 |        208 |        208 |       0 |    0 |      0 |      0 |      0 |    0 |          2 |
|     quant                  |          Fp32QuantizeToInt8Pack__1 |      19586 |      19586 |       0 |    0 |      0 |      0 |      0 |    0 |         24 |
|       (quant)              |          Fp32QuantizeToInt8Pack__1 |          0 |          0 |       0 |    0 |      0 |      0 |      0 |    0 |          0 |
|       add                  |                        Fp32Add__39 |        961 |        961 |       0 |    0 |      0 |      0 |      0 |    0 |          0 |
|       add_1                |                        Fp32Add__40 |        961 |        961 |       0 |    0 |      0 |      0 |      0 |    0 |          0 |
|       add_10               |                        Fp32Add__49 |        961 |        961 |       0 |    0 |      0 |      0 |      0 |    0 |          0 |
|       add_11               |                        Fp32Add__50 |        961 |        961 |       0 |    0 |      0 |      0 |      0 |    0 |          0 |
|       add_2                |                        Fp32Add__41 |        961 |        961 |       0 |    0 |      0 |      0 |      0 |    0 |          0 |
|       add_3                |                        Fp32Add__42 |        961 |        961 |       0 |    0 |      0 |      0 |      0 |    0 |          0 |
|       add_4                |                        Fp32Add__43 |        961 |        961 |       0 |    0 |      0 |      0 |      0 |    0 |          0 |
|       add_5                |                        Fp32Add__44 |        961 |        961 |       0 |    0 |      0 |      0 |      0 |    0 |          0 |
|       add_6                |                        Fp32Add__45 |        961 |        961 |       0 |    0 |      0 |      0 |      0 |    0 |          0 |
|       add_7                |                        Fp32Add__46 |        961 |        961 |       0 |    0 |      0 |      0 |      0 |    0 |          0 |
|       add_8                |                        Fp32Add__47 |        961 |        961 |       0 |    0 |      0 |      0 |      0 |    0 |          0 |
|       add_9                |                        Fp32Add__48 |        961 |        961 |       0 |    0 |      0 |      0 |      0 |    0 |          0 |
|       mul                  |                       Fp32Mul__238 |        502 |        502 |       0 |    0 |      0 |      0 |      0 |    0 |          2 |
|       mul_1                |                       Fp32Mul__237 |        502 |        502 |       0 |    0 |      0 |      0 |      0 |    0 |          2 |
|       mul_10               |                       Fp32Mul__228 |        502 |        502 |       0 |    0 |      0 |      0 |      0 |    0 |          2 |
|       mul_11               |                       Fp32Mul__227 |        502 |        502 |       0 |    0 |      0 |      0 |      0 |    0 |          2 |
|       mul_2                |                       Fp32Mul__236 |        502 |        502 |       0 |    0 |      0 |      0 |      0 |    0 |          2 |
|       mul_3                |                       Fp32Mul__235 |        502 |        502 |       0 |    0 |      0 |      0 |      0 |    0 |          2 |
|       mul_4                |                       Fp32Mul__234 |        502 |        502 |       0 |    0 |      0 |      0 |      0 |    0 |          2 |
|       mul_5                |                       Fp32Mul__233 |        502 |        502 |       0 |    0 |      0 |      0 |      0 |    0 |          2 |
|       mul_6                |                       Fp32Mul__232 |        502 |        502 |       0 |    0 |      0 |      0 |      0 |    0 |          2 |
|       mul_7                |                       Fp32Mul__231 |        502 |        502 |       0 |    0 |      0 |      0 |      0 |    0 |          2 |
|       mul_8                |                       Fp32Mul__230 |        502 |        502 |       0 |    0 |      0 |      0 |      0 |    0 |          2 |
|       mul_9                |                       Fp32Mul__229 |        502 |        502 |       0 |    0 |      0 |      0 |      0 |    0 |          2 |
|       toInt                |                     Fp32ToInt8__40 |        166 |        166 |       0 |    0 |      0 |      0 |      0 |    0 |          0 |
|       toInt_1              |                     Fp32ToInt8__39 |        166 |        166 |       0 |    0 |      0 |      0 |      0 |    0 |          0 |
|       toInt_10             |                     Fp32ToInt8__30 |        166 |        166 |       0 |    0 |      0 |      0 |      0 |    0 |          0 |
|       toInt_11             |                     Fp32ToInt8__29 |        166 |        166 |       0 |    0 |      0 |      0 |      0 |    0 |          0 |
|       toInt_2              |                     Fp32ToInt8__38 |        166 |        166 |       0 |    0 |      0 |      0 |      0 |    0 |          0 |
|       toInt_3              |                     Fp32ToInt8__37 |        166 |        166 |       0 |    0 |      0 |      0 |      0 |    0 |          0 |
|       toInt_4              |                     Fp32ToInt8__36 |        166 |        166 |       0 |    0 |      0 |      0 |      0 |    0 |          0 |
|       toInt_5              |                     Fp32ToInt8__35 |        166 |        166 |       0 |    0 |      0 |      0 |      0 |    0 |          0 |
|       toInt_6              |                     Fp32ToInt8__34 |        166 |        166 |       0 |    0 |      0 |      0 |      0 |    0 |          0 |
|       toInt_7              |                     Fp32ToInt8__33 |        166 |        166 |       0 |    0 |      0 |      0 |      0 |    0 |          0 |
|       toInt_8              |                     Fp32ToInt8__32 |        166 |        166 |       0 |    0 |      0 |      0 |      0 |    0 |          0 |
|       toInt_9              |                     Fp32ToInt8__31 |        166 |        166 |       0 |    0 |      0 |      0 |      0 |    0 |          0 |
|       zpFp                 |                      SIntToFp32__1 |         38 |         38 |       0 |    0 |      0 |      0 |      0 |    0 |          0 |
|     sqAdd                  |                        Fp32Add__25 |        961 |        961 |       0 |    0 |      0 |      0 |      0 |    0 |          0 |
|       (sqAdd)              |                        Fp32Add__25 |        284 |        284 |       0 |    0 |      0 |      0 |      0 |    0 |          0 |
|       add                  |                       AddRecFN__38 |        677 |        677 |       0 |    0 |      0 |      0 |      0 |    0 |          0 |
|     sqrt                   |                     Fp32DivSqrt__2 |        499 |        499 |       0 |    0 |     98 |      0 |      0 |    0 |          0 |
|       (sqrt)               |                     Fp32DivSqrt__2 |        173 |        173 |       0 |    0 |      0 |      0 |      0 |    0 |          0 |
|       divSqrt              |       DivSqrtRecFM_small_e8_s24__2 |        326 |        326 |       0 |    0 |     98 |      0 |      0 |    0 |          0 |
|     sumAdd                 |                        Fp32Add__24 |        961 |        961 |       0 |    0 |      0 |      0 |      0 |    0 |          0 |
|       (sumAdd)             |                        Fp32Add__24 |        284 |        284 |       0 |    0 |      0 |      0 |      0 |    0 |          0 |
|       add                  |                       AddRecFN__37 |        677 |        677 |       0 |    0 |      0 |      0 |      0 |    0 |          0 |
|     varAddEps              |                        Fp32Add__26 |        781 |        781 |       0 |    0 |      0 |      0 |      0 |    0 |          0 |
|       (varAddEps)          |                        Fp32Add__26 |        194 |        194 |       0 |    0 |      0 |      0 |      0 |    0 |          0 |
|       add                  |                       AddRecFN__39 |        587 |        587 |       0 |    0 |      0 |      0 |      0 |    0 |          0 |
|     varSub                 |                        Fp32Sub__13 |        970 |        970 |       0 |    0 |      0 |      0 |      0 |    0 |          0 |
|       (varSub)             |                        Fp32Sub__13 |        287 |        287 |       0 |    0 |      0 |      0 |      0 |    0 |          0 |
|       sub                  |                       AddRecFN__64 |        683 |        683 |       0 |    0 |      0 |      0 |      0 |    0 |          0 |
|   layernorm2               |                         LayerNormQ |      99349 |      99349 |       0 |    0 |  50354 |     41 |      1 |    0 |        102 |
|     (layernorm2)           |                         LayerNormQ |      13265 |      13265 |       0 |    0 |  50158 |      0 |      0 |    0 |          0 |
|     applyNorm              |                 Fp32LayerNormApply |      34970 |      34970 |       0 |    0 |      0 |      0 |      0 |    0 |         48 |
|       add                  |                       Fp32Add__125 |        961 |        961 |       0 |    0 |      0 |      0 |      0 |    0 |          0 |
|       add_1                |                       Fp32Add__126 |        961 |        961 |       0 |    0 |      0 |      0 |      0 |    0 |          0 |
|       add_10               |                       Fp32Add__135 |        961 |        961 |       0 |    0 |      0 |      0 |      0 |    0 |          0 |
|       add_11               |                       Fp32Add__136 |        961 |        961 |       0 |    0 |      0 |      0 |      0 |    0 |          0 |
|       add_2                |                       Fp32Add__127 |        961 |        961 |       0 |    0 |      0 |      0 |      0 |    0 |          0 |
|       add_3                |                       Fp32Add__128 |        961 |        961 |       0 |    0 |      0 |      0 |      0 |    0 |          0 |
|       add_4                |                       Fp32Add__129 |        961 |        961 |       0 |    0 |      0 |      0 |      0 |    0 |          0 |
|       add_5                |                       Fp32Add__130 |        961 |        961 |       0 |    0 |      0 |      0 |      0 |    0 |          0 |
|       add_6                |                       Fp32Add__131 |        961 |        961 |       0 |    0 |      0 |      0 |      0 |    0 |          0 |
|       add_7                |                       Fp32Add__132 |        961 |        961 |       0 |    0 |      0 |      0 |      0 |    0 |          0 |
|       add_8                |                       Fp32Add__133 |        961 |        961 |       0 |    0 |      0 |      0 |      0 |    0 |          0 |
|       add_9                |                       Fp32Add__134 |        961 |        961 |       0 |    0 |      0 |      0 |      0 |    0 |          0 |
|       normMul              |                        Fp32Mul__35 |        503 |        503 |       0 |    0 |      0 |      0 |      0 |    0 |          2 |
|       normMul_1            |                        Fp32Mul__33 |        503 |        503 |       0 |    0 |      0 |      0 |      0 |    0 |          2 |
|       normMul_10           |                        Fp32Mul__15 |        503 |        503 |       0 |    0 |      0 |      0 |      0 |    0 |          2 |
|       normMul_11           |                        Fp32Mul__36 |        503 |        503 |       0 |    0 |      0 |      0 |      0 |    0 |          2 |
|       normMul_2            |                        Fp32Mul__30 |        503 |        503 |       0 |    0 |      0 |      0 |      0 |    0 |          2 |
|       normMul_3            |                        Fp32Mul__26 |        503 |        503 |       0 |    0 |      0 |      0 |      0 |    0 |          2 |
|       normMul_4            |                        Fp32Mul__23 |        503 |        503 |       0 |    0 |      0 |      0 |      0 |    0 |          2 |
|       normMul_5            |                        Fp32Mul__22 |        503 |        503 |       0 |    0 |      0 |      0 |      0 |    0 |          2 |
|       normMul_6            |                        Fp32Mul__20 |        503 |        503 |       0 |    0 |      0 |      0 |      0 |    0 |          2 |
|       normMul_7            |                        Fp32Mul__27 |        503 |        503 |       0 |    0 |      0 |      0 |      0 |    0 |          2 |
|       normMul_8            |                        Fp32Mul__17 |        503 |        503 |       0 |    0 |      0 |      0 |      0 |    0 |          2 |
|       normMul_9            |                        Fp32Mul__31 |        503 |        503 |       0 |    0 |      0 |      0 |      0 |    0 |          2 |
|       scaleMul             |                        Fp32Mul__34 |        503 |        503 |       0 |    0 |      0 |      0 |      0 |    0 |          2 |
|       scaleMul_1           |                        Fp32Mul__18 |        505 |        505 |       0 |    0 |      0 |      0 |      0 |    0 |          2 |
|       scaleMul_10          |                        Fp32Mul__14 |        503 |        503 |       0 |    0 |      0 |      0 |      0 |    0 |          2 |
|       scaleMul_11          |                        Fp32Mul__37 |        503 |        503 |       0 |    0 |      0 |      0 |      0 |    0 |          2 |
|       scaleMul_2           |                        Fp32Mul__29 |        503 |        503 |       0 |    0 |      0 |      0 |      0 |    0 |          2 |
|       scaleMul_3           |                        Fp32Mul__25 |        503 |        503 |       0 |    0 |      0 |      0 |      0 |    0 |          2 |
|       scaleMul_4           |                        Fp32Mul__24 |        503 |        503 |       0 |    0 |      0 |      0 |      0 |    0 |          2 |
|       scaleMul_5           |                        Fp32Mul__21 |        503 |        503 |       0 |    0 |      0 |      0 |      0 |    0 |          2 |
|       scaleMul_6           |                        Fp32Mul__19 |        503 |        503 |       0 |    0 |      0 |      0 |      0 |    0 |          2 |
|       scaleMul_7           |                        Fp32Mul__28 |        503 |        503 |       0 |    0 |      0 |      0 |      0 |    0 |          2 |
|       scaleMul_8           |                        Fp32Mul__16 |        503 |        503 |       0 |    0 |      0 |      0 |      0 |    0 |          2 |
|       scaleMul_9           |                        Fp32Mul__32 |        503 |        503 |       0 |    0 |      0 |      0 |      0 |    0 |          2 |
|       sub                  |                        Fp32Sub__11 |        947 |        947 |       0 |    0 |      0 |      0 |      0 |    0 |          0 |
|       sub_1                |                        Fp32Sub__10 |        947 |        947 |       0 |    0 |      0 |      0 |      0 |    0 |          0 |
|       sub_10               |                         Fp32Sub__1 |        947 |        947 |       0 |    0 |      0 |      0 |      0 |    0 |          0 |
|       sub_11               |                        Fp32Sub__12 |        947 |        947 |       0 |    0 |      0 |      0 |      0 |    0 |          0 |
|       sub_2                |                         Fp32Sub__8 |        947 |        947 |       0 |    0 |      0 |      0 |      0 |    0 |          0 |
|       sub_3                |                         Fp32Sub__6 |        947 |        947 |       0 |    0 |      0 |      0 |      0 |    0 |          0 |
|       sub_4                |                         Fp32Sub__4 |        947 |        947 |       0 |    0 |      0 |      0 |      0 |    0 |          0 |
|       sub_5                |                         Fp32Sub__5 |        947 |        947 |       0 |    0 |      0 |      0 |      0 |    0 |          0 |
|       sub_6                |                         Fp32Sub__3 |        947 |        947 |       0 |    0 |      0 |      0 |      0 |    0 |          0 |
|       sub_7                |                         Fp32Sub__7 |        947 |        947 |       0 |    0 |      0 |      0 |      0 |    0 |          0 |
|       sub_8                |                         Fp32Sub__2 |        947 |        947 |       0 |    0 |      0 |      0 |      0 |    0 |          0 |
|       sub_9                |                         Fp32Sub__9 |        947 |        947 |       0 |    0 |      0 |      0 |      0 |    0 |          0 |
|     div                    |                     Fp32DivSqrt__1 |        492 |        492 |       0 |    0 |     98 |      0 |      0 |    0 |          0 |
|       (div)                |                     Fp32DivSqrt__1 |        173 |        173 |       0 |    0 |      0 |      0 |      0 |    0 |          0 |
|       divSqrt              |       DivSqrtRecFM_small_e8_s24__1 |        319 |        319 |       0 |    0 |     98 |      0 |      0 |    0 |          0 |
|     inputMem_ext           |                  inputMem_2048x384 |         10 |         10 |       0 |    0 |      0 |     41 |      1 |    0 |          0 |
|     laneSqSum              |                  Fp32LaneSquareSum |      15095 |      15095 |       0 |    0 |      0 |      0 |      0 |    0 |         24 |
|       (laneSqSum)          |                  Fp32LaneSquareSum |          0 |          0 |       0 |    0 |      0 |      0 |      0 |    0 |          0 |
|       mul                  |                         Fp32Mul__2 |        377 |        377 |       0 |    0 |      0 |      0 |      0 |    0 |          2 |
|       mul_1                |                         Fp32Mul__3 |        377 |        377 |       0 |    0 |      0 |      0 |      0 |    0 |          2 |
|       mul_10               |                        Fp32Mul__12 |        377 |        377 |       0 |    0 |      0 |      0 |      0 |    0 |          2 |
|       mul_11               |                        Fp32Mul__13 |        377 |        377 |       0 |    0 |      0 |      0 |      0 |    0 |          2 |
|       mul_2                |                         Fp32Mul__4 |        377 |        377 |       0 |    0 |      0 |      0 |      0 |    0 |          2 |
|       mul_3                |                         Fp32Mul__5 |        377 |        377 |       0 |    0 |      0 |      0 |      0 |    0 |          2 |
|       mul_4                |                         Fp32Mul__6 |        377 |        377 |       0 |    0 |      0 |      0 |      0 |    0 |          2 |
|       mul_5                |                         Fp32Mul__7 |        377 |        377 |       0 |    0 |      0 |      0 |      0 |    0 |          2 |
|       mul_6                |                         Fp32Mul__8 |        377 |        377 |       0 |    0 |      0 |      0 |      0 |    0 |          2 |
|       mul_7                |                         Fp32Mul__9 |        377 |        377 |       0 |    0 |      0 |      0 |      0 |    0 |          2 |
|       mul_8                |                        Fp32Mul__10 |        377 |        377 |       0 |    0 |      0 |      0 |      0 |    0 |          2 |
|       mul_9                |                        Fp32Mul__11 |        377 |        377 |       0 |    0 |      0 |      0 |      0 |    0 |          2 |
|       sum                  |                        Fp32LaneSum |      10571 |      10571 |       0 |    0 |      0 |      0 |      0 |    0 |          0 |
|     laneSum                |                     Fp32LaneSum__1 |      10571 |      10571 |       0 |    0 |      0 |      0 |      0 |    0 |          0 |
|       add01                |                       Fp32Add__101 |        961 |        961 |       0 |    0 |      0 |      0 |      0 |    0 |          0 |
|       add0123              |                       Fp32Add__107 |        961 |        961 |       0 |    0 |      0 |      0 |      0 |    0 |          0 |
|       add0to7              |                       Fp32Add__110 |        961 |        961 |       0 |    0 |      0 |      0 |      0 |    0 |          0 |
|       add1011              |                       Fp32Add__106 |        961 |        961 |       0 |    0 |      0 |      0 |      0 |    0 |          0 |
|       add23                |                       Fp32Add__102 |        961 |        961 |       0 |    0 |      0 |      0 |      0 |    0 |          0 |
|       add45                |                       Fp32Add__103 |        961 |        961 |       0 |    0 |      0 |      0 |      0 |    0 |          0 |
|       add4567              |                       Fp32Add__108 |        961 |        961 |       0 |    0 |      0 |      0 |      0 |    0 |          0 |
|       add67                |                       Fp32Add__104 |        961 |        961 |       0 |    0 |      0 |      0 |      0 |    0 |          0 |
|       add89                |                       Fp32Add__105 |        961 |        961 |       0 |    0 |      0 |      0 |      0 |    0 |          0 |
|       add891011            |                       Fp32Add__109 |        961 |        961 |       0 |    0 |      0 |      0 |      0 |    0 |          0 |
|       addAll               |                       Fp32Add__111 |        961 |        961 |       0 |    0 |      0 |      0 |      0 |    0 |          0 |
|     meanMul                |                        Fp32Mul__52 |        403 |        403 |       0 |    0 |      0 |      0 |      0 |    0 |          2 |
|       (meanMul)            |                        Fp32Mul__52 |        195 |        195 |       0 |    0 |      0 |      0 |      0 |    0 |          0 |
|       mul                  |                       MulRecFN__52 |        208 |        208 |       0 |    0 |      0 |      0 |      0 |    0 |          2 |
|     meanPow2               |                        Fp32Mul__50 |        380 |        380 |       0 |    0 |      0 |      0 |      0 |    0 |          2 |
|       (meanPow2)           |                        Fp32Mul__50 |        203 |        203 |       0 |    0 |      0 |      0 |      0 |    0 |          0 |
|       mul                  |                       MulRecFN__50 |        177 |        177 |       0 |    0 |      0 |      0 |      0 |    0 |          2 |
|     meanSqMul              |                        Fp32Mul__51 |        405 |        405 |       0 |    0 |      0 |      0 |      0 |    0 |          2 |
|       (meanSqMul)          |                        Fp32Mul__51 |        197 |        197 |       0 |    0 |      0 |      0 |      0 |    0 |          0 |
|       mul                  |                       MulRecFN__51 |        208 |        208 |       0 |    0 |      0 |      0 |      0 |    0 |          2 |
|     quant                  |             Fp32QuantizeToInt8Pack |      19586 |      19586 |       0 |    0 |      0 |      0 |      0 |    0 |         24 |
|       (quant)              |             Fp32QuantizeToInt8Pack |          0 |          0 |       0 |    0 |      0 |      0 |      0 |    0 |          0 |
|       add                  |                       Fp32Add__137 |        961 |        961 |       0 |    0 |      0 |      0 |      0 |    0 |          0 |
|       add_1                |                       Fp32Add__138 |        961 |        961 |       0 |    0 |      0 |      0 |      0 |    0 |          0 |
|       add_10               |                       Fp32Add__147 |        961 |        961 |       0 |    0 |      0 |      0 |      0 |    0 |          0 |
|       add_11               |                       Fp32Add__148 |        961 |        961 |       0 |    0 |      0 |      0 |      0 |    0 |          0 |
|       add_2                |                       Fp32Add__139 |        961 |        961 |       0 |    0 |      0 |      0 |      0 |    0 |          0 |
|       add_3                |                       Fp32Add__140 |        961 |        961 |       0 |    0 |      0 |      0 |      0 |    0 |          0 |
|       add_4                |                       Fp32Add__141 |        961 |        961 |       0 |    0 |      0 |      0 |      0 |    0 |          0 |
|       add_5                |                       Fp32Add__142 |        961 |        961 |       0 |    0 |      0 |      0 |      0 |    0 |          0 |
|       add_6                |                       Fp32Add__143 |        961 |        961 |       0 |    0 |      0 |      0 |      0 |    0 |          0 |
|       add_7                |                       Fp32Add__144 |        961 |        961 |       0 |    0 |      0 |      0 |      0 |    0 |          0 |
|       add_8                |                       Fp32Add__145 |        961 |        961 |       0 |    0 |      0 |      0 |      0 |    0 |          0 |
|       add_9                |                       Fp32Add__146 |        961 |        961 |       0 |    0 |      0 |      0 |      0 |    0 |          0 |
|       mul                  |                        Fp32Mul__38 |        502 |        502 |       0 |    0 |      0 |      0 |      0 |    0 |          2 |
|       mul_1                |                        Fp32Mul__39 |        502 |        502 |       0 |    0 |      0 |      0 |      0 |    0 |          2 |
|       mul_10               |                        Fp32Mul__48 |        502 |        502 |       0 |    0 |      0 |      0 |      0 |    0 |          2 |
|       mul_11               |                        Fp32Mul__49 |        502 |        502 |       0 |    0 |      0 |      0 |      0 |    0 |          2 |
|       mul_2                |                        Fp32Mul__40 |        502 |        502 |       0 |    0 |      0 |      0 |      0 |    0 |          2 |
|       mul_3                |                        Fp32Mul__41 |        502 |        502 |       0 |    0 |      0 |      0 |      0 |    0 |          2 |
|       mul_4                |                        Fp32Mul__42 |        502 |        502 |       0 |    0 |      0 |      0 |      0 |    0 |          2 |
|       mul_5                |                        Fp32Mul__43 |        502 |        502 |       0 |    0 |      0 |      0 |      0 |    0 |          2 |
|       mul_6                |                        Fp32Mul__44 |        502 |        502 |       0 |    0 |      0 |      0 |      0 |    0 |          2 |
|       mul_7                |                        Fp32Mul__45 |        502 |        502 |       0 |    0 |      0 |      0 |      0 |    0 |          2 |
|       mul_8                |                        Fp32Mul__46 |        502 |        502 |       0 |    0 |      0 |      0 |      0 |    0 |          2 |
|       mul_9                |                        Fp32Mul__47 |        502 |        502 |       0 |    0 |      0 |      0 |      0 |    0 |          2 |
|       toInt                |                      Fp32ToInt8__2 |        166 |        166 |       0 |    0 |      0 |      0 |      0 |    0 |          0 |
|       toInt_1              |                      Fp32ToInt8__3 |        166 |        166 |       0 |    0 |      0 |      0 |      0 |    0 |          0 |
|       toInt_10             |                     Fp32ToInt8__12 |        166 |        166 |       0 |    0 |      0 |      0 |      0 |    0 |          0 |
|       toInt_11             |                     Fp32ToInt8__13 |        166 |        166 |       0 |    0 |      0 |      0 |      0 |    0 |          0 |
|       toInt_2              |                      Fp32ToInt8__4 |        166 |        166 |       0 |    0 |      0 |      0 |      0 |    0 |          0 |
|       toInt_3              |                      Fp32ToInt8__5 |        166 |        166 |       0 |    0 |      0 |      0 |      0 |    0 |          0 |
|       toInt_4              |                      Fp32ToInt8__6 |        166 |        166 |       0 |    0 |      0 |      0 |      0 |    0 |          0 |
|       toInt_5              |                      Fp32ToInt8__7 |        166 |        166 |       0 |    0 |      0 |      0 |      0 |    0 |          0 |
|       toInt_6              |                      Fp32ToInt8__8 |        166 |        166 |       0 |    0 |      0 |      0 |      0 |    0 |          0 |
|       toInt_7              |                      Fp32ToInt8__9 |        166 |        166 |       0 |    0 |      0 |      0 |      0 |    0 |          0 |
|       toInt_8              |                     Fp32ToInt8__10 |        166 |        166 |       0 |    0 |      0 |      0 |      0 |    0 |          0 |
|       toInt_9              |                     Fp32ToInt8__11 |        166 |        166 |       0 |    0 |      0 |      0 |      0 |    0 |          0 |
|       zpFp                 |                         SIntToFp32 |         38 |         38 |       0 |    0 |      0 |      0 |      0 |    0 |          0 |
|     sqAdd                  |                       Fp32Add__124 |        961 |        961 |       0 |    0 |      0 |      0 |      0 |    0 |          0 |
|       (sqAdd)              |                       Fp32Add__124 |        284 |        284 |       0 |    0 |      0 |      0 |      0 |    0 |          0 |
|       add                  |                      AddRecFN__138 |        677 |        677 |       0 |    0 |      0 |      0 |      0 |    0 |          0 |
|     sqrt                   |                        Fp32DivSqrt |        499 |        499 |       0 |    0 |     98 |      0 |      0 |    0 |          0 |
|       (sqrt)               |                        Fp32DivSqrt |        173 |        173 |       0 |    0 |      0 |      0 |      0 |    0 |          0 |
|       divSqrt              |          DivSqrtRecFM_small_e8_s24 |        326 |        326 |       0 |    0 |     98 |      0 |      0 |    0 |          0 |
|     sumAdd                 |                       Fp32Add__123 |        961 |        961 |       0 |    0 |      0 |      0 |      0 |    0 |          0 |
|       (sumAdd)             |                       Fp32Add__123 |        284 |        284 |       0 |    0 |      0 |      0 |      0 |    0 |          0 |
|       add                  |                      AddRecFN__137 |        677 |        677 |       0 |    0 |      0 |      0 |      0 |    0 |          0 |
|     varAddEps              |                         Fp32Add__1 |        781 |        781 |       0 |    0 |      0 |      0 |      0 |    0 |          0 |
|       (varAddEps)          |                         Fp32Add__1 |        194 |        194 |       0 |    0 |      0 |      0 |      0 |    0 |          0 |
|       add                  |                       AddRecFN__14 |        587 |        587 |       0 |    0 |      0 |      0 |      0 |    0 |          0 |
|     varSub                 |                            Fp32Sub |        970 |        970 |       0 |    0 |      0 |      0 |      0 |    0 |          0 |
|       (varSub)             |                            Fp32Sub |        287 |        287 |       0 |    0 |      0 |      0 |      0 |    0 |          0 |
|       sub                  |                           AddRecFN |        683 |        683 |       0 |    0 |      0 |      0 |      0 |    0 |          0 |
|   ln_addr_gen              |                          LNAddrGen |         24 |         24 |       0 |    0 |     23 |      0 |      0 |    0 |          0 |
|   outlinear                |                      OutLinearFP32 |     189761 |     189756 |       0 |    5 | 312639 |     10 |      2 |   20 |        457 |
|     (outlinear)            |                      OutLinearFP32 |      63765 |      63765 |       0 |    0 | 221229 |      0 |      0 |    0 |          0 |
|     bias_add               |                      Fp32VecAdd__1 |      11532 |      11532 |       0 |    0 |      0 |      0 |      0 |    0 |          0 |
|       add                  |                        Fp32Add__77 |        961 |        961 |       0 |    0 |      0 |      0 |      0 |    0 |          0 |
|       add_1                |                        Fp32Add__78 |        961 |        961 |       0 |    0 |      0 |      0 |      0 |    0 |          0 |
|       add_10               |                        Fp32Add__87 |        961 |        961 |       0 |    0 |      0 |      0 |      0 |    0 |          0 |
|       add_11               |                        Fp32Add__88 |        961 |        961 |       0 |    0 |      0 |      0 |      0 |    0 |          0 |
|       add_2                |                        Fp32Add__79 |        961 |        961 |       0 |    0 |      0 |      0 |      0 |    0 |          0 |
|       add_3                |                        Fp32Add__80 |        961 |        961 |       0 |    0 |      0 |      0 |      0 |    0 |          0 |
|       add_4                |                        Fp32Add__81 |        961 |        961 |       0 |    0 |      0 |      0 |      0 |    0 |          0 |
|       add_5                |                        Fp32Add__82 |        961 |        961 |       0 |    0 |      0 |      0 |      0 |    0 |          0 |
|       add_6                |                        Fp32Add__83 |        961 |        961 |       0 |    0 |      0 |      0 |      0 |    0 |          0 |
|       add_7                |                        Fp32Add__84 |        961 |        961 |       0 |    0 |      0 |      0 |      0 |    0 |          0 |
|       add_8                |                        Fp32Add__85 |        961 |        961 |       0 |    0 |      0 |      0 |      0 |    0 |          0 |
|       add_9                |                        Fp32Add__86 |        961 |        961 |       0 |    0 |      0 |      0 |      0 |    0 |          0 |
|     cu_inst                |                           CUFP32_1 |     113730 |     113725 |       0 |    5 |  90928 |      0 |      0 |    0 |        456 |
|       (cu_inst)            |                           CUFP32_1 |      97531 |      97531 |       0 |    0 |  83028 |      0 |      0 |    0 |          0 |
|       addTreeList_0        |                SignedAddTree32__52 |        184 |        184 |       0 |    0 |    213 |      0 |      0 |    0 |          0 |
|       addTreeList_1        |                SignedAddTree32__51 |        184 |        184 |       0 |    0 |    213 |      0 |      0 |    0 |          0 |
|       addTreeList_10       |                SignedAddTree32__54 |        184 |        184 |       0 |    0 |    213 |      0 |      0 |    0 |          0 |
|       addTreeList_11       |                SignedAddTree32__55 |        184 |        184 |       0 |    0 |    213 |      0 |      0 |    0 |          0 |
|       addTreeList_12       |                SignedAddTree32__56 |        184 |        184 |       0 |    0 |    213 |      0 |      0 |    0 |          0 |
|       addTreeList_13       |                SignedAddTree32__57 |        184 |        184 |       0 |    0 |    213 |      0 |      0 |    0 |          0 |
|       addTreeList_14       |                SignedAddTree32__64 |        184 |        184 |       0 |    0 |    213 |      0 |      0 |    0 |          0 |
|       addTreeList_15       |                SignedAddTree32__65 |        184 |        184 |       0 |    0 |    213 |      0 |      0 |    0 |          0 |
|       addTreeList_16       |                SignedAddTree32__45 |        184 |        184 |       0 |    0 |    213 |      0 |      0 |    0 |          0 |
|       addTreeList_17       |                SignedAddTree32__58 |        184 |        184 |       0 |    0 |    213 |      0 |      0 |    0 |          0 |
|       addTreeList_18       |                SignedAddTree32__44 |        184 |        184 |       0 |    0 |    213 |      0 |      0 |    0 |          0 |
|       addTreeList_19       |                SignedAddTree32__43 |        184 |        184 |       0 |    0 |    213 |      0 |      0 |    0 |          0 |
|       addTreeList_2        |                SignedAddTree32__72 |        184 |        184 |       0 |    0 |    213 |      0 |      0 |    0 |          0 |
|       addTreeList_20       |                SignedAddTree32__42 |        184 |        184 |       0 |    0 |    213 |      0 |      0 |    0 |          0 |
|       addTreeList_21       |                SignedAddTree32__66 |        184 |        184 |       0 |    0 |    213 |      0 |      0 |    0 |          0 |
|       addTreeList_22       |                SignedAddTree32__73 |        184 |        184 |       0 |    0 |    213 |      0 |      0 |    0 |          0 |
|       addTreeList_23       |                SignedAddTree32__67 |        184 |        184 |       0 |    0 |    213 |      0 |      0 |    0 |          0 |
|       addTreeList_24       |                SignedAddTree32__41 |        184 |        184 |       0 |    0 |    213 |      0 |      0 |    0 |          0 |
|       addTreeList_25       |                SignedAddTree32__40 |        184 |        184 |       0 |    0 |    213 |      0 |      0 |    0 |          0 |
|       addTreeList_26       |                SignedAddTree32__39 |        184 |        184 |       0 |    0 |    213 |      0 |      0 |    0 |          0 |
|       addTreeList_27       |                SignedAddTree32__38 |        184 |        184 |       0 |    0 |    213 |      0 |      0 |    0 |          0 |
|       addTreeList_28       |                SignedAddTree32__59 |        184 |        184 |       0 |    0 |    213 |      0 |      0 |    0 |          0 |
|       addTreeList_29       |                SignedAddTree32__60 |        184 |        184 |       0 |    0 |    213 |      0 |      0 |    0 |          0 |
|       addTreeList_3        |                SignedAddTree32__50 |        184 |        184 |       0 |    0 |    213 |      0 |      0 |    0 |          0 |
|       addTreeList_30       |                SignedAddTree32__61 |        184 |        184 |       0 |    0 |    213 |      0 |      0 |    0 |          0 |
|       addTreeList_31       |                SignedAddTree32__62 |        184 |        184 |       0 |    0 |    213 |      0 |      0 |    0 |          0 |
|       addTreeList_32       |                SignedAddTree32__68 |        184 |        184 |       0 |    0 |    213 |      0 |      0 |    0 |          0 |
|       addTreeList_33       |                SignedAddTree32__69 |        184 |        184 |       0 |    0 |    213 |      0 |      0 |    0 |          0 |
|       addTreeList_34       |                SignedAddTree32__70 |        184 |        184 |       0 |    0 |    213 |      0 |      0 |    0 |          0 |
|       addTreeList_35       |                SignedAddTree32__71 |        184 |        184 |       0 |    0 |    213 |      0 |      0 |    0 |          0 |
|       addTreeList_4        |                SignedAddTree32__49 |        184 |        184 |       0 |    0 |    213 |      0 |      0 |    0 |          0 |
|       addTreeList_5        |                SignedAddTree32__48 |        184 |        184 |       0 |    0 |    213 |      0 |      0 |    0 |          0 |
|       addTreeList_6        |                SignedAddTree32__63 |        184 |        184 |       0 |    0 |    213 |      0 |      0 |    0 |          0 |
|       addTreeList_7        |                SignedAddTree32__47 |        184 |        184 |       0 |    0 |    213 |      0 |      0 |    0 |          0 |
|       addTreeList_8        |                SignedAddTree32__46 |        184 |        184 |       0 |    0 |    213 |      0 |      0 |    0 |          0 |
|       addTreeList_9        |                SignedAddTree32__53 |        184 |        184 |       0 |    0 |    213 |      0 |      0 |    0 |          0 |
|       batchsizelast_pipreg |                        PipReg_1__3 |          0 |          0 |       0 |    0 |      2 |      0 |      0 |    0 |          0 |
|       block_first_pipreg   |                        PipReg_2__5 |          0 |          0 |       0 |    0 |      7 |      0 |      0 |    0 |          0 |
|       cnt_batchsize_pipreg |                        PipReg_3__3 |         10 |          5 |       0 |    5 |     16 |      0 |      0 |    0 |          0 |
|       indata_pipreg        |                          PipReg__3 |          0 |          0 |       0 |    0 |    192 |      0 |      0 |    0 |          0 |
|       mul_list_0_0         |  SignedMultiplierInt8__xdcDup__865 |          0 |          0 |       0 |    0 |      0 |      0 |      0 |    0 |          1 |
|       mul_list_0_1         |  SignedMultiplierInt8__xdcDup__866 |          0 |          0 |       0 |    0 |      0 |      0 |      0 |    0 |          1 |
|       mul_list_0_10        |  SignedMultiplierInt8__xdcDup__867 |          0 |          0 |       0 |    0 |      0 |      0 |      0 |    0 |          1 |
|       mul_list_0_11        |  SignedMultiplierInt8__xdcDup__868 |          0 |          0 |       0 |    0 |      0 |      0 |      0 |    0 |          1 |
|       mul_list_0_12        |  SignedMultiplierInt8__xdcDup__869 |          0 |          0 |       0 |    0 |      0 |      0 |      0 |    0 |          1 |
|       mul_list_0_13        |  SignedMultiplierInt8__xdcDup__870 |          0 |          0 |       0 |    0 |      0 |      0 |      0 |    0 |          1 |
|       mul_list_0_14        |  SignedMultiplierInt8__xdcDup__871 |          0 |          0 |       0 |    0 |      0 |      0 |      0 |    0 |          1 |
|       mul_list_0_15        |  SignedMultiplierInt8__xdcDup__872 |          0 |          0 |       0 |    0 |      0 |      0 |      0 |    0 |          1 |
|       mul_list_0_16        |  SignedMultiplierInt8__xdcDup__873 |          0 |          0 |       0 |    0 |      0 |      0 |      0 |    0 |          1 |
|       mul_list_0_17        |  SignedMultiplierInt8__xdcDup__874 |          0 |          0 |       0 |    0 |      0 |      0 |      0 |    0 |          1 |
|       mul_list_0_18        |  SignedMultiplierInt8__xdcDup__875 |          0 |          0 |       0 |    0 |      0 |      0 |      0 |    0 |          1 |
|       mul_list_0_19        |  SignedMultiplierInt8__xdcDup__876 |          0 |          0 |       0 |    0 |      0 |      0 |      0 |    0 |          1 |
|       mul_list_0_2         |  SignedMultiplierInt8__xdcDup__877 |          0 |          0 |       0 |    0 |      0 |      0 |      0 |    0 |          1 |
|       mul_list_0_20        |  SignedMultiplierInt8__xdcDup__878 |          0 |          0 |       0 |    0 |      0 |      0 |      0 |    0 |          1 |
|       mul_list_0_21        |  SignedMultiplierInt8__xdcDup__879 |          0 |          0 |       0 |    0 |      0 |      0 |      0 |    0 |          1 |
|       mul_list_0_22        |  SignedMultiplierInt8__xdcDup__880 |          0 |          0 |       0 |    0 |      0 |      0 |      0 |    0 |          1 |
|       mul_list_0_23        |  SignedMultiplierInt8__xdcDup__881 |          0 |          0 |       0 |    0 |      0 |      0 |      0 |    0 |          1 |
|       mul_list_0_24        |  SignedMultiplierInt8__xdcDup__882 |          0 |          0 |       0 |    0 |      0 |      0 |      0 |    0 |          1 |
|       mul_list_0_25        |  SignedMultiplierInt8__xdcDup__883 |          0 |          0 |       0 |    0 |      0 |      0 |      0 |    0 |          1 |
|       mul_list_0_26        |  SignedMultiplierInt8__xdcDup__884 |          0 |          0 |       0 |    0 |      0 |      0 |      0 |    0 |          1 |
|       mul_list_0_27        |  SignedMultiplierInt8__xdcDup__885 |          0 |          0 |       0 |    0 |      0 |      0 |      0 |    0 |          1 |
|       mul_list_0_28        |  SignedMultiplierInt8__xdcDup__886 |          0 |          0 |       0 |    0 |      0 |      0 |      0 |    0 |          1 |
|       mul_list_0_29        |  SignedMultiplierInt8__xdcDup__887 |          0 |          0 |       0 |    0 |      0 |      0 |      0 |    0 |          1 |
|       mul_list_0_3         |  SignedMultiplierInt8__xdcDup__888 |          0 |          0 |       0 |    0 |      0 |      0 |      0 |    0 |          1 |
|       mul_list_0_30        |  SignedMultiplierInt8__xdcDup__889 |          0 |          0 |       0 |    0 |      0 |      0 |      0 |    0 |          1 |
|       mul_list_0_31        |  SignedMultiplierInt8__xdcDup__890 |          0 |          0 |       0 |    0 |      0 |      0 |      0 |    0 |          1 |
|       mul_list_0_32        |  SignedMultiplierInt8__xdcDup__891 |          0 |          0 |       0 |    0 |      0 |      0 |      0 |    0 |          1 |
|       mul_list_0_33        |  SignedMultiplierInt8__xdcDup__892 |          0 |          0 |       0 |    0 |      0 |      0 |      0 |    0 |          1 |
|       mul_list_0_34        |  SignedMultiplierInt8__xdcDup__893 |          0 |          0 |       0 |    0 |      0 |      0 |      0 |    0 |          1 |
|       mul_list_0_35        |  SignedMultiplierInt8__xdcDup__894 |          0 |          0 |       0 |    0 |      0 |      0 |      0 |    0 |          1 |
|       mul_list_0_4         |  SignedMultiplierInt8__xdcDup__895 |          0 |          0 |       0 |    0 |      0 |      0 |      0 |    0 |          1 |
|       mul_list_0_5         |  SignedMultiplierInt8__xdcDup__896 |          0 |          0 |       0 |    0 |      0 |      0 |      0 |    0 |          1 |
|       mul_list_0_6         |  SignedMultiplierInt8__xdcDup__897 |          0 |          0 |       0 |    0 |      0 |      0 |      0 |    0 |          1 |
|       mul_list_0_7         |  SignedMultiplierInt8__xdcDup__898 |          0 |          0 |       0 |    0 |      0 |      0 |      0 |    0 |          1 |
|       mul_list_0_8         |  SignedMultiplierInt8__xdcDup__899 |          0 |          0 |       0 |    0 |      0 |      0 |      0 |    0 |          1 |
|       mul_list_0_9         |  SignedMultiplierInt8__xdcDup__900 |          0 |          0 |       0 |    0 |      0 |      0 |      0 |    0 |          1 |
|       mul_list_10_0        |  SignedMultiplierInt8__xdcDup__901 |          0 |          0 |       0 |    0 |      0 |      0 |      0 |    0 |          1 |
|       mul_list_10_1        |  SignedMultiplierInt8__xdcDup__902 |          0 |          0 |       0 |    0 |      0 |      0 |      0 |    0 |          1 |
|       mul_list_10_10       |  SignedMultiplierInt8__xdcDup__903 |          0 |          0 |       0 |    0 |      0 |      0 |      0 |    0 |          1 |
|       mul_list_10_11       |  SignedMultiplierInt8__xdcDup__904 |          0 |          0 |       0 |    0 |      0 |      0 |      0 |    0 |          1 |
|       mul_list_10_12       |  SignedMultiplierInt8__xdcDup__905 |          0 |          0 |       0 |    0 |      0 |      0 |      0 |    0 |          1 |
|       mul_list_10_13       |  SignedMultiplierInt8__xdcDup__906 |          0 |          0 |       0 |    0 |      0 |      0 |      0 |    0 |          1 |
|       mul_list_10_14       |  SignedMultiplierInt8__xdcDup__907 |          0 |          0 |       0 |    0 |      0 |      0 |      0 |    0 |          1 |
|       mul_list_10_15       |  SignedMultiplierInt8__xdcDup__908 |          0 |          0 |       0 |    0 |      0 |      0 |      0 |    0 |          1 |
|       mul_list_10_16       |  SignedMultiplierInt8__xdcDup__909 |          0 |          0 |       0 |    0 |      0 |      0 |      0 |    0 |          1 |
|       mul_list_10_17       |  SignedMultiplierInt8__xdcDup__910 |          0 |          0 |       0 |    0 |      0 |      0 |      0 |    0 |          1 |
|       mul_list_10_18       |  SignedMultiplierInt8__xdcDup__911 |          0 |          0 |       0 |    0 |      0 |      0 |      0 |    0 |          1 |
|       mul_list_10_19       |  SignedMultiplierInt8__xdcDup__912 |          0 |          0 |       0 |    0 |      0 |      0 |      0 |    0 |          1 |
|       mul_list_10_2        |  SignedMultiplierInt8__xdcDup__913 |          0 |          0 |       0 |    0 |      0 |      0 |      0 |    0 |          1 |
|       mul_list_10_20       |  SignedMultiplierInt8__xdcDup__914 |          0 |          0 |       0 |    0 |      0 |      0 |      0 |    0 |          1 |
|       mul_list_10_21       |  SignedMultiplierInt8__xdcDup__915 |          0 |          0 |       0 |    0 |      0 |      0 |      0 |    0 |          1 |
|       mul_list_10_22       |  SignedMultiplierInt8__xdcDup__916 |          0 |          0 |       0 |    0 |      0 |      0 |      0 |    0 |          1 |
|       mul_list_10_23       |  SignedMultiplierInt8__xdcDup__917 |          0 |          0 |       0 |    0 |      0 |      0 |      0 |    0 |          1 |
|       mul_list_10_24       |  SignedMultiplierInt8__xdcDup__918 |          0 |          0 |       0 |    0 |      0 |      0 |      0 |    0 |          1 |
|       mul_list_10_25       |  SignedMultiplierInt8__xdcDup__919 |          0 |          0 |       0 |    0 |      0 |      0 |      0 |    0 |          1 |
|       mul_list_10_26       |  SignedMultiplierInt8__xdcDup__920 |          0 |          0 |       0 |    0 |      0 |      0 |      0 |    0 |          1 |
|       mul_list_10_27       |  SignedMultiplierInt8__xdcDup__921 |          0 |          0 |       0 |    0 |      0 |      0 |      0 |    0 |          1 |
|       mul_list_10_28       |  SignedMultiplierInt8__xdcDup__922 |          0 |          0 |       0 |    0 |      0 |      0 |      0 |    0 |          1 |
|       mul_list_10_29       |  SignedMultiplierInt8__xdcDup__923 |          0 |          0 |       0 |    0 |      0 |      0 |      0 |    0 |          1 |
|       mul_list_10_3        |  SignedMultiplierInt8__xdcDup__924 |          0 |          0 |       0 |    0 |      0 |      0 |      0 |    0 |          1 |
|       mul_list_10_30       |  SignedMultiplierInt8__xdcDup__925 |          0 |          0 |       0 |    0 |      0 |      0 |      0 |    0 |          1 |
|       mul_list_10_31       |  SignedMultiplierInt8__xdcDup__926 |          0 |          0 |       0 |    0 |      0 |      0 |      0 |    0 |          1 |
|       mul_list_10_32       |  SignedMultiplierInt8__xdcDup__927 |          0 |          0 |       0 |    0 |      0 |      0 |      0 |    0 |          1 |
|       mul_list_10_33       |  SignedMultiplierInt8__xdcDup__928 |          0 |          0 |       0 |    0 |      0 |      0 |      0 |    0 |          1 |
|       mul_list_10_34       |  SignedMultiplierInt8__xdcDup__929 |          0 |          0 |       0 |    0 |      0 |      0 |      0 |    0 |          1 |
|       mul_list_10_35       |  SignedMultiplierInt8__xdcDup__930 |          0 |          0 |       0 |    0 |      0 |      0 |      0 |    0 |          1 |
|       mul_list_10_4        |  SignedMultiplierInt8__xdcDup__931 |          0 |          0 |       0 |    0 |      0 |      0 |      0 |    0 |          1 |
|       mul_list_10_5        |  SignedMultiplierInt8__xdcDup__932 |          0 |          0 |       0 |    0 |      0 |      0 |      0 |    0 |          1 |
|       mul_list_10_6        |  SignedMultiplierInt8__xdcDup__933 |          0 |          0 |       0 |    0 |      0 |      0 |      0 |    0 |          1 |
|       mul_list_10_7        |  SignedMultiplierInt8__xdcDup__934 |          0 |          0 |       0 |    0 |      0 |      0 |      0 |    0 |          1 |
|       mul_list_10_8        |  SignedMultiplierInt8__xdcDup__935 |          0 |          0 |       0 |    0 |      0 |      0 |      0 |    0 |          1 |
|       mul_list_10_9        |  SignedMultiplierInt8__xdcDup__936 |          0 |          0 |       0 |    0 |      0 |      0 |      0 |    0 |          1 |
|       mul_list_11_0        |  SignedMultiplierInt8__xdcDup__937 |          0 |          0 |       0 |    0 |      0 |      0 |      0 |    0 |          1 |
|       mul_list_11_1        |  SignedMultiplierInt8__xdcDup__938 |          0 |          0 |       0 |    0 |      0 |      0 |      0 |    0 |          1 |
|       mul_list_11_10       |  SignedMultiplierInt8__xdcDup__939 |          0 |          0 |       0 |    0 |      0 |      0 |      0 |    0 |          1 |
|       mul_list_11_11       |  SignedMultiplierInt8__xdcDup__940 |          0 |          0 |       0 |    0 |      0 |      0 |      0 |    0 |          1 |
|       mul_list_11_12       |  SignedMultiplierInt8__xdcDup__941 |          0 |          0 |       0 |    0 |      0 |      0 |      0 |    0 |          1 |
|       mul_list_11_13       |  SignedMultiplierInt8__xdcDup__942 |          0 |          0 |       0 |    0 |      0 |      0 |      0 |    0 |          1 |
|       mul_list_11_14       |  SignedMultiplierInt8__xdcDup__943 |          0 |          0 |       0 |    0 |      0 |      0 |      0 |    0 |          1 |
|       mul_list_11_15       |  SignedMultiplierInt8__xdcDup__944 |          0 |          0 |       0 |    0 |      0 |      0 |      0 |    0 |          1 |
|       mul_list_11_16       |  SignedMultiplierInt8__xdcDup__945 |          0 |          0 |       0 |    0 |      0 |      0 |      0 |    0 |          1 |
|       mul_list_11_17       |  SignedMultiplierInt8__xdcDup__946 |          0 |          0 |       0 |    0 |      0 |      0 |      0 |    0 |          1 |
|       mul_list_11_18       |  SignedMultiplierInt8__xdcDup__947 |          0 |          0 |       0 |    0 |      0 |      0 |      0 |    0 |          1 |
|       mul_list_11_19       |  SignedMultiplierInt8__xdcDup__948 |          0 |          0 |       0 |    0 |      0 |      0 |      0 |    0 |          1 |
|       mul_list_11_2        |  SignedMultiplierInt8__xdcDup__949 |          0 |          0 |       0 |    0 |      0 |      0 |      0 |    0 |          1 |
|       mul_list_11_20       |  SignedMultiplierInt8__xdcDup__950 |          0 |          0 |       0 |    0 |      0 |      0 |      0 |    0 |          1 |
|       mul_list_11_21       |  SignedMultiplierInt8__xdcDup__951 |          0 |          0 |       0 |    0 |      0 |      0 |      0 |    0 |          1 |
|       mul_list_11_22       |  SignedMultiplierInt8__xdcDup__952 |          0 |          0 |       0 |    0 |      0 |      0 |      0 |    0 |          1 |
|       mul_list_11_23       |  SignedMultiplierInt8__xdcDup__953 |          0 |          0 |       0 |    0 |      0 |      0 |      0 |    0 |          1 |
|       mul_list_11_24       |  SignedMultiplierInt8__xdcDup__954 |          0 |          0 |       0 |    0 |      0 |      0 |      0 |    0 |          1 |
|       mul_list_11_25       |  SignedMultiplierInt8__xdcDup__955 |          0 |          0 |       0 |    0 |      0 |      0 |      0 |    0 |          1 |
|       mul_list_11_26       |  SignedMultiplierInt8__xdcDup__956 |          0 |          0 |       0 |    0 |      0 |      0 |      0 |    0 |          1 |
|       mul_list_11_27       |  SignedMultiplierInt8__xdcDup__957 |          0 |          0 |       0 |    0 |      0 |      0 |      0 |    0 |          1 |
|       mul_list_11_28       |  SignedMultiplierInt8__xdcDup__958 |          0 |          0 |       0 |    0 |      0 |      0 |      0 |    0 |          1 |
|       mul_list_11_29       |  SignedMultiplierInt8__xdcDup__959 |          0 |          0 |       0 |    0 |      0 |      0 |      0 |    0 |          1 |
|       mul_list_11_3        |  SignedMultiplierInt8__xdcDup__960 |          0 |          0 |       0 |    0 |      0 |      0 |      0 |    0 |          1 |
|       mul_list_11_30       |  SignedMultiplierInt8__xdcDup__961 |          0 |          0 |       0 |    0 |      0 |      0 |      0 |    0 |          1 |
|       mul_list_11_31       |  SignedMultiplierInt8__xdcDup__962 |          0 |          0 |       0 |    0 |      0 |      0 |      0 |    0 |          1 |
|       mul_list_11_32       |  SignedMultiplierInt8__xdcDup__963 |          0 |          0 |       0 |    0 |      0 |      0 |      0 |    0 |          1 |
|       mul_list_11_33       |  SignedMultiplierInt8__xdcDup__964 |          0 |          0 |       0 |    0 |      0 |      0 |      0 |    0 |          1 |
|       mul_list_11_34       |  SignedMultiplierInt8__xdcDup__965 |          0 |          0 |       0 |    0 |      0 |      0 |      0 |    0 |          1 |
|       mul_list_11_35       |  SignedMultiplierInt8__xdcDup__966 |          0 |          0 |       0 |    0 |      0 |      0 |      0 |    0 |          1 |
|       mul_list_11_4        |  SignedMultiplierInt8__xdcDup__967 |          0 |          0 |       0 |    0 |      0 |      0 |      0 |    0 |          1 |
|       mul_list_11_5        |  SignedMultiplierInt8__xdcDup__968 |          0 |          0 |       0 |    0 |      0 |      0 |      0 |    0 |          1 |
|       mul_list_11_6        |  SignedMultiplierInt8__xdcDup__969 |          0 |          0 |       0 |    0 |      0 |      0 |      0 |    0 |          1 |
|       mul_list_11_7        |  SignedMultiplierInt8__xdcDup__970 |          0 |          0 |       0 |    0 |      0 |      0 |      0 |    0 |          1 |
|       mul_list_11_8        |  SignedMultiplierInt8__xdcDup__971 |          0 |          0 |       0 |    0 |      0 |      0 |      0 |    0 |          1 |
|       mul_list_11_9        |  SignedMultiplierInt8__xdcDup__972 |          0 |          0 |       0 |    0 |      0 |      0 |      0 |    0 |          1 |
|       mul_list_1_0         |  SignedMultiplierInt8__xdcDup__973 |          0 |          0 |       0 |    0 |      0 |      0 |      0 |    0 |          1 |
|       mul_list_1_1         |  SignedMultiplierInt8__xdcDup__974 |          0 |          0 |       0 |    0 |      0 |      0 |      0 |    0 |          1 |
|       mul_list_1_10        |  SignedMultiplierInt8__xdcDup__975 |          0 |          0 |       0 |    0 |      0 |      0 |      0 |    0 |          1 |
|       mul_list_1_11        |  SignedMultiplierInt8__xdcDup__976 |          0 |          0 |       0 |    0 |      0 |      0 |      0 |    0 |          1 |
|       mul_list_1_12        |  SignedMultiplierInt8__xdcDup__977 |          0 |          0 |       0 |    0 |      0 |      0 |      0 |    0 |          1 |
|       mul_list_1_13        |  SignedMultiplierInt8__xdcDup__978 |          0 |          0 |       0 |    0 |      0 |      0 |      0 |    0 |          1 |
|       mul_list_1_14        |  SignedMultiplierInt8__xdcDup__979 |          0 |          0 |       0 |    0 |      0 |      0 |      0 |    0 |          1 |
|       mul_list_1_15        |  SignedMultiplierInt8__xdcDup__980 |          0 |          0 |       0 |    0 |      0 |      0 |      0 |    0 |          1 |
|       mul_list_1_16        |  SignedMultiplierInt8__xdcDup__981 |          0 |          0 |       0 |    0 |      0 |      0 |      0 |    0 |          1 |
|       mul_list_1_17        |  SignedMultiplierInt8__xdcDup__982 |          0 |          0 |       0 |    0 |      0 |      0 |      0 |    0 |          1 |
|       mul_list_1_18        |  SignedMultiplierInt8__xdcDup__983 |          0 |          0 |       0 |    0 |      0 |      0 |      0 |    0 |          1 |
|       mul_list_1_19        |  SignedMultiplierInt8__xdcDup__984 |          0 |          0 |       0 |    0 |      0 |      0 |      0 |    0 |          1 |
|       mul_list_1_2         |  SignedMultiplierInt8__xdcDup__985 |          0 |          0 |       0 |    0 |      0 |      0 |      0 |    0 |          1 |
|       mul_list_1_20        |  SignedMultiplierInt8__xdcDup__986 |          0 |          0 |       0 |    0 |      0 |      0 |      0 |    0 |          1 |
|       mul_list_1_21        |  SignedMultiplierInt8__xdcDup__987 |          0 |          0 |       0 |    0 |      0 |      0 |      0 |    0 |          1 |
|       mul_list_1_22        |  SignedMultiplierInt8__xdcDup__988 |          0 |          0 |       0 |    0 |      0 |      0 |      0 |    0 |          1 |
|       mul_list_1_23        |  SignedMultiplierInt8__xdcDup__989 |          0 |          0 |       0 |    0 |      0 |      0 |      0 |    0 |          1 |
|       mul_list_1_24        |  SignedMultiplierInt8__xdcDup__990 |          0 |          0 |       0 |    0 |      0 |      0 |      0 |    0 |          1 |
|       mul_list_1_25        |  SignedMultiplierInt8__xdcDup__991 |          0 |          0 |       0 |    0 |      0 |      0 |      0 |    0 |          1 |
|       mul_list_1_26        |  SignedMultiplierInt8__xdcDup__992 |          0 |          0 |       0 |    0 |      0 |      0 |      0 |    0 |          1 |
|       mul_list_1_27        |  SignedMultiplierInt8__xdcDup__993 |          0 |          0 |       0 |    0 |      0 |      0 |      0 |    0 |          1 |
|       mul_list_1_28        |  SignedMultiplierInt8__xdcDup__994 |          0 |          0 |       0 |    0 |      0 |      0 |      0 |    0 |          1 |
|       mul_list_1_29        |  SignedMultiplierInt8__xdcDup__995 |          0 |          0 |       0 |    0 |      0 |      0 |      0 |    0 |          1 |
|       mul_list_1_3         |  SignedMultiplierInt8__xdcDup__996 |          0 |          0 |       0 |    0 |      0 |      0 |      0 |    0 |          1 |
|       mul_list_1_30        |  SignedMultiplierInt8__xdcDup__997 |          0 |          0 |       0 |    0 |      0 |      0 |      0 |    0 |          1 |
|       mul_list_1_31        |  SignedMultiplierInt8__xdcDup__998 |          0 |          0 |       0 |    0 |      0 |      0 |      0 |    0 |          1 |
|       mul_list_1_32        |  SignedMultiplierInt8__xdcDup__999 |          0 |          0 |       0 |    0 |      0 |      0 |      0 |    0 |          1 |
|       mul_list_1_33        | SignedMultiplierInt8__xdcDup__1000 |          0 |          0 |       0 |    0 |      0 |      0 |      0 |    0 |          1 |
|       mul_list_1_34        | SignedMultiplierInt8__xdcDup__1001 |          0 |          0 |       0 |    0 |      0 |      0 |      0 |    0 |          1 |
|       mul_list_1_35        | SignedMultiplierInt8__xdcDup__1002 |          0 |          0 |       0 |    0 |      0 |      0 |      0 |    0 |          1 |
|       mul_list_1_4         | SignedMultiplierInt8__xdcDup__1003 |          0 |          0 |       0 |    0 |      0 |      0 |      0 |    0 |          1 |
|       mul_list_1_5         | SignedMultiplierInt8__xdcDup__1004 |          0 |          0 |       0 |    0 |      0 |      0 |      0 |    0 |          1 |
|       mul_list_1_6         | SignedMultiplierInt8__xdcDup__1005 |          0 |          0 |       0 |    0 |      0 |      0 |      0 |    0 |          1 |
|       mul_list_1_7         | SignedMultiplierInt8__xdcDup__1006 |          0 |          0 |       0 |    0 |      0 |      0 |      0 |    0 |          1 |
|       mul_list_1_8         | SignedMultiplierInt8__xdcDup__1007 |          0 |          0 |       0 |    0 |      0 |      0 |      0 |    0 |          1 |
|       mul_list_1_9         | SignedMultiplierInt8__xdcDup__1008 |          0 |          0 |       0 |    0 |      0 |      0 |      0 |    0 |          1 |
|       mul_list_2_0         | SignedMultiplierInt8__xdcDup__1009 |          0 |          0 |       0 |    0 |      0 |      0 |      0 |    0 |          1 |
|       mul_list_2_1         | SignedMultiplierInt8__xdcDup__1010 |          0 |          0 |       0 |    0 |      0 |      0 |      0 |    0 |          1 |
|       mul_list_2_10        | SignedMultiplierInt8__xdcDup__1011 |          0 |          0 |       0 |    0 |      0 |      0 |      0 |    0 |          1 |
|       mul_list_2_11        | SignedMultiplierInt8__xdcDup__1012 |          0 |          0 |       0 |    0 |      0 |      0 |      0 |    0 |          1 |
|       mul_list_2_12        | SignedMultiplierInt8__xdcDup__1013 |          0 |          0 |       0 |    0 |      0 |      0 |      0 |    0 |          1 |
|       mul_list_2_13        | SignedMultiplierInt8__xdcDup__1014 |          0 |          0 |       0 |    0 |      0 |      0 |      0 |    0 |          1 |
|       mul_list_2_14        | SignedMultiplierInt8__xdcDup__1015 |          0 |          0 |       0 |    0 |      0 |      0 |      0 |    0 |          1 |
|       mul_list_2_15        | SignedMultiplierInt8__xdcDup__1016 |          0 |          0 |       0 |    0 |      0 |      0 |      0 |    0 |          1 |
|       mul_list_2_16        | SignedMultiplierInt8__xdcDup__1017 |          0 |          0 |       0 |    0 |      0 |      0 |      0 |    0 |          1 |
|       mul_list_2_17        | SignedMultiplierInt8__xdcDup__1018 |          0 |          0 |       0 |    0 |      0 |      0 |      0 |    0 |          1 |
|       mul_list_2_18        | SignedMultiplierInt8__xdcDup__1019 |          0 |          0 |       0 |    0 |      0 |      0 |      0 |    0 |          1 |
|       mul_list_2_19        | SignedMultiplierInt8__xdcDup__1020 |          0 |          0 |       0 |    0 |      0 |      0 |      0 |    0 |          1 |
|       mul_list_2_2         | SignedMultiplierInt8__xdcDup__1021 |          0 |          0 |       0 |    0 |      0 |      0 |      0 |    0 |          1 |
|       mul_list_2_20        | SignedMultiplierInt8__xdcDup__1022 |          0 |          0 |       0 |    0 |      0 |      0 |      0 |    0 |          1 |
|       mul_list_2_21        | SignedMultiplierInt8__xdcDup__1023 |          0 |          0 |       0 |    0 |      0 |      0 |      0 |    0 |          1 |
|       mul_list_2_22        | SignedMultiplierInt8__xdcDup__1024 |          0 |          0 |       0 |    0 |      0 |      0 |      0 |    0 |          1 |
|       mul_list_2_23        | SignedMultiplierInt8__xdcDup__1025 |          0 |          0 |       0 |    0 |      0 |      0 |      0 |    0 |          1 |
|       mul_list_2_24        | SignedMultiplierInt8__xdcDup__1026 |          0 |          0 |       0 |    0 |      0 |      0 |      0 |    0 |          1 |
|       mul_list_2_25        | SignedMultiplierInt8__xdcDup__1027 |          0 |          0 |       0 |    0 |      0 |      0 |      0 |    0 |          1 |
|       mul_list_2_26        | SignedMultiplierInt8__xdcDup__1028 |          0 |          0 |       0 |    0 |      0 |      0 |      0 |    0 |          1 |
|       mul_list_2_27        | SignedMultiplierInt8__xdcDup__1029 |          0 |          0 |       0 |    0 |      0 |      0 |      0 |    0 |          1 |
|       mul_list_2_28        | SignedMultiplierInt8__xdcDup__1030 |          0 |          0 |       0 |    0 |      0 |      0 |      0 |    0 |          1 |
|       mul_list_2_29        | SignedMultiplierInt8__xdcDup__1031 |          0 |          0 |       0 |    0 |      0 |      0 |      0 |    0 |          1 |
|       mul_list_2_3         | SignedMultiplierInt8__xdcDup__1032 |          0 |          0 |       0 |    0 |      0 |      0 |      0 |    0 |          1 |
|       mul_list_2_30        | SignedMultiplierInt8__xdcDup__1033 |          0 |          0 |       0 |    0 |      0 |      0 |      0 |    0 |          1 |
|       mul_list_2_31        | SignedMultiplierInt8__xdcDup__1034 |          0 |          0 |       0 |    0 |      0 |      0 |      0 |    0 |          1 |
|       mul_list_2_32        | SignedMultiplierInt8__xdcDup__1035 |          0 |          0 |       0 |    0 |      0 |      0 |      0 |    0 |          1 |
|       mul_list_2_33        | SignedMultiplierInt8__xdcDup__1036 |          0 |          0 |       0 |    0 |      0 |      0 |      0 |    0 |          1 |
|       mul_list_2_34        | SignedMultiplierInt8__xdcDup__1037 |          0 |          0 |       0 |    0 |      0 |      0 |      0 |    0 |          1 |
|       mul_list_2_35        | SignedMultiplierInt8__xdcDup__1038 |          0 |          0 |       0 |    0 |      0 |      0 |      0 |    0 |          1 |
|       mul_list_2_4         | SignedMultiplierInt8__xdcDup__1039 |          0 |          0 |       0 |    0 |      0 |      0 |      0 |    0 |          1 |
|       mul_list_2_5         | SignedMultiplierInt8__xdcDup__1040 |          0 |          0 |       0 |    0 |      0 |      0 |      0 |    0 |          1 |
|       mul_list_2_6         | SignedMultiplierInt8__xdcDup__1041 |          0 |          0 |       0 |    0 |      0 |      0 |      0 |    0 |          1 |
|       mul_list_2_7         | SignedMultiplierInt8__xdcDup__1042 |          0 |          0 |       0 |    0 |      0 |      0 |      0 |    0 |          1 |
|       mul_list_2_8         | SignedMultiplierInt8__xdcDup__1043 |          0 |          0 |       0 |    0 |      0 |      0 |      0 |    0 |          1 |
|       mul_list_2_9         | SignedMultiplierInt8__xdcDup__1044 |          0 |          0 |       0 |    0 |      0 |      0 |      0 |    0 |          1 |
|       mul_list_3_0         | SignedMultiplierInt8__xdcDup__1045 |          0 |          0 |       0 |    0 |      0 |      0 |      0 |    0 |          1 |
|       mul_list_3_1         | SignedMultiplierInt8__xdcDup__1046 |          0 |          0 |       0 |    0 |      0 |      0 |      0 |    0 |          1 |
|       mul_list_3_10        | SignedMultiplierInt8__xdcDup__1047 |          0 |          0 |       0 |    0 |      0 |      0 |      0 |    0 |          1 |
|       mul_list_3_11        | SignedMultiplierInt8__xdcDup__1048 |          0 |          0 |       0 |    0 |      0 |      0 |      0 |    0 |          1 |
|       mul_list_3_12        | SignedMultiplierInt8__xdcDup__1049 |          0 |          0 |       0 |    0 |      0 |      0 |      0 |    0 |          1 |
|       mul_list_3_13        | SignedMultiplierInt8__xdcDup__1050 |          0 |          0 |       0 |    0 |      0 |      0 |      0 |    0 |          1 |
|       mul_list_3_14        | SignedMultiplierInt8__xdcDup__1051 |          0 |          0 |       0 |    0 |      0 |      0 |      0 |    0 |          1 |
|       mul_list_3_15        | SignedMultiplierInt8__xdcDup__1052 |          0 |          0 |       0 |    0 |      0 |      0 |      0 |    0 |          1 |
|       mul_list_3_16        | SignedMultiplierInt8__xdcDup__1053 |          0 |          0 |       0 |    0 |      0 |      0 |      0 |    0 |          1 |
|       mul_list_3_17        | SignedMultiplierInt8__xdcDup__1054 |          0 |          0 |       0 |    0 |      0 |      0 |      0 |    0 |          1 |
|       mul_list_3_18        | SignedMultiplierInt8__xdcDup__1055 |          0 |          0 |       0 |    0 |      0 |      0 |      0 |    0 |          1 |
|       mul_list_3_19        | SignedMultiplierInt8__xdcDup__1056 |          0 |          0 |       0 |    0 |      0 |      0 |      0 |    0 |          1 |
|       mul_list_3_2         | SignedMultiplierInt8__xdcDup__1057 |          0 |          0 |       0 |    0 |      0 |      0 |      0 |    0 |          1 |
|       mul_list_3_20        | SignedMultiplierInt8__xdcDup__1058 |          0 |          0 |       0 |    0 |      0 |      0 |      0 |    0 |          1 |
|       mul_list_3_21        | SignedMultiplierInt8__xdcDup__1059 |          0 |          0 |       0 |    0 |      0 |      0 |      0 |    0 |          1 |
|       mul_list_3_22        | SignedMultiplierInt8__xdcDup__1060 |          0 |          0 |       0 |    0 |      0 |      0 |      0 |    0 |          1 |
|       mul_list_3_23        | SignedMultiplierInt8__xdcDup__1061 |          0 |          0 |       0 |    0 |      0 |      0 |      0 |    0 |          1 |
|       mul_list_3_24        | SignedMultiplierInt8__xdcDup__1062 |          0 |          0 |       0 |    0 |      0 |      0 |      0 |    0 |          1 |
|       mul_list_3_25        | SignedMultiplierInt8__xdcDup__1063 |          0 |          0 |       0 |    0 |      0 |      0 |      0 |    0 |          1 |
|       mul_list_3_26        | SignedMultiplierInt8__xdcDup__1064 |          0 |          0 |       0 |    0 |      0 |      0 |      0 |    0 |          1 |
|       mul_list_3_27        | SignedMultiplierInt8__xdcDup__1065 |          0 |          0 |       0 |    0 |      0 |      0 |      0 |    0 |          1 |
|       mul_list_3_28        | SignedMultiplierInt8__xdcDup__1066 |          0 |          0 |       0 |    0 |      0 |      0 |      0 |    0 |          1 |
|       mul_list_3_29        | SignedMultiplierInt8__xdcDup__1067 |          0 |          0 |       0 |    0 |      0 |      0 |      0 |    0 |          1 |
|       mul_list_3_3         | SignedMultiplierInt8__xdcDup__1068 |          0 |          0 |       0 |    0 |      0 |      0 |      0 |    0 |          1 |
|       mul_list_3_30        | SignedMultiplierInt8__xdcDup__1069 |          0 |          0 |       0 |    0 |      0 |      0 |      0 |    0 |          1 |
|       mul_list_3_31        | SignedMultiplierInt8__xdcDup__1070 |          0 |          0 |       0 |    0 |      0 |      0 |      0 |    0 |          1 |
|       mul_list_3_32        | SignedMultiplierInt8__xdcDup__1071 |          0 |          0 |       0 |    0 |      0 |      0 |      0 |    0 |          1 |
|       mul_list_3_33        | SignedMultiplierInt8__xdcDup__1072 |          0 |          0 |       0 |    0 |      0 |      0 |      0 |    0 |          1 |
|       mul_list_3_34        | SignedMultiplierInt8__xdcDup__1073 |          0 |          0 |       0 |    0 |      0 |      0 |      0 |    0 |          1 |
|       mul_list_3_35        | SignedMultiplierInt8__xdcDup__1074 |          0 |          0 |       0 |    0 |      0 |      0 |      0 |    0 |          1 |
|       mul_list_3_4         | SignedMultiplierInt8__xdcDup__1075 |          0 |          0 |       0 |    0 |      0 |      0 |      0 |    0 |          1 |
|       mul_list_3_5         | SignedMultiplierInt8__xdcDup__1076 |          0 |          0 |       0 |    0 |      0 |      0 |      0 |    0 |          1 |
|       mul_list_3_6         | SignedMultiplierInt8__xdcDup__1077 |          0 |          0 |       0 |    0 |      0 |      0 |      0 |    0 |          1 |
|       mul_list_3_7         | SignedMultiplierInt8__xdcDup__1078 |          0 |          0 |       0 |    0 |      0 |      0 |      0 |    0 |          1 |
|       mul_list_3_8         | SignedMultiplierInt8__xdcDup__1079 |          0 |          0 |       0 |    0 |      0 |      0 |      0 |    0 |          1 |
|       mul_list_3_9         | SignedMultiplierInt8__xdcDup__1080 |          0 |          0 |       0 |    0 |      0 |      0 |      0 |    0 |          1 |
|       mul_list_4_0         | SignedMultiplierInt8__xdcDup__1081 |          0 |          0 |       0 |    0 |      0 |      0 |      0 |    0 |          1 |
|       mul_list_4_1         | SignedMultiplierInt8__xdcDup__1082 |          0 |          0 |       0 |    0 |      0 |      0 |      0 |    0 |          1 |
|       mul_list_4_10        | SignedMultiplierInt8__xdcDup__1083 |          0 |          0 |       0 |    0 |      0 |      0 |      0 |    0 |          1 |
|       mul_list_4_11        | SignedMultiplierInt8__xdcDup__1084 |          0 |          0 |       0 |    0 |      0 |      0 |      0 |    0 |          1 |
|       mul_list_4_12        | SignedMultiplierInt8__xdcDup__1085 |          0 |          0 |       0 |    0 |      0 |      0 |      0 |    0 |          1 |
|       mul_list_4_13        | SignedMultiplierInt8__xdcDup__1086 |          0 |          0 |       0 |    0 |      0 |      0 |      0 |    0 |          1 |
|       mul_list_4_14        | SignedMultiplierInt8__xdcDup__1087 |          0 |          0 |       0 |    0 |      0 |      0 |      0 |    0 |          1 |
|       mul_list_4_15        | SignedMultiplierInt8__xdcDup__1088 |          0 |          0 |       0 |    0 |      0 |      0 |      0 |    0 |          1 |
|       mul_list_4_16        | SignedMultiplierInt8__xdcDup__1089 |          0 |          0 |       0 |    0 |      0 |      0 |      0 |    0 |          1 |
|       mul_list_4_17        | SignedMultiplierInt8__xdcDup__1090 |          0 |          0 |       0 |    0 |      0 |      0 |      0 |    0 |          1 |
|       mul_list_4_18        | SignedMultiplierInt8__xdcDup__1091 |          0 |          0 |       0 |    0 |      0 |      0 |      0 |    0 |          1 |
|       mul_list_4_19        | SignedMultiplierInt8__xdcDup__1092 |          0 |          0 |       0 |    0 |      0 |      0 |      0 |    0 |          1 |
|       mul_list_4_2         | SignedMultiplierInt8__xdcDup__1093 |          0 |          0 |       0 |    0 |      0 |      0 |      0 |    0 |          1 |
|       mul_list_4_20        | SignedMultiplierInt8__xdcDup__1094 |          0 |          0 |       0 |    0 |      0 |      0 |      0 |    0 |          1 |
|       mul_list_4_21        | SignedMultiplierInt8__xdcDup__1095 |          0 |          0 |       0 |    0 |      0 |      0 |      0 |    0 |          1 |
|       mul_list_4_22        | SignedMultiplierInt8__xdcDup__1096 |          0 |          0 |       0 |    0 |      0 |      0 |      0 |    0 |          1 |
|       mul_list_4_23        | SignedMultiplierInt8__xdcDup__1097 |          0 |          0 |       0 |    0 |      0 |      0 |      0 |    0 |          1 |
|       mul_list_4_24        | SignedMultiplierInt8__xdcDup__1098 |          0 |          0 |       0 |    0 |      0 |      0 |      0 |    0 |          1 |
|       mul_list_4_25        | SignedMultiplierInt8__xdcDup__1099 |          0 |          0 |       0 |    0 |      0 |      0 |      0 |    0 |          1 |
|       mul_list_4_26        | SignedMultiplierInt8__xdcDup__1100 |          0 |          0 |       0 |    0 |      0 |      0 |      0 |    0 |          1 |
|       mul_list_4_27        | SignedMultiplierInt8__xdcDup__1101 |          0 |          0 |       0 |    0 |      0 |      0 |      0 |    0 |          1 |
|       mul_list_4_28        | SignedMultiplierInt8__xdcDup__1102 |          0 |          0 |       0 |    0 |      0 |      0 |      0 |    0 |          1 |
|       mul_list_4_29        | SignedMultiplierInt8__xdcDup__1103 |          0 |          0 |       0 |    0 |      0 |      0 |      0 |    0 |          1 |
|       mul_list_4_3         | SignedMultiplierInt8__xdcDup__1104 |          0 |          0 |       0 |    0 |      0 |      0 |      0 |    0 |          1 |
|       mul_list_4_30        | SignedMultiplierInt8__xdcDup__1105 |          0 |          0 |       0 |    0 |      0 |      0 |      0 |    0 |          1 |
|       mul_list_4_31        | SignedMultiplierInt8__xdcDup__1106 |          0 |          0 |       0 |    0 |      0 |      0 |      0 |    0 |          1 |
|       mul_list_4_32        | SignedMultiplierInt8__xdcDup__1107 |          0 |          0 |       0 |    0 |      0 |      0 |      0 |    0 |          1 |
|       mul_list_4_33        | SignedMultiplierInt8__xdcDup__1108 |          0 |          0 |       0 |    0 |      0 |      0 |      0 |    0 |          1 |
|       mul_list_4_34        | SignedMultiplierInt8__xdcDup__1109 |          0 |          0 |       0 |    0 |      0 |      0 |      0 |    0 |          1 |
|       mul_list_4_35        | SignedMultiplierInt8__xdcDup__1110 |          0 |          0 |       0 |    0 |      0 |      0 |      0 |    0 |          1 |
|       mul_list_4_4         | SignedMultiplierInt8__xdcDup__1111 |          0 |          0 |       0 |    0 |      0 |      0 |      0 |    0 |          1 |
|       mul_list_4_5         | SignedMultiplierInt8__xdcDup__1112 |          0 |          0 |       0 |    0 |      0 |      0 |      0 |    0 |          1 |
|       mul_list_4_6         | SignedMultiplierInt8__xdcDup__1113 |          0 |          0 |       0 |    0 |      0 |      0 |      0 |    0 |          1 |
|       mul_list_4_7         | SignedMultiplierInt8__xdcDup__1114 |          0 |          0 |       0 |    0 |      0 |      0 |      0 |    0 |          1 |
|       mul_list_4_8         | SignedMultiplierInt8__xdcDup__1115 |          0 |          0 |       0 |    0 |      0 |      0 |      0 |    0 |          1 |
|       mul_list_4_9         | SignedMultiplierInt8__xdcDup__1116 |          0 |          0 |       0 |    0 |      0 |      0 |      0 |    0 |          1 |
|       mul_list_5_0         | SignedMultiplierInt8__xdcDup__1117 |          0 |          0 |       0 |    0 |      0 |      0 |      0 |    0 |          1 |
|       mul_list_5_1         | SignedMultiplierInt8__xdcDup__1118 |          0 |          0 |       0 |    0 |      0 |      0 |      0 |    0 |          1 |
|       mul_list_5_10        | SignedMultiplierInt8__xdcDup__1119 |          0 |          0 |       0 |    0 |      0 |      0 |      0 |    0 |          1 |
|       mul_list_5_11        | SignedMultiplierInt8__xdcDup__1120 |          0 |          0 |       0 |    0 |      0 |      0 |      0 |    0 |          1 |
|       mul_list_5_12        | SignedMultiplierInt8__xdcDup__1121 |          0 |          0 |       0 |    0 |      0 |      0 |      0 |    0 |          1 |
|       mul_list_5_13        | SignedMultiplierInt8__xdcDup__1122 |          0 |          0 |       0 |    0 |      0 |      0 |      0 |    0 |          1 |
|       mul_list_5_14        | SignedMultiplierInt8__xdcDup__1123 |          0 |          0 |       0 |    0 |      0 |      0 |      0 |    0 |          1 |
|       mul_list_5_15        | SignedMultiplierInt8__xdcDup__1124 |          0 |          0 |       0 |    0 |      0 |      0 |      0 |    0 |          1 |
|       mul_list_5_16        | SignedMultiplierInt8__xdcDup__1125 |          0 |          0 |       0 |    0 |      0 |      0 |      0 |    0 |          1 |
|       mul_list_5_17        | SignedMultiplierInt8__xdcDup__1126 |          0 |          0 |       0 |    0 |      0 |      0 |      0 |    0 |          1 |
|       mul_list_5_18        | SignedMultiplierInt8__xdcDup__1127 |          0 |          0 |       0 |    0 |      0 |      0 |      0 |    0 |          1 |
|       mul_list_5_19        | SignedMultiplierInt8__xdcDup__1128 |          0 |          0 |       0 |    0 |      0 |      0 |      0 |    0 |          1 |
|       mul_list_5_2         | SignedMultiplierInt8__xdcDup__1129 |          0 |          0 |       0 |    0 |      0 |      0 |      0 |    0 |          1 |
|       mul_list_5_20        | SignedMultiplierInt8__xdcDup__1130 |          0 |          0 |       0 |    0 |      0 |      0 |      0 |    0 |          1 |
|       mul_list_5_21        | SignedMultiplierInt8__xdcDup__1131 |          0 |          0 |       0 |    0 |      0 |      0 |      0 |    0 |          1 |
|       mul_list_5_22        | SignedMultiplierInt8__xdcDup__1132 |          0 |          0 |       0 |    0 |      0 |      0 |      0 |    0 |          1 |
|       mul_list_5_23        | SignedMultiplierInt8__xdcDup__1133 |          0 |          0 |       0 |    0 |      0 |      0 |      0 |    0 |          1 |
|       mul_list_5_24        | SignedMultiplierInt8__xdcDup__1134 |          0 |          0 |       0 |    0 |      0 |      0 |      0 |    0 |          1 |
|       mul_list_5_25        | SignedMultiplierInt8__xdcDup__1135 |          0 |          0 |       0 |    0 |      0 |      0 |      0 |    0 |          1 |
|       mul_list_5_26        | SignedMultiplierInt8__xdcDup__1136 |          0 |          0 |       0 |    0 |      0 |      0 |      0 |    0 |          1 |
|       mul_list_5_27        | SignedMultiplierInt8__xdcDup__1137 |          0 |          0 |       0 |    0 |      0 |      0 |      0 |    0 |          1 |
|       mul_list_5_28        | SignedMultiplierInt8__xdcDup__1138 |          0 |          0 |       0 |    0 |      0 |      0 |      0 |    0 |          1 |
|       mul_list_5_29        | SignedMultiplierInt8__xdcDup__1139 |          0 |          0 |       0 |    0 |      0 |      0 |      0 |    0 |          1 |
|       mul_list_5_3         | SignedMultiplierInt8__xdcDup__1140 |          0 |          0 |       0 |    0 |      0 |      0 |      0 |    0 |          1 |
|       mul_list_5_30        | SignedMultiplierInt8__xdcDup__1141 |          0 |          0 |       0 |    0 |      0 |      0 |      0 |    0 |          1 |
|       mul_list_5_31        | SignedMultiplierInt8__xdcDup__1142 |          0 |          0 |       0 |    0 |      0 |      0 |      0 |    0 |          1 |
|       mul_list_5_32        | SignedMultiplierInt8__xdcDup__1143 |          0 |          0 |       0 |    0 |      0 |      0 |      0 |    0 |          1 |
|       mul_list_5_33        | SignedMultiplierInt8__xdcDup__1144 |          0 |          0 |       0 |    0 |      0 |      0 |      0 |    0 |          1 |
|       mul_list_5_34        | SignedMultiplierInt8__xdcDup__1145 |          0 |          0 |       0 |    0 |      0 |      0 |      0 |    0 |          1 |
|       mul_list_5_35        | SignedMultiplierInt8__xdcDup__1146 |          0 |          0 |       0 |    0 |      0 |      0 |      0 |    0 |          1 |
|       mul_list_5_4         | SignedMultiplierInt8__xdcDup__1147 |          0 |          0 |       0 |    0 |      0 |      0 |      0 |    0 |          1 |
|       mul_list_5_5         | SignedMultiplierInt8__xdcDup__1148 |          0 |          0 |       0 |    0 |      0 |      0 |      0 |    0 |          1 |
|       mul_list_5_6         | SignedMultiplierInt8__xdcDup__1149 |          0 |          0 |       0 |    0 |      0 |      0 |      0 |    0 |          1 |
|       mul_list_5_7         | SignedMultiplierInt8__xdcDup__1150 |          0 |          0 |       0 |    0 |      0 |      0 |      0 |    0 |          1 |
|       mul_list_5_8         | SignedMultiplierInt8__xdcDup__1151 |          0 |          0 |       0 |    0 |      0 |      0 |      0 |    0 |          1 |
|       mul_list_5_9         | SignedMultiplierInt8__xdcDup__1152 |          0 |          0 |       0 |    0 |      0 |      0 |      0 |    0 |          1 |
|       mul_list_6_0         | SignedMultiplierInt8__xdcDup__1153 |          0 |          0 |       0 |    0 |      0 |      0 |      0 |    0 |          1 |
|       mul_list_6_1         | SignedMultiplierInt8__xdcDup__1154 |          0 |          0 |       0 |    0 |      0 |      0 |      0 |    0 |          1 |
|       mul_list_6_10        | SignedMultiplierInt8__xdcDup__1155 |          0 |          0 |       0 |    0 |      0 |      0 |      0 |    0 |          1 |
|       mul_list_6_11        | SignedMultiplierInt8__xdcDup__1156 |          0 |          0 |       0 |    0 |      0 |      0 |      0 |    0 |          1 |
|       mul_list_6_12        | SignedMultiplierInt8__xdcDup__1157 |          0 |          0 |       0 |    0 |      0 |      0 |      0 |    0 |          1 |
|       mul_list_6_13        | SignedMultiplierInt8__xdcDup__1158 |          0 |          0 |       0 |    0 |      0 |      0 |      0 |    0 |          1 |
|       mul_list_6_14        | SignedMultiplierInt8__xdcDup__1159 |          0 |          0 |       0 |    0 |      0 |      0 |      0 |    0 |          1 |
|       mul_list_6_15        | SignedMultiplierInt8__xdcDup__1160 |          0 |          0 |       0 |    0 |      0 |      0 |      0 |    0 |          1 |
|       mul_list_6_16        | SignedMultiplierInt8__xdcDup__1161 |          0 |          0 |       0 |    0 |      0 |      0 |      0 |    0 |          1 |
|       mul_list_6_17        | SignedMultiplierInt8__xdcDup__1162 |          0 |          0 |       0 |    0 |      0 |      0 |      0 |    0 |          1 |
|       mul_list_6_18        | SignedMultiplierInt8__xdcDup__1163 |          0 |          0 |       0 |    0 |      0 |      0 |      0 |    0 |          1 |
|       mul_list_6_19        | SignedMultiplierInt8__xdcDup__1164 |          0 |          0 |       0 |    0 |      0 |      0 |      0 |    0 |          1 |
|       mul_list_6_2         | SignedMultiplierInt8__xdcDup__1165 |          0 |          0 |       0 |    0 |      0 |      0 |      0 |    0 |          1 |
|       mul_list_6_20        | SignedMultiplierInt8__xdcDup__1166 |          0 |          0 |       0 |    0 |      0 |      0 |      0 |    0 |          1 |
|       mul_list_6_21        | SignedMultiplierInt8__xdcDup__1167 |          0 |          0 |       0 |    0 |      0 |      0 |      0 |    0 |          1 |
|       mul_list_6_22        | SignedMultiplierInt8__xdcDup__1168 |          0 |          0 |       0 |    0 |      0 |      0 |      0 |    0 |          1 |
|       mul_list_6_23        | SignedMultiplierInt8__xdcDup__1169 |          0 |          0 |       0 |    0 |      0 |      0 |      0 |    0 |          1 |
|       mul_list_6_24        | SignedMultiplierInt8__xdcDup__1170 |          0 |          0 |       0 |    0 |      0 |      0 |      0 |    0 |          1 |
|       mul_list_6_25        | SignedMultiplierInt8__xdcDup__1171 |          0 |          0 |       0 |    0 |      0 |      0 |      0 |    0 |          1 |
|       mul_list_6_26        | SignedMultiplierInt8__xdcDup__1172 |          0 |          0 |       0 |    0 |      0 |      0 |      0 |    0 |          1 |
|       mul_list_6_27        | SignedMultiplierInt8__xdcDup__1173 |          0 |          0 |       0 |    0 |      0 |      0 |      0 |    0 |          1 |
|       mul_list_6_28        | SignedMultiplierInt8__xdcDup__1174 |          0 |          0 |       0 |    0 |      0 |      0 |      0 |    0 |          1 |
|       mul_list_6_29        | SignedMultiplierInt8__xdcDup__1175 |          0 |          0 |       0 |    0 |      0 |      0 |      0 |    0 |          1 |
|       mul_list_6_3         | SignedMultiplierInt8__xdcDup__1176 |          0 |          0 |       0 |    0 |      0 |      0 |      0 |    0 |          1 |
|       mul_list_6_30        | SignedMultiplierInt8__xdcDup__1177 |          0 |          0 |       0 |    0 |      0 |      0 |      0 |    0 |          1 |
|       mul_list_6_31        | SignedMultiplierInt8__xdcDup__1178 |          0 |          0 |       0 |    0 |      0 |      0 |      0 |    0 |          1 |
|       mul_list_6_32        | SignedMultiplierInt8__xdcDup__1179 |          0 |          0 |       0 |    0 |      0 |      0 |      0 |    0 |          1 |
|       mul_list_6_33        | SignedMultiplierInt8__xdcDup__1180 |          0 |          0 |       0 |    0 |      0 |      0 |      0 |    0 |          1 |
|       mul_list_6_34        | SignedMultiplierInt8__xdcDup__1181 |          0 |          0 |       0 |    0 |      0 |      0 |      0 |    0 |          1 |
|       mul_list_6_35        | SignedMultiplierInt8__xdcDup__1182 |          0 |          0 |       0 |    0 |      0 |      0 |      0 |    0 |          1 |
|       mul_list_6_4         | SignedMultiplierInt8__xdcDup__1183 |          0 |          0 |       0 |    0 |      0 |      0 |      0 |    0 |          1 |
|       mul_list_6_5         | SignedMultiplierInt8__xdcDup__1184 |          0 |          0 |       0 |    0 |      0 |      0 |      0 |    0 |          1 |
|       mul_list_6_6         | SignedMultiplierInt8__xdcDup__1185 |          0 |          0 |       0 |    0 |      0 |      0 |      0 |    0 |          1 |
|       mul_list_6_7         | SignedMultiplierInt8__xdcDup__1186 |          0 |          0 |       0 |    0 |      0 |      0 |      0 |    0 |          1 |
|       mul_list_6_8         | SignedMultiplierInt8__xdcDup__1187 |          0 |          0 |       0 |    0 |      0 |      0 |      0 |    0 |          1 |
|       mul_list_6_9         | SignedMultiplierInt8__xdcDup__1188 |          0 |          0 |       0 |    0 |      0 |      0 |      0 |    0 |          1 |
|       mul_list_7_0         | SignedMultiplierInt8__xdcDup__1189 |          0 |          0 |       0 |    0 |      0 |      0 |      0 |    0 |          1 |
|       mul_list_7_1         | SignedMultiplierInt8__xdcDup__1190 |          0 |          0 |       0 |    0 |      0 |      0 |      0 |    0 |          1 |
|       mul_list_7_10        | SignedMultiplierInt8__xdcDup__1191 |          0 |          0 |       0 |    0 |      0 |      0 |      0 |    0 |          1 |
|       mul_list_7_11        | SignedMultiplierInt8__xdcDup__1192 |          0 |          0 |       0 |    0 |      0 |      0 |      0 |    0 |          1 |
|       mul_list_7_12        | SignedMultiplierInt8__xdcDup__1193 |          0 |          0 |       0 |    0 |      0 |      0 |      0 |    0 |          1 |
|       mul_list_7_13        | SignedMultiplierInt8__xdcDup__1194 |          0 |          0 |       0 |    0 |      0 |      0 |      0 |    0 |          1 |
|       mul_list_7_14        | SignedMultiplierInt8__xdcDup__1195 |          0 |          0 |       0 |    0 |      0 |      0 |      0 |    0 |          1 |
|       mul_list_7_15        | SignedMultiplierInt8__xdcDup__1196 |          0 |          0 |       0 |    0 |      0 |      0 |      0 |    0 |          1 |
|       mul_list_7_16        | SignedMultiplierInt8__xdcDup__1197 |          0 |          0 |       0 |    0 |      0 |      0 |      0 |    0 |          1 |
|       mul_list_7_17        | SignedMultiplierInt8__xdcDup__1198 |          0 |          0 |       0 |    0 |      0 |      0 |      0 |    0 |          1 |
|       mul_list_7_18        | SignedMultiplierInt8__xdcDup__1199 |          0 |          0 |       0 |    0 |      0 |      0 |      0 |    0 |          1 |
|       mul_list_7_19        | SignedMultiplierInt8__xdcDup__1200 |          0 |          0 |       0 |    0 |      0 |      0 |      0 |    0 |          1 |
|       mul_list_7_2         | SignedMultiplierInt8__xdcDup__1201 |          0 |          0 |       0 |    0 |      0 |      0 |      0 |    0 |          1 |
|       mul_list_7_20        | SignedMultiplierInt8__xdcDup__1202 |          0 |          0 |       0 |    0 |      0 |      0 |      0 |    0 |          1 |
|       mul_list_7_21        | SignedMultiplierInt8__xdcDup__1203 |          0 |          0 |       0 |    0 |      0 |      0 |      0 |    0 |          1 |
|       mul_list_7_22        | SignedMultiplierInt8__xdcDup__1204 |          0 |          0 |       0 |    0 |      0 |      0 |      0 |    0 |          1 |
|       mul_list_7_23        | SignedMultiplierInt8__xdcDup__1205 |          0 |          0 |       0 |    0 |      0 |      0 |      0 |    0 |          1 |
|       mul_list_7_24        | SignedMultiplierInt8__xdcDup__1206 |          0 |          0 |       0 |    0 |      0 |      0 |      0 |    0 |          1 |
|       mul_list_7_25        | SignedMultiplierInt8__xdcDup__1207 |          0 |          0 |       0 |    0 |      0 |      0 |      0 |    0 |          1 |
|       mul_list_7_26        | SignedMultiplierInt8__xdcDup__1208 |          0 |          0 |       0 |    0 |      0 |      0 |      0 |    0 |          1 |
|       mul_list_7_27        | SignedMultiplierInt8__xdcDup__1209 |          0 |          0 |       0 |    0 |      0 |      0 |      0 |    0 |          1 |
|       mul_list_7_28        | SignedMultiplierInt8__xdcDup__1210 |          0 |          0 |       0 |    0 |      0 |      0 |      0 |    0 |          1 |
|       mul_list_7_29        | SignedMultiplierInt8__xdcDup__1211 |          0 |          0 |       0 |    0 |      0 |      0 |      0 |    0 |          1 |
|       mul_list_7_3         | SignedMultiplierInt8__xdcDup__1212 |          0 |          0 |       0 |    0 |      0 |      0 |      0 |    0 |          1 |
|       mul_list_7_30        | SignedMultiplierInt8__xdcDup__1213 |          0 |          0 |       0 |    0 |      0 |      0 |      0 |    0 |          1 |
|       mul_list_7_31        | SignedMultiplierInt8__xdcDup__1214 |          0 |          0 |       0 |    0 |      0 |      0 |      0 |    0 |          1 |
|       mul_list_7_32        | SignedMultiplierInt8__xdcDup__1215 |          0 |          0 |       0 |    0 |      0 |      0 |      0 |    0 |          1 |
|       mul_list_7_33        | SignedMultiplierInt8__xdcDup__1216 |          0 |          0 |       0 |    0 |      0 |      0 |      0 |    0 |          1 |
|       mul_list_7_34        | SignedMultiplierInt8__xdcDup__1217 |          0 |          0 |       0 |    0 |      0 |      0 |      0 |    0 |          1 |
|       mul_list_7_35        | SignedMultiplierInt8__xdcDup__1218 |          0 |          0 |       0 |    0 |      0 |      0 |      0 |    0 |          1 |
|       mul_list_7_4         | SignedMultiplierInt8__xdcDup__1219 |          0 |          0 |       0 |    0 |      0 |      0 |      0 |    0 |          1 |
|       mul_list_7_5         | SignedMultiplierInt8__xdcDup__1220 |          0 |          0 |       0 |    0 |      0 |      0 |      0 |    0 |          1 |
|       mul_list_7_6         | SignedMultiplierInt8__xdcDup__1221 |          0 |          0 |       0 |    0 |      0 |      0 |      0 |    0 |          1 |
|       mul_list_7_7         | SignedMultiplierInt8__xdcDup__1222 |          0 |          0 |       0 |    0 |      0 |      0 |      0 |    0 |          1 |
|       mul_list_7_8         | SignedMultiplierInt8__xdcDup__1223 |          0 |          0 |       0 |    0 |      0 |      0 |      0 |    0 |          1 |
|       mul_list_7_9         | SignedMultiplierInt8__xdcDup__1224 |          0 |          0 |       0 |    0 |      0 |      0 |      0 |    0 |          1 |
|       mul_list_8_0         | SignedMultiplierInt8__xdcDup__1225 |          0 |          0 |       0 |    0 |      0 |      0 |      0 |    0 |          1 |
|       mul_list_8_1         | SignedMultiplierInt8__xdcDup__1226 |          0 |          0 |       0 |    0 |      0 |      0 |      0 |    0 |          1 |
|       mul_list_8_10        | SignedMultiplierInt8__xdcDup__1227 |          0 |          0 |       0 |    0 |      0 |      0 |      0 |    0 |          1 |
|       mul_list_8_11        | SignedMultiplierInt8__xdcDup__1228 |          0 |          0 |       0 |    0 |      0 |      0 |      0 |    0 |          1 |
|       mul_list_8_12        | SignedMultiplierInt8__xdcDup__1229 |          0 |          0 |       0 |    0 |      0 |      0 |      0 |    0 |          1 |
|       mul_list_8_13        | SignedMultiplierInt8__xdcDup__1230 |          0 |          0 |       0 |    0 |      0 |      0 |      0 |    0 |          1 |
|       mul_list_8_14        | SignedMultiplierInt8__xdcDup__1231 |          0 |          0 |       0 |    0 |      0 |      0 |      0 |    0 |          1 |
|       mul_list_8_15        | SignedMultiplierInt8__xdcDup__1232 |          0 |          0 |       0 |    0 |      0 |      0 |      0 |    0 |          1 |
|       mul_list_8_16        | SignedMultiplierInt8__xdcDup__1233 |          0 |          0 |       0 |    0 |      0 |      0 |      0 |    0 |          1 |
|       mul_list_8_17        | SignedMultiplierInt8__xdcDup__1234 |          0 |          0 |       0 |    0 |      0 |      0 |      0 |    0 |          1 |
|       mul_list_8_18        | SignedMultiplierInt8__xdcDup__1235 |          0 |          0 |       0 |    0 |      0 |      0 |      0 |    0 |          1 |
|       mul_list_8_19        | SignedMultiplierInt8__xdcDup__1236 |          0 |          0 |       0 |    0 |      0 |      0 |      0 |    0 |          1 |
|       mul_list_8_2         | SignedMultiplierInt8__xdcDup__1237 |          0 |          0 |       0 |    0 |      0 |      0 |      0 |    0 |          1 |
|       mul_list_8_20        | SignedMultiplierInt8__xdcDup__1238 |          0 |          0 |       0 |    0 |      0 |      0 |      0 |    0 |          1 |
|       mul_list_8_21        | SignedMultiplierInt8__xdcDup__1239 |          0 |          0 |       0 |    0 |      0 |      0 |      0 |    0 |          1 |
|       mul_list_8_22        | SignedMultiplierInt8__xdcDup__1240 |          0 |          0 |       0 |    0 |      0 |      0 |      0 |    0 |          1 |
|       mul_list_8_23        | SignedMultiplierInt8__xdcDup__1241 |          0 |          0 |       0 |    0 |      0 |      0 |      0 |    0 |          1 |
|       mul_list_8_24        | SignedMultiplierInt8__xdcDup__1242 |          0 |          0 |       0 |    0 |      0 |      0 |      0 |    0 |          1 |
|       mul_list_8_25        | SignedMultiplierInt8__xdcDup__1243 |          0 |          0 |       0 |    0 |      0 |      0 |      0 |    0 |          1 |
|       mul_list_8_26        | SignedMultiplierInt8__xdcDup__1244 |          0 |          0 |       0 |    0 |      0 |      0 |      0 |    0 |          1 |
|       mul_list_8_27        | SignedMultiplierInt8__xdcDup__1245 |          0 |          0 |       0 |    0 |      0 |      0 |      0 |    0 |          1 |
|       mul_list_8_28        | SignedMultiplierInt8__xdcDup__1246 |          0 |          0 |       0 |    0 |      0 |      0 |      0 |    0 |          1 |
|       mul_list_8_29        | SignedMultiplierInt8__xdcDup__1247 |          0 |          0 |       0 |    0 |      0 |      0 |      0 |    0 |          1 |
|       mul_list_8_3         | SignedMultiplierInt8__xdcDup__1248 |          0 |          0 |       0 |    0 |      0 |      0 |      0 |    0 |          1 |
|       mul_list_8_30        | SignedMultiplierInt8__xdcDup__1249 |          0 |          0 |       0 |    0 |      0 |      0 |      0 |    0 |          1 |
|       mul_list_8_31        | SignedMultiplierInt8__xdcDup__1250 |          0 |          0 |       0 |    0 |      0 |      0 |      0 |    0 |          1 |
|       mul_list_8_32        | SignedMultiplierInt8__xdcDup__1251 |          0 |          0 |       0 |    0 |      0 |      0 |      0 |    0 |          1 |
|       mul_list_8_33        | SignedMultiplierInt8__xdcDup__1252 |          0 |          0 |       0 |    0 |      0 |      0 |      0 |    0 |          1 |
|       mul_list_8_34        | SignedMultiplierInt8__xdcDup__1253 |          0 |          0 |       0 |    0 |      0 |      0 |      0 |    0 |          1 |
|       mul_list_8_35        | SignedMultiplierInt8__xdcDup__1254 |          0 |          0 |       0 |    0 |      0 |      0 |      0 |    0 |          1 |
|       mul_list_8_4         | SignedMultiplierInt8__xdcDup__1255 |          0 |          0 |       0 |    0 |      0 |      0 |      0 |    0 |          1 |
|       mul_list_8_5         | SignedMultiplierInt8__xdcDup__1256 |          0 |          0 |       0 |    0 |      0 |      0 |      0 |    0 |          1 |
|       mul_list_8_6         | SignedMultiplierInt8__xdcDup__1257 |          0 |          0 |       0 |    0 |      0 |      0 |      0 |    0 |          1 |
|       mul_list_8_7         | SignedMultiplierInt8__xdcDup__1258 |          0 |          0 |       0 |    0 |      0 |      0 |      0 |    0 |          1 |
|       mul_list_8_8         | SignedMultiplierInt8__xdcDup__1259 |          0 |          0 |       0 |    0 |      0 |      0 |      0 |    0 |          1 |
|       mul_list_8_9         | SignedMultiplierInt8__xdcDup__1260 |          0 |          0 |       0 |    0 |      0 |      0 |      0 |    0 |          1 |
|       mul_list_9_0         | SignedMultiplierInt8__xdcDup__1261 |          0 |          0 |       0 |    0 |      0 |      0 |      0 |    0 |          1 |
|       mul_list_9_1         | SignedMultiplierInt8__xdcDup__1262 |          0 |          0 |       0 |    0 |      0 |      0 |      0 |    0 |          1 |
|       mul_list_9_10        | SignedMultiplierInt8__xdcDup__1263 |          0 |          0 |       0 |    0 |      0 |      0 |      0 |    0 |          1 |
|       mul_list_9_11        | SignedMultiplierInt8__xdcDup__1264 |          0 |          0 |       0 |    0 |      0 |      0 |      0 |    0 |          1 |
|       mul_list_9_12        | SignedMultiplierInt8__xdcDup__1265 |          0 |          0 |       0 |    0 |      0 |      0 |      0 |    0 |          1 |
|       mul_list_9_13        | SignedMultiplierInt8__xdcDup__1266 |          0 |          0 |       0 |    0 |      0 |      0 |      0 |    0 |          1 |
|       mul_list_9_14        | SignedMultiplierInt8__xdcDup__1267 |          0 |          0 |       0 |    0 |      0 |      0 |      0 |    0 |          1 |
|       mul_list_9_15        | SignedMultiplierInt8__xdcDup__1268 |          0 |          0 |       0 |    0 |      0 |      0 |      0 |    0 |          1 |
|       mul_list_9_16        | SignedMultiplierInt8__xdcDup__1269 |          0 |          0 |       0 |    0 |      0 |      0 |      0 |    0 |          1 |
|       mul_list_9_17        | SignedMultiplierInt8__xdcDup__1270 |          0 |          0 |       0 |    0 |      0 |      0 |      0 |    0 |          1 |
|       mul_list_9_18        | SignedMultiplierInt8__xdcDup__1271 |          0 |          0 |       0 |    0 |      0 |      0 |      0 |    0 |          1 |
|       mul_list_9_19        | SignedMultiplierInt8__xdcDup__1272 |          0 |          0 |       0 |    0 |      0 |      0 |      0 |    0 |          1 |
|       mul_list_9_2         | SignedMultiplierInt8__xdcDup__1273 |          0 |          0 |       0 |    0 |      0 |      0 |      0 |    0 |          1 |
|       mul_list_9_20        | SignedMultiplierInt8__xdcDup__1274 |          0 |          0 |       0 |    0 |      0 |      0 |      0 |    0 |          1 |
|       mul_list_9_21        | SignedMultiplierInt8__xdcDup__1275 |          0 |          0 |       0 |    0 |      0 |      0 |      0 |    0 |          1 |
|       mul_list_9_22        | SignedMultiplierInt8__xdcDup__1276 |          0 |          0 |       0 |    0 |      0 |      0 |      0 |    0 |          1 |
|       mul_list_9_23        | SignedMultiplierInt8__xdcDup__1277 |          0 |          0 |       0 |    0 |      0 |      0 |      0 |    0 |          1 |
|       mul_list_9_24        | SignedMultiplierInt8__xdcDup__1278 |          0 |          0 |       0 |    0 |      0 |      0 |      0 |    0 |          1 |
|       mul_list_9_25        | SignedMultiplierInt8__xdcDup__1279 |          0 |          0 |       0 |    0 |      0 |      0 |      0 |    0 |          1 |
|       mul_list_9_26        | SignedMultiplierInt8__xdcDup__1280 |          0 |          0 |       0 |    0 |      0 |      0 |      0 |    0 |          1 |
|       mul_list_9_27        | SignedMultiplierInt8__xdcDup__1281 |          0 |          0 |       0 |    0 |      0 |      0 |      0 |    0 |          1 |
|       mul_list_9_28        | SignedMultiplierInt8__xdcDup__1282 |          0 |          0 |       0 |    0 |      0 |      0 |      0 |    0 |          1 |
|       mul_list_9_29        | SignedMultiplierInt8__xdcDup__1283 |          0 |          0 |       0 |    0 |      0 |      0 |      0 |    0 |          1 |
|       mul_list_9_3         | SignedMultiplierInt8__xdcDup__1284 |          0 |          0 |       0 |    0 |      0 |      0 |      0 |    0 |          1 |
|       mul_list_9_30        | SignedMultiplierInt8__xdcDup__1285 |          0 |          0 |       0 |    0 |      0 |      0 |      0 |    0 |          1 |
|       mul_list_9_31        | SignedMultiplierInt8__xdcDup__1286 |          0 |          0 |       0 |    0 |      0 |      0 |      0 |    0 |          1 |
|       mul_list_9_32        | SignedMultiplierInt8__xdcDup__1287 |          0 |          0 |       0 |    0 |      0 |      0 |      0 |    0 |          1 |
|       mul_list_9_33        | SignedMultiplierInt8__xdcDup__1288 |          0 |          0 |       0 |    0 |      0 |      0 |      0 |    0 |          1 |
|       mul_list_9_34        | SignedMultiplierInt8__xdcDup__1289 |          0 |          0 |       0 |    0 |      0 |      0 |      0 |    0 |          1 |
|       mul_list_9_35        | SignedMultiplierInt8__xdcDup__1290 |          0 |          0 |       0 |    0 |      0 |      0 |      0 |    0 |          1 |
|       mul_list_9_4         | SignedMultiplierInt8__xdcDup__1291 |          0 |          0 |       0 |    0 |      0 |      0 |      0 |    0 |          1 |
|       mul_list_9_5         | SignedMultiplierInt8__xdcDup__1292 |          0 |          0 |       0 |    0 |      0 |      0 |      0 |    0 |          1 |
|       mul_list_9_6         | SignedMultiplierInt8__xdcDup__1293 |          0 |          0 |       0 |    0 |      0 |      0 |      0 |    0 |          1 |
|       mul_list_9_7         | SignedMultiplierInt8__xdcDup__1294 |          0 |          0 |       0 |    0 |      0 |      0 |      0 |    0 |          1 |
|       mul_list_9_8         | SignedMultiplierInt8__xdcDup__1295 |          0 |          0 |       0 |    0 |      0 |      0 |      0 |    0 |          1 |
|       mul_list_9_9         | SignedMultiplierInt8__xdcDup__1296 |          0 |          0 |       0 |    0 |      0 |      0 |      0 |    0 |          1 |
|       psum_last_pipreg     |                        PipReg_2__7 |          0 |          0 |       0 |    0 |      7 |      0 |      0 |    0 |          0 |
|       psum_valid_pipreg    |                        PipReg_2__6 |          0 |          0 |       0 |    0 |      7 |      0 |      0 |    0 |          0 |
|       res_valid_pipreg     |                        PipReg_6__3 |          1 |          1 |       0 |    0 |      1 |      0 |      0 |    0 |          0 |
|       toFp                 |                Int32VecToFp32_1__1 |       9564 |       9564 |       0 |    0 |      0 |      0 |      0 |    0 |         24 |
|     lu_inst                |                         LoadUnit_3 |         22 |         22 |       0 |    0 |     25 |      0 |      0 |    0 |          0 |
|     lw_inst                |                       LoadWeight_2 |        627 |        627 |       0 |    0 |     33 |      0 |      0 |   20 |          1 |
|       (lw_inst)            |                       LoadWeight_2 |         28 |         28 |       0 |    0 |     20 |      0 |      0 |    0 |          1 |
|       weight_mem           |                        WeightMem_1 |        599 |        599 |       0 |    0 |     13 |      0 |      0 |   20 |          0 |
|     mem_inst               |                 DataMem__xdcDup__3 |         64 |         64 |       0 |    0 |      8 |     10 |      2 |    0 |          0 |
|       (mem_inst)           |                 DataMem__xdcDup__3 |         58 |         58 |       0 |    0 |      8 |      0 |      0 |    0 |          0 |
|       mem0_ext             |             mem_2048x96__xdcDup__5 |          3 |          3 |       0 |    0 |      0 |      5 |      1 |    0 |          0 |
|       mem1_ext             |             mem_2048x96__xdcDup__6 |          3 |          3 |       0 |    0 |      0 |      5 |      1 |    0 |          0 |
|     su_inst                |                 StoreUnitFP32_2__1 |         21 |         21 |       0 |    0 |    416 |      0 |      0 |    0 |          0 |
|   qkvlinear                |                          QKVLinear |     130697 |     130692 |       0 |    5 | 128166 |     10 |      2 |   48 |        456 |
|     (qkvlinear)            |                          QKVLinear |      12885 |      12885 |       0 |    0 |  37031 |      0 |      0 |    0 |          0 |
|     cu_inst                |                            CUQuant |     116394 |     116389 |       0 |    5 |  90927 |      0 |      0 |    0 |        456 |
|       (cu_inst)            |                            CUQuant |      97867 |      97867 |       0 |    0 |  83027 |      0 |      0 |    0 |          0 |
|       addTreeList_0        |                SignedAddTree32__15 |        184 |        184 |       0 |    0 |    213 |      0 |      0 |    0 |          0 |
|       addTreeList_1        |                SignedAddTree32__14 |        184 |        184 |       0 |    0 |    213 |      0 |      0 |    0 |          0 |
|       addTreeList_10       |                SignedAddTree32__27 |        184 |        184 |       0 |    0 |    213 |      0 |      0 |    0 |          0 |
|       addTreeList_11       |                SignedAddTree32__28 |        184 |        184 |       0 |    0 |    213 |      0 |      0 |    0 |          0 |
|       addTreeList_12       |                SignedAddTree32__24 |        184 |        184 |       0 |    0 |    213 |      0 |      0 |    0 |          0 |
|       addTreeList_13       |                SignedAddTree32__16 |        184 |        184 |       0 |    0 |    213 |      0 |      0 |    0 |          0 |
|       addTreeList_14       |                 SignedAddTree32__8 |        184 |        184 |       0 |    0 |    213 |      0 |      0 |    0 |          0 |
|       addTreeList_15       |                 SignedAddTree32__7 |        184 |        184 |       0 |    0 |    213 |      0 |      0 |    0 |          0 |
|       addTreeList_16       |                SignedAddTree32__25 |        184 |        184 |       0 |    0 |    213 |      0 |      0 |    0 |          0 |
|       addTreeList_17       |                SignedAddTree32__29 |        184 |        184 |       0 |    0 |    213 |      0 |      0 |    0 |          0 |
|       addTreeList_18       |                 SignedAddTree32__6 |        184 |        184 |       0 |    0 |    213 |      0 |      0 |    0 |          0 |
|       addTreeList_19       |                SignedAddTree32__17 |        184 |        184 |       0 |    0 |    213 |      0 |      0 |    0 |          0 |
|       addTreeList_2        |                SignedAddTree32__21 |        184 |        184 |       0 |    0 |    213 |      0 |      0 |    0 |          0 |
|       addTreeList_20       |                 SignedAddTree32__5 |        184 |        184 |       0 |    0 |    213 |      0 |      0 |    0 |          0 |
|       addTreeList_21       |                SignedAddTree32__30 |        184 |        184 |       0 |    0 |    213 |      0 |      0 |    0 |          0 |
|       addTreeList_22       |                 SignedAddTree32__4 |        184 |        184 |       0 |    0 |    213 |      0 |      0 |    0 |          0 |
|       addTreeList_23       |                SignedAddTree32__35 |        184 |        184 |       0 |    0 |    213 |      0 |      0 |    0 |          0 |
|       addTreeList_24       |                SignedAddTree32__31 |        184 |        184 |       0 |    0 |    213 |      0 |      0 |    0 |          0 |
|       addTreeList_25       |                 SignedAddTree32__3 |        184 |        184 |       0 |    0 |    213 |      0 |      0 |    0 |          0 |
|       addTreeList_26       |                SignedAddTree32__36 |        184 |        184 |       0 |    0 |    213 |      0 |      0 |    0 |          0 |
|       addTreeList_27       |                SignedAddTree32__18 |        184 |        184 |       0 |    0 |    213 |      0 |      0 |    0 |          0 |
|       addTreeList_28       |                 SignedAddTree32__2 |        184 |        184 |       0 |    0 |    213 |      0 |      0 |    0 |          0 |
|       addTreeList_29       |                SignedAddTree32__19 |        184 |        184 |       0 |    0 |    213 |      0 |      0 |    0 |          0 |
|       addTreeList_3        |                SignedAddTree32__13 |        184 |        184 |       0 |    0 |    213 |      0 |      0 |    0 |          0 |
|       addTreeList_30       |                SignedAddTree32__26 |        184 |        184 |       0 |    0 |    213 |      0 |      0 |    0 |          0 |
|       addTreeList_31       |                SignedAddTree32__32 |        184 |        184 |       0 |    0 |    213 |      0 |      0 |    0 |          0 |
|       addTreeList_32       |                SignedAddTree32__33 |        184 |        184 |       0 |    0 |    213 |      0 |      0 |    0 |          0 |
|       addTreeList_33       |                SignedAddTree32__20 |        184 |        184 |       0 |    0 |    213 |      0 |      0 |    0 |          0 |
|       addTreeList_34       |                SignedAddTree32__37 |        184 |        184 |       0 |    0 |    213 |      0 |      0 |    0 |          0 |
|       addTreeList_35       |                SignedAddTree32__34 |        184 |        184 |       0 |    0 |    213 |      0 |      0 |    0 |          0 |
|       addTreeList_4        |                SignedAddTree32__12 |        184 |        184 |       0 |    0 |    213 |      0 |      0 |    0 |          0 |
|       addTreeList_5        |                SignedAddTree32__22 |        184 |        184 |       0 |    0 |    213 |      0 |      0 |    0 |          0 |
|       addTreeList_6        |                SignedAddTree32__11 |        184 |        184 |       0 |    0 |    213 |      0 |      0 |    0 |          0 |
|       addTreeList_7        |                SignedAddTree32__10 |        184 |        184 |       0 |    0 |    213 |      0 |      0 |    0 |          0 |
|       addTreeList_8        |                SignedAddTree32__23 |        184 |        184 |       0 |    0 |    213 |      0 |      0 |    0 |          0 |
|       addTreeList_9        |                 SignedAddTree32__9 |        184 |        184 |       0 |    0 |    213 |      0 |      0 |    0 |          0 |
|       batchsizelast_pipreg |                        PipReg_1__2 |          0 |          0 |       0 |    0 |      2 |      0 |      0 |    0 |          0 |
|       block_first_pipreg   |                        PipReg_2__4 |          0 |          0 |       0 |    0 |      7 |      0 |      0 |    0 |          0 |
|       cnt_batchsize_pipreg |                        PipReg_3__2 |         10 |          5 |       0 |    5 |     16 |      0 |      0 |    0 |          0 |
|       indata_pipreg        |                          PipReg__2 |          0 |          0 |       0 |    0 |    192 |      0 |      0 |    0 |          0 |
|       mul_list_0_0         | SignedMultiplierInt8__xdcDup__1297 |          0 |          0 |       0 |    0 |      0 |      0 |      0 |    0 |          1 |
|       mul_list_0_1         | SignedMultiplierInt8__xdcDup__1298 |          0 |          0 |       0 |    0 |      0 |      0 |      0 |    0 |          1 |
|       mul_list_0_10        | SignedMultiplierInt8__xdcDup__1299 |          0 |          0 |       0 |    0 |      0 |      0 |      0 |    0 |          1 |
|       mul_list_0_11        | SignedMultiplierInt8__xdcDup__1300 |          0 |          0 |       0 |    0 |      0 |      0 |      0 |    0 |          1 |
|       mul_list_0_12        | SignedMultiplierInt8__xdcDup__1301 |          0 |          0 |       0 |    0 |      0 |      0 |      0 |    0 |          1 |
|       mul_list_0_13        | SignedMultiplierInt8__xdcDup__1302 |          0 |          0 |       0 |    0 |      0 |      0 |      0 |    0 |          1 |
|       mul_list_0_14        | SignedMultiplierInt8__xdcDup__1303 |          0 |          0 |       0 |    0 |      0 |      0 |      0 |    0 |          1 |
|       mul_list_0_15        | SignedMultiplierInt8__xdcDup__1304 |          0 |          0 |       0 |    0 |      0 |      0 |      0 |    0 |          1 |
|       mul_list_0_16        | SignedMultiplierInt8__xdcDup__1305 |          0 |          0 |       0 |    0 |      0 |      0 |      0 |    0 |          1 |
|       mul_list_0_17        | SignedMultiplierInt8__xdcDup__1306 |          0 |          0 |       0 |    0 |      0 |      0 |      0 |    0 |          1 |
|       mul_list_0_18        | SignedMultiplierInt8__xdcDup__1307 |          0 |          0 |       0 |    0 |      0 |      0 |      0 |    0 |          1 |
|       mul_list_0_19        | SignedMultiplierInt8__xdcDup__1308 |          0 |          0 |       0 |    0 |      0 |      0 |      0 |    0 |          1 |
|       mul_list_0_2         | SignedMultiplierInt8__xdcDup__1309 |          0 |          0 |       0 |    0 |      0 |      0 |      0 |    0 |          1 |
|       mul_list_0_20        | SignedMultiplierInt8__xdcDup__1310 |          0 |          0 |       0 |    0 |      0 |      0 |      0 |    0 |          1 |
|       mul_list_0_21        | SignedMultiplierInt8__xdcDup__1311 |          0 |          0 |       0 |    0 |      0 |      0 |      0 |    0 |          1 |
|       mul_list_0_22        | SignedMultiplierInt8__xdcDup__1312 |          0 |          0 |       0 |    0 |      0 |      0 |      0 |    0 |          1 |
|       mul_list_0_23        | SignedMultiplierInt8__xdcDup__1313 |          0 |          0 |       0 |    0 |      0 |      0 |      0 |    0 |          1 |
|       mul_list_0_24        | SignedMultiplierInt8__xdcDup__1314 |          0 |          0 |       0 |    0 |      0 |      0 |      0 |    0 |          1 |
|       mul_list_0_25        | SignedMultiplierInt8__xdcDup__1315 |          0 |          0 |       0 |    0 |      0 |      0 |      0 |    0 |          1 |
|       mul_list_0_26        | SignedMultiplierInt8__xdcDup__1316 |          0 |          0 |       0 |    0 |      0 |      0 |      0 |    0 |          1 |
|       mul_list_0_27        | SignedMultiplierInt8__xdcDup__1317 |          0 |          0 |       0 |    0 |      0 |      0 |      0 |    0 |          1 |
|       mul_list_0_28        | SignedMultiplierInt8__xdcDup__1318 |          0 |          0 |       0 |    0 |      0 |      0 |      0 |    0 |          1 |
|       mul_list_0_29        | SignedMultiplierInt8__xdcDup__1319 |          0 |          0 |       0 |    0 |      0 |      0 |      0 |    0 |          1 |
|       mul_list_0_3         | SignedMultiplierInt8__xdcDup__1320 |          0 |          0 |       0 |    0 |      0 |      0 |      0 |    0 |          1 |
|       mul_list_0_30        | SignedMultiplierInt8__xdcDup__1321 |          0 |          0 |       0 |    0 |      0 |      0 |      0 |    0 |          1 |
|       mul_list_0_31        | SignedMultiplierInt8__xdcDup__1322 |          0 |          0 |       0 |    0 |      0 |      0 |      0 |    0 |          1 |
|       mul_list_0_32        | SignedMultiplierInt8__xdcDup__1323 |          0 |          0 |       0 |    0 |      0 |      0 |      0 |    0 |          1 |
|       mul_list_0_33        | SignedMultiplierInt8__xdcDup__1324 |          0 |          0 |       0 |    0 |      0 |      0 |      0 |    0 |          1 |
|       mul_list_0_34        | SignedMultiplierInt8__xdcDup__1325 |          0 |          0 |       0 |    0 |      0 |      0 |      0 |    0 |          1 |
|       mul_list_0_35        | SignedMultiplierInt8__xdcDup__1326 |          0 |          0 |       0 |    0 |      0 |      0 |      0 |    0 |          1 |
|       mul_list_0_4         | SignedMultiplierInt8__xdcDup__1327 |          0 |          0 |       0 |    0 |      0 |      0 |      0 |    0 |          1 |
|       mul_list_0_5         | SignedMultiplierInt8__xdcDup__1328 |          0 |          0 |       0 |    0 |      0 |      0 |      0 |    0 |          1 |
|       mul_list_0_6         | SignedMultiplierInt8__xdcDup__1329 |          0 |          0 |       0 |    0 |      0 |      0 |      0 |    0 |          1 |
|       mul_list_0_7         | SignedMultiplierInt8__xdcDup__1330 |          0 |          0 |       0 |    0 |      0 |      0 |      0 |    0 |          1 |
|       mul_list_0_8         | SignedMultiplierInt8__xdcDup__1331 |          0 |          0 |       0 |    0 |      0 |      0 |      0 |    0 |          1 |
|       mul_list_0_9         | SignedMultiplierInt8__xdcDup__1332 |          0 |          0 |       0 |    0 |      0 |      0 |      0 |    0 |          1 |
|       mul_list_10_0        | SignedMultiplierInt8__xdcDup__1333 |          0 |          0 |       0 |    0 |      0 |      0 |      0 |    0 |          1 |
|       mul_list_10_1        | SignedMultiplierInt8__xdcDup__1334 |          0 |          0 |       0 |    0 |      0 |      0 |      0 |    0 |          1 |
|       mul_list_10_10       | SignedMultiplierInt8__xdcDup__1335 |          0 |          0 |       0 |    0 |      0 |      0 |      0 |    0 |          1 |
|       mul_list_10_11       | SignedMultiplierInt8__xdcDup__1336 |          0 |          0 |       0 |    0 |      0 |      0 |      0 |    0 |          1 |
|       mul_list_10_12       | SignedMultiplierInt8__xdcDup__1337 |          0 |          0 |       0 |    0 |      0 |      0 |      0 |    0 |          1 |
|       mul_list_10_13       | SignedMultiplierInt8__xdcDup__1338 |          0 |          0 |       0 |    0 |      0 |      0 |      0 |    0 |          1 |
|       mul_list_10_14       | SignedMultiplierInt8__xdcDup__1339 |          0 |          0 |       0 |    0 |      0 |      0 |      0 |    0 |          1 |
|       mul_list_10_15       | SignedMultiplierInt8__xdcDup__1340 |          0 |          0 |       0 |    0 |      0 |      0 |      0 |    0 |          1 |
|       mul_list_10_16       | SignedMultiplierInt8__xdcDup__1341 |          0 |          0 |       0 |    0 |      0 |      0 |      0 |    0 |          1 |
|       mul_list_10_17       | SignedMultiplierInt8__xdcDup__1342 |          0 |          0 |       0 |    0 |      0 |      0 |      0 |    0 |          1 |
|       mul_list_10_18       | SignedMultiplierInt8__xdcDup__1343 |          0 |          0 |       0 |    0 |      0 |      0 |      0 |    0 |          1 |
|       mul_list_10_19       | SignedMultiplierInt8__xdcDup__1344 |          0 |          0 |       0 |    0 |      0 |      0 |      0 |    0 |          1 |
|       mul_list_10_2        | SignedMultiplierInt8__xdcDup__1345 |          0 |          0 |       0 |    0 |      0 |      0 |      0 |    0 |          1 |
|       mul_list_10_20       | SignedMultiplierInt8__xdcDup__1346 |          0 |          0 |       0 |    0 |      0 |      0 |      0 |    0 |          1 |
|       mul_list_10_21       | SignedMultiplierInt8__xdcDup__1347 |          0 |          0 |       0 |    0 |      0 |      0 |      0 |    0 |          1 |
|       mul_list_10_22       | SignedMultiplierInt8__xdcDup__1348 |          0 |          0 |       0 |    0 |      0 |      0 |      0 |    0 |          1 |
|       mul_list_10_23       | SignedMultiplierInt8__xdcDup__1349 |          0 |          0 |       0 |    0 |      0 |      0 |      0 |    0 |          1 |
|       mul_list_10_24       | SignedMultiplierInt8__xdcDup__1350 |          0 |          0 |       0 |    0 |      0 |      0 |      0 |    0 |          1 |
|       mul_list_10_25       | SignedMultiplierInt8__xdcDup__1351 |          0 |          0 |       0 |    0 |      0 |      0 |      0 |    0 |          1 |
|       mul_list_10_26       | SignedMultiplierInt8__xdcDup__1352 |          0 |          0 |       0 |    0 |      0 |      0 |      0 |    0 |          1 |
|       mul_list_10_27       | SignedMultiplierInt8__xdcDup__1353 |          0 |          0 |       0 |    0 |      0 |      0 |      0 |    0 |          1 |
|       mul_list_10_28       | SignedMultiplierInt8__xdcDup__1354 |          0 |          0 |       0 |    0 |      0 |      0 |      0 |    0 |          1 |
|       mul_list_10_29       | SignedMultiplierInt8__xdcDup__1355 |          0 |          0 |       0 |    0 |      0 |      0 |      0 |    0 |          1 |
|       mul_list_10_3        | SignedMultiplierInt8__xdcDup__1356 |          0 |          0 |       0 |    0 |      0 |      0 |      0 |    0 |          1 |
|       mul_list_10_30       | SignedMultiplierInt8__xdcDup__1357 |          0 |          0 |       0 |    0 |      0 |      0 |      0 |    0 |          1 |
|       mul_list_10_31       | SignedMultiplierInt8__xdcDup__1358 |          0 |          0 |       0 |    0 |      0 |      0 |      0 |    0 |          1 |
|       mul_list_10_32       | SignedMultiplierInt8__xdcDup__1359 |          0 |          0 |       0 |    0 |      0 |      0 |      0 |    0 |          1 |
|       mul_list_10_33       | SignedMultiplierInt8__xdcDup__1360 |          0 |          0 |       0 |    0 |      0 |      0 |      0 |    0 |          1 |
|       mul_list_10_34       | SignedMultiplierInt8__xdcDup__1361 |          0 |          0 |       0 |    0 |      0 |      0 |      0 |    0 |          1 |
|       mul_list_10_35       | SignedMultiplierInt8__xdcDup__1362 |          0 |          0 |       0 |    0 |      0 |      0 |      0 |    0 |          1 |
|       mul_list_10_4        | SignedMultiplierInt8__xdcDup__1363 |          0 |          0 |       0 |    0 |      0 |      0 |      0 |    0 |          1 |
|       mul_list_10_5        | SignedMultiplierInt8__xdcDup__1364 |          0 |          0 |       0 |    0 |      0 |      0 |      0 |    0 |          1 |
|       mul_list_10_6        | SignedMultiplierInt8__xdcDup__1365 |          0 |          0 |       0 |    0 |      0 |      0 |      0 |    0 |          1 |
|       mul_list_10_7        | SignedMultiplierInt8__xdcDup__1366 |          0 |          0 |       0 |    0 |      0 |      0 |      0 |    0 |          1 |
|       mul_list_10_8        | SignedMultiplierInt8__xdcDup__1367 |          0 |          0 |       0 |    0 |      0 |      0 |      0 |    0 |          1 |
|       mul_list_10_9        | SignedMultiplierInt8__xdcDup__1368 |          0 |          0 |       0 |    0 |      0 |      0 |      0 |    0 |          1 |
|       mul_list_11_0        | SignedMultiplierInt8__xdcDup__1369 |          0 |          0 |       0 |    0 |      0 |      0 |      0 |    0 |          1 |
|       mul_list_11_1        | SignedMultiplierInt8__xdcDup__1370 |          0 |          0 |       0 |    0 |      0 |      0 |      0 |    0 |          1 |
|       mul_list_11_10       | SignedMultiplierInt8__xdcDup__1371 |          0 |          0 |       0 |    0 |      0 |      0 |      0 |    0 |          1 |
|       mul_list_11_11       | SignedMultiplierInt8__xdcDup__1372 |          0 |          0 |       0 |    0 |      0 |      0 |      0 |    0 |          1 |
|       mul_list_11_12       | SignedMultiplierInt8__xdcDup__1373 |          0 |          0 |       0 |    0 |      0 |      0 |      0 |    0 |          1 |
|       mul_list_11_13       | SignedMultiplierInt8__xdcDup__1374 |          0 |          0 |       0 |    0 |      0 |      0 |      0 |    0 |          1 |
|       mul_list_11_14       | SignedMultiplierInt8__xdcDup__1375 |          0 |          0 |       0 |    0 |      0 |      0 |      0 |    0 |          1 |
|       mul_list_11_15       | SignedMultiplierInt8__xdcDup__1376 |          0 |          0 |       0 |    0 |      0 |      0 |      0 |    0 |          1 |
|       mul_list_11_16       | SignedMultiplierInt8__xdcDup__1377 |          0 |          0 |       0 |    0 |      0 |      0 |      0 |    0 |          1 |
|       mul_list_11_17       | SignedMultiplierInt8__xdcDup__1378 |          0 |          0 |       0 |    0 |      0 |      0 |      0 |    0 |          1 |
|       mul_list_11_18       | SignedMultiplierInt8__xdcDup__1379 |          0 |          0 |       0 |    0 |      0 |      0 |      0 |    0 |          1 |
|       mul_list_11_19       | SignedMultiplierInt8__xdcDup__1380 |          0 |          0 |       0 |    0 |      0 |      0 |      0 |    0 |          1 |
|       mul_list_11_2        | SignedMultiplierInt8__xdcDup__1381 |          0 |          0 |       0 |    0 |      0 |      0 |      0 |    0 |          1 |
|       mul_list_11_20       | SignedMultiplierInt8__xdcDup__1382 |          0 |          0 |       0 |    0 |      0 |      0 |      0 |    0 |          1 |
|       mul_list_11_21       | SignedMultiplierInt8__xdcDup__1383 |          0 |          0 |       0 |    0 |      0 |      0 |      0 |    0 |          1 |
|       mul_list_11_22       | SignedMultiplierInt8__xdcDup__1384 |          0 |          0 |       0 |    0 |      0 |      0 |      0 |    0 |          1 |
|       mul_list_11_23       | SignedMultiplierInt8__xdcDup__1385 |          0 |          0 |       0 |    0 |      0 |      0 |      0 |    0 |          1 |
|       mul_list_11_24       | SignedMultiplierInt8__xdcDup__1386 |          0 |          0 |       0 |    0 |      0 |      0 |      0 |    0 |          1 |
|       mul_list_11_25       | SignedMultiplierInt8__xdcDup__1387 |          0 |          0 |       0 |    0 |      0 |      0 |      0 |    0 |          1 |
|       mul_list_11_26       | SignedMultiplierInt8__xdcDup__1388 |          0 |          0 |       0 |    0 |      0 |      0 |      0 |    0 |          1 |
|       mul_list_11_27       | SignedMultiplierInt8__xdcDup__1389 |          0 |          0 |       0 |    0 |      0 |      0 |      0 |    0 |          1 |
|       mul_list_11_28       | SignedMultiplierInt8__xdcDup__1390 |          0 |          0 |       0 |    0 |      0 |      0 |      0 |    0 |          1 |
|       mul_list_11_29       | SignedMultiplierInt8__xdcDup__1391 |          0 |          0 |       0 |    0 |      0 |      0 |      0 |    0 |          1 |
|       mul_list_11_3        | SignedMultiplierInt8__xdcDup__1392 |          0 |          0 |       0 |    0 |      0 |      0 |      0 |    0 |          1 |
|       mul_list_11_30       | SignedMultiplierInt8__xdcDup__1393 |          0 |          0 |       0 |    0 |      0 |      0 |      0 |    0 |          1 |
|       mul_list_11_31       | SignedMultiplierInt8__xdcDup__1394 |          0 |          0 |       0 |    0 |      0 |      0 |      0 |    0 |          1 |
|       mul_list_11_32       | SignedMultiplierInt8__xdcDup__1395 |          0 |          0 |       0 |    0 |      0 |      0 |      0 |    0 |          1 |
|       mul_list_11_33       | SignedMultiplierInt8__xdcDup__1396 |          0 |          0 |       0 |    0 |      0 |      0 |      0 |    0 |          1 |
|       mul_list_11_34       | SignedMultiplierInt8__xdcDup__1397 |          0 |          0 |       0 |    0 |      0 |      0 |      0 |    0 |          1 |
|       mul_list_11_35       | SignedMultiplierInt8__xdcDup__1398 |          0 |          0 |       0 |    0 |      0 |      0 |      0 |    0 |          1 |
|       mul_list_11_4        | SignedMultiplierInt8__xdcDup__1399 |          0 |          0 |       0 |    0 |      0 |      0 |      0 |    0 |          1 |
|       mul_list_11_5        | SignedMultiplierInt8__xdcDup__1400 |          0 |          0 |       0 |    0 |      0 |      0 |      0 |    0 |          1 |
|       mul_list_11_6        | SignedMultiplierInt8__xdcDup__1401 |          0 |          0 |       0 |    0 |      0 |      0 |      0 |    0 |          1 |
|       mul_list_11_7        | SignedMultiplierInt8__xdcDup__1402 |          0 |          0 |       0 |    0 |      0 |      0 |      0 |    0 |          1 |
|       mul_list_11_8        | SignedMultiplierInt8__xdcDup__1403 |          0 |          0 |       0 |    0 |      0 |      0 |      0 |    0 |          1 |
|       mul_list_11_9        | SignedMultiplierInt8__xdcDup__1404 |          0 |          0 |       0 |    0 |      0 |      0 |      0 |    0 |          1 |
|       mul_list_1_0         | SignedMultiplierInt8__xdcDup__1405 |          0 |          0 |       0 |    0 |      0 |      0 |      0 |    0 |          1 |
|       mul_list_1_1         | SignedMultiplierInt8__xdcDup__1406 |          0 |          0 |       0 |    0 |      0 |      0 |      0 |    0 |          1 |
|       mul_list_1_10        | SignedMultiplierInt8__xdcDup__1407 |          0 |          0 |       0 |    0 |      0 |      0 |      0 |    0 |          1 |
|       mul_list_1_11        | SignedMultiplierInt8__xdcDup__1408 |          0 |          0 |       0 |    0 |      0 |      0 |      0 |    0 |          1 |
|       mul_list_1_12        | SignedMultiplierInt8__xdcDup__1409 |          0 |          0 |       0 |    0 |      0 |      0 |      0 |    0 |          1 |
|       mul_list_1_13        | SignedMultiplierInt8__xdcDup__1410 |          0 |          0 |       0 |    0 |      0 |      0 |      0 |    0 |          1 |
|       mul_list_1_14        | SignedMultiplierInt8__xdcDup__1411 |          0 |          0 |       0 |    0 |      0 |      0 |      0 |    0 |          1 |
|       mul_list_1_15        | SignedMultiplierInt8__xdcDup__1412 |          0 |          0 |       0 |    0 |      0 |      0 |      0 |    0 |          1 |
|       mul_list_1_16        | SignedMultiplierInt8__xdcDup__1413 |          0 |          0 |       0 |    0 |      0 |      0 |      0 |    0 |          1 |
|       mul_list_1_17        | SignedMultiplierInt8__xdcDup__1414 |          0 |          0 |       0 |    0 |      0 |      0 |      0 |    0 |          1 |
|       mul_list_1_18        | SignedMultiplierInt8__xdcDup__1415 |          0 |          0 |       0 |    0 |      0 |      0 |      0 |    0 |          1 |
|       mul_list_1_19        | SignedMultiplierInt8__xdcDup__1416 |          0 |          0 |       0 |    0 |      0 |      0 |      0 |    0 |          1 |
|       mul_list_1_2         | SignedMultiplierInt8__xdcDup__1417 |          0 |          0 |       0 |    0 |      0 |      0 |      0 |    0 |          1 |
|       mul_list_1_20        | SignedMultiplierInt8__xdcDup__1418 |          0 |          0 |       0 |    0 |      0 |      0 |      0 |    0 |          1 |
|       mul_list_1_21        | SignedMultiplierInt8__xdcDup__1419 |          0 |          0 |       0 |    0 |      0 |      0 |      0 |    0 |          1 |
|       mul_list_1_22        | SignedMultiplierInt8__xdcDup__1420 |          0 |          0 |       0 |    0 |      0 |      0 |      0 |    0 |          1 |
|       mul_list_1_23        | SignedMultiplierInt8__xdcDup__1421 |          0 |          0 |       0 |    0 |      0 |      0 |      0 |    0 |          1 |
|       mul_list_1_24        | SignedMultiplierInt8__xdcDup__1422 |          0 |          0 |       0 |    0 |      0 |      0 |      0 |    0 |          1 |
|       mul_list_1_25        | SignedMultiplierInt8__xdcDup__1423 |          0 |          0 |       0 |    0 |      0 |      0 |      0 |    0 |          1 |
|       mul_list_1_26        | SignedMultiplierInt8__xdcDup__1424 |          0 |          0 |       0 |    0 |      0 |      0 |      0 |    0 |          1 |
|       mul_list_1_27        | SignedMultiplierInt8__xdcDup__1425 |          0 |          0 |       0 |    0 |      0 |      0 |      0 |    0 |          1 |
|       mul_list_1_28        | SignedMultiplierInt8__xdcDup__1426 |          0 |          0 |       0 |    0 |      0 |      0 |      0 |    0 |          1 |
|       mul_list_1_29        | SignedMultiplierInt8__xdcDup__1427 |          0 |          0 |       0 |    0 |      0 |      0 |      0 |    0 |          1 |
|       mul_list_1_3         | SignedMultiplierInt8__xdcDup__1428 |          0 |          0 |       0 |    0 |      0 |      0 |      0 |    0 |          1 |
|       mul_list_1_30        | SignedMultiplierInt8__xdcDup__1429 |          0 |          0 |       0 |    0 |      0 |      0 |      0 |    0 |          1 |
|       mul_list_1_31        | SignedMultiplierInt8__xdcDup__1430 |          0 |          0 |       0 |    0 |      0 |      0 |      0 |    0 |          1 |
|       mul_list_1_32        | SignedMultiplierInt8__xdcDup__1431 |          0 |          0 |       0 |    0 |      0 |      0 |      0 |    0 |          1 |
|       mul_list_1_33        | SignedMultiplierInt8__xdcDup__1432 |          0 |          0 |       0 |    0 |      0 |      0 |      0 |    0 |          1 |
|       mul_list_1_34        | SignedMultiplierInt8__xdcDup__1433 |          0 |          0 |       0 |    0 |      0 |      0 |      0 |    0 |          1 |
|       mul_list_1_35        | SignedMultiplierInt8__xdcDup__1434 |          0 |          0 |       0 |    0 |      0 |      0 |      0 |    0 |          1 |
|       mul_list_1_4         | SignedMultiplierInt8__xdcDup__1435 |          0 |          0 |       0 |    0 |      0 |      0 |      0 |    0 |          1 |
|       mul_list_1_5         | SignedMultiplierInt8__xdcDup__1436 |          0 |          0 |       0 |    0 |      0 |      0 |      0 |    0 |          1 |
|       mul_list_1_6         | SignedMultiplierInt8__xdcDup__1437 |          0 |          0 |       0 |    0 |      0 |      0 |      0 |    0 |          1 |
|       mul_list_1_7         | SignedMultiplierInt8__xdcDup__1438 |          0 |          0 |       0 |    0 |      0 |      0 |      0 |    0 |          1 |
|       mul_list_1_8         | SignedMultiplierInt8__xdcDup__1439 |          0 |          0 |       0 |    0 |      0 |      0 |      0 |    0 |          1 |
|       mul_list_1_9         | SignedMultiplierInt8__xdcDup__1440 |          0 |          0 |       0 |    0 |      0 |      0 |      0 |    0 |          1 |
|       mul_list_2_0         | SignedMultiplierInt8__xdcDup__1441 |          0 |          0 |       0 |    0 |      0 |      0 |      0 |    0 |          1 |
|       mul_list_2_1         | SignedMultiplierInt8__xdcDup__1442 |          0 |          0 |       0 |    0 |      0 |      0 |      0 |    0 |          1 |
|       mul_list_2_10        | SignedMultiplierInt8__xdcDup__1443 |          0 |          0 |       0 |    0 |      0 |      0 |      0 |    0 |          1 |
|       mul_list_2_11        | SignedMultiplierInt8__xdcDup__1444 |          0 |          0 |       0 |    0 |      0 |      0 |      0 |    0 |          1 |
|       mul_list_2_12        | SignedMultiplierInt8__xdcDup__1445 |          0 |          0 |       0 |    0 |      0 |      0 |      0 |    0 |          1 |
|       mul_list_2_13        | SignedMultiplierInt8__xdcDup__1446 |          0 |          0 |       0 |    0 |      0 |      0 |      0 |    0 |          1 |
|       mul_list_2_14        | SignedMultiplierInt8__xdcDup__1447 |          0 |          0 |       0 |    0 |      0 |      0 |      0 |    0 |          1 |
|       mul_list_2_15        | SignedMultiplierInt8__xdcDup__1448 |          0 |          0 |       0 |    0 |      0 |      0 |      0 |    0 |          1 |
|       mul_list_2_16        | SignedMultiplierInt8__xdcDup__1449 |          0 |          0 |       0 |    0 |      0 |      0 |      0 |    0 |          1 |
|       mul_list_2_17        | SignedMultiplierInt8__xdcDup__1450 |          0 |          0 |       0 |    0 |      0 |      0 |      0 |    0 |          1 |
|       mul_list_2_18        | SignedMultiplierInt8__xdcDup__1451 |          0 |          0 |       0 |    0 |      0 |      0 |      0 |    0 |          1 |
|       mul_list_2_19        | SignedMultiplierInt8__xdcDup__1452 |          0 |          0 |       0 |    0 |      0 |      0 |      0 |    0 |          1 |
|       mul_list_2_2         | SignedMultiplierInt8__xdcDup__1453 |          0 |          0 |       0 |    0 |      0 |      0 |      0 |    0 |          1 |
|       mul_list_2_20        | SignedMultiplierInt8__xdcDup__1454 |          0 |          0 |       0 |    0 |      0 |      0 |      0 |    0 |          1 |
|       mul_list_2_21        | SignedMultiplierInt8__xdcDup__1455 |          0 |          0 |       0 |    0 |      0 |      0 |      0 |    0 |          1 |
|       mul_list_2_22        | SignedMultiplierInt8__xdcDup__1456 |          0 |          0 |       0 |    0 |      0 |      0 |      0 |    0 |          1 |
|       mul_list_2_23        | SignedMultiplierInt8__xdcDup__1457 |          0 |          0 |       0 |    0 |      0 |      0 |      0 |    0 |          1 |
|       mul_list_2_24        | SignedMultiplierInt8__xdcDup__1458 |          0 |          0 |       0 |    0 |      0 |      0 |      0 |    0 |          1 |
|       mul_list_2_25        | SignedMultiplierInt8__xdcDup__1459 |          0 |          0 |       0 |    0 |      0 |      0 |      0 |    0 |          1 |
|       mul_list_2_26        | SignedMultiplierInt8__xdcDup__1460 |          0 |          0 |       0 |    0 |      0 |      0 |      0 |    0 |          1 |
|       mul_list_2_27        | SignedMultiplierInt8__xdcDup__1461 |          0 |          0 |       0 |    0 |      0 |      0 |      0 |    0 |          1 |
|       mul_list_2_28        | SignedMultiplierInt8__xdcDup__1462 |          0 |          0 |       0 |    0 |      0 |      0 |      0 |    0 |          1 |
|       mul_list_2_29        | SignedMultiplierInt8__xdcDup__1463 |          0 |          0 |       0 |    0 |      0 |      0 |      0 |    0 |          1 |
|       mul_list_2_3         | SignedMultiplierInt8__xdcDup__1464 |          0 |          0 |       0 |    0 |      0 |      0 |      0 |    0 |          1 |
|       mul_list_2_30        | SignedMultiplierInt8__xdcDup__1465 |          0 |          0 |       0 |    0 |      0 |      0 |      0 |    0 |          1 |
|       mul_list_2_31        | SignedMultiplierInt8__xdcDup__1466 |          0 |          0 |       0 |    0 |      0 |      0 |      0 |    0 |          1 |
|       mul_list_2_32        | SignedMultiplierInt8__xdcDup__1467 |          0 |          0 |       0 |    0 |      0 |      0 |      0 |    0 |          1 |
|       mul_list_2_33        | SignedMultiplierInt8__xdcDup__1468 |          0 |          0 |       0 |    0 |      0 |      0 |      0 |    0 |          1 |
|       mul_list_2_34        | SignedMultiplierInt8__xdcDup__1469 |          0 |          0 |       0 |    0 |      0 |      0 |      0 |    0 |          1 |
|       mul_list_2_35        | SignedMultiplierInt8__xdcDup__1470 |          0 |          0 |       0 |    0 |      0 |      0 |      0 |    0 |          1 |
|       mul_list_2_4         | SignedMultiplierInt8__xdcDup__1471 |          0 |          0 |       0 |    0 |      0 |      0 |      0 |    0 |          1 |
|       mul_list_2_5         | SignedMultiplierInt8__xdcDup__1472 |          0 |          0 |       0 |    0 |      0 |      0 |      0 |    0 |          1 |
|       mul_list_2_6         | SignedMultiplierInt8__xdcDup__1473 |          0 |          0 |       0 |    0 |      0 |      0 |      0 |    0 |          1 |
|       mul_list_2_7         | SignedMultiplierInt8__xdcDup__1474 |          0 |          0 |       0 |    0 |      0 |      0 |      0 |    0 |          1 |
|       mul_list_2_8         | SignedMultiplierInt8__xdcDup__1475 |          0 |          0 |       0 |    0 |      0 |      0 |      0 |    0 |          1 |
|       mul_list_2_9         | SignedMultiplierInt8__xdcDup__1476 |          0 |          0 |       0 |    0 |      0 |      0 |      0 |    0 |          1 |
|       mul_list_3_0         | SignedMultiplierInt8__xdcDup__1477 |          0 |          0 |       0 |    0 |      0 |      0 |      0 |    0 |          1 |
|       mul_list_3_1         | SignedMultiplierInt8__xdcDup__1478 |          0 |          0 |       0 |    0 |      0 |      0 |      0 |    0 |          1 |
|       mul_list_3_10        | SignedMultiplierInt8__xdcDup__1479 |          0 |          0 |       0 |    0 |      0 |      0 |      0 |    0 |          1 |
|       mul_list_3_11        | SignedMultiplierInt8__xdcDup__1480 |          0 |          0 |       0 |    0 |      0 |      0 |      0 |    0 |          1 |
|       mul_list_3_12        | SignedMultiplierInt8__xdcDup__1481 |          0 |          0 |       0 |    0 |      0 |      0 |      0 |    0 |          1 |
|       mul_list_3_13        | SignedMultiplierInt8__xdcDup__1482 |          0 |          0 |       0 |    0 |      0 |      0 |      0 |    0 |          1 |
|       mul_list_3_14        | SignedMultiplierInt8__xdcDup__1483 |          0 |          0 |       0 |    0 |      0 |      0 |      0 |    0 |          1 |
|       mul_list_3_15        | SignedMultiplierInt8__xdcDup__1484 |          0 |          0 |       0 |    0 |      0 |      0 |      0 |    0 |          1 |
|       mul_list_3_16        | SignedMultiplierInt8__xdcDup__1485 |          0 |          0 |       0 |    0 |      0 |      0 |      0 |    0 |          1 |
|       mul_list_3_17        | SignedMultiplierInt8__xdcDup__1486 |          0 |          0 |       0 |    0 |      0 |      0 |      0 |    0 |          1 |
|       mul_list_3_18        | SignedMultiplierInt8__xdcDup__1487 |          0 |          0 |       0 |    0 |      0 |      0 |      0 |    0 |          1 |
|       mul_list_3_19        | SignedMultiplierInt8__xdcDup__1488 |          0 |          0 |       0 |    0 |      0 |      0 |      0 |    0 |          1 |
|       mul_list_3_2         | SignedMultiplierInt8__xdcDup__1489 |          0 |          0 |       0 |    0 |      0 |      0 |      0 |    0 |          1 |
|       mul_list_3_20        | SignedMultiplierInt8__xdcDup__1490 |          0 |          0 |       0 |    0 |      0 |      0 |      0 |    0 |          1 |
|       mul_list_3_21        | SignedMultiplierInt8__xdcDup__1491 |          0 |          0 |       0 |    0 |      0 |      0 |      0 |    0 |          1 |
|       mul_list_3_22        | SignedMultiplierInt8__xdcDup__1492 |          0 |          0 |       0 |    0 |      0 |      0 |      0 |    0 |          1 |
|       mul_list_3_23        | SignedMultiplierInt8__xdcDup__1493 |          0 |          0 |       0 |    0 |      0 |      0 |      0 |    0 |          1 |
|       mul_list_3_24        | SignedMultiplierInt8__xdcDup__1494 |          0 |          0 |       0 |    0 |      0 |      0 |      0 |    0 |          1 |
|       mul_list_3_25        | SignedMultiplierInt8__xdcDup__1495 |          0 |          0 |       0 |    0 |      0 |      0 |      0 |    0 |          1 |
|       mul_list_3_26        | SignedMultiplierInt8__xdcDup__1496 |          0 |          0 |       0 |    0 |      0 |      0 |      0 |    0 |          1 |
|       mul_list_3_27        | SignedMultiplierInt8__xdcDup__1497 |          0 |          0 |       0 |    0 |      0 |      0 |      0 |    0 |          1 |
|       mul_list_3_28        | SignedMultiplierInt8__xdcDup__1498 |          0 |          0 |       0 |    0 |      0 |      0 |      0 |    0 |          1 |
|       mul_list_3_29        | SignedMultiplierInt8__xdcDup__1499 |          0 |          0 |       0 |    0 |      0 |      0 |      0 |    0 |          1 |
|       mul_list_3_3         | SignedMultiplierInt8__xdcDup__1500 |          0 |          0 |       0 |    0 |      0 |      0 |      0 |    0 |          1 |
|       mul_list_3_30        | SignedMultiplierInt8__xdcDup__1501 |          0 |          0 |       0 |    0 |      0 |      0 |      0 |    0 |          1 |
|       mul_list_3_31        | SignedMultiplierInt8__xdcDup__1502 |          0 |          0 |       0 |    0 |      0 |      0 |      0 |    0 |          1 |
|       mul_list_3_32        | SignedMultiplierInt8__xdcDup__1503 |          0 |          0 |       0 |    0 |      0 |      0 |      0 |    0 |          1 |
|       mul_list_3_33        | SignedMultiplierInt8__xdcDup__1504 |          0 |          0 |       0 |    0 |      0 |      0 |      0 |    0 |          1 |
|       mul_list_3_34        | SignedMultiplierInt8__xdcDup__1505 |          0 |          0 |       0 |    0 |      0 |      0 |      0 |    0 |          1 |
|       mul_list_3_35        | SignedMultiplierInt8__xdcDup__1506 |          0 |          0 |       0 |    0 |      0 |      0 |      0 |    0 |          1 |
|       mul_list_3_4         | SignedMultiplierInt8__xdcDup__1507 |          0 |          0 |       0 |    0 |      0 |      0 |      0 |    0 |          1 |
|       mul_list_3_5         | SignedMultiplierInt8__xdcDup__1508 |          0 |          0 |       0 |    0 |      0 |      0 |      0 |    0 |          1 |
|       mul_list_3_6         | SignedMultiplierInt8__xdcDup__1509 |          0 |          0 |       0 |    0 |      0 |      0 |      0 |    0 |          1 |
|       mul_list_3_7         | SignedMultiplierInt8__xdcDup__1510 |          0 |          0 |       0 |    0 |      0 |      0 |      0 |    0 |          1 |
|       mul_list_3_8         | SignedMultiplierInt8__xdcDup__1511 |          0 |          0 |       0 |    0 |      0 |      0 |      0 |    0 |          1 |
|       mul_list_3_9         | SignedMultiplierInt8__xdcDup__1512 |          0 |          0 |       0 |    0 |      0 |      0 |      0 |    0 |          1 |
|       mul_list_4_0         | SignedMultiplierInt8__xdcDup__1513 |          0 |          0 |       0 |    0 |      0 |      0 |      0 |    0 |          1 |
|       mul_list_4_1         | SignedMultiplierInt8__xdcDup__1514 |          0 |          0 |       0 |    0 |      0 |      0 |      0 |    0 |          1 |
|       mul_list_4_10        | SignedMultiplierInt8__xdcDup__1515 |          0 |          0 |       0 |    0 |      0 |      0 |      0 |    0 |          1 |
|       mul_list_4_11        | SignedMultiplierInt8__xdcDup__1516 |          0 |          0 |       0 |    0 |      0 |      0 |      0 |    0 |          1 |
|       mul_list_4_12        | SignedMultiplierInt8__xdcDup__1517 |          0 |          0 |       0 |    0 |      0 |      0 |      0 |    0 |          1 |
|       mul_list_4_13        | SignedMultiplierInt8__xdcDup__1518 |          0 |          0 |       0 |    0 |      0 |      0 |      0 |    0 |          1 |
|       mul_list_4_14        | SignedMultiplierInt8__xdcDup__1519 |          0 |          0 |       0 |    0 |      0 |      0 |      0 |    0 |          1 |
|       mul_list_4_15        | SignedMultiplierInt8__xdcDup__1520 |          0 |          0 |       0 |    0 |      0 |      0 |      0 |    0 |          1 |
|       mul_list_4_16        | SignedMultiplierInt8__xdcDup__1521 |          0 |          0 |       0 |    0 |      0 |      0 |      0 |    0 |          1 |
|       mul_list_4_17        | SignedMultiplierInt8__xdcDup__1522 |          0 |          0 |       0 |    0 |      0 |      0 |      0 |    0 |          1 |
|       mul_list_4_18        | SignedMultiplierInt8__xdcDup__1523 |          0 |          0 |       0 |    0 |      0 |      0 |      0 |    0 |          1 |
|       mul_list_4_19        | SignedMultiplierInt8__xdcDup__1524 |          0 |          0 |       0 |    0 |      0 |      0 |      0 |    0 |          1 |
|       mul_list_4_2         | SignedMultiplierInt8__xdcDup__1525 |          0 |          0 |       0 |    0 |      0 |      0 |      0 |    0 |          1 |
|       mul_list_4_20        | SignedMultiplierInt8__xdcDup__1526 |          0 |          0 |       0 |    0 |      0 |      0 |      0 |    0 |          1 |
|       mul_list_4_21        | SignedMultiplierInt8__xdcDup__1527 |          0 |          0 |       0 |    0 |      0 |      0 |      0 |    0 |          1 |
|       mul_list_4_22        | SignedMultiplierInt8__xdcDup__1528 |          0 |          0 |       0 |    0 |      0 |      0 |      0 |    0 |          1 |
|       mul_list_4_23        | SignedMultiplierInt8__xdcDup__1529 |          0 |          0 |       0 |    0 |      0 |      0 |      0 |    0 |          1 |
|       mul_list_4_24        | SignedMultiplierInt8__xdcDup__1530 |          0 |          0 |       0 |    0 |      0 |      0 |      0 |    0 |          1 |
|       mul_list_4_25        | SignedMultiplierInt8__xdcDup__1531 |          0 |          0 |       0 |    0 |      0 |      0 |      0 |    0 |          1 |
|       mul_list_4_26        | SignedMultiplierInt8__xdcDup__1532 |          0 |          0 |       0 |    0 |      0 |      0 |      0 |    0 |          1 |
|       mul_list_4_27        | SignedMultiplierInt8__xdcDup__1533 |          0 |          0 |       0 |    0 |      0 |      0 |      0 |    0 |          1 |
|       mul_list_4_28        | SignedMultiplierInt8__xdcDup__1534 |          0 |          0 |       0 |    0 |      0 |      0 |      0 |    0 |          1 |
|       mul_list_4_29        | SignedMultiplierInt8__xdcDup__1535 |          0 |          0 |       0 |    0 |      0 |      0 |      0 |    0 |          1 |
|       mul_list_4_3         | SignedMultiplierInt8__xdcDup__1536 |          0 |          0 |       0 |    0 |      0 |      0 |      0 |    0 |          1 |
|       mul_list_4_30        | SignedMultiplierInt8__xdcDup__1537 |          0 |          0 |       0 |    0 |      0 |      0 |      0 |    0 |          1 |
|       mul_list_4_31        | SignedMultiplierInt8__xdcDup__1538 |          0 |          0 |       0 |    0 |      0 |      0 |      0 |    0 |          1 |
|       mul_list_4_32        | SignedMultiplierInt8__xdcDup__1539 |          0 |          0 |       0 |    0 |      0 |      0 |      0 |    0 |          1 |
|       mul_list_4_33        | SignedMultiplierInt8__xdcDup__1540 |          0 |          0 |       0 |    0 |      0 |      0 |      0 |    0 |          1 |
|       mul_list_4_34        | SignedMultiplierInt8__xdcDup__1541 |          0 |          0 |       0 |    0 |      0 |      0 |      0 |    0 |          1 |
|       mul_list_4_35        | SignedMultiplierInt8__xdcDup__1542 |          0 |          0 |       0 |    0 |      0 |      0 |      0 |    0 |          1 |
|       mul_list_4_4         | SignedMultiplierInt8__xdcDup__1543 |          0 |          0 |       0 |    0 |      0 |      0 |      0 |    0 |          1 |
|       mul_list_4_5         | SignedMultiplierInt8__xdcDup__1544 |          0 |          0 |       0 |    0 |      0 |      0 |      0 |    0 |          1 |
|       mul_list_4_6         | SignedMultiplierInt8__xdcDup__1545 |          0 |          0 |       0 |    0 |      0 |      0 |      0 |    0 |          1 |
|       mul_list_4_7         | SignedMultiplierInt8__xdcDup__1546 |          0 |          0 |       0 |    0 |      0 |      0 |      0 |    0 |          1 |
|       mul_list_4_8         | SignedMultiplierInt8__xdcDup__1547 |          0 |          0 |       0 |    0 |      0 |      0 |      0 |    0 |          1 |
|       mul_list_4_9         | SignedMultiplierInt8__xdcDup__1548 |          0 |          0 |       0 |    0 |      0 |      0 |      0 |    0 |          1 |
|       mul_list_5_0         | SignedMultiplierInt8__xdcDup__1549 |          0 |          0 |       0 |    0 |      0 |      0 |      0 |    0 |          1 |
|       mul_list_5_1         | SignedMultiplierInt8__xdcDup__1550 |          0 |          0 |       0 |    0 |      0 |      0 |      0 |    0 |          1 |
|       mul_list_5_10        | SignedMultiplierInt8__xdcDup__1551 |          0 |          0 |       0 |    0 |      0 |      0 |      0 |    0 |          1 |
|       mul_list_5_11        | SignedMultiplierInt8__xdcDup__1552 |          0 |          0 |       0 |    0 |      0 |      0 |      0 |    0 |          1 |
|       mul_list_5_12        | SignedMultiplierInt8__xdcDup__1553 |          0 |          0 |       0 |    0 |      0 |      0 |      0 |    0 |          1 |
|       mul_list_5_13        | SignedMultiplierInt8__xdcDup__1554 |          0 |          0 |       0 |    0 |      0 |      0 |      0 |    0 |          1 |
|       mul_list_5_14        | SignedMultiplierInt8__xdcDup__1555 |          0 |          0 |       0 |    0 |      0 |      0 |      0 |    0 |          1 |
|       mul_list_5_15        | SignedMultiplierInt8__xdcDup__1556 |          0 |          0 |       0 |    0 |      0 |      0 |      0 |    0 |          1 |
|       mul_list_5_16        | SignedMultiplierInt8__xdcDup__1557 |          0 |          0 |       0 |    0 |      0 |      0 |      0 |    0 |          1 |
|       mul_list_5_17        | SignedMultiplierInt8__xdcDup__1558 |          0 |          0 |       0 |    0 |      0 |      0 |      0 |    0 |          1 |
|       mul_list_5_18        | SignedMultiplierInt8__xdcDup__1559 |          0 |          0 |       0 |    0 |      0 |      0 |      0 |    0 |          1 |
|       mul_list_5_19        | SignedMultiplierInt8__xdcDup__1560 |          0 |          0 |       0 |    0 |      0 |      0 |      0 |    0 |          1 |
|       mul_list_5_2         | SignedMultiplierInt8__xdcDup__1561 |          0 |          0 |       0 |    0 |      0 |      0 |      0 |    0 |          1 |
|       mul_list_5_20        | SignedMultiplierInt8__xdcDup__1562 |          0 |          0 |       0 |    0 |      0 |      0 |      0 |    0 |          1 |
|       mul_list_5_21        | SignedMultiplierInt8__xdcDup__1563 |          0 |          0 |       0 |    0 |      0 |      0 |      0 |    0 |          1 |
|       mul_list_5_22        | SignedMultiplierInt8__xdcDup__1564 |          0 |          0 |       0 |    0 |      0 |      0 |      0 |    0 |          1 |
|       mul_list_5_23        | SignedMultiplierInt8__xdcDup__1565 |          0 |          0 |       0 |    0 |      0 |      0 |      0 |    0 |          1 |
|       mul_list_5_24        | SignedMultiplierInt8__xdcDup__1566 |          0 |          0 |       0 |    0 |      0 |      0 |      0 |    0 |          1 |
|       mul_list_5_25        | SignedMultiplierInt8__xdcDup__1567 |          0 |          0 |       0 |    0 |      0 |      0 |      0 |    0 |          1 |
|       mul_list_5_26        | SignedMultiplierInt8__xdcDup__1568 |          0 |          0 |       0 |    0 |      0 |      0 |      0 |    0 |          1 |
|       mul_list_5_27        | SignedMultiplierInt8__xdcDup__1569 |          0 |          0 |       0 |    0 |      0 |      0 |      0 |    0 |          1 |
|       mul_list_5_28        | SignedMultiplierInt8__xdcDup__1570 |          0 |          0 |       0 |    0 |      0 |      0 |      0 |    0 |          1 |
|       mul_list_5_29        | SignedMultiplierInt8__xdcDup__1571 |          0 |          0 |       0 |    0 |      0 |      0 |      0 |    0 |          1 |
|       mul_list_5_3         | SignedMultiplierInt8__xdcDup__1572 |          0 |          0 |       0 |    0 |      0 |      0 |      0 |    0 |          1 |
|       mul_list_5_30        | SignedMultiplierInt8__xdcDup__1573 |          0 |          0 |       0 |    0 |      0 |      0 |      0 |    0 |          1 |
|       mul_list_5_31        | SignedMultiplierInt8__xdcDup__1574 |          0 |          0 |       0 |    0 |      0 |      0 |      0 |    0 |          1 |
|       mul_list_5_32        | SignedMultiplierInt8__xdcDup__1575 |          0 |          0 |       0 |    0 |      0 |      0 |      0 |    0 |          1 |
|       mul_list_5_33        | SignedMultiplierInt8__xdcDup__1576 |          0 |          0 |       0 |    0 |      0 |      0 |      0 |    0 |          1 |
|       mul_list_5_34        | SignedMultiplierInt8__xdcDup__1577 |          0 |          0 |       0 |    0 |      0 |      0 |      0 |    0 |          1 |
|       mul_list_5_35        | SignedMultiplierInt8__xdcDup__1578 |          0 |          0 |       0 |    0 |      0 |      0 |      0 |    0 |          1 |
|       mul_list_5_4         | SignedMultiplierInt8__xdcDup__1579 |          0 |          0 |       0 |    0 |      0 |      0 |      0 |    0 |          1 |
|       mul_list_5_5         | SignedMultiplierInt8__xdcDup__1580 |          0 |          0 |       0 |    0 |      0 |      0 |      0 |    0 |          1 |
|       mul_list_5_6         | SignedMultiplierInt8__xdcDup__1581 |          0 |          0 |       0 |    0 |      0 |      0 |      0 |    0 |          1 |
|       mul_list_5_7         | SignedMultiplierInt8__xdcDup__1582 |          0 |          0 |       0 |    0 |      0 |      0 |      0 |    0 |          1 |
|       mul_list_5_8         | SignedMultiplierInt8__xdcDup__1583 |          0 |          0 |       0 |    0 |      0 |      0 |      0 |    0 |          1 |
|       mul_list_5_9         | SignedMultiplierInt8__xdcDup__1584 |          0 |          0 |       0 |    0 |      0 |      0 |      0 |    0 |          1 |
|       mul_list_6_0         | SignedMultiplierInt8__xdcDup__1585 |          0 |          0 |       0 |    0 |      0 |      0 |      0 |    0 |          1 |
|       mul_list_6_1         | SignedMultiplierInt8__xdcDup__1586 |          0 |          0 |       0 |    0 |      0 |      0 |      0 |    0 |          1 |
|       mul_list_6_10        | SignedMultiplierInt8__xdcDup__1587 |          0 |          0 |       0 |    0 |      0 |      0 |      0 |    0 |          1 |
|       mul_list_6_11        | SignedMultiplierInt8__xdcDup__1588 |          0 |          0 |       0 |    0 |      0 |      0 |      0 |    0 |          1 |
|       mul_list_6_12        | SignedMultiplierInt8__xdcDup__1589 |          0 |          0 |       0 |    0 |      0 |      0 |      0 |    0 |          1 |
|       mul_list_6_13        | SignedMultiplierInt8__xdcDup__1590 |          0 |          0 |       0 |    0 |      0 |      0 |      0 |    0 |          1 |
|       mul_list_6_14        | SignedMultiplierInt8__xdcDup__1591 |          0 |          0 |       0 |    0 |      0 |      0 |      0 |    0 |          1 |
|       mul_list_6_15        | SignedMultiplierInt8__xdcDup__1592 |          0 |          0 |       0 |    0 |      0 |      0 |      0 |    0 |          1 |
|       mul_list_6_16        | SignedMultiplierInt8__xdcDup__1593 |          0 |          0 |       0 |    0 |      0 |      0 |      0 |    0 |          1 |
|       mul_list_6_17        | SignedMultiplierInt8__xdcDup__1594 |          0 |          0 |       0 |    0 |      0 |      0 |      0 |    0 |          1 |
|       mul_list_6_18        | SignedMultiplierInt8__xdcDup__1595 |          0 |          0 |       0 |    0 |      0 |      0 |      0 |    0 |          1 |
|       mul_list_6_19        | SignedMultiplierInt8__xdcDup__1596 |          0 |          0 |       0 |    0 |      0 |      0 |      0 |    0 |          1 |
|       mul_list_6_2         | SignedMultiplierInt8__xdcDup__1597 |          0 |          0 |       0 |    0 |      0 |      0 |      0 |    0 |          1 |
|       mul_list_6_20        | SignedMultiplierInt8__xdcDup__1598 |          0 |          0 |       0 |    0 |      0 |      0 |      0 |    0 |          1 |
|       mul_list_6_21        | SignedMultiplierInt8__xdcDup__1599 |          0 |          0 |       0 |    0 |      0 |      0 |      0 |    0 |          1 |
|       mul_list_6_22        | SignedMultiplierInt8__xdcDup__1600 |          0 |          0 |       0 |    0 |      0 |      0 |      0 |    0 |          1 |
|       mul_list_6_23        | SignedMultiplierInt8__xdcDup__1601 |          0 |          0 |       0 |    0 |      0 |      0 |      0 |    0 |          1 |
|       mul_list_6_24        | SignedMultiplierInt8__xdcDup__1602 |          0 |          0 |       0 |    0 |      0 |      0 |      0 |    0 |          1 |
|       mul_list_6_25        | SignedMultiplierInt8__xdcDup__1603 |          0 |          0 |       0 |    0 |      0 |      0 |      0 |    0 |          1 |
|       mul_list_6_26        | SignedMultiplierInt8__xdcDup__1604 |          0 |          0 |       0 |    0 |      0 |      0 |      0 |    0 |          1 |
|       mul_list_6_27        | SignedMultiplierInt8__xdcDup__1605 |          0 |          0 |       0 |    0 |      0 |      0 |      0 |    0 |          1 |
|       mul_list_6_28        | SignedMultiplierInt8__xdcDup__1606 |          0 |          0 |       0 |    0 |      0 |      0 |      0 |    0 |          1 |
|       mul_list_6_29        | SignedMultiplierInt8__xdcDup__1607 |          0 |          0 |       0 |    0 |      0 |      0 |      0 |    0 |          1 |
|       mul_list_6_3         | SignedMultiplierInt8__xdcDup__1608 |          0 |          0 |       0 |    0 |      0 |      0 |      0 |    0 |          1 |
|       mul_list_6_30        | SignedMultiplierInt8__xdcDup__1609 |          0 |          0 |       0 |    0 |      0 |      0 |      0 |    0 |          1 |
|       mul_list_6_31        | SignedMultiplierInt8__xdcDup__1610 |          0 |          0 |       0 |    0 |      0 |      0 |      0 |    0 |          1 |
|       mul_list_6_32        | SignedMultiplierInt8__xdcDup__1611 |          0 |          0 |       0 |    0 |      0 |      0 |      0 |    0 |          1 |
|       mul_list_6_33        | SignedMultiplierInt8__xdcDup__1612 |          0 |          0 |       0 |    0 |      0 |      0 |      0 |    0 |          1 |
|       mul_list_6_34        | SignedMultiplierInt8__xdcDup__1613 |          0 |          0 |       0 |    0 |      0 |      0 |      0 |    0 |          1 |
|       mul_list_6_35        | SignedMultiplierInt8__xdcDup__1614 |          0 |          0 |       0 |    0 |      0 |      0 |      0 |    0 |          1 |
|       mul_list_6_4         | SignedMultiplierInt8__xdcDup__1615 |          0 |          0 |       0 |    0 |      0 |      0 |      0 |    0 |          1 |
|       mul_list_6_5         | SignedMultiplierInt8__xdcDup__1616 |          0 |          0 |       0 |    0 |      0 |      0 |      0 |    0 |          1 |
|       mul_list_6_6         | SignedMultiplierInt8__xdcDup__1617 |          0 |          0 |       0 |    0 |      0 |      0 |      0 |    0 |          1 |
|       mul_list_6_7         | SignedMultiplierInt8__xdcDup__1618 |          0 |          0 |       0 |    0 |      0 |      0 |      0 |    0 |          1 |
|       mul_list_6_8         | SignedMultiplierInt8__xdcDup__1619 |          0 |          0 |       0 |    0 |      0 |      0 |      0 |    0 |          1 |
|       mul_list_6_9         | SignedMultiplierInt8__xdcDup__1620 |          0 |          0 |       0 |    0 |      0 |      0 |      0 |    0 |          1 |
|       mul_list_7_0         | SignedMultiplierInt8__xdcDup__1621 |          0 |          0 |       0 |    0 |      0 |      0 |      0 |    0 |          1 |
|       mul_list_7_1         | SignedMultiplierInt8__xdcDup__1622 |          0 |          0 |       0 |    0 |      0 |      0 |      0 |    0 |          1 |
|       mul_list_7_10        | SignedMultiplierInt8__xdcDup__1623 |          0 |          0 |       0 |    0 |      0 |      0 |      0 |    0 |          1 |
|       mul_list_7_11        | SignedMultiplierInt8__xdcDup__1624 |          0 |          0 |       0 |    0 |      0 |      0 |      0 |    0 |          1 |
|       mul_list_7_12        | SignedMultiplierInt8__xdcDup__1625 |          0 |          0 |       0 |    0 |      0 |      0 |      0 |    0 |          1 |
|       mul_list_7_13        | SignedMultiplierInt8__xdcDup__1626 |          0 |          0 |       0 |    0 |      0 |      0 |      0 |    0 |          1 |
|       mul_list_7_14        | SignedMultiplierInt8__xdcDup__1627 |          0 |          0 |       0 |    0 |      0 |      0 |      0 |    0 |          1 |
|       mul_list_7_15        | SignedMultiplierInt8__xdcDup__1628 |          0 |          0 |       0 |    0 |      0 |      0 |      0 |    0 |          1 |
|       mul_list_7_16        | SignedMultiplierInt8__xdcDup__1629 |          0 |          0 |       0 |    0 |      0 |      0 |      0 |    0 |          1 |
|       mul_list_7_17        | SignedMultiplierInt8__xdcDup__1630 |          0 |          0 |       0 |    0 |      0 |      0 |      0 |    0 |          1 |
|       mul_list_7_18        | SignedMultiplierInt8__xdcDup__1631 |          0 |          0 |       0 |    0 |      0 |      0 |      0 |    0 |          1 |
|       mul_list_7_19        | SignedMultiplierInt8__xdcDup__1632 |          0 |          0 |       0 |    0 |      0 |      0 |      0 |    0 |          1 |
|       mul_list_7_2         | SignedMultiplierInt8__xdcDup__1633 |          0 |          0 |       0 |    0 |      0 |      0 |      0 |    0 |          1 |
|       mul_list_7_20        | SignedMultiplierInt8__xdcDup__1634 |          0 |          0 |       0 |    0 |      0 |      0 |      0 |    0 |          1 |
|       mul_list_7_21        | SignedMultiplierInt8__xdcDup__1635 |          0 |          0 |       0 |    0 |      0 |      0 |      0 |    0 |          1 |
|       mul_list_7_22        | SignedMultiplierInt8__xdcDup__1636 |          0 |          0 |       0 |    0 |      0 |      0 |      0 |    0 |          1 |
|       mul_list_7_23        | SignedMultiplierInt8__xdcDup__1637 |          0 |          0 |       0 |    0 |      0 |      0 |      0 |    0 |          1 |
|       mul_list_7_24        | SignedMultiplierInt8__xdcDup__1638 |          0 |          0 |       0 |    0 |      0 |      0 |      0 |    0 |          1 |
|       mul_list_7_25        | SignedMultiplierInt8__xdcDup__1639 |          0 |          0 |       0 |    0 |      0 |      0 |      0 |    0 |          1 |
|       mul_list_7_26        | SignedMultiplierInt8__xdcDup__1640 |          0 |          0 |       0 |    0 |      0 |      0 |      0 |    0 |          1 |
|       mul_list_7_27        | SignedMultiplierInt8__xdcDup__1641 |          0 |          0 |       0 |    0 |      0 |      0 |      0 |    0 |          1 |
|       mul_list_7_28        | SignedMultiplierInt8__xdcDup__1642 |          0 |          0 |       0 |    0 |      0 |      0 |      0 |    0 |          1 |
|       mul_list_7_29        | SignedMultiplierInt8__xdcDup__1643 |          0 |          0 |       0 |    0 |      0 |      0 |      0 |    0 |          1 |
|       mul_list_7_3         | SignedMultiplierInt8__xdcDup__1644 |          0 |          0 |       0 |    0 |      0 |      0 |      0 |    0 |          1 |
|       mul_list_7_30        | SignedMultiplierInt8__xdcDup__1645 |          0 |          0 |       0 |    0 |      0 |      0 |      0 |    0 |          1 |
|       mul_list_7_31        | SignedMultiplierInt8__xdcDup__1646 |          0 |          0 |       0 |    0 |      0 |      0 |      0 |    0 |          1 |
|       mul_list_7_32        | SignedMultiplierInt8__xdcDup__1647 |          0 |          0 |       0 |    0 |      0 |      0 |      0 |    0 |          1 |
|       mul_list_7_33        | SignedMultiplierInt8__xdcDup__1648 |          0 |          0 |       0 |    0 |      0 |      0 |      0 |    0 |          1 |
|       mul_list_7_34        | SignedMultiplierInt8__xdcDup__1649 |          0 |          0 |       0 |    0 |      0 |      0 |      0 |    0 |          1 |
|       mul_list_7_35        | SignedMultiplierInt8__xdcDup__1650 |          0 |          0 |       0 |    0 |      0 |      0 |      0 |    0 |          1 |
|       mul_list_7_4         | SignedMultiplierInt8__xdcDup__1651 |          0 |          0 |       0 |    0 |      0 |      0 |      0 |    0 |          1 |
|       mul_list_7_5         | SignedMultiplierInt8__xdcDup__1652 |          0 |          0 |       0 |    0 |      0 |      0 |      0 |    0 |          1 |
|       mul_list_7_6         | SignedMultiplierInt8__xdcDup__1653 |          0 |          0 |       0 |    0 |      0 |      0 |      0 |    0 |          1 |
|       mul_list_7_7         | SignedMultiplierInt8__xdcDup__1654 |          0 |          0 |       0 |    0 |      0 |      0 |      0 |    0 |          1 |
|       mul_list_7_8         | SignedMultiplierInt8__xdcDup__1655 |          0 |          0 |       0 |    0 |      0 |      0 |      0 |    0 |          1 |
|       mul_list_7_9         | SignedMultiplierInt8__xdcDup__1656 |          0 |          0 |       0 |    0 |      0 |      0 |      0 |    0 |          1 |
|       mul_list_8_0         | SignedMultiplierInt8__xdcDup__1657 |          0 |          0 |       0 |    0 |      0 |      0 |      0 |    0 |          1 |
|       mul_list_8_1         | SignedMultiplierInt8__xdcDup__1658 |          0 |          0 |       0 |    0 |      0 |      0 |      0 |    0 |          1 |
|       mul_list_8_10        | SignedMultiplierInt8__xdcDup__1659 |          0 |          0 |       0 |    0 |      0 |      0 |      0 |    0 |          1 |
|       mul_list_8_11        | SignedMultiplierInt8__xdcDup__1660 |          0 |          0 |       0 |    0 |      0 |      0 |      0 |    0 |          1 |
|       mul_list_8_12        | SignedMultiplierInt8__xdcDup__1661 |          0 |          0 |       0 |    0 |      0 |      0 |      0 |    0 |          1 |
|       mul_list_8_13        | SignedMultiplierInt8__xdcDup__1662 |          0 |          0 |       0 |    0 |      0 |      0 |      0 |    0 |          1 |
|       mul_list_8_14        | SignedMultiplierInt8__xdcDup__1663 |          0 |          0 |       0 |    0 |      0 |      0 |      0 |    0 |          1 |
|       mul_list_8_15        | SignedMultiplierInt8__xdcDup__1664 |          0 |          0 |       0 |    0 |      0 |      0 |      0 |    0 |          1 |
|       mul_list_8_16        | SignedMultiplierInt8__xdcDup__1665 |          0 |          0 |       0 |    0 |      0 |      0 |      0 |    0 |          1 |
|       mul_list_8_17        | SignedMultiplierInt8__xdcDup__1666 |          0 |          0 |       0 |    0 |      0 |      0 |      0 |    0 |          1 |
|       mul_list_8_18        | SignedMultiplierInt8__xdcDup__1667 |          0 |          0 |       0 |    0 |      0 |      0 |      0 |    0 |          1 |
|       mul_list_8_19        | SignedMultiplierInt8__xdcDup__1668 |          0 |          0 |       0 |    0 |      0 |      0 |      0 |    0 |          1 |
|       mul_list_8_2         | SignedMultiplierInt8__xdcDup__1669 |          0 |          0 |       0 |    0 |      0 |      0 |      0 |    0 |          1 |
|       mul_list_8_20        | SignedMultiplierInt8__xdcDup__1670 |          0 |          0 |       0 |    0 |      0 |      0 |      0 |    0 |          1 |
|       mul_list_8_21        | SignedMultiplierInt8__xdcDup__1671 |          0 |          0 |       0 |    0 |      0 |      0 |      0 |    0 |          1 |
|       mul_list_8_22        | SignedMultiplierInt8__xdcDup__1672 |          0 |          0 |       0 |    0 |      0 |      0 |      0 |    0 |          1 |
|       mul_list_8_23        | SignedMultiplierInt8__xdcDup__1673 |          0 |          0 |       0 |    0 |      0 |      0 |      0 |    0 |          1 |
|       mul_list_8_24        | SignedMultiplierInt8__xdcDup__1674 |          0 |          0 |       0 |    0 |      0 |      0 |      0 |    0 |          1 |
|       mul_list_8_25        | SignedMultiplierInt8__xdcDup__1675 |          0 |          0 |       0 |    0 |      0 |      0 |      0 |    0 |          1 |
|       mul_list_8_26        | SignedMultiplierInt8__xdcDup__1676 |          0 |          0 |       0 |    0 |      0 |      0 |      0 |    0 |          1 |
|       mul_list_8_27        | SignedMultiplierInt8__xdcDup__1677 |          0 |          0 |       0 |    0 |      0 |      0 |      0 |    0 |          1 |
|       mul_list_8_28        | SignedMultiplierInt8__xdcDup__1678 |          0 |          0 |       0 |    0 |      0 |      0 |      0 |    0 |          1 |
|       mul_list_8_29        | SignedMultiplierInt8__xdcDup__1679 |          0 |          0 |       0 |    0 |      0 |      0 |      0 |    0 |          1 |
|       mul_list_8_3         | SignedMultiplierInt8__xdcDup__1680 |          0 |          0 |       0 |    0 |      0 |      0 |      0 |    0 |          1 |
|       mul_list_8_30        | SignedMultiplierInt8__xdcDup__1681 |          0 |          0 |       0 |    0 |      0 |      0 |      0 |    0 |          1 |
|       mul_list_8_31        | SignedMultiplierInt8__xdcDup__1682 |          0 |          0 |       0 |    0 |      0 |      0 |      0 |    0 |          1 |
|       mul_list_8_32        | SignedMultiplierInt8__xdcDup__1683 |          0 |          0 |       0 |    0 |      0 |      0 |      0 |    0 |          1 |
|       mul_list_8_33        | SignedMultiplierInt8__xdcDup__1684 |          0 |          0 |       0 |    0 |      0 |      0 |      0 |    0 |          1 |
|       mul_list_8_34        | SignedMultiplierInt8__xdcDup__1685 |          0 |          0 |       0 |    0 |      0 |      0 |      0 |    0 |          1 |
|       mul_list_8_35        | SignedMultiplierInt8__xdcDup__1686 |          0 |          0 |       0 |    0 |      0 |      0 |      0 |    0 |          1 |
|       mul_list_8_4         | SignedMultiplierInt8__xdcDup__1687 |          0 |          0 |       0 |    0 |      0 |      0 |      0 |    0 |          1 |
|       mul_list_8_5         | SignedMultiplierInt8__xdcDup__1688 |          0 |          0 |       0 |    0 |      0 |      0 |      0 |    0 |          1 |
|       mul_list_8_6         | SignedMultiplierInt8__xdcDup__1689 |          0 |          0 |       0 |    0 |      0 |      0 |      0 |    0 |          1 |
|       mul_list_8_7         | SignedMultiplierInt8__xdcDup__1690 |          0 |          0 |       0 |    0 |      0 |      0 |      0 |    0 |          1 |
|       mul_list_8_8         | SignedMultiplierInt8__xdcDup__1691 |          0 |          0 |       0 |    0 |      0 |      0 |      0 |    0 |          1 |
|       mul_list_8_9         | SignedMultiplierInt8__xdcDup__1692 |          0 |          0 |       0 |    0 |      0 |      0 |      0 |    0 |          1 |
|       mul_list_9_0         | SignedMultiplierInt8__xdcDup__1693 |          0 |          0 |       0 |    0 |      0 |      0 |      0 |    0 |          1 |
|       mul_list_9_1         | SignedMultiplierInt8__xdcDup__1694 |          0 |          0 |       0 |    0 |      0 |      0 |      0 |    0 |          1 |
|       mul_list_9_10        | SignedMultiplierInt8__xdcDup__1695 |          0 |          0 |       0 |    0 |      0 |      0 |      0 |    0 |          1 |
|       mul_list_9_11        | SignedMultiplierInt8__xdcDup__1696 |          0 |          0 |       0 |    0 |      0 |      0 |      0 |    0 |          1 |
|       mul_list_9_12        | SignedMultiplierInt8__xdcDup__1697 |          0 |          0 |       0 |    0 |      0 |      0 |      0 |    0 |          1 |
|       mul_list_9_13        | SignedMultiplierInt8__xdcDup__1698 |          0 |          0 |       0 |    0 |      0 |      0 |      0 |    0 |          1 |
|       mul_list_9_14        | SignedMultiplierInt8__xdcDup__1699 |          0 |          0 |       0 |    0 |      0 |      0 |      0 |    0 |          1 |
|       mul_list_9_15        | SignedMultiplierInt8__xdcDup__1700 |          0 |          0 |       0 |    0 |      0 |      0 |      0 |    0 |          1 |
|       mul_list_9_16        | SignedMultiplierInt8__xdcDup__1701 |          0 |          0 |       0 |    0 |      0 |      0 |      0 |    0 |          1 |
|       mul_list_9_17        | SignedMultiplierInt8__xdcDup__1702 |          0 |          0 |       0 |    0 |      0 |      0 |      0 |    0 |          1 |
|       mul_list_9_18        | SignedMultiplierInt8__xdcDup__1703 |          0 |          0 |       0 |    0 |      0 |      0 |      0 |    0 |          1 |
|       mul_list_9_19        | SignedMultiplierInt8__xdcDup__1704 |          0 |          0 |       0 |    0 |      0 |      0 |      0 |    0 |          1 |
|       mul_list_9_2         | SignedMultiplierInt8__xdcDup__1705 |          0 |          0 |       0 |    0 |      0 |      0 |      0 |    0 |          1 |
|       mul_list_9_20        | SignedMultiplierInt8__xdcDup__1706 |          0 |          0 |       0 |    0 |      0 |      0 |      0 |    0 |          1 |
|       mul_list_9_21        | SignedMultiplierInt8__xdcDup__1707 |          0 |          0 |       0 |    0 |      0 |      0 |      0 |    0 |          1 |
|       mul_list_9_22        | SignedMultiplierInt8__xdcDup__1708 |          0 |          0 |       0 |    0 |      0 |      0 |      0 |    0 |          1 |
|       mul_list_9_23        | SignedMultiplierInt8__xdcDup__1709 |          0 |          0 |       0 |    0 |      0 |      0 |      0 |    0 |          1 |
|       mul_list_9_24        | SignedMultiplierInt8__xdcDup__1710 |          0 |          0 |       0 |    0 |      0 |      0 |      0 |    0 |          1 |
|       mul_list_9_25        | SignedMultiplierInt8__xdcDup__1711 |          0 |          0 |       0 |    0 |      0 |      0 |      0 |    0 |          1 |
|       mul_list_9_26        | SignedMultiplierInt8__xdcDup__1712 |          0 |          0 |       0 |    0 |      0 |      0 |      0 |    0 |          1 |
|       mul_list_9_27        | SignedMultiplierInt8__xdcDup__1713 |          0 |          0 |       0 |    0 |      0 |      0 |      0 |    0 |          1 |
|       mul_list_9_28        | SignedMultiplierInt8__xdcDup__1714 |          0 |          0 |       0 |    0 |      0 |      0 |      0 |    0 |          1 |
|       mul_list_9_29        | SignedMultiplierInt8__xdcDup__1715 |          0 |          0 |       0 |    0 |      0 |      0 |      0 |    0 |          1 |
|       mul_list_9_3         | SignedMultiplierInt8__xdcDup__1716 |          0 |          0 |       0 |    0 |      0 |      0 |      0 |    0 |          1 |
|       mul_list_9_30        | SignedMultiplierInt8__xdcDup__1717 |          0 |          0 |       0 |    0 |      0 |      0 |      0 |    0 |          1 |
|       mul_list_9_31        | SignedMultiplierInt8__xdcDup__1718 |          0 |          0 |       0 |    0 |      0 |      0 |      0 |    0 |          1 |
|       mul_list_9_32        | SignedMultiplierInt8__xdcDup__1719 |          0 |          0 |       0 |    0 |      0 |      0 |      0 |    0 |          1 |
|       mul_list_9_33        | SignedMultiplierInt8__xdcDup__1720 |          0 |          0 |       0 |    0 |      0 |      0 |      0 |    0 |          1 |
|       mul_list_9_34        | SignedMultiplierInt8__xdcDup__1721 |          0 |          0 |       0 |    0 |      0 |      0 |      0 |    0 |          1 |
|       mul_list_9_35        | SignedMultiplierInt8__xdcDup__1722 |          0 |          0 |       0 |    0 |      0 |      0 |      0 |    0 |          1 |
|       mul_list_9_4         | SignedMultiplierInt8__xdcDup__1723 |          0 |          0 |       0 |    0 |      0 |      0 |      0 |    0 |          1 |
|       mul_list_9_5         | SignedMultiplierInt8__xdcDup__1724 |          0 |          0 |       0 |    0 |      0 |      0 |      0 |    0 |          1 |
|       mul_list_9_6         | SignedMultiplierInt8__xdcDup__1725 |          0 |          0 |       0 |    0 |      0 |      0 |      0 |    0 |          1 |
|       mul_list_9_7         | SignedMultiplierInt8__xdcDup__1726 |          0 |          0 |       0 |    0 |      0 |      0 |      0 |    0 |          1 |
|       mul_list_9_8         | SignedMultiplierInt8__xdcDup__1727 |          0 |          0 |       0 |    0 |      0 |      0 |      0 |    0 |          1 |
|       mul_list_9_9         |               SignedMultiplierInt8 |          0 |          0 |       0 |    0 |      0 |      0 |      0 |    0 |          1 |
|       psum_last_pipreg     |                        PipReg_2__2 |          0 |          0 |       0 |    0 |      7 |      0 |      0 |    0 |          0 |
|       psum_valid_pipreg    |                        PipReg_2__3 |          0 |          0 |       0 |    0 |      7 |      0 |      0 |    0 |          0 |
|       requant              |        Int32VecRequantizeToInt8__2 |      11892 |      11892 |       0 |    0 |      0 |      0 |      0 |    0 |         24 |
|       res_valid_pipreg     |                        PipReg_6__2 |          1 |          1 |       0 |    0 |      1 |      0 |      0 |    0 |          0 |
|     lu_inst                |                           LoadUnit |         26 |         26 |       0 |    0 |     27 |      0 |      0 |    0 |          0 |
|     lw_inst                |                         LoadWeight |       1318 |       1318 |       0 |    0 |     60 |      0 |      0 |   48 |          0 |
|       (lw_inst)            |                         LoadWeight |         28 |         28 |       0 |    0 |     52 |      0 |      0 |    0 |          0 |
|       weight_mem           |                          WeightMem |       1290 |       1290 |       0 |    0 |      8 |      0 |      0 |   48 |          0 |
|     mem_inst               |                            DataMem |         60 |         60 |       0 |    0 |      5 |     10 |      2 |    0 |          0 |
|       (mem_inst)           |                            DataMem |         54 |         54 |       0 |    0 |      5 |      0 |      0 |    0 |          0 |
|       mem0_ext             |             mem_2048x96__xdcDup__7 |          3 |          3 |       0 |    0 |      0 |      5 |      1 |    0 |          0 |
|       mem1_ext             |                        mem_2048x96 |          3 |          3 |       0 |    0 |      0 |      5 |      1 |    0 |          0 |
|     su_inst                |                          StoreUnit |         14 |         14 |       0 |    0 |    116 |      0 |      0 |    0 |          0 |
|   resadd                   |                         ResAddFP32 |      11928 |      11928 |       0 |    0 |    411 |      0 |      0 |   18 |          0 |
|     (resadd)               |                         ResAddFP32 |          3 |          3 |       0 |    0 |    399 |      0 |      0 |    0 |          0 |
|     add                    |                      Fp32VecAdd__2 |      11532 |      11532 |       0 |    0 |      0 |      0 |      0 |    0 |          0 |
|       add                  |                        Fp32Add__89 |        961 |        961 |       0 |    0 |      0 |      0 |      0 |    0 |          0 |
|       add_1                |                        Fp32Add__90 |        961 |        961 |       0 |    0 |      0 |      0 |      0 |    0 |          0 |
|       add_10               |                        Fp32Add__99 |        961 |        961 |       0 |    0 |      0 |      0 |      0 |    0 |          0 |
|       add_11               |                       Fp32Add__100 |        961 |        961 |       0 |    0 |      0 |      0 |      0 |    0 |          0 |
|       add_2                |                        Fp32Add__91 |        961 |        961 |       0 |    0 |      0 |      0 |      0 |    0 |          0 |
|       add_3                |                        Fp32Add__92 |        961 |        961 |       0 |    0 |      0 |      0 |      0 |    0 |          0 |
|       add_4                |                        Fp32Add__93 |        961 |        961 |       0 |    0 |      0 |      0 |      0 |    0 |          0 |
|       add_5                |                        Fp32Add__94 |        961 |        961 |       0 |    0 |      0 |      0 |      0 |    0 |          0 |
|       add_6                |                        Fp32Add__95 |        961 |        961 |       0 |    0 |      0 |      0 |      0 |    0 |          0 |
|       add_7                |                        Fp32Add__96 |        961 |        961 |       0 |    0 |      0 |      0 |      0 |    0 |          0 |
|       add_8                |                        Fp32Add__97 |        961 |        961 |       0 |    0 |      0 |      0 |      0 |    0 |          0 |
|       add_9                |                        Fp32Add__98 |        961 |        961 |       0 |    0 |      0 |      0 |      0 |    0 |          0 |
|     mem                    |                          DataMem_7 |        393 |        393 |       0 |    0 |     12 |      0 |      0 |   18 |          0 |
|       (mem)                |                          DataMem_7 |        393 |        393 |       0 |    0 |     12 |      0 |      0 |    0 |          0 |
|       mem_list_0           |                      R1W1Mem_10__1 |          0 |          0 |       0 |    0 |      0 |      0 |      0 |    6 |          0 |
|       mem_list_1           |                      R1W1Mem_10__2 |          0 |          0 |       0 |    0 |      0 |      0 |      0 |    6 |          0 |
|       mem_list_2           |                         R1W1Mem_10 |          0 |          0 |       0 |    0 |      0 |      0 |      0 |    6 |          0 |
|   resadd2                  |                        ResAdd2FP32 |      11737 |      11737 |       0 |    0 |    407 |      0 |      0 |   12 |          0 |
|     (resadd2)              |                        ResAdd2FP32 |          3 |          3 |       0 |    0 |    399 |      0 |      0 |    0 |          0 |
|     add                    |                         Fp32VecAdd |      11532 |      11532 |       0 |    0 |      0 |      0 |      0 |    0 |          0 |
|       add                  |                       Fp32Add__161 |        961 |        961 |       0 |    0 |      0 |      0 |      0 |    0 |          0 |
|       add_1                |                       Fp32Add__162 |        961 |        961 |       0 |    0 |      0 |      0 |      0 |    0 |          0 |
|       add_10               |                       Fp32Add__171 |        961 |        961 |       0 |    0 |      0 |      0 |      0 |    0 |          0 |
|       add_11               |                            Fp32Add |        961 |        961 |       0 |    0 |      0 |      0 |      0 |    0 |          0 |
|       add_2                |                       Fp32Add__163 |        961 |        961 |       0 |    0 |      0 |      0 |      0 |    0 |          0 |
|       add_3                |                       Fp32Add__164 |        961 |        961 |       0 |    0 |      0 |      0 |      0 |    0 |          0 |
|       add_4                |                       Fp32Add__165 |        961 |        961 |       0 |    0 |      0 |      0 |      0 |    0 |          0 |
|       add_5                |                       Fp32Add__166 |        961 |        961 |       0 |    0 |      0 |      0 |      0 |    0 |          0 |
|       add_6                |                       Fp32Add__167 |        961 |        961 |       0 |    0 |      0 |      0 |      0 |    0 |          0 |
|       add_7                |                       Fp32Add__168 |        961 |        961 |       0 |    0 |      0 |      0 |      0 |    0 |          0 |
|       add_8                |                       Fp32Add__169 |        961 |        961 |       0 |    0 |      0 |      0 |      0 |    0 |          0 |
|       add_9                |                       Fp32Add__170 |        961 |        961 |       0 |    0 |      0 |      0 |      0 |    0 |          0 |
|     mem                    |                         DataMem_10 |        202 |        202 |       0 |    0 |      8 |      0 |      0 |   12 |          0 |
|       (mem)                |                         DataMem_10 |        202 |        202 |       0 |    0 |      8 |      0 |      0 |    0 |          0 |
|       mem0_ext             |                    mem_2048x384__4 |          0 |          0 |       0 |    0 |      0 |      0 |      0 |    6 |          0 |
|       mem1_ext             |                       mem_2048x384 |          0 |          0 |       0 |    0 |      0 |      0 |      0 |    6 |          0 |
+----------------------------+------------------------------------+------------+------------+---------+------+--------+--------+--------+------+------------+


